2026-05-23 14:24:07 [INFO]: Running in RL mode.
2026-05-23 14:24:07 [INFO]: Loading RL config from config/tasks/Nav/easy/algo/generated/plpg_ppo_eval_soft005.yaml.
2026-05-23 14:24:07 [INFO]: Simulation config: {'map_yaml_file': 'config/maps/square_2x2.yaml', 'agent_yaml_file': 'config/agents/easy_lite/train.yaml', 'ontology_yaml_file': 'config/rules/ontology_easy.yaml', 'rule_type': 'Z3_Expert', 'rule_yaml_file': 'config/rules/Nav/easy/expert.yaml', 'rl': True, 'debug': False, 'use_multi': False, 'agent_region': 103, 'rl_agent': {'max_priority': 4, 'use_expert': False, 'agent_name': 'Car_1', 'max_horizon': 120, 'reward_scheme': 'safe_path_following', 'goal_reward': 1.0, 'progress_reward_scale': 0.05, 'time_penalty': -0.01, 'action_space': 4, 'action_mapping': {0: [1, 1, 1, 1, 0, 0, 0, 0, 0, 0, 0, 0, 0], 1: [0, 0, 0, 0, 1, 1, 1, 1, 0, 0, 0, 0, 0], 2: [0, 0, 0, 0, 0, 0, 0, 0, 1, 1, 1, 1, 0], 3: [0, 0, 0, 0, 0, 0, 0, 0, 0, 0, 0, 0, 1]}, 'fov_entities': {'Entity': 3}, 'action_cost': {0: 0, 1: 0, 2: 0, 3: 0}, 'reset_dist': {'concepts': ['normal'], 'prob': [1.0]}, 'reset_prefilter': {'intersection_selector': 'center', 'require_ego_intersection': True, 'require_all_agents_intersection': False, 'min_other_intersection_agents': 1}, 'overtime_cost': -0.5}}
2026-05-23 14:24:07 [INFO]: RL config: {'algorithm': 'PLPGPPO', 'policy_network': 'MlpPolicy', 'policy_kwargs': {'features_extractor_module': 'logicity.rl_agent.policy.neural', 'features_extractor_class': 'MLPFeatureExtractor', 'features_extractor_kwargs': {'features_dim': 64}}, 'hyperparameters': {'learning_rate': 3e-05, 'clip_range': 0.2, 'vf_coef': 0.5, 'batch_size': 256, 'n_steps': 128, 'n_epochs': 4, 'ent_coef': 0.01, 'verbose': 1, 'tensorboard_log': './tb_logs', 'plpg_kwargs': {'template': 'easy', 'alpha': 0.1, 'rule_yaml_file': 'config/rules/Nav/easy/expert.yaml', 'safety_loss_source': 'shielded', 'sensor_noise': {'mode': 'soft_symmetric', 'epsilon': 0.05}}}, 'train': True, 'checkpoint_path': '', 'num_envs': 2, 'total_timesteps': 50000}
2026-05-23 14:24:07 [INFO]: Running in RL mode with 2 parallel environments.
2026-05-23 14:24:32 [DEBUG]: Grounding query 'safe'
2026-05-23 14:24:32 [DEBUG]: Ground program size: 22
2026-05-23 14:24:32 [DEBUG]: Grounding query 'act(slow)'
2026-05-23 14:24:32 [DEBUG]: Ground program size: 22
2026-05-23 14:24:32 [DEBUG]: Grounding query 'act(normal)'
2026-05-23 14:24:32 [DEBUG]: Ground program size: 22
2026-05-23 14:24:32 [DEBUG]: Grounding query 'act(fast)'
2026-05-23 14:24:32 [DEBUG]: Ground program size: 22
2026-05-23 14:24:32 [DEBUG]: Grounding query 'act(stop)'
2026-05-23 14:24:32 [DEBUG]: Ground program size: 22
2026-05-23 14:24:32 [INFO]: Grounding: 0.0090s
2026-05-23 14:24:32 [DEBUG]: Ground program size: 22
2026-05-23 14:24:32 [INFO]: Cycle breaking: 0.0010s
2026-05-23 14:24:32 [INFO]: Clark's completion: 0.0000s
2026-05-23 14:24:32 [INFO]: DSharp compilation: 0.1130s
2026-05-23 14:53:27 [INFO]: Evaluating episode 0...
2026-05-23 14:53:27 [INFO]: Episode label: {'oracle_step': 21, 'stop_count': 0, 'has_stop': False, 'ego_crosses': True, 'ego_eta': 5, 'ego_direction': 'down', 'other_crosses': 3, 'close_other_count': 0, 'pedestrian_close': None, 'conflicting_approach': False, 'total_crosses': 4}
2026-05-23 14:53:27 [INFO]: Get map info from config/maps/square_2x2.yaml
2026-05-23 14:53:27 [INFO]: Get agent info from config/agents/easy_lite/val.yaml
2026-05-23 14:53:27 [INFO]: Get onology and rules info from config/rules/ontology_easy.yaml, config/rules/Nav/easy/expert.yaml
2026-05-23 14:53:27 [INFO]: Number of Entity Types: 1
Entity Types:
- Entity
2026-05-23 14:53:27 [INFO]: Number of Predicates: 13
Predicates:
- IsPedestrian: {'instance': "Function('IsPed', entity_sorts['Entity'], BoolSort())", 'arity': 1, 'method': 'IsPed(Entity)', 'function': 'logicity.utils.pred_converter.z3.IsPed'}
- IsCar: {'instance': "Function('IsCar', entity_sorts['Entity'], BoolSort())", 'arity': 1, 'method': 'IsCar(Entity)', 'function': 'logicity.utils.pred_converter.z3.IsCar'}
- IsAmbulance: {'instance': "Function('IsAmb', entity_sorts['Entity'], BoolSort())", 'arity': 1, 'method': 'IsAmb(Entity)', 'function': 'logicity.utils.pred_converter.z3.IsAmb'}
- IsOld: {'instance': "Function('IsOld', entity_sorts['Entity'], BoolSort())", 'arity': 1, 'method': 'IsOld(Entity)', 'function': 'logicity.utils.pred_converter.z3.IsOld'}
- IsTiro: {'instance': "Function('IsTiro', entity_sorts['Entity'], BoolSort())", 'arity': 1, 'method': 'IsTiro(Entity)', 'function': 'logicity.utils.pred_converter.z3.IsTiro'}
- IsAtInter: {'instance': "Function('IsAtInter', entity_sorts['Entity'], BoolSort())", 'arity': 1, 'method': 'IsAtInter(Entity)', 'function': 'logicity.utils.pred_converter.z3.IsAtInter'}
- IsInInter: {'instance': "Function('IsInInter', entity_sorts['Entity'], BoolSort())", 'arity': 1, 'method': 'IsInInter(Entity)', 'function': 'logicity.utils.pred_converter.z3.IsInInter'}
- HigherPri: {'instance': "Function('HigherPri', entity_sorts['Entity'], entity_sorts['Entity'], BoolSort())", 'arity': 2, 'method': 'HigherPri(Entity, Entity)', 'function': 'logicity.utils.pred_converter.z3.HigherPri'}
- CollidingClose: {'instance': "Function('CollidingClose', entity_sorts['Entity'], entity_sorts['Entity'], BoolSort())", 'arity': 2, 'method': 'CollidingClose(Entity, Entity)', 'function': 'logicity.utils.pred_converter.z3.CollidingClose'}
- Stop: {'instance': "Function('Stop', entity_sorts['Entity'], BoolSort())", 'arity': 1, 'method': 'Stop(Entity)', 'function': 'None'}
- Fast: {'instance': "Function('Fast', entity_sorts['Entity'], BoolSort())", 'arity': 1, 'method': 'Fast(Entity)', 'function': 'None'}
- Normal: {'instance': "Function('Normal', entity_sorts['Entity'], BoolSort())", 'arity': 1, 'method': 'Normal(Entity)', 'function': 'None'}
- Slow: {'instance': "Function('Slow', entity_sorts['Entity'], BoolSort())", 'arity': 1, 'method': 'Slow(Entity)', 'function': 'None'}
2026-05-23 14:53:27 [INFO]: *** Sim Rule ***: Stop -> 
 Stop(entity) == Exists(
  [dummyEntity], 
  Or(
    And(
      IsAtInter(entity), 
      IsInInter(dummyEntity), 
    ),
    And(
      IsAtInter(entity), 
      IsAtInter(dummyEntity), 
      HigherPri(dummyEntity, entity),
    ),
    CollidingClose(entity, dummyEntity)
  )
)

2026-05-23 14:53:27 [INFO]: *** Task Rule ***: Collision and Intersection -> 
 Implies(Exists(
  [dummyEntity], 
    Or(
      And(
        IsAtInter(entity), 
        IsInInter(dummyEntity), 
      ),
      And(
        IsAtInter(entity), 
        IsAtInter(dummyEntity), 
        HigherPri(dummyEntity, entity),
      ),
      CollidingClose(entity, dummyEntity)
    )
  ),
  Stop(entity)
)

2026-05-23 14:53:27 [INFO]: *** Expert Rule ***: Stop -> 
 Stop(entity) == Exists(
[dummyEntity], 
  Or(
    And(
      IsAtInter(entity), 
      IsInInter(dummyEntity), 
    ),
    And(
      IsAtInter(entity), 
      IsAtInter(dummyEntity), 
      HigherPri(dummyEntity, entity),
    ),
    CollidingClose(entity, dummyEntity)
  )
)

2026-05-23 14:53:27 [INFO]: *** Expert Rule ***: Slow -> 
 Not(Slow(entity))

2026-05-23 14:53:27 [INFO]: *** Expert Rule ***: Fast -> 
 Not(Fast(entity))

2026-05-23 14:53:27 [INFO]: *** Expert Rule ***: Normal -> 
 Normal(entity) == Not(Stop(entity))
2026-05-23 14:53:27 [INFO]: Rules created successfully
2026-05-23 14:53:27 [INFO]: Rules will be grounded later...
2026-05-23 14:53:27 [INFO]: Given Predicates {'IsPedestrian': {'instance': IsPed, 'arity': 1, 'method': 'IsPed(Entity)', 'function': 'logicity.utils.pred_converter.z3.IsPed'}, 'IsCar': {'instance': IsCar, 'arity': 1, 'method': 'IsCar(Entity)', 'function': 'logicity.utils.pred_converter.z3.IsCar'}, 'IsAmbulance': {'instance': IsAmb, 'arity': 1, 'method': 'IsAmb(Entity)', 'function': 'logicity.utils.pred_converter.z3.IsAmb'}, 'IsOld': {'instance': IsOld, 'arity': 1, 'method': 'IsOld(Entity)', 'function': 'logicity.utils.pred_converter.z3.IsOld'}, 'IsTiro': {'instance': IsTiro, 'arity': 1, 'method': 'IsTiro(Entity)', 'function': 'logicity.utils.pred_converter.z3.IsTiro'}, 'IsAtInter': {'instance': IsAtInter, 'arity': 1, 'method': 'IsAtInter(Entity)', 'function': 'logicity.utils.pred_converter.z3.IsAtInter'}, 'IsInInter': {'instance': IsInInter, 'arity': 1, 'method': 'IsInInter(Entity)', 'function': 'logicity.utils.pred_converter.z3.IsInInter'}, 'HigherPri': {'instance': HigherPri, 'arity': 2, 'method': 'HigherPri(Entity, Entity)', 'function': 'logicity.utils.pred_converter.z3.HigherPri'}, 'CollidingClose': {'instance': CollidingClose, 'arity': 2, 'method': 'CollidingClose(Entity, Entity)', 'function': 'logicity.utils.pred_converter.z3.CollidingClose'}, 'Stop': {'instance': Stop, 'arity': 1, 'method': 'Stop(Entity)', 'function': 'None'}, 'Fast': {'instance': Fast, 'arity': 1, 'method': 'Fast(Entity)', 'function': 'None'}, 'Normal': {'instance': Normal, 'arity': 1, 'method': 'Normal(Entity)', 'function': 'None'}, 'Slow': {'instance': Slow, 'arity': 1, 'method': 'Slow(Entity)', 'function': 'None'}}, the FOV entities {'Entity': 3}, The logic grounding shape is: 39
2026-05-23 14:53:27 [INFO]: Local planner constructed!
2026-05-23 14:53:27 [INFO]: Constructing 22 streets
2026-05-23 14:53:27 [INFO]: Constructing 16 buildings
2026-05-23 14:53:28 [INFO]: Adding 4 agents, they are constrained in 103 region
2026-05-23 14:53:28 [INFO]: Car_1 initialization done!
2026-05-23 14:53:28 [INFO]: Pedestrian_1 initialization done!
2026-05-23 14:53:29 [INFO]: Car_2 initialization done!
2026-05-23 14:53:30 [INFO]: Car_3 initialization done!
2026-05-23 14:53:30 [INFO]: Done!
2026-05-23 14:53:30 [INFO]: ***Init RL Agent in Env***
2026-05-23 14:53:33 [INFO]: will reset agent by success
2026-05-23 14:53:33 [INFO]: ***Reset RL Agent in Env***
2026-05-23 14:53:33 [INFO]: Car_1 initialization done!
2026-05-23 14:53:33 [INFO]: Pedestrian_1 initialization done!
2026-05-23 14:53:34 [INFO]: Car_2 initialization done!
2026-05-23 14:53:34 [INFO]: Car_3 initialization done!
2026-05-23 14:53:34 [INFO]: Agent reset priority to 1/4
2026-05-23 14:53:34 [INFO]: Agent reset concepts to {'type': 'Car', 'priority': 1}
2026-05-23 14:53:34 [INFO]: Episode 0 success.
2026-05-23 14:53:34 [INFO]: Episode 0 achieved a score of 2.66
2026-05-23 14:53:34 [INFO]: Episode 0 Success: 1
2026-05-23 14:53:34 [INFO]: Episode 0 Decision Step: {3: 0}
2026-05-23 14:53:34 [INFO]: Episode 0 Success Decision: {3: 0}
2026-05-23 14:53:34 [INFO]: Evaluating episode 1...
2026-05-23 14:53:34 [INFO]: Episode label: {'oracle_step': 70, 'stop_count': 0, 'has_stop': False, 'ego_crosses': True, 'ego_eta': 62, 'ego_direction': 'up', 'other_crosses': 3, 'close_other_count': 0, 'pedestrian_close': None, 'conflicting_approach': False, 'total_crosses': 4}
2026-05-23 14:53:34 [INFO]: Get map info from config/maps/square_2x2.yaml
2026-05-23 14:53:34 [INFO]: Get agent info from config/agents/easy_lite/val.yaml
2026-05-23 14:53:34 [INFO]: Get onology and rules info from config/rules/ontology_easy.yaml, config/rules/Nav/easy/expert.yaml
2026-05-23 14:53:34 [INFO]: Number of Entity Types: 1
Entity Types:
- Entity
2026-05-23 14:53:34 [INFO]: Number of Predicates: 13
Predicates:
- IsPedestrian: {'instance': "Function('IsPed', entity_sorts['Entity'], BoolSort())", 'arity': 1, 'method': 'IsPed(Entity)', 'function': 'logicity.utils.pred_converter.z3.IsPed'}
- IsCar: {'instance': "Function('IsCar', entity_sorts['Entity'], BoolSort())", 'arity': 1, 'method': 'IsCar(Entity)', 'function': 'logicity.utils.pred_converter.z3.IsCar'}
- IsAmbulance: {'instance': "Function('IsAmb', entity_sorts['Entity'], BoolSort())", 'arity': 1, 'method': 'IsAmb(Entity)', 'function': 'logicity.utils.pred_converter.z3.IsAmb'}
- IsOld: {'instance': "Function('IsOld', entity_sorts['Entity'], BoolSort())", 'arity': 1, 'method': 'IsOld(Entity)', 'function': 'logicity.utils.pred_converter.z3.IsOld'}
- IsTiro: {'instance': "Function('IsTiro', entity_sorts['Entity'], BoolSort())", 'arity': 1, 'method': 'IsTiro(Entity)', 'function': 'logicity.utils.pred_converter.z3.IsTiro'}
- IsAtInter: {'instance': "Function('IsAtInter', entity_sorts['Entity'], BoolSort())", 'arity': 1, 'method': 'IsAtInter(Entity)', 'function': 'logicity.utils.pred_converter.z3.IsAtInter'}
- IsInInter: {'instance': "Function('IsInInter', entity_sorts['Entity'], BoolSort())", 'arity': 1, 'method': 'IsInInter(Entity)', 'function': 'logicity.utils.pred_converter.z3.IsInInter'}
- HigherPri: {'instance': "Function('HigherPri', entity_sorts['Entity'], entity_sorts['Entity'], BoolSort())", 'arity': 2, 'method': 'HigherPri(Entity, Entity)', 'function': 'logicity.utils.pred_converter.z3.HigherPri'}
- CollidingClose: {'instance': "Function('CollidingClose', entity_sorts['Entity'], entity_sorts['Entity'], BoolSort())", 'arity': 2, 'method': 'CollidingClose(Entity, Entity)', 'function': 'logicity.utils.pred_converter.z3.CollidingClose'}
- Stop: {'instance': "Function('Stop', entity_sorts['Entity'], BoolSort())", 'arity': 1, 'method': 'Stop(Entity)', 'function': 'None'}
- Fast: {'instance': "Function('Fast', entity_sorts['Entity'], BoolSort())", 'arity': 1, 'method': 'Fast(Entity)', 'function': 'None'}
- Normal: {'instance': "Function('Normal', entity_sorts['Entity'], BoolSort())", 'arity': 1, 'method': 'Normal(Entity)', 'function': 'None'}
- Slow: {'instance': "Function('Slow', entity_sorts['Entity'], BoolSort())", 'arity': 1, 'method': 'Slow(Entity)', 'function': 'None'}
2026-05-23 14:53:34 [INFO]: *** Sim Rule ***: Stop -> 
 Stop(entity) == Exists(
  [dummyEntity], 
  Or(
    And(
      IsAtInter(entity), 
      IsInInter(dummyEntity), 
    ),
    And(
      IsAtInter(entity), 
      IsAtInter(dummyEntity), 
      HigherPri(dummyEntity, entity),
    ),
    CollidingClose(entity, dummyEntity)
  )
)

2026-05-23 14:53:34 [INFO]: *** Task Rule ***: Collision and Intersection -> 
 Implies(Exists(
  [dummyEntity], 
    Or(
      And(
        IsAtInter(entity), 
        IsInInter(dummyEntity), 
      ),
      And(
        IsAtInter(entity), 
        IsAtInter(dummyEntity), 
        HigherPri(dummyEntity, entity),
      ),
      CollidingClose(entity, dummyEntity)
    )
  ),
  Stop(entity)
)

2026-05-23 14:53:34 [INFO]: *** Expert Rule ***: Stop -> 
 Stop(entity) == Exists(
[dummyEntity], 
  Or(
    And(
      IsAtInter(entity), 
      IsInInter(dummyEntity), 
    ),
    And(
      IsAtInter(entity), 
      IsAtInter(dummyEntity), 
      HigherPri(dummyEntity, entity),
    ),
    CollidingClose(entity, dummyEntity)
  )
)

2026-05-23 14:53:34 [INFO]: *** Expert Rule ***: Slow -> 
 Not(Slow(entity))

2026-05-23 14:53:34 [INFO]: *** Expert Rule ***: Fast -> 
 Not(Fast(entity))

2026-05-23 14:53:34 [INFO]: *** Expert Rule ***: Normal -> 
 Normal(entity) == Not(Stop(entity))
2026-05-23 14:53:34 [INFO]: Rules created successfully
2026-05-23 14:53:34 [INFO]: Rules will be grounded later...
2026-05-23 14:53:34 [INFO]: Given Predicates {'IsPedestrian': {'instance': IsPed, 'arity': 1, 'method': 'IsPed(Entity)', 'function': 'logicity.utils.pred_converter.z3.IsPed'}, 'IsCar': {'instance': IsCar, 'arity': 1, 'method': 'IsCar(Entity)', 'function': 'logicity.utils.pred_converter.z3.IsCar'}, 'IsAmbulance': {'instance': IsAmb, 'arity': 1, 'method': 'IsAmb(Entity)', 'function': 'logicity.utils.pred_converter.z3.IsAmb'}, 'IsOld': {'instance': IsOld, 'arity': 1, 'method': 'IsOld(Entity)', 'function': 'logicity.utils.pred_converter.z3.IsOld'}, 'IsTiro': {'instance': IsTiro, 'arity': 1, 'method': 'IsTiro(Entity)', 'function': 'logicity.utils.pred_converter.z3.IsTiro'}, 'IsAtInter': {'instance': IsAtInter, 'arity': 1, 'method': 'IsAtInter(Entity)', 'function': 'logicity.utils.pred_converter.z3.IsAtInter'}, 'IsInInter': {'instance': IsInInter, 'arity': 1, 'method': 'IsInInter(Entity)', 'function': 'logicity.utils.pred_converter.z3.IsInInter'}, 'HigherPri': {'instance': HigherPri, 'arity': 2, 'method': 'HigherPri(Entity, Entity)', 'function': 'logicity.utils.pred_converter.z3.HigherPri'}, 'CollidingClose': {'instance': CollidingClose, 'arity': 2, 'method': 'CollidingClose(Entity, Entity)', 'function': 'logicity.utils.pred_converter.z3.CollidingClose'}, 'Stop': {'instance': Stop, 'arity': 1, 'method': 'Stop(Entity)', 'function': 'None'}, 'Fast': {'instance': Fast, 'arity': 1, 'method': 'Fast(Entity)', 'function': 'None'}, 'Normal': {'instance': Normal, 'arity': 1, 'method': 'Normal(Entity)', 'function': 'None'}, 'Slow': {'instance': Slow, 'arity': 1, 'method': 'Slow(Entity)', 'function': 'None'}}, the FOV entities {'Entity': 3}, The logic grounding shape is: 39
2026-05-23 14:53:34 [INFO]: Local planner constructed!
2026-05-23 14:53:34 [INFO]: Constructing 22 streets
2026-05-23 14:53:35 [INFO]: Constructing 16 buildings
2026-05-23 14:53:36 [INFO]: Adding 4 agents, they are constrained in 103 region
2026-05-23 14:53:36 [INFO]: Car_1 initialization done!
2026-05-23 14:53:36 [INFO]: Pedestrian_1 initialization done!
2026-05-23 14:53:37 [INFO]: Car_2 initialization done!
2026-05-23 14:53:38 [INFO]: Car_3 initialization done!
2026-05-23 14:53:38 [INFO]: Done!
2026-05-23 14:53:38 [INFO]: ***Init RL Agent in Env***
2026-05-23 14:54:06 [INFO]: will reset agent by success
2026-05-23 14:54:06 [INFO]: ***Reset RL Agent in Env***
2026-05-23 14:54:06 [INFO]: Car_1 initialization done!
2026-05-23 14:54:06 [INFO]: Pedestrian_1 initialization done!
2026-05-23 14:54:07 [INFO]: Car_2 initialization done!
2026-05-23 14:54:07 [INFO]: Car_3 initialization done!
2026-05-23 14:54:07 [INFO]: Agent reset priority to 3/4
2026-05-23 14:54:07 [INFO]: Agent reset concepts to {'type': 'Car', 'priority': 3}
2026-05-23 14:54:07 [INFO]: Episode 1 success.
2026-05-23 14:54:07 [INFO]: Episode 1 achieved a score of 6.670000000000012
2026-05-23 14:54:07 [INFO]: Episode 1 Success: 1
2026-05-23 14:54:07 [INFO]: Episode 1 Decision Step: {3: 1}
2026-05-23 14:54:07 [INFO]: Episode 1 Success Decision: {3: 1}
2026-05-23 14:54:07 [INFO]: Evaluating episode 2...
2026-05-23 14:54:07 [INFO]: Episode label: {'oracle_step': 137, 'stop_count': 52, 'has_stop': True, 'ego_crosses': True, 'ego_eta': 91, 'ego_direction': 'up', 'other_crosses': 3, 'close_other_count': 0, 'pedestrian_close': None, 'conflicting_approach': False, 'total_crosses': 4}
2026-05-23 14:54:07 [INFO]: Get map info from config/maps/square_2x2.yaml
2026-05-23 14:54:07 [INFO]: Get agent info from config/agents/easy_lite/val.yaml
2026-05-23 14:54:07 [INFO]: Get onology and rules info from config/rules/ontology_easy.yaml, config/rules/Nav/easy/expert.yaml
2026-05-23 14:54:07 [INFO]: Number of Entity Types: 1
Entity Types:
- Entity
2026-05-23 14:54:07 [INFO]: Number of Predicates: 13
Predicates:
- IsPedestrian: {'instance': "Function('IsPed', entity_sorts['Entity'], BoolSort())", 'arity': 1, 'method': 'IsPed(Entity)', 'function': 'logicity.utils.pred_converter.z3.IsPed'}
- IsCar: {'instance': "Function('IsCar', entity_sorts['Entity'], BoolSort())", 'arity': 1, 'method': 'IsCar(Entity)', 'function': 'logicity.utils.pred_converter.z3.IsCar'}
- IsAmbulance: {'instance': "Function('IsAmb', entity_sorts['Entity'], BoolSort())", 'arity': 1, 'method': 'IsAmb(Entity)', 'function': 'logicity.utils.pred_converter.z3.IsAmb'}
- IsOld: {'instance': "Function('IsOld', entity_sorts['Entity'], BoolSort())", 'arity': 1, 'method': 'IsOld(Entity)', 'function': 'logicity.utils.pred_converter.z3.IsOld'}
- IsTiro: {'instance': "Function('IsTiro', entity_sorts['Entity'], BoolSort())", 'arity': 1, 'method': 'IsTiro(Entity)', 'function': 'logicity.utils.pred_converter.z3.IsTiro'}
- IsAtInter: {'instance': "Function('IsAtInter', entity_sorts['Entity'], BoolSort())", 'arity': 1, 'method': 'IsAtInter(Entity)', 'function': 'logicity.utils.pred_converter.z3.IsAtInter'}
- IsInInter: {'instance': "Function('IsInInter', entity_sorts['Entity'], BoolSort())", 'arity': 1, 'method': 'IsInInter(Entity)', 'function': 'logicity.utils.pred_converter.z3.IsInInter'}
- HigherPri: {'instance': "Function('HigherPri', entity_sorts['Entity'], entity_sorts['Entity'], BoolSort())", 'arity': 2, 'method': 'HigherPri(Entity, Entity)', 'function': 'logicity.utils.pred_converter.z3.HigherPri'}
- CollidingClose: {'instance': "Function('CollidingClose', entity_sorts['Entity'], entity_sorts['Entity'], BoolSort())", 'arity': 2, 'method': 'CollidingClose(Entity, Entity)', 'function': 'logicity.utils.pred_converter.z3.CollidingClose'}
- Stop: {'instance': "Function('Stop', entity_sorts['Entity'], BoolSort())", 'arity': 1, 'method': 'Stop(Entity)', 'function': 'None'}
- Fast: {'instance': "Function('Fast', entity_sorts['Entity'], BoolSort())", 'arity': 1, 'method': 'Fast(Entity)', 'function': 'None'}
- Normal: {'instance': "Function('Normal', entity_sorts['Entity'], BoolSort())", 'arity': 1, 'method': 'Normal(Entity)', 'function': 'None'}
- Slow: {'instance': "Function('Slow', entity_sorts['Entity'], BoolSort())", 'arity': 1, 'method': 'Slow(Entity)', 'function': 'None'}
2026-05-23 14:54:07 [INFO]: *** Sim Rule ***: Stop -> 
 Stop(entity) == Exists(
  [dummyEntity], 
  Or(
    And(
      IsAtInter(entity), 
      IsInInter(dummyEntity), 
    ),
    And(
      IsAtInter(entity), 
      IsAtInter(dummyEntity), 
      HigherPri(dummyEntity, entity),
    ),
    CollidingClose(entity, dummyEntity)
  )
)

2026-05-23 14:54:07 [INFO]: *** Task Rule ***: Collision and Intersection -> 
 Implies(Exists(
  [dummyEntity], 
    Or(
      And(
        IsAtInter(entity), 
        IsInInter(dummyEntity), 
      ),
      And(
        IsAtInter(entity), 
        IsAtInter(dummyEntity), 
        HigherPri(dummyEntity, entity),
      ),
      CollidingClose(entity, dummyEntity)
    )
  ),
  Stop(entity)
)

2026-05-23 14:54:07 [INFO]: *** Expert Rule ***: Stop -> 
 Stop(entity) == Exists(
[dummyEntity], 
  Or(
    And(
      IsAtInter(entity), 
      IsInInter(dummyEntity), 
    ),
    And(
      IsAtInter(entity), 
      IsAtInter(dummyEntity), 
      HigherPri(dummyEntity, entity),
    ),
    CollidingClose(entity, dummyEntity)
  )
)

2026-05-23 14:54:07 [INFO]: *** Expert Rule ***: Slow -> 
 Not(Slow(entity))

2026-05-23 14:54:07 [INFO]: *** Expert Rule ***: Fast -> 
 Not(Fast(entity))

2026-05-23 14:54:07 [INFO]: *** Expert Rule ***: Normal -> 
 Normal(entity) == Not(Stop(entity))
2026-05-23 14:54:07 [INFO]: Rules created successfully
2026-05-23 14:54:07 [INFO]: Rules will be grounded later...
2026-05-23 14:54:07 [INFO]: Given Predicates {'IsPedestrian': {'instance': IsPed, 'arity': 1, 'method': 'IsPed(Entity)', 'function': 'logicity.utils.pred_converter.z3.IsPed'}, 'IsCar': {'instance': IsCar, 'arity': 1, 'method': 'IsCar(Entity)', 'function': 'logicity.utils.pred_converter.z3.IsCar'}, 'IsAmbulance': {'instance': IsAmb, 'arity': 1, 'method': 'IsAmb(Entity)', 'function': 'logicity.utils.pred_converter.z3.IsAmb'}, 'IsOld': {'instance': IsOld, 'arity': 1, 'method': 'IsOld(Entity)', 'function': 'logicity.utils.pred_converter.z3.IsOld'}, 'IsTiro': {'instance': IsTiro, 'arity': 1, 'method': 'IsTiro(Entity)', 'function': 'logicity.utils.pred_converter.z3.IsTiro'}, 'IsAtInter': {'instance': IsAtInter, 'arity': 1, 'method': 'IsAtInter(Entity)', 'function': 'logicity.utils.pred_converter.z3.IsAtInter'}, 'IsInInter': {'instance': IsInInter, 'arity': 1, 'method': 'IsInInter(Entity)', 'function': 'logicity.utils.pred_converter.z3.IsInInter'}, 'HigherPri': {'instance': HigherPri, 'arity': 2, 'method': 'HigherPri(Entity, Entity)', 'function': 'logicity.utils.pred_converter.z3.HigherPri'}, 'CollidingClose': {'instance': CollidingClose, 'arity': 2, 'method': 'CollidingClose(Entity, Entity)', 'function': 'logicity.utils.pred_converter.z3.CollidingClose'}, 'Stop': {'instance': Stop, 'arity': 1, 'method': 'Stop(Entity)', 'function': 'None'}, 'Fast': {'instance': Fast, 'arity': 1, 'method': 'Fast(Entity)', 'function': 'None'}, 'Normal': {'instance': Normal, 'arity': 1, 'method': 'Normal(Entity)', 'function': 'None'}, 'Slow': {'instance': Slow, 'arity': 1, 'method': 'Slow(Entity)', 'function': 'None'}}, the FOV entities {'Entity': 3}, The logic grounding shape is: 39
2026-05-23 14:54:07 [INFO]: Local planner constructed!
2026-05-23 14:54:07 [INFO]: Constructing 22 streets
2026-05-23 14:54:08 [INFO]: Constructing 16 buildings
2026-05-23 14:54:09 [INFO]: Adding 4 agents, they are constrained in 103 region
2026-05-23 14:54:09 [INFO]: Car_1 initialization done!
2026-05-23 14:54:10 [INFO]: Pedestrian_1 initialization done!
2026-05-23 14:54:10 [INFO]: Car_2 initialization done!
2026-05-23 14:54:11 [INFO]: Car_3 initialization done!
2026-05-23 14:54:11 [INFO]: Done!
2026-05-23 14:54:11 [INFO]: ***Init RL Agent in Env***
2026-05-23 14:54:43 [INFO]: will reset agent by success
2026-05-23 14:54:43 [INFO]: ***Reset RL Agent in Env***
2026-05-23 14:54:43 [INFO]: Car_1 initialization done!
2026-05-23 14:54:43 [INFO]: Pedestrian_1 initialization done!
2026-05-23 14:54:44 [INFO]: Car_2 initialization done!
2026-05-23 14:54:45 [INFO]: Car_3 initialization done!
2026-05-23 14:54:45 [INFO]: Agent reset priority to 2/4
2026-05-23 14:54:45 [INFO]: Agent reset concepts to {'type': 'Car', 'priority': 2}
2026-05-23 14:54:45 [INFO]: Episode 2 success.
2026-05-23 14:54:45 [INFO]: Episode 2 achieved a score of 7.90000000000001
2026-05-23 14:54:45 [INFO]: Episode 2 Success: 1
2026-05-23 14:54:45 [INFO]: Episode 2 Decision Step: {3: 1}
2026-05-23 14:54:45 [INFO]: Episode 2 Success Decision: {3: 1}
2026-05-23 14:54:45 [INFO]: Evaluating episode 3...
2026-05-23 14:54:45 [INFO]: Episode label: {'oracle_step': 57, 'stop_count': 7, 'has_stop': True, 'ego_crosses': True, 'ego_eta': 13, 'ego_direction': 'up', 'other_crosses': 3, 'close_other_count': 0, 'pedestrian_close': None, 'conflicting_approach': False, 'total_crosses': 4}
2026-05-23 14:54:45 [INFO]: Get map info from config/maps/square_2x2.yaml
2026-05-23 14:54:45 [INFO]: Get agent info from config/agents/easy_lite/val.yaml
2026-05-23 14:54:45 [INFO]: Get onology and rules info from config/rules/ontology_easy.yaml, config/rules/Nav/easy/expert.yaml
2026-05-23 14:54:45 [INFO]: Number of Entity Types: 1
Entity Types:
- Entity
2026-05-23 14:54:45 [INFO]: Number of Predicates: 13
Predicates:
- IsPedestrian: {'instance': "Function('IsPed', entity_sorts['Entity'], BoolSort())", 'arity': 1, 'method': 'IsPed(Entity)', 'function': 'logicity.utils.pred_converter.z3.IsPed'}
- IsCar: {'instance': "Function('IsCar', entity_sorts['Entity'], BoolSort())", 'arity': 1, 'method': 'IsCar(Entity)', 'function': 'logicity.utils.pred_converter.z3.IsCar'}
- IsAmbulance: {'instance': "Function('IsAmb', entity_sorts['Entity'], BoolSort())", 'arity': 1, 'method': 'IsAmb(Entity)', 'function': 'logicity.utils.pred_converter.z3.IsAmb'}
- IsOld: {'instance': "Function('IsOld', entity_sorts['Entity'], BoolSort())", 'arity': 1, 'method': 'IsOld(Entity)', 'function': 'logicity.utils.pred_converter.z3.IsOld'}
- IsTiro: {'instance': "Function('IsTiro', entity_sorts['Entity'], BoolSort())", 'arity': 1, 'method': 'IsTiro(Entity)', 'function': 'logicity.utils.pred_converter.z3.IsTiro'}
- IsAtInter: {'instance': "Function('IsAtInter', entity_sorts['Entity'], BoolSort())", 'arity': 1, 'method': 'IsAtInter(Entity)', 'function': 'logicity.utils.pred_converter.z3.IsAtInter'}
- IsInInter: {'instance': "Function('IsInInter', entity_sorts['Entity'], BoolSort())", 'arity': 1, 'method': 'IsInInter(Entity)', 'function': 'logicity.utils.pred_converter.z3.IsInInter'}
- HigherPri: {'instance': "Function('HigherPri', entity_sorts['Entity'], entity_sorts['Entity'], BoolSort())", 'arity': 2, 'method': 'HigherPri(Entity, Entity)', 'function': 'logicity.utils.pred_converter.z3.HigherPri'}
- CollidingClose: {'instance': "Function('CollidingClose', entity_sorts['Entity'], entity_sorts['Entity'], BoolSort())", 'arity': 2, 'method': 'CollidingClose(Entity, Entity)', 'function': 'logicity.utils.pred_converter.z3.CollidingClose'}
- Stop: {'instance': "Function('Stop', entity_sorts['Entity'], BoolSort())", 'arity': 1, 'method': 'Stop(Entity)', 'function': 'None'}
- Fast: {'instance': "Function('Fast', entity_sorts['Entity'], BoolSort())", 'arity': 1, 'method': 'Fast(Entity)', 'function': 'None'}
- Normal: {'instance': "Function('Normal', entity_sorts['Entity'], BoolSort())", 'arity': 1, 'method': 'Normal(Entity)', 'function': 'None'}
- Slow: {'instance': "Function('Slow', entity_sorts['Entity'], BoolSort())", 'arity': 1, 'method': 'Slow(Entity)', 'function': 'None'}
2026-05-23 14:54:45 [INFO]: *** Sim Rule ***: Stop -> 
 Stop(entity) == Exists(
  [dummyEntity], 
  Or(
    And(
      IsAtInter(entity), 
      IsInInter(dummyEntity), 
    ),
    And(
      IsAtInter(entity), 
      IsAtInter(dummyEntity), 
      HigherPri(dummyEntity, entity),
    ),
    CollidingClose(entity, dummyEntity)
  )
)

2026-05-23 14:54:45 [INFO]: *** Task Rule ***: Collision and Intersection -> 
 Implies(Exists(
  [dummyEntity], 
    Or(
      And(
        IsAtInter(entity), 
        IsInInter(dummyEntity), 
      ),
      And(
        IsAtInter(entity), 
        IsAtInter(dummyEntity), 
        HigherPri(dummyEntity, entity),
      ),
      CollidingClose(entity, dummyEntity)
    )
  ),
  Stop(entity)
)

2026-05-23 14:54:45 [INFO]: *** Expert Rule ***: Stop -> 
 Stop(entity) == Exists(
[dummyEntity], 
  Or(
    And(
      IsAtInter(entity), 
      IsInInter(dummyEntity), 
    ),
    And(
      IsAtInter(entity), 
      IsAtInter(dummyEntity), 
      HigherPri(dummyEntity, entity),
    ),
    CollidingClose(entity, dummyEntity)
  )
)

2026-05-23 14:54:45 [INFO]: *** Expert Rule ***: Slow -> 
 Not(Slow(entity))

2026-05-23 14:54:45 [INFO]: *** Expert Rule ***: Fast -> 
 Not(Fast(entity))

2026-05-23 14:54:45 [INFO]: *** Expert Rule ***: Normal -> 
 Normal(entity) == Not(Stop(entity))
2026-05-23 14:54:45 [INFO]: Rules created successfully
2026-05-23 14:54:45 [INFO]: Rules will be grounded later...
2026-05-23 14:54:45 [INFO]: Given Predicates {'IsPedestrian': {'instance': IsPed, 'arity': 1, 'method': 'IsPed(Entity)', 'function': 'logicity.utils.pred_converter.z3.IsPed'}, 'IsCar': {'instance': IsCar, 'arity': 1, 'method': 'IsCar(Entity)', 'function': 'logicity.utils.pred_converter.z3.IsCar'}, 'IsAmbulance': {'instance': IsAmb, 'arity': 1, 'method': 'IsAmb(Entity)', 'function': 'logicity.utils.pred_converter.z3.IsAmb'}, 'IsOld': {'instance': IsOld, 'arity': 1, 'method': 'IsOld(Entity)', 'function': 'logicity.utils.pred_converter.z3.IsOld'}, 'IsTiro': {'instance': IsTiro, 'arity': 1, 'method': 'IsTiro(Entity)', 'function': 'logicity.utils.pred_converter.z3.IsTiro'}, 'IsAtInter': {'instance': IsAtInter, 'arity': 1, 'method': 'IsAtInter(Entity)', 'function': 'logicity.utils.pred_converter.z3.IsAtInter'}, 'IsInInter': {'instance': IsInInter, 'arity': 1, 'method': 'IsInInter(Entity)', 'function': 'logicity.utils.pred_converter.z3.IsInInter'}, 'HigherPri': {'instance': HigherPri, 'arity': 2, 'method': 'HigherPri(Entity, Entity)', 'function': 'logicity.utils.pred_converter.z3.HigherPri'}, 'CollidingClose': {'instance': CollidingClose, 'arity': 2, 'method': 'CollidingClose(Entity, Entity)', 'function': 'logicity.utils.pred_converter.z3.CollidingClose'}, 'Stop': {'instance': Stop, 'arity': 1, 'method': 'Stop(Entity)', 'function': 'None'}, 'Fast': {'instance': Fast, 'arity': 1, 'method': 'Fast(Entity)', 'function': 'None'}, 'Normal': {'instance': Normal, 'arity': 1, 'method': 'Normal(Entity)', 'function': 'None'}, 'Slow': {'instance': Slow, 'arity': 1, 'method': 'Slow(Entity)', 'function': 'None'}}, the FOV entities {'Entity': 3}, The logic grounding shape is: 39
2026-05-23 14:54:45 [INFO]: Local planner constructed!
2026-05-23 14:54:45 [INFO]: Constructing 22 streets
2026-05-23 14:54:46 [INFO]: Constructing 16 buildings
2026-05-23 14:54:47 [INFO]: Adding 4 agents, they are constrained in 103 region
2026-05-23 14:54:48 [INFO]: Car_1 initialization done!
2026-05-23 14:54:48 [INFO]: Pedestrian_1 initialization done!
2026-05-23 14:54:48 [INFO]: Car_2 initialization done!
2026-05-23 14:54:49 [INFO]: Car_3 initialization done!
2026-05-23 14:54:49 [INFO]: Done!
2026-05-23 14:54:49 [INFO]: ***Init RL Agent in Env***
2026-05-23 14:54:59 [INFO]: will reset agent by success
2026-05-23 14:54:59 [INFO]: ***Reset RL Agent in Env***
2026-05-23 14:54:59 [INFO]: Car_1 initialization done!
2026-05-23 14:54:59 [INFO]: Pedestrian_1 initialization done!
2026-05-23 14:55:00 [INFO]: Car_2 initialization done!
2026-05-23 14:55:00 [INFO]: Car_3 initialization done!
2026-05-23 14:55:00 [INFO]: Agent reset priority to 2/4
2026-05-23 14:55:00 [INFO]: Agent reset concepts to {'type': 'Car', 'priority': 2}
2026-05-23 14:55:00 [INFO]: Episode 3 success.
2026-05-23 14:55:00 [INFO]: Episode 3 achieved a score of 5.360000000000002
2026-05-23 14:55:00 [INFO]: Episode 3 Success: 1
2026-05-23 14:55:00 [INFO]: Episode 3 Decision Step: {3: 0}
2026-05-23 14:55:00 [INFO]: Episode 3 Success Decision: {3: 0}
2026-05-23 14:55:00 [INFO]: Evaluating episode 4...
2026-05-23 14:55:00 [INFO]: Episode label: {'oracle_step': 66, 'stop_count': 17, 'has_stop': True, 'ego_crosses': True, 'ego_eta': 26, 'ego_direction': 'down', 'other_crosses': 3, 'close_other_count': 0, 'pedestrian_close': None, 'conflicting_approach': False, 'total_crosses': 4}
2026-05-23 14:55:00 [INFO]: Get map info from config/maps/square_2x2.yaml
2026-05-23 14:55:00 [INFO]: Get agent info from config/agents/easy_lite/val.yaml
2026-05-23 14:55:00 [INFO]: Get onology and rules info from config/rules/ontology_easy.yaml, config/rules/Nav/easy/expert.yaml
2026-05-23 14:55:00 [INFO]: Number of Entity Types: 1
Entity Types:
- Entity
2026-05-23 14:55:00 [INFO]: Number of Predicates: 13
Predicates:
- IsPedestrian: {'instance': "Function('IsPed', entity_sorts['Entity'], BoolSort())", 'arity': 1, 'method': 'IsPed(Entity)', 'function': 'logicity.utils.pred_converter.z3.IsPed'}
- IsCar: {'instance': "Function('IsCar', entity_sorts['Entity'], BoolSort())", 'arity': 1, 'method': 'IsCar(Entity)', 'function': 'logicity.utils.pred_converter.z3.IsCar'}
- IsAmbulance: {'instance': "Function('IsAmb', entity_sorts['Entity'], BoolSort())", 'arity': 1, 'method': 'IsAmb(Entity)', 'function': 'logicity.utils.pred_converter.z3.IsAmb'}
- IsOld: {'instance': "Function('IsOld', entity_sorts['Entity'], BoolSort())", 'arity': 1, 'method': 'IsOld(Entity)', 'function': 'logicity.utils.pred_converter.z3.IsOld'}
- IsTiro: {'instance': "Function('IsTiro', entity_sorts['Entity'], BoolSort())", 'arity': 1, 'method': 'IsTiro(Entity)', 'function': 'logicity.utils.pred_converter.z3.IsTiro'}
- IsAtInter: {'instance': "Function('IsAtInter', entity_sorts['Entity'], BoolSort())", 'arity': 1, 'method': 'IsAtInter(Entity)', 'function': 'logicity.utils.pred_converter.z3.IsAtInter'}
- IsInInter: {'instance': "Function('IsInInter', entity_sorts['Entity'], BoolSort())", 'arity': 1, 'method': 'IsInInter(Entity)', 'function': 'logicity.utils.pred_converter.z3.IsInInter'}
- HigherPri: {'instance': "Function('HigherPri', entity_sorts['Entity'], entity_sorts['Entity'], BoolSort())", 'arity': 2, 'method': 'HigherPri(Entity, Entity)', 'function': 'logicity.utils.pred_converter.z3.HigherPri'}
- CollidingClose: {'instance': "Function('CollidingClose', entity_sorts['Entity'], entity_sorts['Entity'], BoolSort())", 'arity': 2, 'method': 'CollidingClose(Entity, Entity)', 'function': 'logicity.utils.pred_converter.z3.CollidingClose'}
- Stop: {'instance': "Function('Stop', entity_sorts['Entity'], BoolSort())", 'arity': 1, 'method': 'Stop(Entity)', 'function': 'None'}
- Fast: {'instance': "Function('Fast', entity_sorts['Entity'], BoolSort())", 'arity': 1, 'method': 'Fast(Entity)', 'function': 'None'}
- Normal: {'instance': "Function('Normal', entity_sorts['Entity'], BoolSort())", 'arity': 1, 'method': 'Normal(Entity)', 'function': 'None'}
- Slow: {'instance': "Function('Slow', entity_sorts['Entity'], BoolSort())", 'arity': 1, 'method': 'Slow(Entity)', 'function': 'None'}
2026-05-23 14:55:00 [INFO]: *** Sim Rule ***: Stop -> 
 Stop(entity) == Exists(
  [dummyEntity], 
  Or(
    And(
      IsAtInter(entity), 
      IsInInter(dummyEntity), 
    ),
    And(
      IsAtInter(entity), 
      IsAtInter(dummyEntity), 
      HigherPri(dummyEntity, entity),
    ),
    CollidingClose(entity, dummyEntity)
  )
)

2026-05-23 14:55:00 [INFO]: *** Task Rule ***: Collision and Intersection -> 
 Implies(Exists(
  [dummyEntity], 
    Or(
      And(
        IsAtInter(entity), 
        IsInInter(dummyEntity), 
      ),
      And(
        IsAtInter(entity), 
        IsAtInter(dummyEntity), 
        HigherPri(dummyEntity, entity),
      ),
      CollidingClose(entity, dummyEntity)
    )
  ),
  Stop(entity)
)

2026-05-23 14:55:00 [INFO]: *** Expert Rule ***: Stop -> 
 Stop(entity) == Exists(
[dummyEntity], 
  Or(
    And(
      IsAtInter(entity), 
      IsInInter(dummyEntity), 
    ),
    And(
      IsAtInter(entity), 
      IsAtInter(dummyEntity), 
      HigherPri(dummyEntity, entity),
    ),
    CollidingClose(entity, dummyEntity)
  )
)

2026-05-23 14:55:00 [INFO]: *** Expert Rule ***: Slow -> 
 Not(Slow(entity))

2026-05-23 14:55:00 [INFO]: *** Expert Rule ***: Fast -> 
 Not(Fast(entity))

2026-05-23 14:55:00 [INFO]: *** Expert Rule ***: Normal -> 
 Normal(entity) == Not(Stop(entity))
2026-05-23 14:55:00 [INFO]: Rules created successfully
2026-05-23 14:55:00 [INFO]: Rules will be grounded later...
2026-05-23 14:55:00 [INFO]: Given Predicates {'IsPedestrian': {'instance': IsPed, 'arity': 1, 'method': 'IsPed(Entity)', 'function': 'logicity.utils.pred_converter.z3.IsPed'}, 'IsCar': {'instance': IsCar, 'arity': 1, 'method': 'IsCar(Entity)', 'function': 'logicity.utils.pred_converter.z3.IsCar'}, 'IsAmbulance': {'instance': IsAmb, 'arity': 1, 'method': 'IsAmb(Entity)', 'function': 'logicity.utils.pred_converter.z3.IsAmb'}, 'IsOld': {'instance': IsOld, 'arity': 1, 'method': 'IsOld(Entity)', 'function': 'logicity.utils.pred_converter.z3.IsOld'}, 'IsTiro': {'instance': IsTiro, 'arity': 1, 'method': 'IsTiro(Entity)', 'function': 'logicity.utils.pred_converter.z3.IsTiro'}, 'IsAtInter': {'instance': IsAtInter, 'arity': 1, 'method': 'IsAtInter(Entity)', 'function': 'logicity.utils.pred_converter.z3.IsAtInter'}, 'IsInInter': {'instance': IsInInter, 'arity': 1, 'method': 'IsInInter(Entity)', 'function': 'logicity.utils.pred_converter.z3.IsInInter'}, 'HigherPri': {'instance': HigherPri, 'arity': 2, 'method': 'HigherPri(Entity, Entity)', 'function': 'logicity.utils.pred_converter.z3.HigherPri'}, 'CollidingClose': {'instance': CollidingClose, 'arity': 2, 'method': 'CollidingClose(Entity, Entity)', 'function': 'logicity.utils.pred_converter.z3.CollidingClose'}, 'Stop': {'instance': Stop, 'arity': 1, 'method': 'Stop(Entity)', 'function': 'None'}, 'Fast': {'instance': Fast, 'arity': 1, 'method': 'Fast(Entity)', 'function': 'None'}, 'Normal': {'instance': Normal, 'arity': 1, 'method': 'Normal(Entity)', 'function': 'None'}, 'Slow': {'instance': Slow, 'arity': 1, 'method': 'Slow(Entity)', 'function': 'None'}}, the FOV entities {'Entity': 3}, The logic grounding shape is: 39
2026-05-23 14:55:00 [INFO]: Local planner constructed!
2026-05-23 14:55:00 [INFO]: Constructing 22 streets
2026-05-23 14:55:01 [INFO]: Constructing 16 buildings
2026-05-23 14:55:02 [INFO]: Adding 4 agents, they are constrained in 103 region
2026-05-23 14:55:02 [INFO]: Car_1 initialization done!
2026-05-23 14:55:02 [INFO]: Pedestrian_1 initialization done!
2026-05-23 14:55:03 [INFO]: Car_2 initialization done!
2026-05-23 14:55:04 [INFO]: Car_3 initialization done!
2026-05-23 14:55:04 [INFO]: Done!
2026-05-23 14:55:04 [INFO]: ***Init RL Agent in Env***
2026-05-23 14:55:19 [INFO]: will reset agent by success
2026-05-23 14:55:19 [INFO]: ***Reset RL Agent in Env***
2026-05-23 14:55:19 [INFO]: Car_1 initialization done!
2026-05-23 14:55:19 [INFO]: Pedestrian_1 initialization done!
2026-05-23 14:55:20 [INFO]: Car_2 initialization done!
2026-05-23 14:55:21 [INFO]: Car_3 initialization done!
2026-05-23 14:55:21 [INFO]: Agent reset priority to 2/4
2026-05-23 14:55:21 [INFO]: Agent reset concepts to {'type': 'Car', 'priority': 2}
2026-05-23 14:55:21 [INFO]: Episode 4 success.
2026-05-23 14:55:21 [INFO]: Episode 4 achieved a score of 5.030000000000004
2026-05-23 14:55:21 [INFO]: Episode 4 Success: 1
2026-05-23 14:55:21 [INFO]: Episode 4 Decision Step: {3: 1}
2026-05-23 14:55:21 [INFO]: Episode 4 Success Decision: {3: 1}
2026-05-23 14:55:21 [INFO]: Evaluating episode 5...
2026-05-23 14:55:21 [INFO]: Episode label: {'oracle_step': 62, 'stop_count': 0, 'has_stop': False, 'ego_crosses': True, 'ego_eta': 51, 'ego_direction': 'down', 'other_crosses': 3, 'close_other_count': 0, 'pedestrian_close': None, 'conflicting_approach': False, 'total_crosses': 4}
2026-05-23 14:55:21 [INFO]: Get map info from config/maps/square_2x2.yaml
2026-05-23 14:55:21 [INFO]: Get agent info from config/agents/easy_lite/val.yaml
2026-05-23 14:55:21 [INFO]: Get onology and rules info from config/rules/ontology_easy.yaml, config/rules/Nav/easy/expert.yaml
2026-05-23 14:55:21 [INFO]: Number of Entity Types: 1
Entity Types:
- Entity
2026-05-23 14:55:21 [INFO]: Number of Predicates: 13
Predicates:
- IsPedestrian: {'instance': "Function('IsPed', entity_sorts['Entity'], BoolSort())", 'arity': 1, 'method': 'IsPed(Entity)', 'function': 'logicity.utils.pred_converter.z3.IsPed'}
- IsCar: {'instance': "Function('IsCar', entity_sorts['Entity'], BoolSort())", 'arity': 1, 'method': 'IsCar(Entity)', 'function': 'logicity.utils.pred_converter.z3.IsCar'}
- IsAmbulance: {'instance': "Function('IsAmb', entity_sorts['Entity'], BoolSort())", 'arity': 1, 'method': 'IsAmb(Entity)', 'function': 'logicity.utils.pred_converter.z3.IsAmb'}
- IsOld: {'instance': "Function('IsOld', entity_sorts['Entity'], BoolSort())", 'arity': 1, 'method': 'IsOld(Entity)', 'function': 'logicity.utils.pred_converter.z3.IsOld'}
- IsTiro: {'instance': "Function('IsTiro', entity_sorts['Entity'], BoolSort())", 'arity': 1, 'method': 'IsTiro(Entity)', 'function': 'logicity.utils.pred_converter.z3.IsTiro'}
- IsAtInter: {'instance': "Function('IsAtInter', entity_sorts['Entity'], BoolSort())", 'arity': 1, 'method': 'IsAtInter(Entity)', 'function': 'logicity.utils.pred_converter.z3.IsAtInter'}
- IsInInter: {'instance': "Function('IsInInter', entity_sorts['Entity'], BoolSort())", 'arity': 1, 'method': 'IsInInter(Entity)', 'function': 'logicity.utils.pred_converter.z3.IsInInter'}
- HigherPri: {'instance': "Function('HigherPri', entity_sorts['Entity'], entity_sorts['Entity'], BoolSort())", 'arity': 2, 'method': 'HigherPri(Entity, Entity)', 'function': 'logicity.utils.pred_converter.z3.HigherPri'}
- CollidingClose: {'instance': "Function('CollidingClose', entity_sorts['Entity'], entity_sorts['Entity'], BoolSort())", 'arity': 2, 'method': 'CollidingClose(Entity, Entity)', 'function': 'logicity.utils.pred_converter.z3.CollidingClose'}
- Stop: {'instance': "Function('Stop', entity_sorts['Entity'], BoolSort())", 'arity': 1, 'method': 'Stop(Entity)', 'function': 'None'}
- Fast: {'instance': "Function('Fast', entity_sorts['Entity'], BoolSort())", 'arity': 1, 'method': 'Fast(Entity)', 'function': 'None'}
- Normal: {'instance': "Function('Normal', entity_sorts['Entity'], BoolSort())", 'arity': 1, 'method': 'Normal(Entity)', 'function': 'None'}
- Slow: {'instance': "Function('Slow', entity_sorts['Entity'], BoolSort())", 'arity': 1, 'method': 'Slow(Entity)', 'function': 'None'}
2026-05-23 14:55:21 [INFO]: *** Sim Rule ***: Stop -> 
 Stop(entity) == Exists(
  [dummyEntity], 
  Or(
    And(
      IsAtInter(entity), 
      IsInInter(dummyEntity), 
    ),
    And(
      IsAtInter(entity), 
      IsAtInter(dummyEntity), 
      HigherPri(dummyEntity, entity),
    ),
    CollidingClose(entity, dummyEntity)
  )
)

2026-05-23 14:55:21 [INFO]: *** Task Rule ***: Collision and Intersection -> 
 Implies(Exists(
  [dummyEntity], 
    Or(
      And(
        IsAtInter(entity), 
        IsInInter(dummyEntity), 
      ),
      And(
        IsAtInter(entity), 
        IsAtInter(dummyEntity), 
        HigherPri(dummyEntity, entity),
      ),
      CollidingClose(entity, dummyEntity)
    )
  ),
  Stop(entity)
)

2026-05-23 14:55:21 [INFO]: *** Expert Rule ***: Stop -> 
 Stop(entity) == Exists(
[dummyEntity], 
  Or(
    And(
      IsAtInter(entity), 
      IsInInter(dummyEntity), 
    ),
    And(
      IsAtInter(entity), 
      IsAtInter(dummyEntity), 
      HigherPri(dummyEntity, entity),
    ),
    CollidingClose(entity, dummyEntity)
  )
)

2026-05-23 14:55:21 [INFO]: *** Expert Rule ***: Slow -> 
 Not(Slow(entity))

2026-05-23 14:55:21 [INFO]: *** Expert Rule ***: Fast -> 
 Not(Fast(entity))

2026-05-23 14:55:21 [INFO]: *** Expert Rule ***: Normal -> 
 Normal(entity) == Not(Stop(entity))
2026-05-23 14:55:21 [INFO]: Rules created successfully
2026-05-23 14:55:21 [INFO]: Rules will be grounded later...
2026-05-23 14:55:21 [INFO]: Given Predicates {'IsPedestrian': {'instance': IsPed, 'arity': 1, 'method': 'IsPed(Entity)', 'function': 'logicity.utils.pred_converter.z3.IsPed'}, 'IsCar': {'instance': IsCar, 'arity': 1, 'method': 'IsCar(Entity)', 'function': 'logicity.utils.pred_converter.z3.IsCar'}, 'IsAmbulance': {'instance': IsAmb, 'arity': 1, 'method': 'IsAmb(Entity)', 'function': 'logicity.utils.pred_converter.z3.IsAmb'}, 'IsOld': {'instance': IsOld, 'arity': 1, 'method': 'IsOld(Entity)', 'function': 'logicity.utils.pred_converter.z3.IsOld'}, 'IsTiro': {'instance': IsTiro, 'arity': 1, 'method': 'IsTiro(Entity)', 'function': 'logicity.utils.pred_converter.z3.IsTiro'}, 'IsAtInter': {'instance': IsAtInter, 'arity': 1, 'method': 'IsAtInter(Entity)', 'function': 'logicity.utils.pred_converter.z3.IsAtInter'}, 'IsInInter': {'instance': IsInInter, 'arity': 1, 'method': 'IsInInter(Entity)', 'function': 'logicity.utils.pred_converter.z3.IsInInter'}, 'HigherPri': {'instance': HigherPri, 'arity': 2, 'method': 'HigherPri(Entity, Entity)', 'function': 'logicity.utils.pred_converter.z3.HigherPri'}, 'CollidingClose': {'instance': CollidingClose, 'arity': 2, 'method': 'CollidingClose(Entity, Entity)', 'function': 'logicity.utils.pred_converter.z3.CollidingClose'}, 'Stop': {'instance': Stop, 'arity': 1, 'method': 'Stop(Entity)', 'function': 'None'}, 'Fast': {'instance': Fast, 'arity': 1, 'method': 'Fast(Entity)', 'function': 'None'}, 'Normal': {'instance': Normal, 'arity': 1, 'method': 'Normal(Entity)', 'function': 'None'}, 'Slow': {'instance': Slow, 'arity': 1, 'method': 'Slow(Entity)', 'function': 'None'}}, the FOV entities {'Entity': 3}, The logic grounding shape is: 39
2026-05-23 14:55:21 [INFO]: Local planner constructed!
2026-05-23 14:55:21 [INFO]: Constructing 22 streets
2026-05-23 14:55:21 [INFO]: Constructing 16 buildings
2026-05-23 14:55:22 [INFO]: Adding 4 agents, they are constrained in 103 region
2026-05-23 14:55:22 [INFO]: Car_1 initialization done!
2026-05-23 14:55:22 [INFO]: Pedestrian_1 initialization done!
2026-05-23 14:55:23 [INFO]: Car_2 initialization done!
2026-05-23 14:55:23 [INFO]: Car_3 initialization done!
2026-05-23 14:55:23 [INFO]: Done!
2026-05-23 14:55:23 [INFO]: ***Init RL Agent in Env***
2026-05-23 14:55:37 [INFO]: will reset agent by success
2026-05-23 14:55:37 [INFO]: ***Reset RL Agent in Env***
2026-05-23 14:55:37 [INFO]: Car_1 initialization done!
2026-05-23 14:55:37 [INFO]: Pedestrian_1 initialization done!
2026-05-23 14:55:38 [INFO]: Car_2 initialization done!
2026-05-23 14:55:38 [INFO]: Car_3 initialization done!
2026-05-23 14:55:38 [INFO]: Agent reset priority to 2/4
2026-05-23 14:55:38 [INFO]: Agent reset concepts to {'type': 'Car', 'priority': 2}
2026-05-23 14:55:38 [INFO]: Episode 5 success.
2026-05-23 14:55:38 [INFO]: Episode 5 achieved a score of 6.370000000000001
2026-05-23 14:55:38 [INFO]: Episode 5 Success: 1
2026-05-23 14:55:38 [INFO]: Episode 5 Decision Step: {3: 1}
2026-05-23 14:55:38 [INFO]: Episode 5 Success Decision: {3: 1}
2026-05-23 14:55:38 [INFO]: Evaluating episode 6...
2026-05-23 14:55:38 [INFO]: Episode label: {'oracle_step': 53, 'stop_count': 10, 'has_stop': True, 'ego_crosses': True, 'ego_eta': 9, 'ego_direction': 'right', 'other_crosses': 3, 'close_other_count': 0, 'pedestrian_close': None, 'conflicting_approach': False, 'total_crosses': 4}
2026-05-23 14:55:38 [INFO]: Get map info from config/maps/square_2x2.yaml
2026-05-23 14:55:38 [INFO]: Get agent info from config/agents/easy_lite/val.yaml
2026-05-23 14:55:38 [INFO]: Get onology and rules info from config/rules/ontology_easy.yaml, config/rules/Nav/easy/expert.yaml
2026-05-23 14:55:38 [INFO]: Number of Entity Types: 1
Entity Types:
- Entity
2026-05-23 14:55:38 [INFO]: Number of Predicates: 13
Predicates:
- IsPedestrian: {'instance': "Function('IsPed', entity_sorts['Entity'], BoolSort())", 'arity': 1, 'method': 'IsPed(Entity)', 'function': 'logicity.utils.pred_converter.z3.IsPed'}
- IsCar: {'instance': "Function('IsCar', entity_sorts['Entity'], BoolSort())", 'arity': 1, 'method': 'IsCar(Entity)', 'function': 'logicity.utils.pred_converter.z3.IsCar'}
- IsAmbulance: {'instance': "Function('IsAmb', entity_sorts['Entity'], BoolSort())", 'arity': 1, 'method': 'IsAmb(Entity)', 'function': 'logicity.utils.pred_converter.z3.IsAmb'}
- IsOld: {'instance': "Function('IsOld', entity_sorts['Entity'], BoolSort())", 'arity': 1, 'method': 'IsOld(Entity)', 'function': 'logicity.utils.pred_converter.z3.IsOld'}
- IsTiro: {'instance': "Function('IsTiro', entity_sorts['Entity'], BoolSort())", 'arity': 1, 'method': 'IsTiro(Entity)', 'function': 'logicity.utils.pred_converter.z3.IsTiro'}
- IsAtInter: {'instance': "Function('IsAtInter', entity_sorts['Entity'], BoolSort())", 'arity': 1, 'method': 'IsAtInter(Entity)', 'function': 'logicity.utils.pred_converter.z3.IsAtInter'}
- IsInInter: {'instance': "Function('IsInInter', entity_sorts['Entity'], BoolSort())", 'arity': 1, 'method': 'IsInInter(Entity)', 'function': 'logicity.utils.pred_converter.z3.IsInInter'}
- HigherPri: {'instance': "Function('HigherPri', entity_sorts['Entity'], entity_sorts['Entity'], BoolSort())", 'arity': 2, 'method': 'HigherPri(Entity, Entity)', 'function': 'logicity.utils.pred_converter.z3.HigherPri'}
- CollidingClose: {'instance': "Function('CollidingClose', entity_sorts['Entity'], entity_sorts['Entity'], BoolSort())", 'arity': 2, 'method': 'CollidingClose(Entity, Entity)', 'function': 'logicity.utils.pred_converter.z3.CollidingClose'}
- Stop: {'instance': "Function('Stop', entity_sorts['Entity'], BoolSort())", 'arity': 1, 'method': 'Stop(Entity)', 'function': 'None'}
- Fast: {'instance': "Function('Fast', entity_sorts['Entity'], BoolSort())", 'arity': 1, 'method': 'Fast(Entity)', 'function': 'None'}
- Normal: {'instance': "Function('Normal', entity_sorts['Entity'], BoolSort())", 'arity': 1, 'method': 'Normal(Entity)', 'function': 'None'}
- Slow: {'instance': "Function('Slow', entity_sorts['Entity'], BoolSort())", 'arity': 1, 'method': 'Slow(Entity)', 'function': 'None'}
2026-05-23 14:55:38 [INFO]: *** Sim Rule ***: Stop -> 
 Stop(entity) == Exists(
  [dummyEntity], 
  Or(
    And(
      IsAtInter(entity), 
      IsInInter(dummyEntity), 
    ),
    And(
      IsAtInter(entity), 
      IsAtInter(dummyEntity), 
      HigherPri(dummyEntity, entity),
    ),
    CollidingClose(entity, dummyEntity)
  )
)

2026-05-23 14:55:38 [INFO]: *** Task Rule ***: Collision and Intersection -> 
 Implies(Exists(
  [dummyEntity], 
    Or(
      And(
        IsAtInter(entity), 
        IsInInter(dummyEntity), 
      ),
      And(
        IsAtInter(entity), 
        IsAtInter(dummyEntity), 
        HigherPri(dummyEntity, entity),
      ),
      CollidingClose(entity, dummyEntity)
    )
  ),
  Stop(entity)
)

2026-05-23 14:55:38 [INFO]: *** Expert Rule ***: Stop -> 
 Stop(entity) == Exists(
[dummyEntity], 
  Or(
    And(
      IsAtInter(entity), 
      IsInInter(dummyEntity), 
    ),
    And(
      IsAtInter(entity), 
      IsAtInter(dummyEntity), 
      HigherPri(dummyEntity, entity),
    ),
    CollidingClose(entity, dummyEntity)
  )
)

2026-05-23 14:55:38 [INFO]: *** Expert Rule ***: Slow -> 
 Not(Slow(entity))

2026-05-23 14:55:38 [INFO]: *** Expert Rule ***: Fast -> 
 Not(Fast(entity))

2026-05-23 14:55:38 [INFO]: *** Expert Rule ***: Normal -> 
 Normal(entity) == Not(Stop(entity))
2026-05-23 14:55:38 [INFO]: Rules created successfully
2026-05-23 14:55:38 [INFO]: Rules will be grounded later...
2026-05-23 14:55:38 [INFO]: Given Predicates {'IsPedestrian': {'instance': IsPed, 'arity': 1, 'method': 'IsPed(Entity)', 'function': 'logicity.utils.pred_converter.z3.IsPed'}, 'IsCar': {'instance': IsCar, 'arity': 1, 'method': 'IsCar(Entity)', 'function': 'logicity.utils.pred_converter.z3.IsCar'}, 'IsAmbulance': {'instance': IsAmb, 'arity': 1, 'method': 'IsAmb(Entity)', 'function': 'logicity.utils.pred_converter.z3.IsAmb'}, 'IsOld': {'instance': IsOld, 'arity': 1, 'method': 'IsOld(Entity)', 'function': 'logicity.utils.pred_converter.z3.IsOld'}, 'IsTiro': {'instance': IsTiro, 'arity': 1, 'method': 'IsTiro(Entity)', 'function': 'logicity.utils.pred_converter.z3.IsTiro'}, 'IsAtInter': {'instance': IsAtInter, 'arity': 1, 'method': 'IsAtInter(Entity)', 'function': 'logicity.utils.pred_converter.z3.IsAtInter'}, 'IsInInter': {'instance': IsInInter, 'arity': 1, 'method': 'IsInInter(Entity)', 'function': 'logicity.utils.pred_converter.z3.IsInInter'}, 'HigherPri': {'instance': HigherPri, 'arity': 2, 'method': 'HigherPri(Entity, Entity)', 'function': 'logicity.utils.pred_converter.z3.HigherPri'}, 'CollidingClose': {'instance': CollidingClose, 'arity': 2, 'method': 'CollidingClose(Entity, Entity)', 'function': 'logicity.utils.pred_converter.z3.CollidingClose'}, 'Stop': {'instance': Stop, 'arity': 1, 'method': 'Stop(Entity)', 'function': 'None'}, 'Fast': {'instance': Fast, 'arity': 1, 'method': 'Fast(Entity)', 'function': 'None'}, 'Normal': {'instance': Normal, 'arity': 1, 'method': 'Normal(Entity)', 'function': 'None'}, 'Slow': {'instance': Slow, 'arity': 1, 'method': 'Slow(Entity)', 'function': 'None'}}, the FOV entities {'Entity': 3}, The logic grounding shape is: 39
2026-05-23 14:55:38 [INFO]: Local planner constructed!
2026-05-23 14:55:38 [INFO]: Constructing 22 streets
2026-05-23 14:55:39 [INFO]: Constructing 16 buildings
2026-05-23 14:55:39 [INFO]: Adding 4 agents, they are constrained in 103 region
2026-05-23 14:55:40 [INFO]: Car_1 initialization done!
2026-05-23 14:55:40 [INFO]: Pedestrian_1 initialization done!
2026-05-23 14:55:40 [INFO]: Car_2 initialization done!
2026-05-23 14:55:41 [INFO]: Car_3 initialization done!
2026-05-23 14:55:41 [INFO]: Done!
2026-05-23 14:55:41 [INFO]: ***Init RL Agent in Env***
2026-05-23 14:55:51 [INFO]: will reset agent by success
2026-05-23 14:55:51 [INFO]: ***Reset RL Agent in Env***
2026-05-23 14:55:52 [INFO]: Car_1 initialization done!
2026-05-23 14:55:52 [INFO]: Pedestrian_1 initialization done!
2026-05-23 14:55:53 [INFO]: Car_2 initialization done!
2026-05-23 14:55:53 [INFO]: Car_3 initialization done!
2026-05-23 14:55:53 [INFO]: Agent reset priority to 2/4
2026-05-23 14:55:53 [INFO]: Agent reset concepts to {'type': 'Car', 'priority': 2}
2026-05-23 14:55:54 [INFO]: Episode 6 success.
2026-05-23 14:55:54 [INFO]: Episode 6 achieved a score of 4.600000000000002
2026-05-23 14:55:54 [INFO]: Episode 6 Success: 1
2026-05-23 14:55:54 [INFO]: Episode 6 Decision Step: {3: 1}
2026-05-23 14:55:54 [INFO]: Episode 6 Success Decision: {3: 1}
2026-05-23 14:55:54 [INFO]: Evaluating episode 7...
2026-05-23 14:55:54 [INFO]: Episode label: {'oracle_step': 76, 'stop_count': 10, 'has_stop': True, 'ego_crosses': True, 'ego_eta': 13, 'ego_direction': 'down', 'other_crosses': 3, 'close_other_count': 0, 'pedestrian_close': None, 'conflicting_approach': False, 'total_crosses': 4}
2026-05-23 14:55:54 [INFO]: Get map info from config/maps/square_2x2.yaml
2026-05-23 14:55:54 [INFO]: Get agent info from config/agents/easy_lite/val.yaml
2026-05-23 14:55:54 [INFO]: Get onology and rules info from config/rules/ontology_easy.yaml, config/rules/Nav/easy/expert.yaml
2026-05-23 14:55:54 [INFO]: Number of Entity Types: 1
Entity Types:
- Entity
2026-05-23 14:55:54 [INFO]: Number of Predicates: 13
Predicates:
- IsPedestrian: {'instance': "Function('IsPed', entity_sorts['Entity'], BoolSort())", 'arity': 1, 'method': 'IsPed(Entity)', 'function': 'logicity.utils.pred_converter.z3.IsPed'}
- IsCar: {'instance': "Function('IsCar', entity_sorts['Entity'], BoolSort())", 'arity': 1, 'method': 'IsCar(Entity)', 'function': 'logicity.utils.pred_converter.z3.IsCar'}
- IsAmbulance: {'instance': "Function('IsAmb', entity_sorts['Entity'], BoolSort())", 'arity': 1, 'method': 'IsAmb(Entity)', 'function': 'logicity.utils.pred_converter.z3.IsAmb'}
- IsOld: {'instance': "Function('IsOld', entity_sorts['Entity'], BoolSort())", 'arity': 1, 'method': 'IsOld(Entity)', 'function': 'logicity.utils.pred_converter.z3.IsOld'}
- IsTiro: {'instance': "Function('IsTiro', entity_sorts['Entity'], BoolSort())", 'arity': 1, 'method': 'IsTiro(Entity)', 'function': 'logicity.utils.pred_converter.z3.IsTiro'}
- IsAtInter: {'instance': "Function('IsAtInter', entity_sorts['Entity'], BoolSort())", 'arity': 1, 'method': 'IsAtInter(Entity)', 'function': 'logicity.utils.pred_converter.z3.IsAtInter'}
- IsInInter: {'instance': "Function('IsInInter', entity_sorts['Entity'], BoolSort())", 'arity': 1, 'method': 'IsInInter(Entity)', 'function': 'logicity.utils.pred_converter.z3.IsInInter'}
- HigherPri: {'instance': "Function('HigherPri', entity_sorts['Entity'], entity_sorts['Entity'], BoolSort())", 'arity': 2, 'method': 'HigherPri(Entity, Entity)', 'function': 'logicity.utils.pred_converter.z3.HigherPri'}
- CollidingClose: {'instance': "Function('CollidingClose', entity_sorts['Entity'], entity_sorts['Entity'], BoolSort())", 'arity': 2, 'method': 'CollidingClose(Entity, Entity)', 'function': 'logicity.utils.pred_converter.z3.CollidingClose'}
- Stop: {'instance': "Function('Stop', entity_sorts['Entity'], BoolSort())", 'arity': 1, 'method': 'Stop(Entity)', 'function': 'None'}
- Fast: {'instance': "Function('Fast', entity_sorts['Entity'], BoolSort())", 'arity': 1, 'method': 'Fast(Entity)', 'function': 'None'}
- Normal: {'instance': "Function('Normal', entity_sorts['Entity'], BoolSort())", 'arity': 1, 'method': 'Normal(Entity)', 'function': 'None'}
- Slow: {'instance': "Function('Slow', entity_sorts['Entity'], BoolSort())", 'arity': 1, 'method': 'Slow(Entity)', 'function': 'None'}
2026-05-23 14:55:54 [INFO]: *** Sim Rule ***: Stop -> 
 Stop(entity) == Exists(
  [dummyEntity], 
  Or(
    And(
      IsAtInter(entity), 
      IsInInter(dummyEntity), 
    ),
    And(
      IsAtInter(entity), 
      IsAtInter(dummyEntity), 
      HigherPri(dummyEntity, entity),
    ),
    CollidingClose(entity, dummyEntity)
  )
)

2026-05-23 14:55:54 [INFO]: *** Task Rule ***: Collision and Intersection -> 
 Implies(Exists(
  [dummyEntity], 
    Or(
      And(
        IsAtInter(entity), 
        IsInInter(dummyEntity), 
      ),
      And(
        IsAtInter(entity), 
        IsAtInter(dummyEntity), 
        HigherPri(dummyEntity, entity),
      ),
      CollidingClose(entity, dummyEntity)
    )
  ),
  Stop(entity)
)

2026-05-23 14:55:54 [INFO]: *** Expert Rule ***: Stop -> 
 Stop(entity) == Exists(
[dummyEntity], 
  Or(
    And(
      IsAtInter(entity), 
      IsInInter(dummyEntity), 
    ),
    And(
      IsAtInter(entity), 
      IsAtInter(dummyEntity), 
      HigherPri(dummyEntity, entity),
    ),
    CollidingClose(entity, dummyEntity)
  )
)

2026-05-23 14:55:54 [INFO]: *** Expert Rule ***: Slow -> 
 Not(Slow(entity))

2026-05-23 14:55:54 [INFO]: *** Expert Rule ***: Fast -> 
 Not(Fast(entity))

2026-05-23 14:55:54 [INFO]: *** Expert Rule ***: Normal -> 
 Normal(entity) == Not(Stop(entity))
2026-05-23 14:55:54 [INFO]: Rules created successfully
2026-05-23 14:55:54 [INFO]: Rules will be grounded later...
2026-05-23 14:55:54 [INFO]: Given Predicates {'IsPedestrian': {'instance': IsPed, 'arity': 1, 'method': 'IsPed(Entity)', 'function': 'logicity.utils.pred_converter.z3.IsPed'}, 'IsCar': {'instance': IsCar, 'arity': 1, 'method': 'IsCar(Entity)', 'function': 'logicity.utils.pred_converter.z3.IsCar'}, 'IsAmbulance': {'instance': IsAmb, 'arity': 1, 'method': 'IsAmb(Entity)', 'function': 'logicity.utils.pred_converter.z3.IsAmb'}, 'IsOld': {'instance': IsOld, 'arity': 1, 'method': 'IsOld(Entity)', 'function': 'logicity.utils.pred_converter.z3.IsOld'}, 'IsTiro': {'instance': IsTiro, 'arity': 1, 'method': 'IsTiro(Entity)', 'function': 'logicity.utils.pred_converter.z3.IsTiro'}, 'IsAtInter': {'instance': IsAtInter, 'arity': 1, 'method': 'IsAtInter(Entity)', 'function': 'logicity.utils.pred_converter.z3.IsAtInter'}, 'IsInInter': {'instance': IsInInter, 'arity': 1, 'method': 'IsInInter(Entity)', 'function': 'logicity.utils.pred_converter.z3.IsInInter'}, 'HigherPri': {'instance': HigherPri, 'arity': 2, 'method': 'HigherPri(Entity, Entity)', 'function': 'logicity.utils.pred_converter.z3.HigherPri'}, 'CollidingClose': {'instance': CollidingClose, 'arity': 2, 'method': 'CollidingClose(Entity, Entity)', 'function': 'logicity.utils.pred_converter.z3.CollidingClose'}, 'Stop': {'instance': Stop, 'arity': 1, 'method': 'Stop(Entity)', 'function': 'None'}, 'Fast': {'instance': Fast, 'arity': 1, 'method': 'Fast(Entity)', 'function': 'None'}, 'Normal': {'instance': Normal, 'arity': 1, 'method': 'Normal(Entity)', 'function': 'None'}, 'Slow': {'instance': Slow, 'arity': 1, 'method': 'Slow(Entity)', 'function': 'None'}}, the FOV entities {'Entity': 3}, The logic grounding shape is: 39
2026-05-23 14:55:54 [INFO]: Local planner constructed!
2026-05-23 14:55:54 [INFO]: Constructing 22 streets
2026-05-23 14:55:55 [INFO]: Constructing 16 buildings
2026-05-23 14:55:55 [INFO]: Adding 4 agents, they are constrained in 103 region
2026-05-23 14:55:56 [INFO]: Car_1 initialization done!
2026-05-23 14:55:56 [INFO]: Pedestrian_1 initialization done!
2026-05-23 14:55:57 [INFO]: Car_2 initialization done!
2026-05-23 14:55:58 [INFO]: Car_3 initialization done!
2026-05-23 14:55:58 [INFO]: Done!
2026-05-23 14:55:58 [INFO]: ***Init RL Agent in Env***
2026-05-23 14:56:09 [INFO]: will reset agent by success
2026-05-23 14:56:09 [INFO]: ***Reset RL Agent in Env***
2026-05-23 14:56:09 [INFO]: Car_1 initialization done!
2026-05-23 14:56:09 [INFO]: Pedestrian_1 initialization done!
2026-05-23 14:56:09 [INFO]: Car_2 initialization done!
2026-05-23 14:56:10 [INFO]: Car_3 initialization done!
2026-05-23 14:56:10 [INFO]: Agent reset priority to 3/4
2026-05-23 14:56:10 [INFO]: Agent reset concepts to {'type': 'Car', 'priority': 3}
2026-05-23 14:56:10 [INFO]: Episode 7 success.
2026-05-23 14:56:10 [INFO]: Episode 7 achieved a score of 6.829999999999998
2026-05-23 14:56:10 [INFO]: Episode 7 Success: 1
2026-05-23 14:56:10 [INFO]: Episode 7 Decision Step: {3: 0}
2026-05-23 14:56:10 [INFO]: Episode 7 Success Decision: {3: 0}
2026-05-23 14:56:10 [INFO]: Evaluating episode 8...
2026-05-23 14:56:10 [INFO]: Episode label: {'oracle_step': 49, 'stop_count': 0, 'has_stop': False, 'ego_crosses': True, 'ego_eta': 29, 'ego_direction': 'right', 'other_crosses': 3, 'close_other_count': 0, 'pedestrian_close': None, 'conflicting_approach': False, 'total_crosses': 4}
2026-05-23 14:56:10 [INFO]: Get map info from config/maps/square_2x2.yaml
2026-05-23 14:56:10 [INFO]: Get agent info from config/agents/easy_lite/val.yaml
2026-05-23 14:56:10 [INFO]: Get onology and rules info from config/rules/ontology_easy.yaml, config/rules/Nav/easy/expert.yaml
2026-05-23 14:56:10 [INFO]: Number of Entity Types: 1
Entity Types:
- Entity
2026-05-23 14:56:10 [INFO]: Number of Predicates: 13
Predicates:
- IsPedestrian: {'instance': "Function('IsPed', entity_sorts['Entity'], BoolSort())", 'arity': 1, 'method': 'IsPed(Entity)', 'function': 'logicity.utils.pred_converter.z3.IsPed'}
- IsCar: {'instance': "Function('IsCar', entity_sorts['Entity'], BoolSort())", 'arity': 1, 'method': 'IsCar(Entity)', 'function': 'logicity.utils.pred_converter.z3.IsCar'}
- IsAmbulance: {'instance': "Function('IsAmb', entity_sorts['Entity'], BoolSort())", 'arity': 1, 'method': 'IsAmb(Entity)', 'function': 'logicity.utils.pred_converter.z3.IsAmb'}
- IsOld: {'instance': "Function('IsOld', entity_sorts['Entity'], BoolSort())", 'arity': 1, 'method': 'IsOld(Entity)', 'function': 'logicity.utils.pred_converter.z3.IsOld'}
- IsTiro: {'instance': "Function('IsTiro', entity_sorts['Entity'], BoolSort())", 'arity': 1, 'method': 'IsTiro(Entity)', 'function': 'logicity.utils.pred_converter.z3.IsTiro'}
- IsAtInter: {'instance': "Function('IsAtInter', entity_sorts['Entity'], BoolSort())", 'arity': 1, 'method': 'IsAtInter(Entity)', 'function': 'logicity.utils.pred_converter.z3.IsAtInter'}
- IsInInter: {'instance': "Function('IsInInter', entity_sorts['Entity'], BoolSort())", 'arity': 1, 'method': 'IsInInter(Entity)', 'function': 'logicity.utils.pred_converter.z3.IsInInter'}
- HigherPri: {'instance': "Function('HigherPri', entity_sorts['Entity'], entity_sorts['Entity'], BoolSort())", 'arity': 2, 'method': 'HigherPri(Entity, Entity)', 'function': 'logicity.utils.pred_converter.z3.HigherPri'}
- CollidingClose: {'instance': "Function('CollidingClose', entity_sorts['Entity'], entity_sorts['Entity'], BoolSort())", 'arity': 2, 'method': 'CollidingClose(Entity, Entity)', 'function': 'logicity.utils.pred_converter.z3.CollidingClose'}
- Stop: {'instance': "Function('Stop', entity_sorts['Entity'], BoolSort())", 'arity': 1, 'method': 'Stop(Entity)', 'function': 'None'}
- Fast: {'instance': "Function('Fast', entity_sorts['Entity'], BoolSort())", 'arity': 1, 'method': 'Fast(Entity)', 'function': 'None'}
- Normal: {'instance': "Function('Normal', entity_sorts['Entity'], BoolSort())", 'arity': 1, 'method': 'Normal(Entity)', 'function': 'None'}
- Slow: {'instance': "Function('Slow', entity_sorts['Entity'], BoolSort())", 'arity': 1, 'method': 'Slow(Entity)', 'function': 'None'}
2026-05-23 14:56:10 [INFO]: *** Sim Rule ***: Stop -> 
 Stop(entity) == Exists(
  [dummyEntity], 
  Or(
    And(
      IsAtInter(entity), 
      IsInInter(dummyEntity), 
    ),
    And(
      IsAtInter(entity), 
      IsAtInter(dummyEntity), 
      HigherPri(dummyEntity, entity),
    ),
    CollidingClose(entity, dummyEntity)
  )
)

2026-05-23 14:56:10 [INFO]: *** Task Rule ***: Collision and Intersection -> 
 Implies(Exists(
  [dummyEntity], 
    Or(
      And(
        IsAtInter(entity), 
        IsInInter(dummyEntity), 
      ),
      And(
        IsAtInter(entity), 
        IsAtInter(dummyEntity), 
        HigherPri(dummyEntity, entity),
      ),
      CollidingClose(entity, dummyEntity)
    )
  ),
  Stop(entity)
)

2026-05-23 14:56:10 [INFO]: *** Expert Rule ***: Stop -> 
 Stop(entity) == Exists(
[dummyEntity], 
  Or(
    And(
      IsAtInter(entity), 
      IsInInter(dummyEntity), 
    ),
    And(
      IsAtInter(entity), 
      IsAtInter(dummyEntity), 
      HigherPri(dummyEntity, entity),
    ),
    CollidingClose(entity, dummyEntity)
  )
)

2026-05-23 14:56:10 [INFO]: *** Expert Rule ***: Slow -> 
 Not(Slow(entity))

2026-05-23 14:56:10 [INFO]: *** Expert Rule ***: Fast -> 
 Not(Fast(entity))

2026-05-23 14:56:10 [INFO]: *** Expert Rule ***: Normal -> 
 Normal(entity) == Not(Stop(entity))
2026-05-23 14:56:10 [INFO]: Rules created successfully
2026-05-23 14:56:10 [INFO]: Rules will be grounded later...
2026-05-23 14:56:10 [INFO]: Given Predicates {'IsPedestrian': {'instance': IsPed, 'arity': 1, 'method': 'IsPed(Entity)', 'function': 'logicity.utils.pred_converter.z3.IsPed'}, 'IsCar': {'instance': IsCar, 'arity': 1, 'method': 'IsCar(Entity)', 'function': 'logicity.utils.pred_converter.z3.IsCar'}, 'IsAmbulance': {'instance': IsAmb, 'arity': 1, 'method': 'IsAmb(Entity)', 'function': 'logicity.utils.pred_converter.z3.IsAmb'}, 'IsOld': {'instance': IsOld, 'arity': 1, 'method': 'IsOld(Entity)', 'function': 'logicity.utils.pred_converter.z3.IsOld'}, 'IsTiro': {'instance': IsTiro, 'arity': 1, 'method': 'IsTiro(Entity)', 'function': 'logicity.utils.pred_converter.z3.IsTiro'}, 'IsAtInter': {'instance': IsAtInter, 'arity': 1, 'method': 'IsAtInter(Entity)', 'function': 'logicity.utils.pred_converter.z3.IsAtInter'}, 'IsInInter': {'instance': IsInInter, 'arity': 1, 'method': 'IsInInter(Entity)', 'function': 'logicity.utils.pred_converter.z3.IsInInter'}, 'HigherPri': {'instance': HigherPri, 'arity': 2, 'method': 'HigherPri(Entity, Entity)', 'function': 'logicity.utils.pred_converter.z3.HigherPri'}, 'CollidingClose': {'instance': CollidingClose, 'arity': 2, 'method': 'CollidingClose(Entity, Entity)', 'function': 'logicity.utils.pred_converter.z3.CollidingClose'}, 'Stop': {'instance': Stop, 'arity': 1, 'method': 'Stop(Entity)', 'function': 'None'}, 'Fast': {'instance': Fast, 'arity': 1, 'method': 'Fast(Entity)', 'function': 'None'}, 'Normal': {'instance': Normal, 'arity': 1, 'method': 'Normal(Entity)', 'function': 'None'}, 'Slow': {'instance': Slow, 'arity': 1, 'method': 'Slow(Entity)', 'function': 'None'}}, the FOV entities {'Entity': 3}, The logic grounding shape is: 39
2026-05-23 14:56:10 [INFO]: Local planner constructed!
2026-05-23 14:56:10 [INFO]: Constructing 22 streets
2026-05-23 14:56:11 [INFO]: Constructing 16 buildings
2026-05-23 14:56:12 [INFO]: Adding 4 agents, they are constrained in 103 region
2026-05-23 14:56:12 [INFO]: Car_1 initialization done!
2026-05-23 14:56:12 [INFO]: Pedestrian_1 initialization done!
2026-05-23 14:56:13 [INFO]: Car_2 initialization done!
2026-05-23 14:56:14 [INFO]: Car_3 initialization done!
2026-05-23 14:56:14 [INFO]: Done!
2026-05-23 14:56:14 [INFO]: ***Init RL Agent in Env***
2026-05-23 14:56:23 [INFO]: will reset agent by success
2026-05-23 14:56:23 [INFO]: ***Reset RL Agent in Env***
2026-05-23 14:56:24 [INFO]: Car_1 initialization done!
2026-05-23 14:56:24 [INFO]: Pedestrian_1 initialization done!
2026-05-23 14:56:24 [INFO]: Car_2 initialization done!
2026-05-23 14:56:25 [INFO]: Car_3 initialization done!
2026-05-23 14:56:25 [INFO]: Agent reset priority to 3/4
2026-05-23 14:56:25 [INFO]: Agent reset concepts to {'type': 'Car', 'priority': 3}
2026-05-23 14:56:25 [INFO]: Episode 8 success.
2026-05-23 14:56:25 [INFO]: Episode 8 achieved a score of 5.250000000000002
2026-05-23 14:56:25 [INFO]: Episode 8 Success: 1
2026-05-23 14:56:25 [INFO]: Episode 8 Decision Step: {3: 1}
2026-05-23 14:56:25 [INFO]: Episode 8 Success Decision: {3: 1}
2026-05-23 14:56:25 [INFO]: Evaluating episode 9...
2026-05-23 14:56:25 [INFO]: Episode label: {'oracle_step': 48, 'stop_count': 6, 'has_stop': True, 'ego_crosses': True, 'ego_eta': 9, 'ego_direction': 'down', 'other_crosses': 3, 'close_other_count': 0, 'pedestrian_close': None, 'conflicting_approach': False, 'total_crosses': 4}
2026-05-23 14:56:25 [INFO]: Get map info from config/maps/square_2x2.yaml
2026-05-23 14:56:25 [INFO]: Get agent info from config/agents/easy_lite/val.yaml
2026-05-23 14:56:25 [INFO]: Get onology and rules info from config/rules/ontology_easy.yaml, config/rules/Nav/easy/expert.yaml
2026-05-23 14:56:25 [INFO]: Number of Entity Types: 1
Entity Types:
- Entity
2026-05-23 14:56:25 [INFO]: Number of Predicates: 13
Predicates:
- IsPedestrian: {'instance': "Function('IsPed', entity_sorts['Entity'], BoolSort())", 'arity': 1, 'method': 'IsPed(Entity)', 'function': 'logicity.utils.pred_converter.z3.IsPed'}
- IsCar: {'instance': "Function('IsCar', entity_sorts['Entity'], BoolSort())", 'arity': 1, 'method': 'IsCar(Entity)', 'function': 'logicity.utils.pred_converter.z3.IsCar'}
- IsAmbulance: {'instance': "Function('IsAmb', entity_sorts['Entity'], BoolSort())", 'arity': 1, 'method': 'IsAmb(Entity)', 'function': 'logicity.utils.pred_converter.z3.IsAmb'}
- IsOld: {'instance': "Function('IsOld', entity_sorts['Entity'], BoolSort())", 'arity': 1, 'method': 'IsOld(Entity)', 'function': 'logicity.utils.pred_converter.z3.IsOld'}
- IsTiro: {'instance': "Function('IsTiro', entity_sorts['Entity'], BoolSort())", 'arity': 1, 'method': 'IsTiro(Entity)', 'function': 'logicity.utils.pred_converter.z3.IsTiro'}
- IsAtInter: {'instance': "Function('IsAtInter', entity_sorts['Entity'], BoolSort())", 'arity': 1, 'method': 'IsAtInter(Entity)', 'function': 'logicity.utils.pred_converter.z3.IsAtInter'}
- IsInInter: {'instance': "Function('IsInInter', entity_sorts['Entity'], BoolSort())", 'arity': 1, 'method': 'IsInInter(Entity)', 'function': 'logicity.utils.pred_converter.z3.IsInInter'}
- HigherPri: {'instance': "Function('HigherPri', entity_sorts['Entity'], entity_sorts['Entity'], BoolSort())", 'arity': 2, 'method': 'HigherPri(Entity, Entity)', 'function': 'logicity.utils.pred_converter.z3.HigherPri'}
- CollidingClose: {'instance': "Function('CollidingClose', entity_sorts['Entity'], entity_sorts['Entity'], BoolSort())", 'arity': 2, 'method': 'CollidingClose(Entity, Entity)', 'function': 'logicity.utils.pred_converter.z3.CollidingClose'}
- Stop: {'instance': "Function('Stop', entity_sorts['Entity'], BoolSort())", 'arity': 1, 'method': 'Stop(Entity)', 'function': 'None'}
- Fast: {'instance': "Function('Fast', entity_sorts['Entity'], BoolSort())", 'arity': 1, 'method': 'Fast(Entity)', 'function': 'None'}
- Normal: {'instance': "Function('Normal', entity_sorts['Entity'], BoolSort())", 'arity': 1, 'method': 'Normal(Entity)', 'function': 'None'}
- Slow: {'instance': "Function('Slow', entity_sorts['Entity'], BoolSort())", 'arity': 1, 'method': 'Slow(Entity)', 'function': 'None'}
2026-05-23 14:56:25 [INFO]: *** Sim Rule ***: Stop -> 
 Stop(entity) == Exists(
  [dummyEntity], 
  Or(
    And(
      IsAtInter(entity), 
      IsInInter(dummyEntity), 
    ),
    And(
      IsAtInter(entity), 
      IsAtInter(dummyEntity), 
      HigherPri(dummyEntity, entity),
    ),
    CollidingClose(entity, dummyEntity)
  )
)

2026-05-23 14:56:25 [INFO]: *** Task Rule ***: Collision and Intersection -> 
 Implies(Exists(
  [dummyEntity], 
    Or(
      And(
        IsAtInter(entity), 
        IsInInter(dummyEntity), 
      ),
      And(
        IsAtInter(entity), 
        IsAtInter(dummyEntity), 
        HigherPri(dummyEntity, entity),
      ),
      CollidingClose(entity, dummyEntity)
    )
  ),
  Stop(entity)
)

2026-05-23 14:56:25 [INFO]: *** Expert Rule ***: Stop -> 
 Stop(entity) == Exists(
[dummyEntity], 
  Or(
    And(
      IsAtInter(entity), 
      IsInInter(dummyEntity), 
    ),
    And(
      IsAtInter(entity), 
      IsAtInter(dummyEntity), 
      HigherPri(dummyEntity, entity),
    ),
    CollidingClose(entity, dummyEntity)
  )
)

2026-05-23 14:56:25 [INFO]: *** Expert Rule ***: Slow -> 
 Not(Slow(entity))

2026-05-23 14:56:25 [INFO]: *** Expert Rule ***: Fast -> 
 Not(Fast(entity))

2026-05-23 14:56:25 [INFO]: *** Expert Rule ***: Normal -> 
 Normal(entity) == Not(Stop(entity))
2026-05-23 14:56:25 [INFO]: Rules created successfully
2026-05-23 14:56:25 [INFO]: Rules will be grounded later...
2026-05-23 14:56:25 [INFO]: Given Predicates {'IsPedestrian': {'instance': IsPed, 'arity': 1, 'method': 'IsPed(Entity)', 'function': 'logicity.utils.pred_converter.z3.IsPed'}, 'IsCar': {'instance': IsCar, 'arity': 1, 'method': 'IsCar(Entity)', 'function': 'logicity.utils.pred_converter.z3.IsCar'}, 'IsAmbulance': {'instance': IsAmb, 'arity': 1, 'method': 'IsAmb(Entity)', 'function': 'logicity.utils.pred_converter.z3.IsAmb'}, 'IsOld': {'instance': IsOld, 'arity': 1, 'method': 'IsOld(Entity)', 'function': 'logicity.utils.pred_converter.z3.IsOld'}, 'IsTiro': {'instance': IsTiro, 'arity': 1, 'method': 'IsTiro(Entity)', 'function': 'logicity.utils.pred_converter.z3.IsTiro'}, 'IsAtInter': {'instance': IsAtInter, 'arity': 1, 'method': 'IsAtInter(Entity)', 'function': 'logicity.utils.pred_converter.z3.IsAtInter'}, 'IsInInter': {'instance': IsInInter, 'arity': 1, 'method': 'IsInInter(Entity)', 'function': 'logicity.utils.pred_converter.z3.IsInInter'}, 'HigherPri': {'instance': HigherPri, 'arity': 2, 'method': 'HigherPri(Entity, Entity)', 'function': 'logicity.utils.pred_converter.z3.HigherPri'}, 'CollidingClose': {'instance': CollidingClose, 'arity': 2, 'method': 'CollidingClose(Entity, Entity)', 'function': 'logicity.utils.pred_converter.z3.CollidingClose'}, 'Stop': {'instance': Stop, 'arity': 1, 'method': 'Stop(Entity)', 'function': 'None'}, 'Fast': {'instance': Fast, 'arity': 1, 'method': 'Fast(Entity)', 'function': 'None'}, 'Normal': {'instance': Normal, 'arity': 1, 'method': 'Normal(Entity)', 'function': 'None'}, 'Slow': {'instance': Slow, 'arity': 1, 'method': 'Slow(Entity)', 'function': 'None'}}, the FOV entities {'Entity': 3}, The logic grounding shape is: 39
2026-05-23 14:56:25 [INFO]: Local planner constructed!
2026-05-23 14:56:25 [INFO]: Constructing 22 streets
2026-05-23 14:56:26 [INFO]: Constructing 16 buildings
2026-05-23 14:56:27 [INFO]: Adding 4 agents, they are constrained in 103 region
2026-05-23 14:56:28 [INFO]: Car_1 initialization done!
2026-05-23 14:56:28 [INFO]: Pedestrian_1 initialization done!
2026-05-23 14:56:28 [INFO]: Car_2 initialization done!
2026-05-23 14:56:29 [INFO]: Car_3 initialization done!
2026-05-23 14:56:29 [INFO]: Done!
2026-05-23 14:56:29 [INFO]: ***Init RL Agent in Env***
2026-05-23 14:56:38 [INFO]: will reset agent by success
2026-05-23 14:56:38 [INFO]: ***Reset RL Agent in Env***
2026-05-23 14:56:38 [INFO]: Car_1 initialization done!
2026-05-23 14:56:38 [INFO]: Pedestrian_1 initialization done!
2026-05-23 14:56:39 [INFO]: Car_2 initialization done!
2026-05-23 14:56:39 [INFO]: Car_3 initialization done!
2026-05-23 14:56:39 [INFO]: Agent reset priority to 1/4
2026-05-23 14:56:39 [INFO]: Agent reset concepts to {'type': 'Car', 'priority': 1}
2026-05-23 14:56:40 [INFO]: Episode 9 success.
2026-05-23 14:56:40 [INFO]: Episode 9 achieved a score of 4.650000000000002
2026-05-23 14:56:40 [INFO]: Episode 9 Success: 1
2026-05-23 14:56:40 [INFO]: Episode 9 Decision Step: {3: 0}
2026-05-23 14:56:40 [INFO]: Episode 9 Success Decision: {3: 0}
2026-05-23 14:56:40 [INFO]: Evaluating episode 10...
2026-05-23 14:56:40 [INFO]: Episode label: {'oracle_step': 98, 'stop_count': 39, 'has_stop': True, 'ego_crosses': True, 'ego_eta': 59, 'ego_direction': 'left', 'other_crosses': 3, 'close_other_count': 0, 'pedestrian_close': None, 'conflicting_approach': False, 'total_crosses': 4}
2026-05-23 14:56:40 [INFO]: Get map info from config/maps/square_2x2.yaml
2026-05-23 14:56:40 [INFO]: Get agent info from config/agents/easy_lite/val.yaml
2026-05-23 14:56:40 [INFO]: Get onology and rules info from config/rules/ontology_easy.yaml, config/rules/Nav/easy/expert.yaml
2026-05-23 14:56:40 [INFO]: Number of Entity Types: 1
Entity Types:
- Entity
2026-05-23 14:56:40 [INFO]: Number of Predicates: 13
Predicates:
- IsPedestrian: {'instance': "Function('IsPed', entity_sorts['Entity'], BoolSort())", 'arity': 1, 'method': 'IsPed(Entity)', 'function': 'logicity.utils.pred_converter.z3.IsPed'}
- IsCar: {'instance': "Function('IsCar', entity_sorts['Entity'], BoolSort())", 'arity': 1, 'method': 'IsCar(Entity)', 'function': 'logicity.utils.pred_converter.z3.IsCar'}
- IsAmbulance: {'instance': "Function('IsAmb', entity_sorts['Entity'], BoolSort())", 'arity': 1, 'method': 'IsAmb(Entity)', 'function': 'logicity.utils.pred_converter.z3.IsAmb'}
- IsOld: {'instance': "Function('IsOld', entity_sorts['Entity'], BoolSort())", 'arity': 1, 'method': 'IsOld(Entity)', 'function': 'logicity.utils.pred_converter.z3.IsOld'}
- IsTiro: {'instance': "Function('IsTiro', entity_sorts['Entity'], BoolSort())", 'arity': 1, 'method': 'IsTiro(Entity)', 'function': 'logicity.utils.pred_converter.z3.IsTiro'}
- IsAtInter: {'instance': "Function('IsAtInter', entity_sorts['Entity'], BoolSort())", 'arity': 1, 'method': 'IsAtInter(Entity)', 'function': 'logicity.utils.pred_converter.z3.IsAtInter'}
- IsInInter: {'instance': "Function('IsInInter', entity_sorts['Entity'], BoolSort())", 'arity': 1, 'method': 'IsInInter(Entity)', 'function': 'logicity.utils.pred_converter.z3.IsInInter'}
- HigherPri: {'instance': "Function('HigherPri', entity_sorts['Entity'], entity_sorts['Entity'], BoolSort())", 'arity': 2, 'method': 'HigherPri(Entity, Entity)', 'function': 'logicity.utils.pred_converter.z3.HigherPri'}
- CollidingClose: {'instance': "Function('CollidingClose', entity_sorts['Entity'], entity_sorts['Entity'], BoolSort())", 'arity': 2, 'method': 'CollidingClose(Entity, Entity)', 'function': 'logicity.utils.pred_converter.z3.CollidingClose'}
- Stop: {'instance': "Function('Stop', entity_sorts['Entity'], BoolSort())", 'arity': 1, 'method': 'Stop(Entity)', 'function': 'None'}
- Fast: {'instance': "Function('Fast', entity_sorts['Entity'], BoolSort())", 'arity': 1, 'method': 'Fast(Entity)', 'function': 'None'}
- Normal: {'instance': "Function('Normal', entity_sorts['Entity'], BoolSort())", 'arity': 1, 'method': 'Normal(Entity)', 'function': 'None'}
- Slow: {'instance': "Function('Slow', entity_sorts['Entity'], BoolSort())", 'arity': 1, 'method': 'Slow(Entity)', 'function': 'None'}
2026-05-23 14:56:40 [INFO]: *** Sim Rule ***: Stop -> 
 Stop(entity) == Exists(
  [dummyEntity], 
  Or(
    And(
      IsAtInter(entity), 
      IsInInter(dummyEntity), 
    ),
    And(
      IsAtInter(entity), 
      IsAtInter(dummyEntity), 
      HigherPri(dummyEntity, entity),
    ),
    CollidingClose(entity, dummyEntity)
  )
)

2026-05-23 14:56:40 [INFO]: *** Task Rule ***: Collision and Intersection -> 
 Implies(Exists(
  [dummyEntity], 
    Or(
      And(
        IsAtInter(entity), 
        IsInInter(dummyEntity), 
      ),
      And(
        IsAtInter(entity), 
        IsAtInter(dummyEntity), 
        HigherPri(dummyEntity, entity),
      ),
      CollidingClose(entity, dummyEntity)
    )
  ),
  Stop(entity)
)

2026-05-23 14:56:40 [INFO]: *** Expert Rule ***: Stop -> 
 Stop(entity) == Exists(
[dummyEntity], 
  Or(
    And(
      IsAtInter(entity), 
      IsInInter(dummyEntity), 
    ),
    And(
      IsAtInter(entity), 
      IsAtInter(dummyEntity), 
      HigherPri(dummyEntity, entity),
    ),
    CollidingClose(entity, dummyEntity)
  )
)

2026-05-23 14:56:40 [INFO]: *** Expert Rule ***: Slow -> 
 Not(Slow(entity))

2026-05-23 14:56:40 [INFO]: *** Expert Rule ***: Fast -> 
 Not(Fast(entity))

2026-05-23 14:56:40 [INFO]: *** Expert Rule ***: Normal -> 
 Normal(entity) == Not(Stop(entity))
2026-05-23 14:56:40 [INFO]: Rules created successfully
2026-05-23 14:56:40 [INFO]: Rules will be grounded later...
2026-05-23 14:56:40 [INFO]: Given Predicates {'IsPedestrian': {'instance': IsPed, 'arity': 1, 'method': 'IsPed(Entity)', 'function': 'logicity.utils.pred_converter.z3.IsPed'}, 'IsCar': {'instance': IsCar, 'arity': 1, 'method': 'IsCar(Entity)', 'function': 'logicity.utils.pred_converter.z3.IsCar'}, 'IsAmbulance': {'instance': IsAmb, 'arity': 1, 'method': 'IsAmb(Entity)', 'function': 'logicity.utils.pred_converter.z3.IsAmb'}, 'IsOld': {'instance': IsOld, 'arity': 1, 'method': 'IsOld(Entity)', 'function': 'logicity.utils.pred_converter.z3.IsOld'}, 'IsTiro': {'instance': IsTiro, 'arity': 1, 'method': 'IsTiro(Entity)', 'function': 'logicity.utils.pred_converter.z3.IsTiro'}, 'IsAtInter': {'instance': IsAtInter, 'arity': 1, 'method': 'IsAtInter(Entity)', 'function': 'logicity.utils.pred_converter.z3.IsAtInter'}, 'IsInInter': {'instance': IsInInter, 'arity': 1, 'method': 'IsInInter(Entity)', 'function': 'logicity.utils.pred_converter.z3.IsInInter'}, 'HigherPri': {'instance': HigherPri, 'arity': 2, 'method': 'HigherPri(Entity, Entity)', 'function': 'logicity.utils.pred_converter.z3.HigherPri'}, 'CollidingClose': {'instance': CollidingClose, 'arity': 2, 'method': 'CollidingClose(Entity, Entity)', 'function': 'logicity.utils.pred_converter.z3.CollidingClose'}, 'Stop': {'instance': Stop, 'arity': 1, 'method': 'Stop(Entity)', 'function': 'None'}, 'Fast': {'instance': Fast, 'arity': 1, 'method': 'Fast(Entity)', 'function': 'None'}, 'Normal': {'instance': Normal, 'arity': 1, 'method': 'Normal(Entity)', 'function': 'None'}, 'Slow': {'instance': Slow, 'arity': 1, 'method': 'Slow(Entity)', 'function': 'None'}}, the FOV entities {'Entity': 3}, The logic grounding shape is: 39
2026-05-23 14:56:40 [INFO]: Local planner constructed!
2026-05-23 14:56:40 [INFO]: Constructing 22 streets
2026-05-23 14:56:40 [INFO]: Constructing 16 buildings
2026-05-23 14:56:41 [INFO]: Adding 4 agents, they are constrained in 103 region
2026-05-23 14:56:41 [INFO]: Car_1 initialization done!
2026-05-23 14:56:41 [INFO]: Pedestrian_1 initialization done!
2026-05-23 14:56:42 [INFO]: Car_2 initialization done!
2026-05-23 14:56:43 [INFO]: Car_3 initialization done!
2026-05-23 14:56:43 [INFO]: Done!
2026-05-23 14:56:43 [INFO]: ***Init RL Agent in Env***
2026-05-23 14:57:11 [INFO]: will reset agent by success
2026-05-23 14:57:11 [INFO]: ***Reset RL Agent in Env***
2026-05-23 14:57:12 [INFO]: Car_1 initialization done!
2026-05-23 14:57:12 [INFO]: Pedestrian_1 initialization done!
2026-05-23 14:57:13 [INFO]: Car_2 initialization done!
2026-05-23 14:57:14 [INFO]: Car_3 initialization done!
2026-05-23 14:57:14 [INFO]: Agent reset priority to 2/4
2026-05-23 14:57:14 [INFO]: Agent reset concepts to {'type': 'Car', 'priority': 2}
2026-05-23 14:57:14 [INFO]: Episode 10 success.
2026-05-23 14:57:14 [INFO]: Episode 10 achieved a score of 5.500000000000017
2026-05-23 14:57:14 [INFO]: Episode 10 Success: 1
2026-05-23 14:57:14 [INFO]: Episode 10 Decision Step: {3: 1}
2026-05-23 14:57:14 [INFO]: Episode 10 Success Decision: {3: 1}
2026-05-23 14:57:14 [INFO]: Evaluating episode 11...
2026-05-23 14:57:14 [INFO]: Episode label: {'oracle_step': 69, 'stop_count': 0, 'has_stop': False, 'ego_crosses': True, 'ego_eta': 53, 'ego_direction': 'right', 'other_crosses': 3, 'close_other_count': 0, 'pedestrian_close': None, 'conflicting_approach': False, 'total_crosses': 4}
2026-05-23 14:57:14 [INFO]: Get map info from config/maps/square_2x2.yaml
2026-05-23 14:57:14 [INFO]: Get agent info from config/agents/easy_lite/val.yaml
2026-05-23 14:57:14 [INFO]: Get onology and rules info from config/rules/ontology_easy.yaml, config/rules/Nav/easy/expert.yaml
2026-05-23 14:57:14 [INFO]: Number of Entity Types: 1
Entity Types:
- Entity
2026-05-23 14:57:14 [INFO]: Number of Predicates: 13
Predicates:
- IsPedestrian: {'instance': "Function('IsPed', entity_sorts['Entity'], BoolSort())", 'arity': 1, 'method': 'IsPed(Entity)', 'function': 'logicity.utils.pred_converter.z3.IsPed'}
- IsCar: {'instance': "Function('IsCar', entity_sorts['Entity'], BoolSort())", 'arity': 1, 'method': 'IsCar(Entity)', 'function': 'logicity.utils.pred_converter.z3.IsCar'}
- IsAmbulance: {'instance': "Function('IsAmb', entity_sorts['Entity'], BoolSort())", 'arity': 1, 'method': 'IsAmb(Entity)', 'function': 'logicity.utils.pred_converter.z3.IsAmb'}
- IsOld: {'instance': "Function('IsOld', entity_sorts['Entity'], BoolSort())", 'arity': 1, 'method': 'IsOld(Entity)', 'function': 'logicity.utils.pred_converter.z3.IsOld'}
- IsTiro: {'instance': "Function('IsTiro', entity_sorts['Entity'], BoolSort())", 'arity': 1, 'method': 'IsTiro(Entity)', 'function': 'logicity.utils.pred_converter.z3.IsTiro'}
- IsAtInter: {'instance': "Function('IsAtInter', entity_sorts['Entity'], BoolSort())", 'arity': 1, 'method': 'IsAtInter(Entity)', 'function': 'logicity.utils.pred_converter.z3.IsAtInter'}
- IsInInter: {'instance': "Function('IsInInter', entity_sorts['Entity'], BoolSort())", 'arity': 1, 'method': 'IsInInter(Entity)', 'function': 'logicity.utils.pred_converter.z3.IsInInter'}
- HigherPri: {'instance': "Function('HigherPri', entity_sorts['Entity'], entity_sorts['Entity'], BoolSort())", 'arity': 2, 'method': 'HigherPri(Entity, Entity)', 'function': 'logicity.utils.pred_converter.z3.HigherPri'}
- CollidingClose: {'instance': "Function('CollidingClose', entity_sorts['Entity'], entity_sorts['Entity'], BoolSort())", 'arity': 2, 'method': 'CollidingClose(Entity, Entity)', 'function': 'logicity.utils.pred_converter.z3.CollidingClose'}
- Stop: {'instance': "Function('Stop', entity_sorts['Entity'], BoolSort())", 'arity': 1, 'method': 'Stop(Entity)', 'function': 'None'}
- Fast: {'instance': "Function('Fast', entity_sorts['Entity'], BoolSort())", 'arity': 1, 'method': 'Fast(Entity)', 'function': 'None'}
- Normal: {'instance': "Function('Normal', entity_sorts['Entity'], BoolSort())", 'arity': 1, 'method': 'Normal(Entity)', 'function': 'None'}
- Slow: {'instance': "Function('Slow', entity_sorts['Entity'], BoolSort())", 'arity': 1, 'method': 'Slow(Entity)', 'function': 'None'}
2026-05-23 14:57:14 [INFO]: *** Sim Rule ***: Stop -> 
 Stop(entity) == Exists(
  [dummyEntity], 
  Or(
    And(
      IsAtInter(entity), 
      IsInInter(dummyEntity), 
    ),
    And(
      IsAtInter(entity), 
      IsAtInter(dummyEntity), 
      HigherPri(dummyEntity, entity),
    ),
    CollidingClose(entity, dummyEntity)
  )
)

2026-05-23 14:57:14 [INFO]: *** Task Rule ***: Collision and Intersection -> 
 Implies(Exists(
  [dummyEntity], 
    Or(
      And(
        IsAtInter(entity), 
        IsInInter(dummyEntity), 
      ),
      And(
        IsAtInter(entity), 
        IsAtInter(dummyEntity), 
        HigherPri(dummyEntity, entity),
      ),
      CollidingClose(entity, dummyEntity)
    )
  ),
  Stop(entity)
)

2026-05-23 14:57:14 [INFO]: *** Expert Rule ***: Stop -> 
 Stop(entity) == Exists(
[dummyEntity], 
  Or(
    And(
      IsAtInter(entity), 
      IsInInter(dummyEntity), 
    ),
    And(
      IsAtInter(entity), 
      IsAtInter(dummyEntity), 
      HigherPri(dummyEntity, entity),
    ),
    CollidingClose(entity, dummyEntity)
  )
)

2026-05-23 14:57:14 [INFO]: *** Expert Rule ***: Slow -> 
 Not(Slow(entity))

2026-05-23 14:57:14 [INFO]: *** Expert Rule ***: Fast -> 
 Not(Fast(entity))

2026-05-23 14:57:14 [INFO]: *** Expert Rule ***: Normal -> 
 Normal(entity) == Not(Stop(entity))
2026-05-23 14:57:14 [INFO]: Rules created successfully
2026-05-23 14:57:14 [INFO]: Rules will be grounded later...
2026-05-23 14:57:14 [INFO]: Given Predicates {'IsPedestrian': {'instance': IsPed, 'arity': 1, 'method': 'IsPed(Entity)', 'function': 'logicity.utils.pred_converter.z3.IsPed'}, 'IsCar': {'instance': IsCar, 'arity': 1, 'method': 'IsCar(Entity)', 'function': 'logicity.utils.pred_converter.z3.IsCar'}, 'IsAmbulance': {'instance': IsAmb, 'arity': 1, 'method': 'IsAmb(Entity)', 'function': 'logicity.utils.pred_converter.z3.IsAmb'}, 'IsOld': {'instance': IsOld, 'arity': 1, 'method': 'IsOld(Entity)', 'function': 'logicity.utils.pred_converter.z3.IsOld'}, 'IsTiro': {'instance': IsTiro, 'arity': 1, 'method': 'IsTiro(Entity)', 'function': 'logicity.utils.pred_converter.z3.IsTiro'}, 'IsAtInter': {'instance': IsAtInter, 'arity': 1, 'method': 'IsAtInter(Entity)', 'function': 'logicity.utils.pred_converter.z3.IsAtInter'}, 'IsInInter': {'instance': IsInInter, 'arity': 1, 'method': 'IsInInter(Entity)', 'function': 'logicity.utils.pred_converter.z3.IsInInter'}, 'HigherPri': {'instance': HigherPri, 'arity': 2, 'method': 'HigherPri(Entity, Entity)', 'function': 'logicity.utils.pred_converter.z3.HigherPri'}, 'CollidingClose': {'instance': CollidingClose, 'arity': 2, 'method': 'CollidingClose(Entity, Entity)', 'function': 'logicity.utils.pred_converter.z3.CollidingClose'}, 'Stop': {'instance': Stop, 'arity': 1, 'method': 'Stop(Entity)', 'function': 'None'}, 'Fast': {'instance': Fast, 'arity': 1, 'method': 'Fast(Entity)', 'function': 'None'}, 'Normal': {'instance': Normal, 'arity': 1, 'method': 'Normal(Entity)', 'function': 'None'}, 'Slow': {'instance': Slow, 'arity': 1, 'method': 'Slow(Entity)', 'function': 'None'}}, the FOV entities {'Entity': 3}, The logic grounding shape is: 39
2026-05-23 14:57:14 [INFO]: Local planner constructed!
2026-05-23 14:57:14 [INFO]: Constructing 22 streets
2026-05-23 14:57:15 [INFO]: Constructing 16 buildings
2026-05-23 14:57:16 [INFO]: Adding 4 agents, they are constrained in 103 region
2026-05-23 14:57:16 [INFO]: Car_1 initialization done!
2026-05-23 14:57:16 [INFO]: Pedestrian_1 initialization done!
2026-05-23 14:57:17 [INFO]: Car_2 initialization done!
2026-05-23 14:57:17 [INFO]: Car_3 initialization done!
2026-05-23 14:57:17 [INFO]: Done!
2026-05-23 14:57:17 [INFO]: ***Init RL Agent in Env***
2026-05-23 14:57:31 [INFO]: will reset agent by success
2026-05-23 14:57:31 [INFO]: ***Reset RL Agent in Env***
2026-05-23 14:57:31 [INFO]: Car_1 initialization done!
2026-05-23 14:57:31 [INFO]: Pedestrian_1 initialization done!
2026-05-23 14:57:32 [INFO]: Car_2 initialization done!
2026-05-23 14:57:32 [INFO]: Car_3 initialization done!
2026-05-23 14:57:32 [INFO]: Agent reset priority to 3/4
2026-05-23 14:57:32 [INFO]: Agent reset concepts to {'type': 'Car', 'priority': 3}
2026-05-23 14:57:33 [INFO]: Episode 11 success.
2026-05-23 14:57:33 [INFO]: Episode 11 achieved a score of 7.149999999999998
2026-05-23 14:57:33 [INFO]: Episode 11 Success: 1
2026-05-23 14:57:33 [INFO]: Episode 11 Decision Step: {3: 0}
2026-05-23 14:57:33 [INFO]: Episode 11 Success Decision: {3: 0}
2026-05-23 14:57:33 [INFO]: Evaluating episode 12...
2026-05-23 14:57:33 [INFO]: Episode label: {'oracle_step': 46, 'stop_count': 0, 'has_stop': False, 'ego_crosses': True, 'ego_eta': 10, 'ego_direction': 'left', 'other_crosses': 3, 'close_other_count': 0, 'pedestrian_close': None, 'conflicting_approach': False, 'total_crosses': 4}
2026-05-23 14:57:33 [INFO]: Get map info from config/maps/square_2x2.yaml
2026-05-23 14:57:33 [INFO]: Get agent info from config/agents/easy_lite/val.yaml
2026-05-23 14:57:33 [INFO]: Get onology and rules info from config/rules/ontology_easy.yaml, config/rules/Nav/easy/expert.yaml
2026-05-23 14:57:33 [INFO]: Number of Entity Types: 1
Entity Types:
- Entity
2026-05-23 14:57:33 [INFO]: Number of Predicates: 13
Predicates:
- IsPedestrian: {'instance': "Function('IsPed', entity_sorts['Entity'], BoolSort())", 'arity': 1, 'method': 'IsPed(Entity)', 'function': 'logicity.utils.pred_converter.z3.IsPed'}
- IsCar: {'instance': "Function('IsCar', entity_sorts['Entity'], BoolSort())", 'arity': 1, 'method': 'IsCar(Entity)', 'function': 'logicity.utils.pred_converter.z3.IsCar'}
- IsAmbulance: {'instance': "Function('IsAmb', entity_sorts['Entity'], BoolSort())", 'arity': 1, 'method': 'IsAmb(Entity)', 'function': 'logicity.utils.pred_converter.z3.IsAmb'}
- IsOld: {'instance': "Function('IsOld', entity_sorts['Entity'], BoolSort())", 'arity': 1, 'method': 'IsOld(Entity)', 'function': 'logicity.utils.pred_converter.z3.IsOld'}
- IsTiro: {'instance': "Function('IsTiro', entity_sorts['Entity'], BoolSort())", 'arity': 1, 'method': 'IsTiro(Entity)', 'function': 'logicity.utils.pred_converter.z3.IsTiro'}
- IsAtInter: {'instance': "Function('IsAtInter', entity_sorts['Entity'], BoolSort())", 'arity': 1, 'method': 'IsAtInter(Entity)', 'function': 'logicity.utils.pred_converter.z3.IsAtInter'}
- IsInInter: {'instance': "Function('IsInInter', entity_sorts['Entity'], BoolSort())", 'arity': 1, 'method': 'IsInInter(Entity)', 'function': 'logicity.utils.pred_converter.z3.IsInInter'}
- HigherPri: {'instance': "Function('HigherPri', entity_sorts['Entity'], entity_sorts['Entity'], BoolSort())", 'arity': 2, 'method': 'HigherPri(Entity, Entity)', 'function': 'logicity.utils.pred_converter.z3.HigherPri'}
- CollidingClose: {'instance': "Function('CollidingClose', entity_sorts['Entity'], entity_sorts['Entity'], BoolSort())", 'arity': 2, 'method': 'CollidingClose(Entity, Entity)', 'function': 'logicity.utils.pred_converter.z3.CollidingClose'}
- Stop: {'instance': "Function('Stop', entity_sorts['Entity'], BoolSort())", 'arity': 1, 'method': 'Stop(Entity)', 'function': 'None'}
- Fast: {'instance': "Function('Fast', entity_sorts['Entity'], BoolSort())", 'arity': 1, 'method': 'Fast(Entity)', 'function': 'None'}
- Normal: {'instance': "Function('Normal', entity_sorts['Entity'], BoolSort())", 'arity': 1, 'method': 'Normal(Entity)', 'function': 'None'}
- Slow: {'instance': "Function('Slow', entity_sorts['Entity'], BoolSort())", 'arity': 1, 'method': 'Slow(Entity)', 'function': 'None'}
2026-05-23 14:57:33 [INFO]: *** Sim Rule ***: Stop -> 
 Stop(entity) == Exists(
  [dummyEntity], 
  Or(
    And(
      IsAtInter(entity), 
      IsInInter(dummyEntity), 
    ),
    And(
      IsAtInter(entity), 
      IsAtInter(dummyEntity), 
      HigherPri(dummyEntity, entity),
    ),
    CollidingClose(entity, dummyEntity)
  )
)

2026-05-23 14:57:33 [INFO]: *** Task Rule ***: Collision and Intersection -> 
 Implies(Exists(
  [dummyEntity], 
    Or(
      And(
        IsAtInter(entity), 
        IsInInter(dummyEntity), 
      ),
      And(
        IsAtInter(entity), 
        IsAtInter(dummyEntity), 
        HigherPri(dummyEntity, entity),
      ),
      CollidingClose(entity, dummyEntity)
    )
  ),
  Stop(entity)
)

2026-05-23 14:57:33 [INFO]: *** Expert Rule ***: Stop -> 
 Stop(entity) == Exists(
[dummyEntity], 
  Or(
    And(
      IsAtInter(entity), 
      IsInInter(dummyEntity), 
    ),
    And(
      IsAtInter(entity), 
      IsAtInter(dummyEntity), 
      HigherPri(dummyEntity, entity),
    ),
    CollidingClose(entity, dummyEntity)
  )
)

2026-05-23 14:57:33 [INFO]: *** Expert Rule ***: Slow -> 
 Not(Slow(entity))

2026-05-23 14:57:33 [INFO]: *** Expert Rule ***: Fast -> 
 Not(Fast(entity))

2026-05-23 14:57:33 [INFO]: *** Expert Rule ***: Normal -> 
 Normal(entity) == Not(Stop(entity))
2026-05-23 14:57:33 [INFO]: Rules created successfully
2026-05-23 14:57:33 [INFO]: Rules will be grounded later...
2026-05-23 14:57:33 [INFO]: Given Predicates {'IsPedestrian': {'instance': IsPed, 'arity': 1, 'method': 'IsPed(Entity)', 'function': 'logicity.utils.pred_converter.z3.IsPed'}, 'IsCar': {'instance': IsCar, 'arity': 1, 'method': 'IsCar(Entity)', 'function': 'logicity.utils.pred_converter.z3.IsCar'}, 'IsAmbulance': {'instance': IsAmb, 'arity': 1, 'method': 'IsAmb(Entity)', 'function': 'logicity.utils.pred_converter.z3.IsAmb'}, 'IsOld': {'instance': IsOld, 'arity': 1, 'method': 'IsOld(Entity)', 'function': 'logicity.utils.pred_converter.z3.IsOld'}, 'IsTiro': {'instance': IsTiro, 'arity': 1, 'method': 'IsTiro(Entity)', 'function': 'logicity.utils.pred_converter.z3.IsTiro'}, 'IsAtInter': {'instance': IsAtInter, 'arity': 1, 'method': 'IsAtInter(Entity)', 'function': 'logicity.utils.pred_converter.z3.IsAtInter'}, 'IsInInter': {'instance': IsInInter, 'arity': 1, 'method': 'IsInInter(Entity)', 'function': 'logicity.utils.pred_converter.z3.IsInInter'}, 'HigherPri': {'instance': HigherPri, 'arity': 2, 'method': 'HigherPri(Entity, Entity)', 'function': 'logicity.utils.pred_converter.z3.HigherPri'}, 'CollidingClose': {'instance': CollidingClose, 'arity': 2, 'method': 'CollidingClose(Entity, Entity)', 'function': 'logicity.utils.pred_converter.z3.CollidingClose'}, 'Stop': {'instance': Stop, 'arity': 1, 'method': 'Stop(Entity)', 'function': 'None'}, 'Fast': {'instance': Fast, 'arity': 1, 'method': 'Fast(Entity)', 'function': 'None'}, 'Normal': {'instance': Normal, 'arity': 1, 'method': 'Normal(Entity)', 'function': 'None'}, 'Slow': {'instance': Slow, 'arity': 1, 'method': 'Slow(Entity)', 'function': 'None'}}, the FOV entities {'Entity': 3}, The logic grounding shape is: 39
2026-05-23 14:57:33 [INFO]: Local planner constructed!
2026-05-23 14:57:33 [INFO]: Constructing 22 streets
2026-05-23 14:57:33 [INFO]: Constructing 16 buildings
2026-05-23 14:57:34 [INFO]: Adding 4 agents, they are constrained in 103 region
2026-05-23 14:57:34 [INFO]: Car_1 initialization done!
2026-05-23 14:57:34 [INFO]: Pedestrian_1 initialization done!
2026-05-23 14:57:35 [INFO]: Car_2 initialization done!
2026-05-23 14:57:36 [INFO]: Car_3 initialization done!
2026-05-23 14:57:36 [INFO]: Done!
2026-05-23 14:57:36 [INFO]: ***Init RL Agent in Env***
2026-05-23 14:57:43 [INFO]: will reset agent by success
2026-05-23 14:57:43 [INFO]: ***Reset RL Agent in Env***
2026-05-23 14:57:44 [INFO]: Car_1 initialization done!
2026-05-23 14:57:44 [INFO]: Pedestrian_1 initialization done!
2026-05-23 14:57:44 [INFO]: Car_2 initialization done!
2026-05-23 14:57:45 [INFO]: Car_3 initialization done!
2026-05-23 14:57:45 [INFO]: Agent reset priority to 2/4
2026-05-23 14:57:45 [INFO]: Agent reset concepts to {'type': 'Car', 'priority': 2}
2026-05-23 14:57:45 [INFO]: Episode 12 success.
2026-05-23 14:57:45 [INFO]: Episode 12 achieved a score of 5.020000000000002
2026-05-23 14:57:45 [INFO]: Episode 12 Success: 1
2026-05-23 14:57:45 [INFO]: Episode 12 Decision Step: {3: 0}
2026-05-23 14:57:45 [INFO]: Episode 12 Success Decision: {3: 0}
2026-05-23 14:57:45 [INFO]: Evaluating episode 13...
2026-05-23 14:57:45 [INFO]: Episode label: {'oracle_step': 70, 'stop_count': 10, 'has_stop': True, 'ego_crosses': True, 'ego_eta': 49, 'ego_direction': 'down', 'other_crosses': 3, 'close_other_count': 0, 'pedestrian_close': None, 'conflicting_approach': False, 'total_crosses': 4}
2026-05-23 14:57:45 [INFO]: Get map info from config/maps/square_2x2.yaml
2026-05-23 14:57:45 [INFO]: Get agent info from config/agents/easy_lite/val.yaml
2026-05-23 14:57:45 [INFO]: Get onology and rules info from config/rules/ontology_easy.yaml, config/rules/Nav/easy/expert.yaml
2026-05-23 14:57:45 [INFO]: Number of Entity Types: 1
Entity Types:
- Entity
2026-05-23 14:57:46 [INFO]: Number of Predicates: 13
Predicates:
- IsPedestrian: {'instance': "Function('IsPed', entity_sorts['Entity'], BoolSort())", 'arity': 1, 'method': 'IsPed(Entity)', 'function': 'logicity.utils.pred_converter.z3.IsPed'}
- IsCar: {'instance': "Function('IsCar', entity_sorts['Entity'], BoolSort())", 'arity': 1, 'method': 'IsCar(Entity)', 'function': 'logicity.utils.pred_converter.z3.IsCar'}
- IsAmbulance: {'instance': "Function('IsAmb', entity_sorts['Entity'], BoolSort())", 'arity': 1, 'method': 'IsAmb(Entity)', 'function': 'logicity.utils.pred_converter.z3.IsAmb'}
- IsOld: {'instance': "Function('IsOld', entity_sorts['Entity'], BoolSort())", 'arity': 1, 'method': 'IsOld(Entity)', 'function': 'logicity.utils.pred_converter.z3.IsOld'}
- IsTiro: {'instance': "Function('IsTiro', entity_sorts['Entity'], BoolSort())", 'arity': 1, 'method': 'IsTiro(Entity)', 'function': 'logicity.utils.pred_converter.z3.IsTiro'}
- IsAtInter: {'instance': "Function('IsAtInter', entity_sorts['Entity'], BoolSort())", 'arity': 1, 'method': 'IsAtInter(Entity)', 'function': 'logicity.utils.pred_converter.z3.IsAtInter'}
- IsInInter: {'instance': "Function('IsInInter', entity_sorts['Entity'], BoolSort())", 'arity': 1, 'method': 'IsInInter(Entity)', 'function': 'logicity.utils.pred_converter.z3.IsInInter'}
- HigherPri: {'instance': "Function('HigherPri', entity_sorts['Entity'], entity_sorts['Entity'], BoolSort())", 'arity': 2, 'method': 'HigherPri(Entity, Entity)', 'function': 'logicity.utils.pred_converter.z3.HigherPri'}
- CollidingClose: {'instance': "Function('CollidingClose', entity_sorts['Entity'], entity_sorts['Entity'], BoolSort())", 'arity': 2, 'method': 'CollidingClose(Entity, Entity)', 'function': 'logicity.utils.pred_converter.z3.CollidingClose'}
- Stop: {'instance': "Function('Stop', entity_sorts['Entity'], BoolSort())", 'arity': 1, 'method': 'Stop(Entity)', 'function': 'None'}
- Fast: {'instance': "Function('Fast', entity_sorts['Entity'], BoolSort())", 'arity': 1, 'method': 'Fast(Entity)', 'function': 'None'}
- Normal: {'instance': "Function('Normal', entity_sorts['Entity'], BoolSort())", 'arity': 1, 'method': 'Normal(Entity)', 'function': 'None'}
- Slow: {'instance': "Function('Slow', entity_sorts['Entity'], BoolSort())", 'arity': 1, 'method': 'Slow(Entity)', 'function': 'None'}
2026-05-23 14:57:46 [INFO]: *** Sim Rule ***: Stop -> 
 Stop(entity) == Exists(
  [dummyEntity], 
  Or(
    And(
      IsAtInter(entity), 
      IsInInter(dummyEntity), 
    ),
    And(
      IsAtInter(entity), 
      IsAtInter(dummyEntity), 
      HigherPri(dummyEntity, entity),
    ),
    CollidingClose(entity, dummyEntity)
  )
)

2026-05-23 14:57:46 [INFO]: *** Task Rule ***: Collision and Intersection -> 
 Implies(Exists(
  [dummyEntity], 
    Or(
      And(
        IsAtInter(entity), 
        IsInInter(dummyEntity), 
      ),
      And(
        IsAtInter(entity), 
        IsAtInter(dummyEntity), 
        HigherPri(dummyEntity, entity),
      ),
      CollidingClose(entity, dummyEntity)
    )
  ),
  Stop(entity)
)

2026-05-23 14:57:46 [INFO]: *** Expert Rule ***: Stop -> 
 Stop(entity) == Exists(
[dummyEntity], 
  Or(
    And(
      IsAtInter(entity), 
      IsInInter(dummyEntity), 
    ),
    And(
      IsAtInter(entity), 
      IsAtInter(dummyEntity), 
      HigherPri(dummyEntity, entity),
    ),
    CollidingClose(entity, dummyEntity)
  )
)

2026-05-23 14:57:46 [INFO]: *** Expert Rule ***: Slow -> 
 Not(Slow(entity))

2026-05-23 14:57:46 [INFO]: *** Expert Rule ***: Fast -> 
 Not(Fast(entity))

2026-05-23 14:57:46 [INFO]: *** Expert Rule ***: Normal -> 
 Normal(entity) == Not(Stop(entity))
2026-05-23 14:57:46 [INFO]: Rules created successfully
2026-05-23 14:57:46 [INFO]: Rules will be grounded later...
2026-05-23 14:57:46 [INFO]: Given Predicates {'IsPedestrian': {'instance': IsPed, 'arity': 1, 'method': 'IsPed(Entity)', 'function': 'logicity.utils.pred_converter.z3.IsPed'}, 'IsCar': {'instance': IsCar, 'arity': 1, 'method': 'IsCar(Entity)', 'function': 'logicity.utils.pred_converter.z3.IsCar'}, 'IsAmbulance': {'instance': IsAmb, 'arity': 1, 'method': 'IsAmb(Entity)', 'function': 'logicity.utils.pred_converter.z3.IsAmb'}, 'IsOld': {'instance': IsOld, 'arity': 1, 'method': 'IsOld(Entity)', 'function': 'logicity.utils.pred_converter.z3.IsOld'}, 'IsTiro': {'instance': IsTiro, 'arity': 1, 'method': 'IsTiro(Entity)', 'function': 'logicity.utils.pred_converter.z3.IsTiro'}, 'IsAtInter': {'instance': IsAtInter, 'arity': 1, 'method': 'IsAtInter(Entity)', 'function': 'logicity.utils.pred_converter.z3.IsAtInter'}, 'IsInInter': {'instance': IsInInter, 'arity': 1, 'method': 'IsInInter(Entity)', 'function': 'logicity.utils.pred_converter.z3.IsInInter'}, 'HigherPri': {'instance': HigherPri, 'arity': 2, 'method': 'HigherPri(Entity, Entity)', 'function': 'logicity.utils.pred_converter.z3.HigherPri'}, 'CollidingClose': {'instance': CollidingClose, 'arity': 2, 'method': 'CollidingClose(Entity, Entity)', 'function': 'logicity.utils.pred_converter.z3.CollidingClose'}, 'Stop': {'instance': Stop, 'arity': 1, 'method': 'Stop(Entity)', 'function': 'None'}, 'Fast': {'instance': Fast, 'arity': 1, 'method': 'Fast(Entity)', 'function': 'None'}, 'Normal': {'instance': Normal, 'arity': 1, 'method': 'Normal(Entity)', 'function': 'None'}, 'Slow': {'instance': Slow, 'arity': 1, 'method': 'Slow(Entity)', 'function': 'None'}}, the FOV entities {'Entity': 3}, The logic grounding shape is: 39
2026-05-23 14:57:46 [INFO]: Local planner constructed!
2026-05-23 14:57:46 [INFO]: Constructing 22 streets
2026-05-23 14:57:46 [INFO]: Constructing 16 buildings
2026-05-23 14:57:47 [INFO]: Adding 4 agents, they are constrained in 103 region
2026-05-23 14:57:47 [INFO]: Car_1 initialization done!
2026-05-23 14:57:47 [INFO]: Pedestrian_1 initialization done!
2026-05-23 14:57:48 [INFO]: Car_2 initialization done!
2026-05-23 14:57:48 [INFO]: Car_3 initialization done!
2026-05-23 14:57:48 [INFO]: Done!
2026-05-23 14:57:48 [INFO]: ***Init RL Agent in Env***
2026-05-23 14:58:01 [INFO]: will reset agent by success
2026-05-23 14:58:01 [INFO]: ***Reset RL Agent in Env***
2026-05-23 14:58:01 [INFO]: Car_1 initialization done!
2026-05-23 14:58:01 [INFO]: Pedestrian_1 initialization done!
2026-05-23 14:58:02 [INFO]: Car_2 initialization done!
2026-05-23 14:58:03 [INFO]: Car_3 initialization done!
2026-05-23 14:58:03 [INFO]: Agent reset priority to 3/4
2026-05-23 14:58:03 [INFO]: Agent reset concepts to {'type': 'Car', 'priority': 3}
2026-05-23 14:58:03 [INFO]: Episode 13 success.
2026-05-23 14:58:03 [INFO]: Episode 13 achieved a score of 6.19
2026-05-23 14:58:03 [INFO]: Episode 13 Success: 1
2026-05-23 14:58:03 [INFO]: Episode 13 Decision Step: {3: 1}
2026-05-23 14:58:03 [INFO]: Episode 13 Success Decision: {3: 1}
2026-05-23 14:58:03 [INFO]: Evaluating episode 14...
2026-05-23 14:58:03 [INFO]: Episode label: {'oracle_step': 57, 'stop_count': 7, 'has_stop': True, 'ego_crosses': True, 'ego_eta': 27, 'ego_direction': 'down', 'other_crosses': 3, 'close_other_count': 0, 'pedestrian_close': None, 'conflicting_approach': False, 'total_crosses': 4}
2026-05-23 14:58:03 [INFO]: Get map info from config/maps/square_2x2.yaml
2026-05-23 14:58:03 [INFO]: Get agent info from config/agents/easy_lite/val.yaml
2026-05-23 14:58:03 [INFO]: Get onology and rules info from config/rules/ontology_easy.yaml, config/rules/Nav/easy/expert.yaml
2026-05-23 14:58:03 [INFO]: Number of Entity Types: 1
Entity Types:
- Entity
2026-05-23 14:58:03 [INFO]: Number of Predicates: 13
Predicates:
- IsPedestrian: {'instance': "Function('IsPed', entity_sorts['Entity'], BoolSort())", 'arity': 1, 'method': 'IsPed(Entity)', 'function': 'logicity.utils.pred_converter.z3.IsPed'}
- IsCar: {'instance': "Function('IsCar', entity_sorts['Entity'], BoolSort())", 'arity': 1, 'method': 'IsCar(Entity)', 'function': 'logicity.utils.pred_converter.z3.IsCar'}
- IsAmbulance: {'instance': "Function('IsAmb', entity_sorts['Entity'], BoolSort())", 'arity': 1, 'method': 'IsAmb(Entity)', 'function': 'logicity.utils.pred_converter.z3.IsAmb'}
- IsOld: {'instance': "Function('IsOld', entity_sorts['Entity'], BoolSort())", 'arity': 1, 'method': 'IsOld(Entity)', 'function': 'logicity.utils.pred_converter.z3.IsOld'}
- IsTiro: {'instance': "Function('IsTiro', entity_sorts['Entity'], BoolSort())", 'arity': 1, 'method': 'IsTiro(Entity)', 'function': 'logicity.utils.pred_converter.z3.IsTiro'}
- IsAtInter: {'instance': "Function('IsAtInter', entity_sorts['Entity'], BoolSort())", 'arity': 1, 'method': 'IsAtInter(Entity)', 'function': 'logicity.utils.pred_converter.z3.IsAtInter'}
- IsInInter: {'instance': "Function('IsInInter', entity_sorts['Entity'], BoolSort())", 'arity': 1, 'method': 'IsInInter(Entity)', 'function': 'logicity.utils.pred_converter.z3.IsInInter'}
- HigherPri: {'instance': "Function('HigherPri', entity_sorts['Entity'], entity_sorts['Entity'], BoolSort())", 'arity': 2, 'method': 'HigherPri(Entity, Entity)', 'function': 'logicity.utils.pred_converter.z3.HigherPri'}
- CollidingClose: {'instance': "Function('CollidingClose', entity_sorts['Entity'], entity_sorts['Entity'], BoolSort())", 'arity': 2, 'method': 'CollidingClose(Entity, Entity)', 'function': 'logicity.utils.pred_converter.z3.CollidingClose'}
- Stop: {'instance': "Function('Stop', entity_sorts['Entity'], BoolSort())", 'arity': 1, 'method': 'Stop(Entity)', 'function': 'None'}
- Fast: {'instance': "Function('Fast', entity_sorts['Entity'], BoolSort())", 'arity': 1, 'method': 'Fast(Entity)', 'function': 'None'}
- Normal: {'instance': "Function('Normal', entity_sorts['Entity'], BoolSort())", 'arity': 1, 'method': 'Normal(Entity)', 'function': 'None'}
- Slow: {'instance': "Function('Slow', entity_sorts['Entity'], BoolSort())", 'arity': 1, 'method': 'Slow(Entity)', 'function': 'None'}
2026-05-23 14:58:03 [INFO]: *** Sim Rule ***: Stop -> 
 Stop(entity) == Exists(
  [dummyEntity], 
  Or(
    And(
      IsAtInter(entity), 
      IsInInter(dummyEntity), 
    ),
    And(
      IsAtInter(entity), 
      IsAtInter(dummyEntity), 
      HigherPri(dummyEntity, entity),
    ),
    CollidingClose(entity, dummyEntity)
  )
)

2026-05-23 14:58:03 [INFO]: *** Task Rule ***: Collision and Intersection -> 
 Implies(Exists(
  [dummyEntity], 
    Or(
      And(
        IsAtInter(entity), 
        IsInInter(dummyEntity), 
      ),
      And(
        IsAtInter(entity), 
        IsAtInter(dummyEntity), 
        HigherPri(dummyEntity, entity),
      ),
      CollidingClose(entity, dummyEntity)
    )
  ),
  Stop(entity)
)

2026-05-23 14:58:03 [INFO]: *** Expert Rule ***: Stop -> 
 Stop(entity) == Exists(
[dummyEntity], 
  Or(
    And(
      IsAtInter(entity), 
      IsInInter(dummyEntity), 
    ),
    And(
      IsAtInter(entity), 
      IsAtInter(dummyEntity), 
      HigherPri(dummyEntity, entity),
    ),
    CollidingClose(entity, dummyEntity)
  )
)

2026-05-23 14:58:03 [INFO]: *** Expert Rule ***: Slow -> 
 Not(Slow(entity))

2026-05-23 14:58:03 [INFO]: *** Expert Rule ***: Fast -> 
 Not(Fast(entity))

2026-05-23 14:58:03 [INFO]: *** Expert Rule ***: Normal -> 
 Normal(entity) == Not(Stop(entity))
2026-05-23 14:58:03 [INFO]: Rules created successfully
2026-05-23 14:58:03 [INFO]: Rules will be grounded later...
2026-05-23 14:58:03 [INFO]: Given Predicates {'IsPedestrian': {'instance': IsPed, 'arity': 1, 'method': 'IsPed(Entity)', 'function': 'logicity.utils.pred_converter.z3.IsPed'}, 'IsCar': {'instance': IsCar, 'arity': 1, 'method': 'IsCar(Entity)', 'function': 'logicity.utils.pred_converter.z3.IsCar'}, 'IsAmbulance': {'instance': IsAmb, 'arity': 1, 'method': 'IsAmb(Entity)', 'function': 'logicity.utils.pred_converter.z3.IsAmb'}, 'IsOld': {'instance': IsOld, 'arity': 1, 'method': 'IsOld(Entity)', 'function': 'logicity.utils.pred_converter.z3.IsOld'}, 'IsTiro': {'instance': IsTiro, 'arity': 1, 'method': 'IsTiro(Entity)', 'function': 'logicity.utils.pred_converter.z3.IsTiro'}, 'IsAtInter': {'instance': IsAtInter, 'arity': 1, 'method': 'IsAtInter(Entity)', 'function': 'logicity.utils.pred_converter.z3.IsAtInter'}, 'IsInInter': {'instance': IsInInter, 'arity': 1, 'method': 'IsInInter(Entity)', 'function': 'logicity.utils.pred_converter.z3.IsInInter'}, 'HigherPri': {'instance': HigherPri, 'arity': 2, 'method': 'HigherPri(Entity, Entity)', 'function': 'logicity.utils.pred_converter.z3.HigherPri'}, 'CollidingClose': {'instance': CollidingClose, 'arity': 2, 'method': 'CollidingClose(Entity, Entity)', 'function': 'logicity.utils.pred_converter.z3.CollidingClose'}, 'Stop': {'instance': Stop, 'arity': 1, 'method': 'Stop(Entity)', 'function': 'None'}, 'Fast': {'instance': Fast, 'arity': 1, 'method': 'Fast(Entity)', 'function': 'None'}, 'Normal': {'instance': Normal, 'arity': 1, 'method': 'Normal(Entity)', 'function': 'None'}, 'Slow': {'instance': Slow, 'arity': 1, 'method': 'Slow(Entity)', 'function': 'None'}}, the FOV entities {'Entity': 3}, The logic grounding shape is: 39
2026-05-23 14:58:03 [INFO]: Local planner constructed!
2026-05-23 14:58:03 [INFO]: Constructing 22 streets
2026-05-23 14:58:04 [INFO]: Constructing 16 buildings
2026-05-23 14:58:05 [INFO]: Adding 4 agents, they are constrained in 103 region
2026-05-23 14:58:06 [INFO]: Car_1 initialization done!
2026-05-23 14:58:06 [INFO]: Pedestrian_1 initialization done!
2026-05-23 14:58:07 [INFO]: Car_2 initialization done!
2026-05-23 14:58:08 [INFO]: Car_3 initialization done!
2026-05-23 14:58:08 [INFO]: Done!
2026-05-23 14:58:08 [INFO]: ***Init RL Agent in Env***
2026-05-23 14:58:21 [INFO]: will reset agent by success
2026-05-23 14:58:21 [INFO]: ***Reset RL Agent in Env***
2026-05-23 14:58:22 [INFO]: Car_1 initialization done!
2026-05-23 14:58:22 [INFO]: Pedestrian_1 initialization done!
2026-05-23 14:58:22 [INFO]: Car_2 initialization done!
2026-05-23 14:58:23 [INFO]: Car_3 initialization done!
2026-05-23 14:58:23 [INFO]: Agent reset priority to 3/4
2026-05-23 14:58:23 [INFO]: Agent reset concepts to {'type': 'Car', 'priority': 3}
2026-05-23 14:58:23 [INFO]: Episode 14 success.
2026-05-23 14:58:23 [INFO]: Episode 14 achieved a score of 5.210000000000002
2026-05-23 14:58:23 [INFO]: Episode 14 Success: 1
2026-05-23 14:58:23 [INFO]: Episode 14 Decision Step: {3: 1}
2026-05-23 14:58:23 [INFO]: Episode 14 Success Decision: {3: 1}
2026-05-23 14:58:23 [INFO]: Evaluating episode 15...
2026-05-23 14:58:23 [INFO]: Episode label: {'oracle_step': 77, 'stop_count': 6, 'has_stop': True, 'ego_crosses': True, 'ego_eta': 14, 'ego_direction': 'down', 'other_crosses': 3, 'close_other_count': 0, 'pedestrian_close': None, 'conflicting_approach': False, 'total_crosses': 4}
2026-05-23 14:58:23 [INFO]: Get map info from config/maps/square_2x2.yaml
2026-05-23 14:58:23 [INFO]: Get agent info from config/agents/easy_lite/val.yaml
2026-05-23 14:58:23 [INFO]: Get onology and rules info from config/rules/ontology_easy.yaml, config/rules/Nav/easy/expert.yaml
2026-05-23 14:58:23 [INFO]: Number of Entity Types: 1
Entity Types:
- Entity
2026-05-23 14:58:23 [INFO]: Number of Predicates: 13
Predicates:
- IsPedestrian: {'instance': "Function('IsPed', entity_sorts['Entity'], BoolSort())", 'arity': 1, 'method': 'IsPed(Entity)', 'function': 'logicity.utils.pred_converter.z3.IsPed'}
- IsCar: {'instance': "Function('IsCar', entity_sorts['Entity'], BoolSort())", 'arity': 1, 'method': 'IsCar(Entity)', 'function': 'logicity.utils.pred_converter.z3.IsCar'}
- IsAmbulance: {'instance': "Function('IsAmb', entity_sorts['Entity'], BoolSort())", 'arity': 1, 'method': 'IsAmb(Entity)', 'function': 'logicity.utils.pred_converter.z3.IsAmb'}
- IsOld: {'instance': "Function('IsOld', entity_sorts['Entity'], BoolSort())", 'arity': 1, 'method': 'IsOld(Entity)', 'function': 'logicity.utils.pred_converter.z3.IsOld'}
- IsTiro: {'instance': "Function('IsTiro', entity_sorts['Entity'], BoolSort())", 'arity': 1, 'method': 'IsTiro(Entity)', 'function': 'logicity.utils.pred_converter.z3.IsTiro'}
- IsAtInter: {'instance': "Function('IsAtInter', entity_sorts['Entity'], BoolSort())", 'arity': 1, 'method': 'IsAtInter(Entity)', 'function': 'logicity.utils.pred_converter.z3.IsAtInter'}
- IsInInter: {'instance': "Function('IsInInter', entity_sorts['Entity'], BoolSort())", 'arity': 1, 'method': 'IsInInter(Entity)', 'function': 'logicity.utils.pred_converter.z3.IsInInter'}
- HigherPri: {'instance': "Function('HigherPri', entity_sorts['Entity'], entity_sorts['Entity'], BoolSort())", 'arity': 2, 'method': 'HigherPri(Entity, Entity)', 'function': 'logicity.utils.pred_converter.z3.HigherPri'}
- CollidingClose: {'instance': "Function('CollidingClose', entity_sorts['Entity'], entity_sorts['Entity'], BoolSort())", 'arity': 2, 'method': 'CollidingClose(Entity, Entity)', 'function': 'logicity.utils.pred_converter.z3.CollidingClose'}
- Stop: {'instance': "Function('Stop', entity_sorts['Entity'], BoolSort())", 'arity': 1, 'method': 'Stop(Entity)', 'function': 'None'}
- Fast: {'instance': "Function('Fast', entity_sorts['Entity'], BoolSort())", 'arity': 1, 'method': 'Fast(Entity)', 'function': 'None'}
- Normal: {'instance': "Function('Normal', entity_sorts['Entity'], BoolSort())", 'arity': 1, 'method': 'Normal(Entity)', 'function': 'None'}
- Slow: {'instance': "Function('Slow', entity_sorts['Entity'], BoolSort())", 'arity': 1, 'method': 'Slow(Entity)', 'function': 'None'}
2026-05-23 14:58:23 [INFO]: *** Sim Rule ***: Stop -> 
 Stop(entity) == Exists(
  [dummyEntity], 
  Or(
    And(
      IsAtInter(entity), 
      IsInInter(dummyEntity), 
    ),
    And(
      IsAtInter(entity), 
      IsAtInter(dummyEntity), 
      HigherPri(dummyEntity, entity),
    ),
    CollidingClose(entity, dummyEntity)
  )
)

2026-05-23 14:58:23 [INFO]: *** Task Rule ***: Collision and Intersection -> 
 Implies(Exists(
  [dummyEntity], 
    Or(
      And(
        IsAtInter(entity), 
        IsInInter(dummyEntity), 
      ),
      And(
        IsAtInter(entity), 
        IsAtInter(dummyEntity), 
        HigherPri(dummyEntity, entity),
      ),
      CollidingClose(entity, dummyEntity)
    )
  ),
  Stop(entity)
)

2026-05-23 14:58:23 [INFO]: *** Expert Rule ***: Stop -> 
 Stop(entity) == Exists(
[dummyEntity], 
  Or(
    And(
      IsAtInter(entity), 
      IsInInter(dummyEntity), 
    ),
    And(
      IsAtInter(entity), 
      IsAtInter(dummyEntity), 
      HigherPri(dummyEntity, entity),
    ),
    CollidingClose(entity, dummyEntity)
  )
)

2026-05-23 14:58:23 [INFO]: *** Expert Rule ***: Slow -> 
 Not(Slow(entity))

2026-05-23 14:58:23 [INFO]: *** Expert Rule ***: Fast -> 
 Not(Fast(entity))

2026-05-23 14:58:23 [INFO]: *** Expert Rule ***: Normal -> 
 Normal(entity) == Not(Stop(entity))
2026-05-23 14:58:23 [INFO]: Rules created successfully
2026-05-23 14:58:23 [INFO]: Rules will be grounded later...
2026-05-23 14:58:23 [INFO]: Given Predicates {'IsPedestrian': {'instance': IsPed, 'arity': 1, 'method': 'IsPed(Entity)', 'function': 'logicity.utils.pred_converter.z3.IsPed'}, 'IsCar': {'instance': IsCar, 'arity': 1, 'method': 'IsCar(Entity)', 'function': 'logicity.utils.pred_converter.z3.IsCar'}, 'IsAmbulance': {'instance': IsAmb, 'arity': 1, 'method': 'IsAmb(Entity)', 'function': 'logicity.utils.pred_converter.z3.IsAmb'}, 'IsOld': {'instance': IsOld, 'arity': 1, 'method': 'IsOld(Entity)', 'function': 'logicity.utils.pred_converter.z3.IsOld'}, 'IsTiro': {'instance': IsTiro, 'arity': 1, 'method': 'IsTiro(Entity)', 'function': 'logicity.utils.pred_converter.z3.IsTiro'}, 'IsAtInter': {'instance': IsAtInter, 'arity': 1, 'method': 'IsAtInter(Entity)', 'function': 'logicity.utils.pred_converter.z3.IsAtInter'}, 'IsInInter': {'instance': IsInInter, 'arity': 1, 'method': 'IsInInter(Entity)', 'function': 'logicity.utils.pred_converter.z3.IsInInter'}, 'HigherPri': {'instance': HigherPri, 'arity': 2, 'method': 'HigherPri(Entity, Entity)', 'function': 'logicity.utils.pred_converter.z3.HigherPri'}, 'CollidingClose': {'instance': CollidingClose, 'arity': 2, 'method': 'CollidingClose(Entity, Entity)', 'function': 'logicity.utils.pred_converter.z3.CollidingClose'}, 'Stop': {'instance': Stop, 'arity': 1, 'method': 'Stop(Entity)', 'function': 'None'}, 'Fast': {'instance': Fast, 'arity': 1, 'method': 'Fast(Entity)', 'function': 'None'}, 'Normal': {'instance': Normal, 'arity': 1, 'method': 'Normal(Entity)', 'function': 'None'}, 'Slow': {'instance': Slow, 'arity': 1, 'method': 'Slow(Entity)', 'function': 'None'}}, the FOV entities {'Entity': 3}, The logic grounding shape is: 39
2026-05-23 14:58:23 [INFO]: Local planner constructed!
2026-05-23 14:58:23 [INFO]: Constructing 22 streets
2026-05-23 14:58:24 [INFO]: Constructing 16 buildings
2026-05-23 14:58:25 [INFO]: Adding 4 agents, they are constrained in 103 region
2026-05-23 14:58:26 [INFO]: Car_1 initialization done!
2026-05-23 14:58:26 [INFO]: Pedestrian_1 initialization done!
2026-05-23 14:58:27 [INFO]: Car_2 initialization done!
2026-05-23 14:58:28 [INFO]: Car_3 initialization done!
2026-05-23 14:58:28 [INFO]: Done!
2026-05-23 14:58:28 [INFO]: ***Init RL Agent in Env***
2026-05-23 14:58:42 [INFO]: will reset agent by success
2026-05-23 14:58:42 [INFO]: ***Reset RL Agent in Env***
2026-05-23 14:58:43 [INFO]: Car_1 initialization done!
2026-05-23 14:58:43 [INFO]: Pedestrian_1 initialization done!
2026-05-23 14:58:43 [INFO]: Car_2 initialization done!
2026-05-23 14:58:44 [INFO]: Car_3 initialization done!
2026-05-23 14:58:44 [INFO]: Agent reset priority to 2/4
2026-05-23 14:58:44 [INFO]: Agent reset concepts to {'type': 'Car', 'priority': 2}
2026-05-23 14:58:44 [INFO]: Episode 15 success.
2026-05-23 14:58:44 [INFO]: Episode 15 achieved a score of 7.309999999999998
2026-05-23 14:58:44 [INFO]: Episode 15 Success: 1
2026-05-23 14:58:44 [INFO]: Episode 15 Decision Step: {3: 1}
2026-05-23 14:58:44 [INFO]: Episode 15 Success Decision: {3: 1}
2026-05-23 14:58:44 [INFO]: Evaluating episode 16...
2026-05-23 14:58:44 [INFO]: Episode label: {'oracle_step': 110, 'stop_count': 38, 'has_stop': True, 'ego_crosses': True, 'ego_eta': 70, 'ego_direction': 'up', 'other_crosses': 3, 'close_other_count': 0, 'pedestrian_close': None, 'conflicting_approach': False, 'total_crosses': 4}
2026-05-23 14:58:44 [INFO]: Get map info from config/maps/square_2x2.yaml
2026-05-23 14:58:44 [INFO]: Get agent info from config/agents/easy_lite/val.yaml
2026-05-23 14:58:44 [INFO]: Get onology and rules info from config/rules/ontology_easy.yaml, config/rules/Nav/easy/expert.yaml
2026-05-23 14:58:44 [INFO]: Number of Entity Types: 1
Entity Types:
- Entity
2026-05-23 14:58:44 [INFO]: Number of Predicates: 13
Predicates:
- IsPedestrian: {'instance': "Function('IsPed', entity_sorts['Entity'], BoolSort())", 'arity': 1, 'method': 'IsPed(Entity)', 'function': 'logicity.utils.pred_converter.z3.IsPed'}
- IsCar: {'instance': "Function('IsCar', entity_sorts['Entity'], BoolSort())", 'arity': 1, 'method': 'IsCar(Entity)', 'function': 'logicity.utils.pred_converter.z3.IsCar'}
- IsAmbulance: {'instance': "Function('IsAmb', entity_sorts['Entity'], BoolSort())", 'arity': 1, 'method': 'IsAmb(Entity)', 'function': 'logicity.utils.pred_converter.z3.IsAmb'}
- IsOld: {'instance': "Function('IsOld', entity_sorts['Entity'], BoolSort())", 'arity': 1, 'method': 'IsOld(Entity)', 'function': 'logicity.utils.pred_converter.z3.IsOld'}
- IsTiro: {'instance': "Function('IsTiro', entity_sorts['Entity'], BoolSort())", 'arity': 1, 'method': 'IsTiro(Entity)', 'function': 'logicity.utils.pred_converter.z3.IsTiro'}
- IsAtInter: {'instance': "Function('IsAtInter', entity_sorts['Entity'], BoolSort())", 'arity': 1, 'method': 'IsAtInter(Entity)', 'function': 'logicity.utils.pred_converter.z3.IsAtInter'}
- IsInInter: {'instance': "Function('IsInInter', entity_sorts['Entity'], BoolSort())", 'arity': 1, 'method': 'IsInInter(Entity)', 'function': 'logicity.utils.pred_converter.z3.IsInInter'}
- HigherPri: {'instance': "Function('HigherPri', entity_sorts['Entity'], entity_sorts['Entity'], BoolSort())", 'arity': 2, 'method': 'HigherPri(Entity, Entity)', 'function': 'logicity.utils.pred_converter.z3.HigherPri'}
- CollidingClose: {'instance': "Function('CollidingClose', entity_sorts['Entity'], entity_sorts['Entity'], BoolSort())", 'arity': 2, 'method': 'CollidingClose(Entity, Entity)', 'function': 'logicity.utils.pred_converter.z3.CollidingClose'}
- Stop: {'instance': "Function('Stop', entity_sorts['Entity'], BoolSort())", 'arity': 1, 'method': 'Stop(Entity)', 'function': 'None'}
- Fast: {'instance': "Function('Fast', entity_sorts['Entity'], BoolSort())", 'arity': 1, 'method': 'Fast(Entity)', 'function': 'None'}
- Normal: {'instance': "Function('Normal', entity_sorts['Entity'], BoolSort())", 'arity': 1, 'method': 'Normal(Entity)', 'function': 'None'}
- Slow: {'instance': "Function('Slow', entity_sorts['Entity'], BoolSort())", 'arity': 1, 'method': 'Slow(Entity)', 'function': 'None'}
2026-05-23 14:58:44 [INFO]: *** Sim Rule ***: Stop -> 
 Stop(entity) == Exists(
  [dummyEntity], 
  Or(
    And(
      IsAtInter(entity), 
      IsInInter(dummyEntity), 
    ),
    And(
      IsAtInter(entity), 
      IsAtInter(dummyEntity), 
      HigherPri(dummyEntity, entity),
    ),
    CollidingClose(entity, dummyEntity)
  )
)

2026-05-23 14:58:44 [INFO]: *** Task Rule ***: Collision and Intersection -> 
 Implies(Exists(
  [dummyEntity], 
    Or(
      And(
        IsAtInter(entity), 
        IsInInter(dummyEntity), 
      ),
      And(
        IsAtInter(entity), 
        IsAtInter(dummyEntity), 
        HigherPri(dummyEntity, entity),
      ),
      CollidingClose(entity, dummyEntity)
    )
  ),
  Stop(entity)
)

2026-05-23 14:58:44 [INFO]: *** Expert Rule ***: Stop -> 
 Stop(entity) == Exists(
[dummyEntity], 
  Or(
    And(
      IsAtInter(entity), 
      IsInInter(dummyEntity), 
    ),
    And(
      IsAtInter(entity), 
      IsAtInter(dummyEntity), 
      HigherPri(dummyEntity, entity),
    ),
    CollidingClose(entity, dummyEntity)
  )
)

2026-05-23 14:58:44 [INFO]: *** Expert Rule ***: Slow -> 
 Not(Slow(entity))

2026-05-23 14:58:44 [INFO]: *** Expert Rule ***: Fast -> 
 Not(Fast(entity))

2026-05-23 14:58:44 [INFO]: *** Expert Rule ***: Normal -> 
 Normal(entity) == Not(Stop(entity))
2026-05-23 14:58:44 [INFO]: Rules created successfully
2026-05-23 14:58:44 [INFO]: Rules will be grounded later...
2026-05-23 14:58:44 [INFO]: Given Predicates {'IsPedestrian': {'instance': IsPed, 'arity': 1, 'method': 'IsPed(Entity)', 'function': 'logicity.utils.pred_converter.z3.IsPed'}, 'IsCar': {'instance': IsCar, 'arity': 1, 'method': 'IsCar(Entity)', 'function': 'logicity.utils.pred_converter.z3.IsCar'}, 'IsAmbulance': {'instance': IsAmb, 'arity': 1, 'method': 'IsAmb(Entity)', 'function': 'logicity.utils.pred_converter.z3.IsAmb'}, 'IsOld': {'instance': IsOld, 'arity': 1, 'method': 'IsOld(Entity)', 'function': 'logicity.utils.pred_converter.z3.IsOld'}, 'IsTiro': {'instance': IsTiro, 'arity': 1, 'method': 'IsTiro(Entity)', 'function': 'logicity.utils.pred_converter.z3.IsTiro'}, 'IsAtInter': {'instance': IsAtInter, 'arity': 1, 'method': 'IsAtInter(Entity)', 'function': 'logicity.utils.pred_converter.z3.IsAtInter'}, 'IsInInter': {'instance': IsInInter, 'arity': 1, 'method': 'IsInInter(Entity)', 'function': 'logicity.utils.pred_converter.z3.IsInInter'}, 'HigherPri': {'instance': HigherPri, 'arity': 2, 'method': 'HigherPri(Entity, Entity)', 'function': 'logicity.utils.pred_converter.z3.HigherPri'}, 'CollidingClose': {'instance': CollidingClose, 'arity': 2, 'method': 'CollidingClose(Entity, Entity)', 'function': 'logicity.utils.pred_converter.z3.CollidingClose'}, 'Stop': {'instance': Stop, 'arity': 1, 'method': 'Stop(Entity)', 'function': 'None'}, 'Fast': {'instance': Fast, 'arity': 1, 'method': 'Fast(Entity)', 'function': 'None'}, 'Normal': {'instance': Normal, 'arity': 1, 'method': 'Normal(Entity)', 'function': 'None'}, 'Slow': {'instance': Slow, 'arity': 1, 'method': 'Slow(Entity)', 'function': 'None'}}, the FOV entities {'Entity': 3}, The logic grounding shape is: 39
2026-05-23 14:58:44 [INFO]: Local planner constructed!
2026-05-23 14:58:44 [INFO]: Constructing 22 streets
2026-05-23 14:58:45 [INFO]: Constructing 16 buildings
2026-05-23 14:58:45 [INFO]: Adding 4 agents, they are constrained in 103 region
2026-05-23 14:58:46 [INFO]: Car_1 initialization done!
2026-05-23 14:58:46 [INFO]: Pedestrian_1 initialization done!
2026-05-23 14:58:47 [INFO]: Car_2 initialization done!
2026-05-23 14:58:47 [INFO]: Car_3 initialization done!
2026-05-23 14:58:47 [INFO]: Done!
2026-05-23 14:58:47 [INFO]: ***Init RL Agent in Env***
2026-05-23 14:59:14 [INFO]: will reset agent by success
2026-05-23 14:59:14 [INFO]: ***Reset RL Agent in Env***
2026-05-23 14:59:14 [INFO]: Car_1 initialization done!
2026-05-23 14:59:14 [INFO]: Pedestrian_1 initialization done!
2026-05-23 14:59:15 [INFO]: Car_2 initialization done!
2026-05-23 14:59:16 [INFO]: Car_3 initialization done!
2026-05-23 14:59:16 [INFO]: Agent reset priority to 3/4
2026-05-23 14:59:16 [INFO]: Agent reset concepts to {'type': 'Car', 'priority': 3}
2026-05-23 14:59:16 [INFO]: Episode 16 success.
2026-05-23 14:59:16 [INFO]: Episode 16 achieved a score of 6.870000000000008
2026-05-23 14:59:16 [INFO]: Episode 16 Success: 1
2026-05-23 14:59:16 [INFO]: Episode 16 Decision Step: {3: 1}
2026-05-23 14:59:16 [INFO]: Episode 16 Success Decision: {3: 1}
2026-05-23 14:59:16 [INFO]: Evaluating episode 17...
2026-05-23 14:59:16 [INFO]: Episode label: {'oracle_step': 57, 'stop_count': 0, 'has_stop': False, 'ego_crosses': True, 'ego_eta': 28, 'ego_direction': 'right', 'other_crosses': 3, 'close_other_count': 0, 'pedestrian_close': None, 'conflicting_approach': False, 'total_crosses': 4}
2026-05-23 14:59:16 [INFO]: Get map info from config/maps/square_2x2.yaml
2026-05-23 14:59:16 [INFO]: Get agent info from config/agents/easy_lite/val.yaml
2026-05-23 14:59:16 [INFO]: Get onology and rules info from config/rules/ontology_easy.yaml, config/rules/Nav/easy/expert.yaml
2026-05-23 14:59:16 [INFO]: Number of Entity Types: 1
Entity Types:
- Entity
2026-05-23 14:59:16 [INFO]: Number of Predicates: 13
Predicates:
- IsPedestrian: {'instance': "Function('IsPed', entity_sorts['Entity'], BoolSort())", 'arity': 1, 'method': 'IsPed(Entity)', 'function': 'logicity.utils.pred_converter.z3.IsPed'}
- IsCar: {'instance': "Function('IsCar', entity_sorts['Entity'], BoolSort())", 'arity': 1, 'method': 'IsCar(Entity)', 'function': 'logicity.utils.pred_converter.z3.IsCar'}
- IsAmbulance: {'instance': "Function('IsAmb', entity_sorts['Entity'], BoolSort())", 'arity': 1, 'method': 'IsAmb(Entity)', 'function': 'logicity.utils.pred_converter.z3.IsAmb'}
- IsOld: {'instance': "Function('IsOld', entity_sorts['Entity'], BoolSort())", 'arity': 1, 'method': 'IsOld(Entity)', 'function': 'logicity.utils.pred_converter.z3.IsOld'}
- IsTiro: {'instance': "Function('IsTiro', entity_sorts['Entity'], BoolSort())", 'arity': 1, 'method': 'IsTiro(Entity)', 'function': 'logicity.utils.pred_converter.z3.IsTiro'}
- IsAtInter: {'instance': "Function('IsAtInter', entity_sorts['Entity'], BoolSort())", 'arity': 1, 'method': 'IsAtInter(Entity)', 'function': 'logicity.utils.pred_converter.z3.IsAtInter'}
- IsInInter: {'instance': "Function('IsInInter', entity_sorts['Entity'], BoolSort())", 'arity': 1, 'method': 'IsInInter(Entity)', 'function': 'logicity.utils.pred_converter.z3.IsInInter'}
- HigherPri: {'instance': "Function('HigherPri', entity_sorts['Entity'], entity_sorts['Entity'], BoolSort())", 'arity': 2, 'method': 'HigherPri(Entity, Entity)', 'function': 'logicity.utils.pred_converter.z3.HigherPri'}
- CollidingClose: {'instance': "Function('CollidingClose', entity_sorts['Entity'], entity_sorts['Entity'], BoolSort())", 'arity': 2, 'method': 'CollidingClose(Entity, Entity)', 'function': 'logicity.utils.pred_converter.z3.CollidingClose'}
- Stop: {'instance': "Function('Stop', entity_sorts['Entity'], BoolSort())", 'arity': 1, 'method': 'Stop(Entity)', 'function': 'None'}
- Fast: {'instance': "Function('Fast', entity_sorts['Entity'], BoolSort())", 'arity': 1, 'method': 'Fast(Entity)', 'function': 'None'}
- Normal: {'instance': "Function('Normal', entity_sorts['Entity'], BoolSort())", 'arity': 1, 'method': 'Normal(Entity)', 'function': 'None'}
- Slow: {'instance': "Function('Slow', entity_sorts['Entity'], BoolSort())", 'arity': 1, 'method': 'Slow(Entity)', 'function': 'None'}
2026-05-23 14:59:16 [INFO]: *** Sim Rule ***: Stop -> 
 Stop(entity) == Exists(
  [dummyEntity], 
  Or(
    And(
      IsAtInter(entity), 
      IsInInter(dummyEntity), 
    ),
    And(
      IsAtInter(entity), 
      IsAtInter(dummyEntity), 
      HigherPri(dummyEntity, entity),
    ),
    CollidingClose(entity, dummyEntity)
  )
)

2026-05-23 14:59:16 [INFO]: *** Task Rule ***: Collision and Intersection -> 
 Implies(Exists(
  [dummyEntity], 
    Or(
      And(
        IsAtInter(entity), 
        IsInInter(dummyEntity), 
      ),
      And(
        IsAtInter(entity), 
        IsAtInter(dummyEntity), 
        HigherPri(dummyEntity, entity),
      ),
      CollidingClose(entity, dummyEntity)
    )
  ),
  Stop(entity)
)

2026-05-23 14:59:16 [INFO]: *** Expert Rule ***: Stop -> 
 Stop(entity) == Exists(
[dummyEntity], 
  Or(
    And(
      IsAtInter(entity), 
      IsInInter(dummyEntity), 
    ),
    And(
      IsAtInter(entity), 
      IsAtInter(dummyEntity), 
      HigherPri(dummyEntity, entity),
    ),
    CollidingClose(entity, dummyEntity)
  )
)

2026-05-23 14:59:16 [INFO]: *** Expert Rule ***: Slow -> 
 Not(Slow(entity))

2026-05-23 14:59:16 [INFO]: *** Expert Rule ***: Fast -> 
 Not(Fast(entity))

2026-05-23 14:59:16 [INFO]: *** Expert Rule ***: Normal -> 
 Normal(entity) == Not(Stop(entity))
2026-05-23 14:59:16 [INFO]: Rules created successfully
2026-05-23 14:59:16 [INFO]: Rules will be grounded later...
2026-05-23 14:59:16 [INFO]: Given Predicates {'IsPedestrian': {'instance': IsPed, 'arity': 1, 'method': 'IsPed(Entity)', 'function': 'logicity.utils.pred_converter.z3.IsPed'}, 'IsCar': {'instance': IsCar, 'arity': 1, 'method': 'IsCar(Entity)', 'function': 'logicity.utils.pred_converter.z3.IsCar'}, 'IsAmbulance': {'instance': IsAmb, 'arity': 1, 'method': 'IsAmb(Entity)', 'function': 'logicity.utils.pred_converter.z3.IsAmb'}, 'IsOld': {'instance': IsOld, 'arity': 1, 'method': 'IsOld(Entity)', 'function': 'logicity.utils.pred_converter.z3.IsOld'}, 'IsTiro': {'instance': IsTiro, 'arity': 1, 'method': 'IsTiro(Entity)', 'function': 'logicity.utils.pred_converter.z3.IsTiro'}, 'IsAtInter': {'instance': IsAtInter, 'arity': 1, 'method': 'IsAtInter(Entity)', 'function': 'logicity.utils.pred_converter.z3.IsAtInter'}, 'IsInInter': {'instance': IsInInter, 'arity': 1, 'method': 'IsInInter(Entity)', 'function': 'logicity.utils.pred_converter.z3.IsInInter'}, 'HigherPri': {'instance': HigherPri, 'arity': 2, 'method': 'HigherPri(Entity, Entity)', 'function': 'logicity.utils.pred_converter.z3.HigherPri'}, 'CollidingClose': {'instance': CollidingClose, 'arity': 2, 'method': 'CollidingClose(Entity, Entity)', 'function': 'logicity.utils.pred_converter.z3.CollidingClose'}, 'Stop': {'instance': Stop, 'arity': 1, 'method': 'Stop(Entity)', 'function': 'None'}, 'Fast': {'instance': Fast, 'arity': 1, 'method': 'Fast(Entity)', 'function': 'None'}, 'Normal': {'instance': Normal, 'arity': 1, 'method': 'Normal(Entity)', 'function': 'None'}, 'Slow': {'instance': Slow, 'arity': 1, 'method': 'Slow(Entity)', 'function': 'None'}}, the FOV entities {'Entity': 3}, The logic grounding shape is: 39
2026-05-23 14:59:16 [INFO]: Local planner constructed!
2026-05-23 14:59:16 [INFO]: Constructing 22 streets
2026-05-23 14:59:17 [INFO]: Constructing 16 buildings
2026-05-23 14:59:18 [INFO]: Adding 4 agents, they are constrained in 103 region
2026-05-23 14:59:19 [INFO]: Car_1 initialization done!
2026-05-23 14:59:19 [INFO]: Pedestrian_1 initialization done!
2026-05-23 14:59:19 [INFO]: Car_2 initialization done!
2026-05-23 14:59:20 [INFO]: Car_3 initialization done!
2026-05-23 14:59:20 [INFO]: Done!
2026-05-23 14:59:20 [INFO]: ***Init RL Agent in Env***
2026-05-23 14:59:30 [INFO]: will reset agent by success
2026-05-23 14:59:30 [INFO]: ***Reset RL Agent in Env***
2026-05-23 14:59:31 [INFO]: Car_1 initialization done!
2026-05-23 14:59:31 [INFO]: Pedestrian_1 initialization done!
2026-05-23 14:59:31 [INFO]: Car_2 initialization done!
2026-05-23 14:59:32 [INFO]: Car_3 initialization done!
2026-05-23 14:59:32 [INFO]: Agent reset priority to 1/4
2026-05-23 14:59:32 [INFO]: Agent reset concepts to {'type': 'Car', 'priority': 1}
2026-05-23 14:59:32 [INFO]: Episode 17 success.
2026-05-23 14:59:32 [INFO]: Episode 17 achieved a score of 6.1
2026-05-23 14:59:32 [INFO]: Episode 17 Success: 1
2026-05-23 14:59:32 [INFO]: Episode 17 Decision Step: {3: 0}
2026-05-23 14:59:32 [INFO]: Episode 17 Success Decision: {3: 0}
2026-05-23 14:59:32 [INFO]: Evaluating episode 18...
2026-05-23 14:59:32 [INFO]: Episode label: {'oracle_step': 25, 'stop_count': 7, 'has_stop': True, 'ego_crosses': True, 'ego_eta': 7, 'ego_direction': 'down', 'other_crosses': 3, 'close_other_count': 0, 'pedestrian_close': None, 'conflicting_approach': False, 'total_crosses': 4}
2026-05-23 14:59:32 [INFO]: Get map info from config/maps/square_2x2.yaml
2026-05-23 14:59:32 [INFO]: Get agent info from config/agents/easy_lite/val.yaml
2026-05-23 14:59:32 [INFO]: Get onology and rules info from config/rules/ontology_easy.yaml, config/rules/Nav/easy/expert.yaml
2026-05-23 14:59:32 [INFO]: Number of Entity Types: 1
Entity Types:
- Entity
2026-05-23 14:59:32 [INFO]: Number of Predicates: 13
Predicates:
- IsPedestrian: {'instance': "Function('IsPed', entity_sorts['Entity'], BoolSort())", 'arity': 1, 'method': 'IsPed(Entity)', 'function': 'logicity.utils.pred_converter.z3.IsPed'}
- IsCar: {'instance': "Function('IsCar', entity_sorts['Entity'], BoolSort())", 'arity': 1, 'method': 'IsCar(Entity)', 'function': 'logicity.utils.pred_converter.z3.IsCar'}
- IsAmbulance: {'instance': "Function('IsAmb', entity_sorts['Entity'], BoolSort())", 'arity': 1, 'method': 'IsAmb(Entity)', 'function': 'logicity.utils.pred_converter.z3.IsAmb'}
- IsOld: {'instance': "Function('IsOld', entity_sorts['Entity'], BoolSort())", 'arity': 1, 'method': 'IsOld(Entity)', 'function': 'logicity.utils.pred_converter.z3.IsOld'}
- IsTiro: {'instance': "Function('IsTiro', entity_sorts['Entity'], BoolSort())", 'arity': 1, 'method': 'IsTiro(Entity)', 'function': 'logicity.utils.pred_converter.z3.IsTiro'}
- IsAtInter: {'instance': "Function('IsAtInter', entity_sorts['Entity'], BoolSort())", 'arity': 1, 'method': 'IsAtInter(Entity)', 'function': 'logicity.utils.pred_converter.z3.IsAtInter'}
- IsInInter: {'instance': "Function('IsInInter', entity_sorts['Entity'], BoolSort())", 'arity': 1, 'method': 'IsInInter(Entity)', 'function': 'logicity.utils.pred_converter.z3.IsInInter'}
- HigherPri: {'instance': "Function('HigherPri', entity_sorts['Entity'], entity_sorts['Entity'], BoolSort())", 'arity': 2, 'method': 'HigherPri(Entity, Entity)', 'function': 'logicity.utils.pred_converter.z3.HigherPri'}
- CollidingClose: {'instance': "Function('CollidingClose', entity_sorts['Entity'], entity_sorts['Entity'], BoolSort())", 'arity': 2, 'method': 'CollidingClose(Entity, Entity)', 'function': 'logicity.utils.pred_converter.z3.CollidingClose'}
- Stop: {'instance': "Function('Stop', entity_sorts['Entity'], BoolSort())", 'arity': 1, 'method': 'Stop(Entity)', 'function': 'None'}
- Fast: {'instance': "Function('Fast', entity_sorts['Entity'], BoolSort())", 'arity': 1, 'method': 'Fast(Entity)', 'function': 'None'}
- Normal: {'instance': "Function('Normal', entity_sorts['Entity'], BoolSort())", 'arity': 1, 'method': 'Normal(Entity)', 'function': 'None'}
- Slow: {'instance': "Function('Slow', entity_sorts['Entity'], BoolSort())", 'arity': 1, 'method': 'Slow(Entity)', 'function': 'None'}
2026-05-23 14:59:32 [INFO]: *** Sim Rule ***: Stop -> 
 Stop(entity) == Exists(
  [dummyEntity], 
  Or(
    And(
      IsAtInter(entity), 
      IsInInter(dummyEntity), 
    ),
    And(
      IsAtInter(entity), 
      IsAtInter(dummyEntity), 
      HigherPri(dummyEntity, entity),
    ),
    CollidingClose(entity, dummyEntity)
  )
)

2026-05-23 14:59:32 [INFO]: *** Task Rule ***: Collision and Intersection -> 
 Implies(Exists(
  [dummyEntity], 
    Or(
      And(
        IsAtInter(entity), 
        IsInInter(dummyEntity), 
      ),
      And(
        IsAtInter(entity), 
        IsAtInter(dummyEntity), 
        HigherPri(dummyEntity, entity),
      ),
      CollidingClose(entity, dummyEntity)
    )
  ),
  Stop(entity)
)

2026-05-23 14:59:32 [INFO]: *** Expert Rule ***: Stop -> 
 Stop(entity) == Exists(
[dummyEntity], 
  Or(
    And(
      IsAtInter(entity), 
      IsInInter(dummyEntity), 
    ),
    And(
      IsAtInter(entity), 
      IsAtInter(dummyEntity), 
      HigherPri(dummyEntity, entity),
    ),
    CollidingClose(entity, dummyEntity)
  )
)

2026-05-23 14:59:32 [INFO]: *** Expert Rule ***: Slow -> 
 Not(Slow(entity))

2026-05-23 14:59:32 [INFO]: *** Expert Rule ***: Fast -> 
 Not(Fast(entity))

2026-05-23 14:59:32 [INFO]: *** Expert Rule ***: Normal -> 
 Normal(entity) == Not(Stop(entity))
2026-05-23 14:59:32 [INFO]: Rules created successfully
2026-05-23 14:59:32 [INFO]: Rules will be grounded later...
2026-05-23 14:59:32 [INFO]: Given Predicates {'IsPedestrian': {'instance': IsPed, 'arity': 1, 'method': 'IsPed(Entity)', 'function': 'logicity.utils.pred_converter.z3.IsPed'}, 'IsCar': {'instance': IsCar, 'arity': 1, 'method': 'IsCar(Entity)', 'function': 'logicity.utils.pred_converter.z3.IsCar'}, 'IsAmbulance': {'instance': IsAmb, 'arity': 1, 'method': 'IsAmb(Entity)', 'function': 'logicity.utils.pred_converter.z3.IsAmb'}, 'IsOld': {'instance': IsOld, 'arity': 1, 'method': 'IsOld(Entity)', 'function': 'logicity.utils.pred_converter.z3.IsOld'}, 'IsTiro': {'instance': IsTiro, 'arity': 1, 'method': 'IsTiro(Entity)', 'function': 'logicity.utils.pred_converter.z3.IsTiro'}, 'IsAtInter': {'instance': IsAtInter, 'arity': 1, 'method': 'IsAtInter(Entity)', 'function': 'logicity.utils.pred_converter.z3.IsAtInter'}, 'IsInInter': {'instance': IsInInter, 'arity': 1, 'method': 'IsInInter(Entity)', 'function': 'logicity.utils.pred_converter.z3.IsInInter'}, 'HigherPri': {'instance': HigherPri, 'arity': 2, 'method': 'HigherPri(Entity, Entity)', 'function': 'logicity.utils.pred_converter.z3.HigherPri'}, 'CollidingClose': {'instance': CollidingClose, 'arity': 2, 'method': 'CollidingClose(Entity, Entity)', 'function': 'logicity.utils.pred_converter.z3.CollidingClose'}, 'Stop': {'instance': Stop, 'arity': 1, 'method': 'Stop(Entity)', 'function': 'None'}, 'Fast': {'instance': Fast, 'arity': 1, 'method': 'Fast(Entity)', 'function': 'None'}, 'Normal': {'instance': Normal, 'arity': 1, 'method': 'Normal(Entity)', 'function': 'None'}, 'Slow': {'instance': Slow, 'arity': 1, 'method': 'Slow(Entity)', 'function': 'None'}}, the FOV entities {'Entity': 3}, The logic grounding shape is: 39
2026-05-23 14:59:32 [INFO]: Local planner constructed!
2026-05-23 14:59:32 [INFO]: Constructing 22 streets
2026-05-23 14:59:33 [INFO]: Constructing 16 buildings
2026-05-23 14:59:34 [INFO]: Adding 4 agents, they are constrained in 103 region
2026-05-23 14:59:35 [INFO]: Car_1 initialization done!
2026-05-23 14:59:35 [INFO]: Pedestrian_1 initialization done!
2026-05-23 14:59:35 [INFO]: Car_2 initialization done!
2026-05-23 14:59:36 [INFO]: Car_3 initialization done!
2026-05-23 14:59:36 [INFO]: Done!
2026-05-23 14:59:36 [INFO]: ***Init RL Agent in Env***
2026-05-23 14:59:39 [INFO]: will reset agent by success
2026-05-23 14:59:39 [INFO]: ***Reset RL Agent in Env***
2026-05-23 14:59:40 [INFO]: Car_1 initialization done!
2026-05-23 14:59:40 [INFO]: Pedestrian_1 initialization done!
2026-05-23 14:59:40 [INFO]: Car_2 initialization done!
2026-05-23 14:59:41 [INFO]: Car_3 initialization done!
2026-05-23 14:59:41 [INFO]: Agent reset priority to 1/4
2026-05-23 14:59:41 [INFO]: Agent reset concepts to {'type': 'Car', 'priority': 1}
2026-05-23 14:59:41 [INFO]: Episode 18 success.
2026-05-23 14:59:41 [INFO]: Episode 18 achieved a score of 2.3600000000000003
2026-05-23 14:59:41 [INFO]: Episode 18 Success: 1
2026-05-23 14:59:41 [INFO]: Episode 18 Decision Step: {3: 0}
2026-05-23 14:59:41 [INFO]: Episode 18 Success Decision: {3: 0}
2026-05-23 14:59:41 [INFO]: Evaluating episode 19...
2026-05-23 14:59:41 [INFO]: Episode label: {'oracle_step': 60, 'stop_count': 9, 'has_stop': True, 'ego_crosses': True, 'ego_eta': 23, 'ego_direction': 'down', 'other_crosses': 3, 'close_other_count': 0, 'pedestrian_close': None, 'conflicting_approach': False, 'total_crosses': 4}
2026-05-23 14:59:41 [INFO]: Get map info from config/maps/square_2x2.yaml
2026-05-23 14:59:41 [INFO]: Get agent info from config/agents/easy_lite/val.yaml
2026-05-23 14:59:41 [INFO]: Get onology and rules info from config/rules/ontology_easy.yaml, config/rules/Nav/easy/expert.yaml
2026-05-23 14:59:41 [INFO]: Number of Entity Types: 1
Entity Types:
- Entity
2026-05-23 14:59:41 [INFO]: Number of Predicates: 13
Predicates:
- IsPedestrian: {'instance': "Function('IsPed', entity_sorts['Entity'], BoolSort())", 'arity': 1, 'method': 'IsPed(Entity)', 'function': 'logicity.utils.pred_converter.z3.IsPed'}
- IsCar: {'instance': "Function('IsCar', entity_sorts['Entity'], BoolSort())", 'arity': 1, 'method': 'IsCar(Entity)', 'function': 'logicity.utils.pred_converter.z3.IsCar'}
- IsAmbulance: {'instance': "Function('IsAmb', entity_sorts['Entity'], BoolSort())", 'arity': 1, 'method': 'IsAmb(Entity)', 'function': 'logicity.utils.pred_converter.z3.IsAmb'}
- IsOld: {'instance': "Function('IsOld', entity_sorts['Entity'], BoolSort())", 'arity': 1, 'method': 'IsOld(Entity)', 'function': 'logicity.utils.pred_converter.z3.IsOld'}
- IsTiro: {'instance': "Function('IsTiro', entity_sorts['Entity'], BoolSort())", 'arity': 1, 'method': 'IsTiro(Entity)', 'function': 'logicity.utils.pred_converter.z3.IsTiro'}
- IsAtInter: {'instance': "Function('IsAtInter', entity_sorts['Entity'], BoolSort())", 'arity': 1, 'method': 'IsAtInter(Entity)', 'function': 'logicity.utils.pred_converter.z3.IsAtInter'}
- IsInInter: {'instance': "Function('IsInInter', entity_sorts['Entity'], BoolSort())", 'arity': 1, 'method': 'IsInInter(Entity)', 'function': 'logicity.utils.pred_converter.z3.IsInInter'}
- HigherPri: {'instance': "Function('HigherPri', entity_sorts['Entity'], entity_sorts['Entity'], BoolSort())", 'arity': 2, 'method': 'HigherPri(Entity, Entity)', 'function': 'logicity.utils.pred_converter.z3.HigherPri'}
- CollidingClose: {'instance': "Function('CollidingClose', entity_sorts['Entity'], entity_sorts['Entity'], BoolSort())", 'arity': 2, 'method': 'CollidingClose(Entity, Entity)', 'function': 'logicity.utils.pred_converter.z3.CollidingClose'}
- Stop: {'instance': "Function('Stop', entity_sorts['Entity'], BoolSort())", 'arity': 1, 'method': 'Stop(Entity)', 'function': 'None'}
- Fast: {'instance': "Function('Fast', entity_sorts['Entity'], BoolSort())", 'arity': 1, 'method': 'Fast(Entity)', 'function': 'None'}
- Normal: {'instance': "Function('Normal', entity_sorts['Entity'], BoolSort())", 'arity': 1, 'method': 'Normal(Entity)', 'function': 'None'}
- Slow: {'instance': "Function('Slow', entity_sorts['Entity'], BoolSort())", 'arity': 1, 'method': 'Slow(Entity)', 'function': 'None'}
2026-05-23 14:59:41 [INFO]: *** Sim Rule ***: Stop -> 
 Stop(entity) == Exists(
  [dummyEntity], 
  Or(
    And(
      IsAtInter(entity), 
      IsInInter(dummyEntity), 
    ),
    And(
      IsAtInter(entity), 
      IsAtInter(dummyEntity), 
      HigherPri(dummyEntity, entity),
    ),
    CollidingClose(entity, dummyEntity)
  )
)

2026-05-23 14:59:41 [INFO]: *** Task Rule ***: Collision and Intersection -> 
 Implies(Exists(
  [dummyEntity], 
    Or(
      And(
        IsAtInter(entity), 
        IsInInter(dummyEntity), 
      ),
      And(
        IsAtInter(entity), 
        IsAtInter(dummyEntity), 
        HigherPri(dummyEntity, entity),
      ),
      CollidingClose(entity, dummyEntity)
    )
  ),
  Stop(entity)
)

2026-05-23 14:59:41 [INFO]: *** Expert Rule ***: Stop -> 
 Stop(entity) == Exists(
[dummyEntity], 
  Or(
    And(
      IsAtInter(entity), 
      IsInInter(dummyEntity), 
    ),
    And(
      IsAtInter(entity), 
      IsAtInter(dummyEntity), 
      HigherPri(dummyEntity, entity),
    ),
    CollidingClose(entity, dummyEntity)
  )
)

2026-05-23 14:59:41 [INFO]: *** Expert Rule ***: Slow -> 
 Not(Slow(entity))

2026-05-23 14:59:41 [INFO]: *** Expert Rule ***: Fast -> 
 Not(Fast(entity))

2026-05-23 14:59:41 [INFO]: *** Expert Rule ***: Normal -> 
 Normal(entity) == Not(Stop(entity))
2026-05-23 14:59:41 [INFO]: Rules created successfully
2026-05-23 14:59:41 [INFO]: Rules will be grounded later...
2026-05-23 14:59:41 [INFO]: Given Predicates {'IsPedestrian': {'instance': IsPed, 'arity': 1, 'method': 'IsPed(Entity)', 'function': 'logicity.utils.pred_converter.z3.IsPed'}, 'IsCar': {'instance': IsCar, 'arity': 1, 'method': 'IsCar(Entity)', 'function': 'logicity.utils.pred_converter.z3.IsCar'}, 'IsAmbulance': {'instance': IsAmb, 'arity': 1, 'method': 'IsAmb(Entity)', 'function': 'logicity.utils.pred_converter.z3.IsAmb'}, 'IsOld': {'instance': IsOld, 'arity': 1, 'method': 'IsOld(Entity)', 'function': 'logicity.utils.pred_converter.z3.IsOld'}, 'IsTiro': {'instance': IsTiro, 'arity': 1, 'method': 'IsTiro(Entity)', 'function': 'logicity.utils.pred_converter.z3.IsTiro'}, 'IsAtInter': {'instance': IsAtInter, 'arity': 1, 'method': 'IsAtInter(Entity)', 'function': 'logicity.utils.pred_converter.z3.IsAtInter'}, 'IsInInter': {'instance': IsInInter, 'arity': 1, 'method': 'IsInInter(Entity)', 'function': 'logicity.utils.pred_converter.z3.IsInInter'}, 'HigherPri': {'instance': HigherPri, 'arity': 2, 'method': 'HigherPri(Entity, Entity)', 'function': 'logicity.utils.pred_converter.z3.HigherPri'}, 'CollidingClose': {'instance': CollidingClose, 'arity': 2, 'method': 'CollidingClose(Entity, Entity)', 'function': 'logicity.utils.pred_converter.z3.CollidingClose'}, 'Stop': {'instance': Stop, 'arity': 1, 'method': 'Stop(Entity)', 'function': 'None'}, 'Fast': {'instance': Fast, 'arity': 1, 'method': 'Fast(Entity)', 'function': 'None'}, 'Normal': {'instance': Normal, 'arity': 1, 'method': 'Normal(Entity)', 'function': 'None'}, 'Slow': {'instance': Slow, 'arity': 1, 'method': 'Slow(Entity)', 'function': 'None'}}, the FOV entities {'Entity': 3}, The logic grounding shape is: 39
2026-05-23 14:59:41 [INFO]: Local planner constructed!
2026-05-23 14:59:41 [INFO]: Constructing 22 streets
2026-05-23 14:59:42 [INFO]: Constructing 16 buildings
2026-05-23 14:59:42 [INFO]: Adding 4 agents, they are constrained in 103 region
2026-05-23 14:59:43 [INFO]: Car_1 initialization done!
2026-05-23 14:59:43 [INFO]: Pedestrian_1 initialization done!
2026-05-23 14:59:43 [INFO]: Car_2 initialization done!
2026-05-23 14:59:44 [INFO]: Car_3 initialization done!
2026-05-23 14:59:44 [INFO]: Done!
2026-05-23 14:59:44 [INFO]: ***Init RL Agent in Env***
2026-05-23 14:59:56 [INFO]: will reset agent by success
2026-05-23 14:59:56 [INFO]: ***Reset RL Agent in Env***
2026-05-23 14:59:57 [INFO]: Car_1 initialization done!
2026-05-23 14:59:57 [INFO]: Pedestrian_1 initialization done!
2026-05-23 14:59:58 [INFO]: Car_2 initialization done!
2026-05-23 14:59:58 [INFO]: Car_3 initialization done!
2026-05-23 14:59:58 [INFO]: Agent reset priority to 2/4
2026-05-23 14:59:58 [INFO]: Agent reset concepts to {'type': 'Car', 'priority': 2}
2026-05-23 14:59:58 [INFO]: Episode 19 success.
2026-05-23 14:59:58 [INFO]: Episode 19 achieved a score of 5.370000000000002
2026-05-23 14:59:58 [INFO]: Episode 19 Success: 1
2026-05-23 14:59:58 [INFO]: Episode 19 Decision Step: {3: 1}
2026-05-23 14:59:58 [INFO]: Episode 19 Success Decision: {3: 1}
2026-05-23 14:59:58 [INFO]: Timestep: 5000 - Elapsed Time (s): 1734.17 - Success Rate: 1.0 - Mean Reward: 5.620000000000003 

2026-05-23 14:59:58 [INFO]: Failure Rate: 0.0 - Timeout Rate: 0.0 - Mean Episode Length: 56.75
2026-05-23 14:59:58 [INFO]: Mean Decision Succ: 1.0
2026-05-23 14:59:58 [INFO]: Average Decision Succ: 1.0
2026-05-23 14:59:58 [INFO]: Decision Succ for each action: {3: 1.0}
2026-05-23 14:59:58 [INFO]: Action Histogram: {0: 0, 1: 0, 2: 809, 3: 326}
2026-05-23 14:59:58 [INFO]: Failure Rule Counts: {}
2026-05-23 14:59:58 [INFO]: Training Rollout Since Last Eval: failures=41 timeouts=0 successes=69
2026-05-23 14:59:58 [INFO]: PLPG Metrics: base_safe=0.5704458269253702 shielded_safe=0.8337099082144347 gain=0.26326408128906453 intervention_rate=1.0 kl=0.447273208614488 l1=0.6358974005157202 hazard_rate=0.2872246696035242 forced_stop_rate=1.0
2026-05-23 15:29:16 [INFO]: Evaluating episode 0...
2026-05-23 15:29:16 [INFO]: Episode label: {'oracle_step': 21, 'stop_count': 0, 'has_stop': False, 'ego_crosses': True, 'ego_eta': 5, 'ego_direction': 'down', 'other_crosses': 3, 'close_other_count': 0, 'pedestrian_close': None, 'conflicting_approach': False, 'total_crosses': 4}
2026-05-23 15:29:16 [INFO]: Get map info from config/maps/square_2x2.yaml
2026-05-23 15:29:16 [INFO]: Get agent info from config/agents/easy_lite/val.yaml
2026-05-23 15:29:16 [INFO]: Get onology and rules info from config/rules/ontology_easy.yaml, config/rules/Nav/easy/expert.yaml
2026-05-23 15:29:16 [INFO]: Number of Entity Types: 1
Entity Types:
- Entity
2026-05-23 15:29:16 [INFO]: Number of Predicates: 13
Predicates:
- IsPedestrian: {'instance': "Function('IsPed', entity_sorts['Entity'], BoolSort())", 'arity': 1, 'method': 'IsPed(Entity)', 'function': 'logicity.utils.pred_converter.z3.IsPed'}
- IsCar: {'instance': "Function('IsCar', entity_sorts['Entity'], BoolSort())", 'arity': 1, 'method': 'IsCar(Entity)', 'function': 'logicity.utils.pred_converter.z3.IsCar'}
- IsAmbulance: {'instance': "Function('IsAmb', entity_sorts['Entity'], BoolSort())", 'arity': 1, 'method': 'IsAmb(Entity)', 'function': 'logicity.utils.pred_converter.z3.IsAmb'}
- IsOld: {'instance': "Function('IsOld', entity_sorts['Entity'], BoolSort())", 'arity': 1, 'method': 'IsOld(Entity)', 'function': 'logicity.utils.pred_converter.z3.IsOld'}
- IsTiro: {'instance': "Function('IsTiro', entity_sorts['Entity'], BoolSort())", 'arity': 1, 'method': 'IsTiro(Entity)', 'function': 'logicity.utils.pred_converter.z3.IsTiro'}
- IsAtInter: {'instance': "Function('IsAtInter', entity_sorts['Entity'], BoolSort())", 'arity': 1, 'method': 'IsAtInter(Entity)', 'function': 'logicity.utils.pred_converter.z3.IsAtInter'}
- IsInInter: {'instance': "Function('IsInInter', entity_sorts['Entity'], BoolSort())", 'arity': 1, 'method': 'IsInInter(Entity)', 'function': 'logicity.utils.pred_converter.z3.IsInInter'}
- HigherPri: {'instance': "Function('HigherPri', entity_sorts['Entity'], entity_sorts['Entity'], BoolSort())", 'arity': 2, 'method': 'HigherPri(Entity, Entity)', 'function': 'logicity.utils.pred_converter.z3.HigherPri'}
- CollidingClose: {'instance': "Function('CollidingClose', entity_sorts['Entity'], entity_sorts['Entity'], BoolSort())", 'arity': 2, 'method': 'CollidingClose(Entity, Entity)', 'function': 'logicity.utils.pred_converter.z3.CollidingClose'}
- Stop: {'instance': "Function('Stop', entity_sorts['Entity'], BoolSort())", 'arity': 1, 'method': 'Stop(Entity)', 'function': 'None'}
- Fast: {'instance': "Function('Fast', entity_sorts['Entity'], BoolSort())", 'arity': 1, 'method': 'Fast(Entity)', 'function': 'None'}
- Normal: {'instance': "Function('Normal', entity_sorts['Entity'], BoolSort())", 'arity': 1, 'method': 'Normal(Entity)', 'function': 'None'}
- Slow: {'instance': "Function('Slow', entity_sorts['Entity'], BoolSort())", 'arity': 1, 'method': 'Slow(Entity)', 'function': 'None'}
2026-05-23 15:29:16 [INFO]: *** Sim Rule ***: Stop -> 
 Stop(entity) == Exists(
  [dummyEntity], 
  Or(
    And(
      IsAtInter(entity), 
      IsInInter(dummyEntity), 
    ),
    And(
      IsAtInter(entity), 
      IsAtInter(dummyEntity), 
      HigherPri(dummyEntity, entity),
    ),
    CollidingClose(entity, dummyEntity)
  )
)

2026-05-23 15:29:16 [INFO]: *** Task Rule ***: Collision and Intersection -> 
 Implies(Exists(
  [dummyEntity], 
    Or(
      And(
        IsAtInter(entity), 
        IsInInter(dummyEntity), 
      ),
      And(
        IsAtInter(entity), 
        IsAtInter(dummyEntity), 
        HigherPri(dummyEntity, entity),
      ),
      CollidingClose(entity, dummyEntity)
    )
  ),
  Stop(entity)
)

2026-05-23 15:29:16 [INFO]: *** Expert Rule ***: Stop -> 
 Stop(entity) == Exists(
[dummyEntity], 
  Or(
    And(
      IsAtInter(entity), 
      IsInInter(dummyEntity), 
    ),
    And(
      IsAtInter(entity), 
      IsAtInter(dummyEntity), 
      HigherPri(dummyEntity, entity),
    ),
    CollidingClose(entity, dummyEntity)
  )
)

2026-05-23 15:29:16 [INFO]: *** Expert Rule ***: Slow -> 
 Not(Slow(entity))

2026-05-23 15:29:16 [INFO]: *** Expert Rule ***: Fast -> 
 Not(Fast(entity))

2026-05-23 15:29:16 [INFO]: *** Expert Rule ***: Normal -> 
 Normal(entity) == Not(Stop(entity))
2026-05-23 15:29:16 [INFO]: Rules created successfully
2026-05-23 15:29:16 [INFO]: Rules will be grounded later...
2026-05-23 15:29:16 [INFO]: Given Predicates {'IsPedestrian': {'instance': IsPed, 'arity': 1, 'method': 'IsPed(Entity)', 'function': 'logicity.utils.pred_converter.z3.IsPed'}, 'IsCar': {'instance': IsCar, 'arity': 1, 'method': 'IsCar(Entity)', 'function': 'logicity.utils.pred_converter.z3.IsCar'}, 'IsAmbulance': {'instance': IsAmb, 'arity': 1, 'method': 'IsAmb(Entity)', 'function': 'logicity.utils.pred_converter.z3.IsAmb'}, 'IsOld': {'instance': IsOld, 'arity': 1, 'method': 'IsOld(Entity)', 'function': 'logicity.utils.pred_converter.z3.IsOld'}, 'IsTiro': {'instance': IsTiro, 'arity': 1, 'method': 'IsTiro(Entity)', 'function': 'logicity.utils.pred_converter.z3.IsTiro'}, 'IsAtInter': {'instance': IsAtInter, 'arity': 1, 'method': 'IsAtInter(Entity)', 'function': 'logicity.utils.pred_converter.z3.IsAtInter'}, 'IsInInter': {'instance': IsInInter, 'arity': 1, 'method': 'IsInInter(Entity)', 'function': 'logicity.utils.pred_converter.z3.IsInInter'}, 'HigherPri': {'instance': HigherPri, 'arity': 2, 'method': 'HigherPri(Entity, Entity)', 'function': 'logicity.utils.pred_converter.z3.HigherPri'}, 'CollidingClose': {'instance': CollidingClose, 'arity': 2, 'method': 'CollidingClose(Entity, Entity)', 'function': 'logicity.utils.pred_converter.z3.CollidingClose'}, 'Stop': {'instance': Stop, 'arity': 1, 'method': 'Stop(Entity)', 'function': 'None'}, 'Fast': {'instance': Fast, 'arity': 1, 'method': 'Fast(Entity)', 'function': 'None'}, 'Normal': {'instance': Normal, 'arity': 1, 'method': 'Normal(Entity)', 'function': 'None'}, 'Slow': {'instance': Slow, 'arity': 1, 'method': 'Slow(Entity)', 'function': 'None'}}, the FOV entities {'Entity': 3}, The logic grounding shape is: 39
2026-05-23 15:29:16 [INFO]: Local planner constructed!
2026-05-23 15:29:16 [INFO]: Constructing 22 streets
2026-05-23 15:29:16 [INFO]: Constructing 16 buildings
2026-05-23 15:29:17 [INFO]: Adding 4 agents, they are constrained in 103 region
2026-05-23 15:29:18 [INFO]: Car_1 initialization done!
2026-05-23 15:29:18 [INFO]: Pedestrian_1 initialization done!
2026-05-23 15:29:18 [INFO]: Car_2 initialization done!
2026-05-23 15:29:19 [INFO]: Car_3 initialization done!
2026-05-23 15:29:19 [INFO]: Done!
2026-05-23 15:29:19 [INFO]: ***Init RL Agent in Env***
2026-05-23 15:29:24 [INFO]: will reset agent by success
2026-05-23 15:29:24 [INFO]: ***Reset RL Agent in Env***
2026-05-23 15:29:25 [INFO]: Car_1 initialization done!
2026-05-23 15:29:25 [INFO]: Pedestrian_1 initialization done!
2026-05-23 15:29:25 [INFO]: Car_2 initialization done!
2026-05-23 15:29:26 [INFO]: Car_3 initialization done!
2026-05-23 15:29:26 [INFO]: Agent reset priority to 1/4
2026-05-23 15:29:26 [INFO]: Agent reset concepts to {'type': 'Car', 'priority': 1}
2026-05-23 15:29:26 [INFO]: Episode 0 success.
2026-05-23 15:29:26 [INFO]: Episode 0 achieved a score of 2.5900000000000003
2026-05-23 15:29:26 [INFO]: Episode 0 Success: 1
2026-05-23 15:29:26 [INFO]: Episode 0 Decision Step: {3: 0}
2026-05-23 15:29:26 [INFO]: Episode 0 Success Decision: {3: 0}
2026-05-23 15:29:26 [INFO]: Evaluating episode 1...
2026-05-23 15:29:26 [INFO]: Episode label: {'oracle_step': 70, 'stop_count': 0, 'has_stop': False, 'ego_crosses': True, 'ego_eta': 62, 'ego_direction': 'up', 'other_crosses': 3, 'close_other_count': 0, 'pedestrian_close': None, 'conflicting_approach': False, 'total_crosses': 4}
2026-05-23 15:29:26 [INFO]: Get map info from config/maps/square_2x2.yaml
2026-05-23 15:29:26 [INFO]: Get agent info from config/agents/easy_lite/val.yaml
2026-05-23 15:29:26 [INFO]: Get onology and rules info from config/rules/ontology_easy.yaml, config/rules/Nav/easy/expert.yaml
2026-05-23 15:29:26 [INFO]: Number of Entity Types: 1
Entity Types:
- Entity
2026-05-23 15:29:26 [INFO]: Number of Predicates: 13
Predicates:
- IsPedestrian: {'instance': "Function('IsPed', entity_sorts['Entity'], BoolSort())", 'arity': 1, 'method': 'IsPed(Entity)', 'function': 'logicity.utils.pred_converter.z3.IsPed'}
- IsCar: {'instance': "Function('IsCar', entity_sorts['Entity'], BoolSort())", 'arity': 1, 'method': 'IsCar(Entity)', 'function': 'logicity.utils.pred_converter.z3.IsCar'}
- IsAmbulance: {'instance': "Function('IsAmb', entity_sorts['Entity'], BoolSort())", 'arity': 1, 'method': 'IsAmb(Entity)', 'function': 'logicity.utils.pred_converter.z3.IsAmb'}
- IsOld: {'instance': "Function('IsOld', entity_sorts['Entity'], BoolSort())", 'arity': 1, 'method': 'IsOld(Entity)', 'function': 'logicity.utils.pred_converter.z3.IsOld'}
- IsTiro: {'instance': "Function('IsTiro', entity_sorts['Entity'], BoolSort())", 'arity': 1, 'method': 'IsTiro(Entity)', 'function': 'logicity.utils.pred_converter.z3.IsTiro'}
- IsAtInter: {'instance': "Function('IsAtInter', entity_sorts['Entity'], BoolSort())", 'arity': 1, 'method': 'IsAtInter(Entity)', 'function': 'logicity.utils.pred_converter.z3.IsAtInter'}
- IsInInter: {'instance': "Function('IsInInter', entity_sorts['Entity'], BoolSort())", 'arity': 1, 'method': 'IsInInter(Entity)', 'function': 'logicity.utils.pred_converter.z3.IsInInter'}
- HigherPri: {'instance': "Function('HigherPri', entity_sorts['Entity'], entity_sorts['Entity'], BoolSort())", 'arity': 2, 'method': 'HigherPri(Entity, Entity)', 'function': 'logicity.utils.pred_converter.z3.HigherPri'}
- CollidingClose: {'instance': "Function('CollidingClose', entity_sorts['Entity'], entity_sorts['Entity'], BoolSort())", 'arity': 2, 'method': 'CollidingClose(Entity, Entity)', 'function': 'logicity.utils.pred_converter.z3.CollidingClose'}
- Stop: {'instance': "Function('Stop', entity_sorts['Entity'], BoolSort())", 'arity': 1, 'method': 'Stop(Entity)', 'function': 'None'}
- Fast: {'instance': "Function('Fast', entity_sorts['Entity'], BoolSort())", 'arity': 1, 'method': 'Fast(Entity)', 'function': 'None'}
- Normal: {'instance': "Function('Normal', entity_sorts['Entity'], BoolSort())", 'arity': 1, 'method': 'Normal(Entity)', 'function': 'None'}
- Slow: {'instance': "Function('Slow', entity_sorts['Entity'], BoolSort())", 'arity': 1, 'method': 'Slow(Entity)', 'function': 'None'}
2026-05-23 15:29:26 [INFO]: *** Sim Rule ***: Stop -> 
 Stop(entity) == Exists(
  [dummyEntity], 
  Or(
    And(
      IsAtInter(entity), 
      IsInInter(dummyEntity), 
    ),
    And(
      IsAtInter(entity), 
      IsAtInter(dummyEntity), 
      HigherPri(dummyEntity, entity),
    ),
    CollidingClose(entity, dummyEntity)
  )
)

2026-05-23 15:29:26 [INFO]: *** Task Rule ***: Collision and Intersection -> 
 Implies(Exists(
  [dummyEntity], 
    Or(
      And(
        IsAtInter(entity), 
        IsInInter(dummyEntity), 
      ),
      And(
        IsAtInter(entity), 
        IsAtInter(dummyEntity), 
        HigherPri(dummyEntity, entity),
      ),
      CollidingClose(entity, dummyEntity)
    )
  ),
  Stop(entity)
)

2026-05-23 15:29:26 [INFO]: *** Expert Rule ***: Stop -> 
 Stop(entity) == Exists(
[dummyEntity], 
  Or(
    And(
      IsAtInter(entity), 
      IsInInter(dummyEntity), 
    ),
    And(
      IsAtInter(entity), 
      IsAtInter(dummyEntity), 
      HigherPri(dummyEntity, entity),
    ),
    CollidingClose(entity, dummyEntity)
  )
)

2026-05-23 15:29:26 [INFO]: *** Expert Rule ***: Slow -> 
 Not(Slow(entity))

2026-05-23 15:29:26 [INFO]: *** Expert Rule ***: Fast -> 
 Not(Fast(entity))

2026-05-23 15:29:26 [INFO]: *** Expert Rule ***: Normal -> 
 Normal(entity) == Not(Stop(entity))
2026-05-23 15:29:26 [INFO]: Rules created successfully
2026-05-23 15:29:26 [INFO]: Rules will be grounded later...
2026-05-23 15:29:26 [INFO]: Given Predicates {'IsPedestrian': {'instance': IsPed, 'arity': 1, 'method': 'IsPed(Entity)', 'function': 'logicity.utils.pred_converter.z3.IsPed'}, 'IsCar': {'instance': IsCar, 'arity': 1, 'method': 'IsCar(Entity)', 'function': 'logicity.utils.pred_converter.z3.IsCar'}, 'IsAmbulance': {'instance': IsAmb, 'arity': 1, 'method': 'IsAmb(Entity)', 'function': 'logicity.utils.pred_converter.z3.IsAmb'}, 'IsOld': {'instance': IsOld, 'arity': 1, 'method': 'IsOld(Entity)', 'function': 'logicity.utils.pred_converter.z3.IsOld'}, 'IsTiro': {'instance': IsTiro, 'arity': 1, 'method': 'IsTiro(Entity)', 'function': 'logicity.utils.pred_converter.z3.IsTiro'}, 'IsAtInter': {'instance': IsAtInter, 'arity': 1, 'method': 'IsAtInter(Entity)', 'function': 'logicity.utils.pred_converter.z3.IsAtInter'}, 'IsInInter': {'instance': IsInInter, 'arity': 1, 'method': 'IsInInter(Entity)', 'function': 'logicity.utils.pred_converter.z3.IsInInter'}, 'HigherPri': {'instance': HigherPri, 'arity': 2, 'method': 'HigherPri(Entity, Entity)', 'function': 'logicity.utils.pred_converter.z3.HigherPri'}, 'CollidingClose': {'instance': CollidingClose, 'arity': 2, 'method': 'CollidingClose(Entity, Entity)', 'function': 'logicity.utils.pred_converter.z3.CollidingClose'}, 'Stop': {'instance': Stop, 'arity': 1, 'method': 'Stop(Entity)', 'function': 'None'}, 'Fast': {'instance': Fast, 'arity': 1, 'method': 'Fast(Entity)', 'function': 'None'}, 'Normal': {'instance': Normal, 'arity': 1, 'method': 'Normal(Entity)', 'function': 'None'}, 'Slow': {'instance': Slow, 'arity': 1, 'method': 'Slow(Entity)', 'function': 'None'}}, the FOV entities {'Entity': 3}, The logic grounding shape is: 39
2026-05-23 15:29:26 [INFO]: Local planner constructed!
2026-05-23 15:29:26 [INFO]: Constructing 22 streets
2026-05-23 15:29:27 [INFO]: Constructing 16 buildings
2026-05-23 15:29:27 [INFO]: Adding 4 agents, they are constrained in 103 region
2026-05-23 15:29:28 [INFO]: Car_1 initialization done!
2026-05-23 15:29:28 [INFO]: Pedestrian_1 initialization done!
2026-05-23 15:29:28 [INFO]: Car_2 initialization done!
2026-05-23 15:29:29 [INFO]: Car_3 initialization done!
2026-05-23 15:29:29 [INFO]: Done!
2026-05-23 15:29:29 [INFO]: ***Init RL Agent in Env***
2026-05-23 15:30:00 [INFO]: will reset agent by success
2026-05-23 15:30:00 [INFO]: ***Reset RL Agent in Env***
2026-05-23 15:30:00 [INFO]: Car_1 initialization done!
2026-05-23 15:30:00 [INFO]: Pedestrian_1 initialization done!
2026-05-23 15:30:01 [INFO]: Car_2 initialization done!
2026-05-23 15:30:01 [INFO]: Car_3 initialization done!
2026-05-23 15:30:01 [INFO]: Agent reset priority to 1/4
2026-05-23 15:30:01 [INFO]: Agent reset concepts to {'type': 'Car', 'priority': 1}
2026-05-23 15:30:01 [INFO]: Episode 1 success.
2026-05-23 15:30:01 [INFO]: Episode 1 achieved a score of 6.560000000000007
2026-05-23 15:30:01 [INFO]: Episode 1 Success: 1
2026-05-23 15:30:01 [INFO]: Episode 1 Decision Step: {3: 1}
2026-05-23 15:30:01 [INFO]: Episode 1 Success Decision: {3: 1}
2026-05-23 15:30:01 [INFO]: Evaluating episode 2...
2026-05-23 15:30:01 [INFO]: Episode label: {'oracle_step': 137, 'stop_count': 52, 'has_stop': True, 'ego_crosses': True, 'ego_eta': 91, 'ego_direction': 'up', 'other_crosses': 3, 'close_other_count': 0, 'pedestrian_close': None, 'conflicting_approach': False, 'total_crosses': 4}
2026-05-23 15:30:02 [INFO]: Get map info from config/maps/square_2x2.yaml
2026-05-23 15:30:02 [INFO]: Get agent info from config/agents/easy_lite/val.yaml
2026-05-23 15:30:02 [INFO]: Get onology and rules info from config/rules/ontology_easy.yaml, config/rules/Nav/easy/expert.yaml
2026-05-23 15:30:02 [INFO]: Number of Entity Types: 1
Entity Types:
- Entity
2026-05-23 15:30:02 [INFO]: Number of Predicates: 13
Predicates:
- IsPedestrian: {'instance': "Function('IsPed', entity_sorts['Entity'], BoolSort())", 'arity': 1, 'method': 'IsPed(Entity)', 'function': 'logicity.utils.pred_converter.z3.IsPed'}
- IsCar: {'instance': "Function('IsCar', entity_sorts['Entity'], BoolSort())", 'arity': 1, 'method': 'IsCar(Entity)', 'function': 'logicity.utils.pred_converter.z3.IsCar'}
- IsAmbulance: {'instance': "Function('IsAmb', entity_sorts['Entity'], BoolSort())", 'arity': 1, 'method': 'IsAmb(Entity)', 'function': 'logicity.utils.pred_converter.z3.IsAmb'}
- IsOld: {'instance': "Function('IsOld', entity_sorts['Entity'], BoolSort())", 'arity': 1, 'method': 'IsOld(Entity)', 'function': 'logicity.utils.pred_converter.z3.IsOld'}
- IsTiro: {'instance': "Function('IsTiro', entity_sorts['Entity'], BoolSort())", 'arity': 1, 'method': 'IsTiro(Entity)', 'function': 'logicity.utils.pred_converter.z3.IsTiro'}
- IsAtInter: {'instance': "Function('IsAtInter', entity_sorts['Entity'], BoolSort())", 'arity': 1, 'method': 'IsAtInter(Entity)', 'function': 'logicity.utils.pred_converter.z3.IsAtInter'}
- IsInInter: {'instance': "Function('IsInInter', entity_sorts['Entity'], BoolSort())", 'arity': 1, 'method': 'IsInInter(Entity)', 'function': 'logicity.utils.pred_converter.z3.IsInInter'}
- HigherPri: {'instance': "Function('HigherPri', entity_sorts['Entity'], entity_sorts['Entity'], BoolSort())", 'arity': 2, 'method': 'HigherPri(Entity, Entity)', 'function': 'logicity.utils.pred_converter.z3.HigherPri'}
- CollidingClose: {'instance': "Function('CollidingClose', entity_sorts['Entity'], entity_sorts['Entity'], BoolSort())", 'arity': 2, 'method': 'CollidingClose(Entity, Entity)', 'function': 'logicity.utils.pred_converter.z3.CollidingClose'}
- Stop: {'instance': "Function('Stop', entity_sorts['Entity'], BoolSort())", 'arity': 1, 'method': 'Stop(Entity)', 'function': 'None'}
- Fast: {'instance': "Function('Fast', entity_sorts['Entity'], BoolSort())", 'arity': 1, 'method': 'Fast(Entity)', 'function': 'None'}
- Normal: {'instance': "Function('Normal', entity_sorts['Entity'], BoolSort())", 'arity': 1, 'method': 'Normal(Entity)', 'function': 'None'}
- Slow: {'instance': "Function('Slow', entity_sorts['Entity'], BoolSort())", 'arity': 1, 'method': 'Slow(Entity)', 'function': 'None'}
2026-05-23 15:30:02 [INFO]: *** Sim Rule ***: Stop -> 
 Stop(entity) == Exists(
  [dummyEntity], 
  Or(
    And(
      IsAtInter(entity), 
      IsInInter(dummyEntity), 
    ),
    And(
      IsAtInter(entity), 
      IsAtInter(dummyEntity), 
      HigherPri(dummyEntity, entity),
    ),
    CollidingClose(entity, dummyEntity)
  )
)

2026-05-23 15:30:02 [INFO]: *** Task Rule ***: Collision and Intersection -> 
 Implies(Exists(
  [dummyEntity], 
    Or(
      And(
        IsAtInter(entity), 
        IsInInter(dummyEntity), 
      ),
      And(
        IsAtInter(entity), 
        IsAtInter(dummyEntity), 
        HigherPri(dummyEntity, entity),
      ),
      CollidingClose(entity, dummyEntity)
    )
  ),
  Stop(entity)
)

2026-05-23 15:30:02 [INFO]: *** Expert Rule ***: Stop -> 
 Stop(entity) == Exists(
[dummyEntity], 
  Or(
    And(
      IsAtInter(entity), 
      IsInInter(dummyEntity), 
    ),
    And(
      IsAtInter(entity), 
      IsAtInter(dummyEntity), 
      HigherPri(dummyEntity, entity),
    ),
    CollidingClose(entity, dummyEntity)
  )
)

2026-05-23 15:30:02 [INFO]: *** Expert Rule ***: Slow -> 
 Not(Slow(entity))

2026-05-23 15:30:02 [INFO]: *** Expert Rule ***: Fast -> 
 Not(Fast(entity))

2026-05-23 15:30:02 [INFO]: *** Expert Rule ***: Normal -> 
 Normal(entity) == Not(Stop(entity))
2026-05-23 15:30:02 [INFO]: Rules created successfully
2026-05-23 15:30:02 [INFO]: Rules will be grounded later...
2026-05-23 15:30:02 [INFO]: Given Predicates {'IsPedestrian': {'instance': IsPed, 'arity': 1, 'method': 'IsPed(Entity)', 'function': 'logicity.utils.pred_converter.z3.IsPed'}, 'IsCar': {'instance': IsCar, 'arity': 1, 'method': 'IsCar(Entity)', 'function': 'logicity.utils.pred_converter.z3.IsCar'}, 'IsAmbulance': {'instance': IsAmb, 'arity': 1, 'method': 'IsAmb(Entity)', 'function': 'logicity.utils.pred_converter.z3.IsAmb'}, 'IsOld': {'instance': IsOld, 'arity': 1, 'method': 'IsOld(Entity)', 'function': 'logicity.utils.pred_converter.z3.IsOld'}, 'IsTiro': {'instance': IsTiro, 'arity': 1, 'method': 'IsTiro(Entity)', 'function': 'logicity.utils.pred_converter.z3.IsTiro'}, 'IsAtInter': {'instance': IsAtInter, 'arity': 1, 'method': 'IsAtInter(Entity)', 'function': 'logicity.utils.pred_converter.z3.IsAtInter'}, 'IsInInter': {'instance': IsInInter, 'arity': 1, 'method': 'IsInInter(Entity)', 'function': 'logicity.utils.pred_converter.z3.IsInInter'}, 'HigherPri': {'instance': HigherPri, 'arity': 2, 'method': 'HigherPri(Entity, Entity)', 'function': 'logicity.utils.pred_converter.z3.HigherPri'}, 'CollidingClose': {'instance': CollidingClose, 'arity': 2, 'method': 'CollidingClose(Entity, Entity)', 'function': 'logicity.utils.pred_converter.z3.CollidingClose'}, 'Stop': {'instance': Stop, 'arity': 1, 'method': 'Stop(Entity)', 'function': 'None'}, 'Fast': {'instance': Fast, 'arity': 1, 'method': 'Fast(Entity)', 'function': 'None'}, 'Normal': {'instance': Normal, 'arity': 1, 'method': 'Normal(Entity)', 'function': 'None'}, 'Slow': {'instance': Slow, 'arity': 1, 'method': 'Slow(Entity)', 'function': 'None'}}, the FOV entities {'Entity': 3}, The logic grounding shape is: 39
2026-05-23 15:30:02 [INFO]: Local planner constructed!
2026-05-23 15:30:02 [INFO]: Constructing 22 streets
2026-05-23 15:30:02 [INFO]: Constructing 16 buildings
2026-05-23 15:30:03 [INFO]: Adding 4 agents, they are constrained in 103 region
2026-05-23 15:30:03 [INFO]: Car_1 initialization done!
2026-05-23 15:30:03 [INFO]: Pedestrian_1 initialization done!
2026-05-23 15:30:04 [INFO]: Car_2 initialization done!
2026-05-23 15:30:04 [INFO]: Car_3 initialization done!
2026-05-23 15:30:04 [INFO]: Done!
2026-05-23 15:30:04 [INFO]: ***Init RL Agent in Env***
2026-05-23 15:30:38 [INFO]: will reset agent by success
2026-05-23 15:30:38 [INFO]: ***Reset RL Agent in Env***
2026-05-23 15:30:39 [INFO]: Car_1 initialization done!
2026-05-23 15:30:39 [INFO]: Pedestrian_1 initialization done!
2026-05-23 15:30:40 [INFO]: Car_2 initialization done!
2026-05-23 15:30:41 [INFO]: Car_3 initialization done!
2026-05-23 15:30:41 [INFO]: Agent reset priority to 2/4
2026-05-23 15:30:41 [INFO]: Agent reset concepts to {'type': 'Car', 'priority': 2}
2026-05-23 15:30:41 [INFO]: Episode 2 success.
2026-05-23 15:30:41 [INFO]: Episode 2 achieved a score of 7.7900000000000045
2026-05-23 15:30:41 [INFO]: Episode 2 Success: 1
2026-05-23 15:30:41 [INFO]: Episode 2 Decision Step: {3: 1}
2026-05-23 15:30:41 [INFO]: Episode 2 Success Decision: {3: 1}
2026-05-23 15:30:41 [INFO]: Evaluating episode 3...
2026-05-23 15:30:41 [INFO]: Episode label: {'oracle_step': 57, 'stop_count': 7, 'has_stop': True, 'ego_crosses': True, 'ego_eta': 13, 'ego_direction': 'up', 'other_crosses': 3, 'close_other_count': 0, 'pedestrian_close': None, 'conflicting_approach': False, 'total_crosses': 4}
2026-05-23 15:30:41 [INFO]: Get map info from config/maps/square_2x2.yaml
2026-05-23 15:30:41 [INFO]: Get agent info from config/agents/easy_lite/val.yaml
2026-05-23 15:30:41 [INFO]: Get onology and rules info from config/rules/ontology_easy.yaml, config/rules/Nav/easy/expert.yaml
2026-05-23 15:30:41 [INFO]: Number of Entity Types: 1
Entity Types:
- Entity
2026-05-23 15:30:41 [INFO]: Number of Predicates: 13
Predicates:
- IsPedestrian: {'instance': "Function('IsPed', entity_sorts['Entity'], BoolSort())", 'arity': 1, 'method': 'IsPed(Entity)', 'function': 'logicity.utils.pred_converter.z3.IsPed'}
- IsCar: {'instance': "Function('IsCar', entity_sorts['Entity'], BoolSort())", 'arity': 1, 'method': 'IsCar(Entity)', 'function': 'logicity.utils.pred_converter.z3.IsCar'}
- IsAmbulance: {'instance': "Function('IsAmb', entity_sorts['Entity'], BoolSort())", 'arity': 1, 'method': 'IsAmb(Entity)', 'function': 'logicity.utils.pred_converter.z3.IsAmb'}
- IsOld: {'instance': "Function('IsOld', entity_sorts['Entity'], BoolSort())", 'arity': 1, 'method': 'IsOld(Entity)', 'function': 'logicity.utils.pred_converter.z3.IsOld'}
- IsTiro: {'instance': "Function('IsTiro', entity_sorts['Entity'], BoolSort())", 'arity': 1, 'method': 'IsTiro(Entity)', 'function': 'logicity.utils.pred_converter.z3.IsTiro'}
- IsAtInter: {'instance': "Function('IsAtInter', entity_sorts['Entity'], BoolSort())", 'arity': 1, 'method': 'IsAtInter(Entity)', 'function': 'logicity.utils.pred_converter.z3.IsAtInter'}
- IsInInter: {'instance': "Function('IsInInter', entity_sorts['Entity'], BoolSort())", 'arity': 1, 'method': 'IsInInter(Entity)', 'function': 'logicity.utils.pred_converter.z3.IsInInter'}
- HigherPri: {'instance': "Function('HigherPri', entity_sorts['Entity'], entity_sorts['Entity'], BoolSort())", 'arity': 2, 'method': 'HigherPri(Entity, Entity)', 'function': 'logicity.utils.pred_converter.z3.HigherPri'}
- CollidingClose: {'instance': "Function('CollidingClose', entity_sorts['Entity'], entity_sorts['Entity'], BoolSort())", 'arity': 2, 'method': 'CollidingClose(Entity, Entity)', 'function': 'logicity.utils.pred_converter.z3.CollidingClose'}
- Stop: {'instance': "Function('Stop', entity_sorts['Entity'], BoolSort())", 'arity': 1, 'method': 'Stop(Entity)', 'function': 'None'}
- Fast: {'instance': "Function('Fast', entity_sorts['Entity'], BoolSort())", 'arity': 1, 'method': 'Fast(Entity)', 'function': 'None'}
- Normal: {'instance': "Function('Normal', entity_sorts['Entity'], BoolSort())", 'arity': 1, 'method': 'Normal(Entity)', 'function': 'None'}
- Slow: {'instance': "Function('Slow', entity_sorts['Entity'], BoolSort())", 'arity': 1, 'method': 'Slow(Entity)', 'function': 'None'}
2026-05-23 15:30:41 [INFO]: *** Sim Rule ***: Stop -> 
 Stop(entity) == Exists(
  [dummyEntity], 
  Or(
    And(
      IsAtInter(entity), 
      IsInInter(dummyEntity), 
    ),
    And(
      IsAtInter(entity), 
      IsAtInter(dummyEntity), 
      HigherPri(dummyEntity, entity),
    ),
    CollidingClose(entity, dummyEntity)
  )
)

2026-05-23 15:30:41 [INFO]: *** Task Rule ***: Collision and Intersection -> 
 Implies(Exists(
  [dummyEntity], 
    Or(
      And(
        IsAtInter(entity), 
        IsInInter(dummyEntity), 
      ),
      And(
        IsAtInter(entity), 
        IsAtInter(dummyEntity), 
        HigherPri(dummyEntity, entity),
      ),
      CollidingClose(entity, dummyEntity)
    )
  ),
  Stop(entity)
)

2026-05-23 15:30:41 [INFO]: *** Expert Rule ***: Stop -> 
 Stop(entity) == Exists(
[dummyEntity], 
  Or(
    And(
      IsAtInter(entity), 
      IsInInter(dummyEntity), 
    ),
    And(
      IsAtInter(entity), 
      IsAtInter(dummyEntity), 
      HigherPri(dummyEntity, entity),
    ),
    CollidingClose(entity, dummyEntity)
  )
)

2026-05-23 15:30:41 [INFO]: *** Expert Rule ***: Slow -> 
 Not(Slow(entity))

2026-05-23 15:30:41 [INFO]: *** Expert Rule ***: Fast -> 
 Not(Fast(entity))

2026-05-23 15:30:41 [INFO]: *** Expert Rule ***: Normal -> 
 Normal(entity) == Not(Stop(entity))
2026-05-23 15:30:41 [INFO]: Rules created successfully
2026-05-23 15:30:41 [INFO]: Rules will be grounded later...
2026-05-23 15:30:41 [INFO]: Given Predicates {'IsPedestrian': {'instance': IsPed, 'arity': 1, 'method': 'IsPed(Entity)', 'function': 'logicity.utils.pred_converter.z3.IsPed'}, 'IsCar': {'instance': IsCar, 'arity': 1, 'method': 'IsCar(Entity)', 'function': 'logicity.utils.pred_converter.z3.IsCar'}, 'IsAmbulance': {'instance': IsAmb, 'arity': 1, 'method': 'IsAmb(Entity)', 'function': 'logicity.utils.pred_converter.z3.IsAmb'}, 'IsOld': {'instance': IsOld, 'arity': 1, 'method': 'IsOld(Entity)', 'function': 'logicity.utils.pred_converter.z3.IsOld'}, 'IsTiro': {'instance': IsTiro, 'arity': 1, 'method': 'IsTiro(Entity)', 'function': 'logicity.utils.pred_converter.z3.IsTiro'}, 'IsAtInter': {'instance': IsAtInter, 'arity': 1, 'method': 'IsAtInter(Entity)', 'function': 'logicity.utils.pred_converter.z3.IsAtInter'}, 'IsInInter': {'instance': IsInInter, 'arity': 1, 'method': 'IsInInter(Entity)', 'function': 'logicity.utils.pred_converter.z3.IsInInter'}, 'HigherPri': {'instance': HigherPri, 'arity': 2, 'method': 'HigherPri(Entity, Entity)', 'function': 'logicity.utils.pred_converter.z3.HigherPri'}, 'CollidingClose': {'instance': CollidingClose, 'arity': 2, 'method': 'CollidingClose(Entity, Entity)', 'function': 'logicity.utils.pred_converter.z3.CollidingClose'}, 'Stop': {'instance': Stop, 'arity': 1, 'method': 'Stop(Entity)', 'function': 'None'}, 'Fast': {'instance': Fast, 'arity': 1, 'method': 'Fast(Entity)', 'function': 'None'}, 'Normal': {'instance': Normal, 'arity': 1, 'method': 'Normal(Entity)', 'function': 'None'}, 'Slow': {'instance': Slow, 'arity': 1, 'method': 'Slow(Entity)', 'function': 'None'}}, the FOV entities {'Entity': 3}, The logic grounding shape is: 39
2026-05-23 15:30:41 [INFO]: Local planner constructed!
2026-05-23 15:30:41 [INFO]: Constructing 22 streets
2026-05-23 15:30:42 [INFO]: Constructing 16 buildings
2026-05-23 15:30:43 [INFO]: Adding 4 agents, they are constrained in 103 region
2026-05-23 15:30:43 [INFO]: Car_1 initialization done!
2026-05-23 15:30:43 [INFO]: Pedestrian_1 initialization done!
2026-05-23 15:30:44 [INFO]: Car_2 initialization done!
2026-05-23 15:30:44 [INFO]: Car_3 initialization done!
2026-05-23 15:30:45 [INFO]: Done!
2026-05-23 15:30:45 [INFO]: ***Init RL Agent in Env***
2026-05-23 15:31:00 [INFO]: will reset agent by success
2026-05-23 15:31:00 [INFO]: ***Reset RL Agent in Env***
2026-05-23 15:31:01 [INFO]: Car_1 initialization done!
2026-05-23 15:31:01 [INFO]: Pedestrian_1 initialization done!
2026-05-23 15:31:01 [INFO]: Car_2 initialization done!
2026-05-23 15:31:02 [INFO]: Car_3 initialization done!
2026-05-23 15:31:02 [INFO]: Agent reset priority to 2/4
2026-05-23 15:31:02 [INFO]: Agent reset concepts to {'type': 'Car', 'priority': 2}
2026-05-23 15:31:02 [INFO]: Episode 3 success.
2026-05-23 15:31:02 [INFO]: Episode 3 achieved a score of 5.179999999999998
2026-05-23 15:31:02 [INFO]: Episode 3 Success: 1
2026-05-23 15:31:02 [INFO]: Episode 3 Decision Step: {3: 1}
2026-05-23 15:31:02 [INFO]: Episode 3 Success Decision: {3: 1}
2026-05-23 15:31:02 [INFO]: Evaluating episode 4...
2026-05-23 15:31:02 [INFO]: Episode label: {'oracle_step': 66, 'stop_count': 17, 'has_stop': True, 'ego_crosses': True, 'ego_eta': 26, 'ego_direction': 'down', 'other_crosses': 3, 'close_other_count': 0, 'pedestrian_close': None, 'conflicting_approach': False, 'total_crosses': 4}
2026-05-23 15:31:03 [INFO]: Get map info from config/maps/square_2x2.yaml
2026-05-23 15:31:03 [INFO]: Get agent info from config/agents/easy_lite/val.yaml
2026-05-23 15:31:03 [INFO]: Get onology and rules info from config/rules/ontology_easy.yaml, config/rules/Nav/easy/expert.yaml
2026-05-23 15:31:03 [INFO]: Number of Entity Types: 1
Entity Types:
- Entity
2026-05-23 15:31:03 [INFO]: Number of Predicates: 13
Predicates:
- IsPedestrian: {'instance': "Function('IsPed', entity_sorts['Entity'], BoolSort())", 'arity': 1, 'method': 'IsPed(Entity)', 'function': 'logicity.utils.pred_converter.z3.IsPed'}
- IsCar: {'instance': "Function('IsCar', entity_sorts['Entity'], BoolSort())", 'arity': 1, 'method': 'IsCar(Entity)', 'function': 'logicity.utils.pred_converter.z3.IsCar'}
- IsAmbulance: {'instance': "Function('IsAmb', entity_sorts['Entity'], BoolSort())", 'arity': 1, 'method': 'IsAmb(Entity)', 'function': 'logicity.utils.pred_converter.z3.IsAmb'}
- IsOld: {'instance': "Function('IsOld', entity_sorts['Entity'], BoolSort())", 'arity': 1, 'method': 'IsOld(Entity)', 'function': 'logicity.utils.pred_converter.z3.IsOld'}
- IsTiro: {'instance': "Function('IsTiro', entity_sorts['Entity'], BoolSort())", 'arity': 1, 'method': 'IsTiro(Entity)', 'function': 'logicity.utils.pred_converter.z3.IsTiro'}
- IsAtInter: {'instance': "Function('IsAtInter', entity_sorts['Entity'], BoolSort())", 'arity': 1, 'method': 'IsAtInter(Entity)', 'function': 'logicity.utils.pred_converter.z3.IsAtInter'}
- IsInInter: {'instance': "Function('IsInInter', entity_sorts['Entity'], BoolSort())", 'arity': 1, 'method': 'IsInInter(Entity)', 'function': 'logicity.utils.pred_converter.z3.IsInInter'}
- HigherPri: {'instance': "Function('HigherPri', entity_sorts['Entity'], entity_sorts['Entity'], BoolSort())", 'arity': 2, 'method': 'HigherPri(Entity, Entity)', 'function': 'logicity.utils.pred_converter.z3.HigherPri'}
- CollidingClose: {'instance': "Function('CollidingClose', entity_sorts['Entity'], entity_sorts['Entity'], BoolSort())", 'arity': 2, 'method': 'CollidingClose(Entity, Entity)', 'function': 'logicity.utils.pred_converter.z3.CollidingClose'}
- Stop: {'instance': "Function('Stop', entity_sorts['Entity'], BoolSort())", 'arity': 1, 'method': 'Stop(Entity)', 'function': 'None'}
- Fast: {'instance': "Function('Fast', entity_sorts['Entity'], BoolSort())", 'arity': 1, 'method': 'Fast(Entity)', 'function': 'None'}
- Normal: {'instance': "Function('Normal', entity_sorts['Entity'], BoolSort())", 'arity': 1, 'method': 'Normal(Entity)', 'function': 'None'}
- Slow: {'instance': "Function('Slow', entity_sorts['Entity'], BoolSort())", 'arity': 1, 'method': 'Slow(Entity)', 'function': 'None'}
2026-05-23 15:31:03 [INFO]: *** Sim Rule ***: Stop -> 
 Stop(entity) == Exists(
  [dummyEntity], 
  Or(
    And(
      IsAtInter(entity), 
      IsInInter(dummyEntity), 
    ),
    And(
      IsAtInter(entity), 
      IsAtInter(dummyEntity), 
      HigherPri(dummyEntity, entity),
    ),
    CollidingClose(entity, dummyEntity)
  )
)

2026-05-23 15:31:03 [INFO]: *** Task Rule ***: Collision and Intersection -> 
 Implies(Exists(
  [dummyEntity], 
    Or(
      And(
        IsAtInter(entity), 
        IsInInter(dummyEntity), 
      ),
      And(
        IsAtInter(entity), 
        IsAtInter(dummyEntity), 
        HigherPri(dummyEntity, entity),
      ),
      CollidingClose(entity, dummyEntity)
    )
  ),
  Stop(entity)
)

2026-05-23 15:31:03 [INFO]: *** Expert Rule ***: Stop -> 
 Stop(entity) == Exists(
[dummyEntity], 
  Or(
    And(
      IsAtInter(entity), 
      IsInInter(dummyEntity), 
    ),
    And(
      IsAtInter(entity), 
      IsAtInter(dummyEntity), 
      HigherPri(dummyEntity, entity),
    ),
    CollidingClose(entity, dummyEntity)
  )
)

2026-05-23 15:31:03 [INFO]: *** Expert Rule ***: Slow -> 
 Not(Slow(entity))

2026-05-23 15:31:03 [INFO]: *** Expert Rule ***: Fast -> 
 Not(Fast(entity))

2026-05-23 15:31:03 [INFO]: *** Expert Rule ***: Normal -> 
 Normal(entity) == Not(Stop(entity))
2026-05-23 15:31:03 [INFO]: Rules created successfully
2026-05-23 15:31:03 [INFO]: Rules will be grounded later...
2026-05-23 15:31:03 [INFO]: Given Predicates {'IsPedestrian': {'instance': IsPed, 'arity': 1, 'method': 'IsPed(Entity)', 'function': 'logicity.utils.pred_converter.z3.IsPed'}, 'IsCar': {'instance': IsCar, 'arity': 1, 'method': 'IsCar(Entity)', 'function': 'logicity.utils.pred_converter.z3.IsCar'}, 'IsAmbulance': {'instance': IsAmb, 'arity': 1, 'method': 'IsAmb(Entity)', 'function': 'logicity.utils.pred_converter.z3.IsAmb'}, 'IsOld': {'instance': IsOld, 'arity': 1, 'method': 'IsOld(Entity)', 'function': 'logicity.utils.pred_converter.z3.IsOld'}, 'IsTiro': {'instance': IsTiro, 'arity': 1, 'method': 'IsTiro(Entity)', 'function': 'logicity.utils.pred_converter.z3.IsTiro'}, 'IsAtInter': {'instance': IsAtInter, 'arity': 1, 'method': 'IsAtInter(Entity)', 'function': 'logicity.utils.pred_converter.z3.IsAtInter'}, 'IsInInter': {'instance': IsInInter, 'arity': 1, 'method': 'IsInInter(Entity)', 'function': 'logicity.utils.pred_converter.z3.IsInInter'}, 'HigherPri': {'instance': HigherPri, 'arity': 2, 'method': 'HigherPri(Entity, Entity)', 'function': 'logicity.utils.pred_converter.z3.HigherPri'}, 'CollidingClose': {'instance': CollidingClose, 'arity': 2, 'method': 'CollidingClose(Entity, Entity)', 'function': 'logicity.utils.pred_converter.z3.CollidingClose'}, 'Stop': {'instance': Stop, 'arity': 1, 'method': 'Stop(Entity)', 'function': 'None'}, 'Fast': {'instance': Fast, 'arity': 1, 'method': 'Fast(Entity)', 'function': 'None'}, 'Normal': {'instance': Normal, 'arity': 1, 'method': 'Normal(Entity)', 'function': 'None'}, 'Slow': {'instance': Slow, 'arity': 1, 'method': 'Slow(Entity)', 'function': 'None'}}, the FOV entities {'Entity': 3}, The logic grounding shape is: 39
2026-05-23 15:31:03 [INFO]: Local planner constructed!
2026-05-23 15:31:03 [INFO]: Constructing 22 streets
2026-05-23 15:31:03 [INFO]: Constructing 16 buildings
2026-05-23 15:31:04 [INFO]: Adding 4 agents, they are constrained in 103 region
2026-05-23 15:31:04 [INFO]: Car_1 initialization done!
2026-05-23 15:31:04 [INFO]: Pedestrian_1 initialization done!
2026-05-23 15:31:05 [INFO]: Car_2 initialization done!
2026-05-23 15:31:05 [INFO]: Car_3 initialization done!
2026-05-23 15:31:05 [INFO]: Done!
2026-05-23 15:31:05 [INFO]: ***Init RL Agent in Env***
2026-05-23 15:31:24 [INFO]: will reset agent by success
2026-05-23 15:31:24 [INFO]: ***Reset RL Agent in Env***
2026-05-23 15:31:25 [INFO]: Car_1 initialization done!
2026-05-23 15:31:25 [INFO]: Pedestrian_1 initialization done!
2026-05-23 15:31:26 [INFO]: Car_2 initialization done!
2026-05-23 15:31:26 [INFO]: Car_3 initialization done!
2026-05-23 15:31:26 [INFO]: Agent reset priority to 2/4
2026-05-23 15:31:26 [INFO]: Agent reset concepts to {'type': 'Car', 'priority': 2}
2026-05-23 15:31:26 [INFO]: Episode 4 success.
2026-05-23 15:31:26 [INFO]: Episode 4 achieved a score of 4.929999999999999
2026-05-23 15:31:26 [INFO]: Episode 4 Success: 1
2026-05-23 15:31:26 [INFO]: Episode 4 Decision Step: {3: 1}
2026-05-23 15:31:26 [INFO]: Episode 4 Success Decision: {3: 1}
2026-05-23 15:31:26 [INFO]: Evaluating episode 5...
2026-05-23 15:31:26 [INFO]: Episode label: {'oracle_step': 62, 'stop_count': 0, 'has_stop': False, 'ego_crosses': True, 'ego_eta': 51, 'ego_direction': 'down', 'other_crosses': 3, 'close_other_count': 0, 'pedestrian_close': None, 'conflicting_approach': False, 'total_crosses': 4}
2026-05-23 15:31:26 [INFO]: Get map info from config/maps/square_2x2.yaml
2026-05-23 15:31:26 [INFO]: Get agent info from config/agents/easy_lite/val.yaml
2026-05-23 15:31:26 [INFO]: Get onology and rules info from config/rules/ontology_easy.yaml, config/rules/Nav/easy/expert.yaml
2026-05-23 15:31:26 [INFO]: Number of Entity Types: 1
Entity Types:
- Entity
2026-05-23 15:31:26 [INFO]: Number of Predicates: 13
Predicates:
- IsPedestrian: {'instance': "Function('IsPed', entity_sorts['Entity'], BoolSort())", 'arity': 1, 'method': 'IsPed(Entity)', 'function': 'logicity.utils.pred_converter.z3.IsPed'}
- IsCar: {'instance': "Function('IsCar', entity_sorts['Entity'], BoolSort())", 'arity': 1, 'method': 'IsCar(Entity)', 'function': 'logicity.utils.pred_converter.z3.IsCar'}
- IsAmbulance: {'instance': "Function('IsAmb', entity_sorts['Entity'], BoolSort())", 'arity': 1, 'method': 'IsAmb(Entity)', 'function': 'logicity.utils.pred_converter.z3.IsAmb'}
- IsOld: {'instance': "Function('IsOld', entity_sorts['Entity'], BoolSort())", 'arity': 1, 'method': 'IsOld(Entity)', 'function': 'logicity.utils.pred_converter.z3.IsOld'}
- IsTiro: {'instance': "Function('IsTiro', entity_sorts['Entity'], BoolSort())", 'arity': 1, 'method': 'IsTiro(Entity)', 'function': 'logicity.utils.pred_converter.z3.IsTiro'}
- IsAtInter: {'instance': "Function('IsAtInter', entity_sorts['Entity'], BoolSort())", 'arity': 1, 'method': 'IsAtInter(Entity)', 'function': 'logicity.utils.pred_converter.z3.IsAtInter'}
- IsInInter: {'instance': "Function('IsInInter', entity_sorts['Entity'], BoolSort())", 'arity': 1, 'method': 'IsInInter(Entity)', 'function': 'logicity.utils.pred_converter.z3.IsInInter'}
- HigherPri: {'instance': "Function('HigherPri', entity_sorts['Entity'], entity_sorts['Entity'], BoolSort())", 'arity': 2, 'method': 'HigherPri(Entity, Entity)', 'function': 'logicity.utils.pred_converter.z3.HigherPri'}
- CollidingClose: {'instance': "Function('CollidingClose', entity_sorts['Entity'], entity_sorts['Entity'], BoolSort())", 'arity': 2, 'method': 'CollidingClose(Entity, Entity)', 'function': 'logicity.utils.pred_converter.z3.CollidingClose'}
- Stop: {'instance': "Function('Stop', entity_sorts['Entity'], BoolSort())", 'arity': 1, 'method': 'Stop(Entity)', 'function': 'None'}
- Fast: {'instance': "Function('Fast', entity_sorts['Entity'], BoolSort())", 'arity': 1, 'method': 'Fast(Entity)', 'function': 'None'}
- Normal: {'instance': "Function('Normal', entity_sorts['Entity'], BoolSort())", 'arity': 1, 'method': 'Normal(Entity)', 'function': 'None'}
- Slow: {'instance': "Function('Slow', entity_sorts['Entity'], BoolSort())", 'arity': 1, 'method': 'Slow(Entity)', 'function': 'None'}
2026-05-23 15:31:26 [INFO]: *** Sim Rule ***: Stop -> 
 Stop(entity) == Exists(
  [dummyEntity], 
  Or(
    And(
      IsAtInter(entity), 
      IsInInter(dummyEntity), 
    ),
    And(
      IsAtInter(entity), 
      IsAtInter(dummyEntity), 
      HigherPri(dummyEntity, entity),
    ),
    CollidingClose(entity, dummyEntity)
  )
)

2026-05-23 15:31:26 [INFO]: *** Task Rule ***: Collision and Intersection -> 
 Implies(Exists(
  [dummyEntity], 
    Or(
      And(
        IsAtInter(entity), 
        IsInInter(dummyEntity), 
      ),
      And(
        IsAtInter(entity), 
        IsAtInter(dummyEntity), 
        HigherPri(dummyEntity, entity),
      ),
      CollidingClose(entity, dummyEntity)
    )
  ),
  Stop(entity)
)

2026-05-23 15:31:26 [INFO]: *** Expert Rule ***: Stop -> 
 Stop(entity) == Exists(
[dummyEntity], 
  Or(
    And(
      IsAtInter(entity), 
      IsInInter(dummyEntity), 
    ),
    And(
      IsAtInter(entity), 
      IsAtInter(dummyEntity), 
      HigherPri(dummyEntity, entity),
    ),
    CollidingClose(entity, dummyEntity)
  )
)

2026-05-23 15:31:26 [INFO]: *** Expert Rule ***: Slow -> 
 Not(Slow(entity))

2026-05-23 15:31:27 [INFO]: *** Expert Rule ***: Fast -> 
 Not(Fast(entity))

2026-05-23 15:31:27 [INFO]: *** Expert Rule ***: Normal -> 
 Normal(entity) == Not(Stop(entity))
2026-05-23 15:31:27 [INFO]: Rules created successfully
2026-05-23 15:31:27 [INFO]: Rules will be grounded later...
2026-05-23 15:31:27 [INFO]: Given Predicates {'IsPedestrian': {'instance': IsPed, 'arity': 1, 'method': 'IsPed(Entity)', 'function': 'logicity.utils.pred_converter.z3.IsPed'}, 'IsCar': {'instance': IsCar, 'arity': 1, 'method': 'IsCar(Entity)', 'function': 'logicity.utils.pred_converter.z3.IsCar'}, 'IsAmbulance': {'instance': IsAmb, 'arity': 1, 'method': 'IsAmb(Entity)', 'function': 'logicity.utils.pred_converter.z3.IsAmb'}, 'IsOld': {'instance': IsOld, 'arity': 1, 'method': 'IsOld(Entity)', 'function': 'logicity.utils.pred_converter.z3.IsOld'}, 'IsTiro': {'instance': IsTiro, 'arity': 1, 'method': 'IsTiro(Entity)', 'function': 'logicity.utils.pred_converter.z3.IsTiro'}, 'IsAtInter': {'instance': IsAtInter, 'arity': 1, 'method': 'IsAtInter(Entity)', 'function': 'logicity.utils.pred_converter.z3.IsAtInter'}, 'IsInInter': {'instance': IsInInter, 'arity': 1, 'method': 'IsInInter(Entity)', 'function': 'logicity.utils.pred_converter.z3.IsInInter'}, 'HigherPri': {'instance': HigherPri, 'arity': 2, 'method': 'HigherPri(Entity, Entity)', 'function': 'logicity.utils.pred_converter.z3.HigherPri'}, 'CollidingClose': {'instance': CollidingClose, 'arity': 2, 'method': 'CollidingClose(Entity, Entity)', 'function': 'logicity.utils.pred_converter.z3.CollidingClose'}, 'Stop': {'instance': Stop, 'arity': 1, 'method': 'Stop(Entity)', 'function': 'None'}, 'Fast': {'instance': Fast, 'arity': 1, 'method': 'Fast(Entity)', 'function': 'None'}, 'Normal': {'instance': Normal, 'arity': 1, 'method': 'Normal(Entity)', 'function': 'None'}, 'Slow': {'instance': Slow, 'arity': 1, 'method': 'Slow(Entity)', 'function': 'None'}}, the FOV entities {'Entity': 3}, The logic grounding shape is: 39
2026-05-23 15:31:27 [INFO]: Local planner constructed!
2026-05-23 15:31:27 [INFO]: Constructing 22 streets
2026-05-23 15:31:27 [INFO]: Constructing 16 buildings
2026-05-23 15:31:28 [INFO]: Adding 4 agents, they are constrained in 103 region
2026-05-23 15:31:28 [INFO]: Car_1 initialization done!
2026-05-23 15:31:28 [INFO]: Pedestrian_1 initialization done!
2026-05-23 15:31:29 [INFO]: Car_2 initialization done!
2026-05-23 15:31:29 [INFO]: Car_3 initialization done!
2026-05-23 15:31:29 [INFO]: Done!
2026-05-23 15:31:29 [INFO]: ***Init RL Agent in Env***
2026-05-23 15:31:47 [INFO]: will reset agent by success
2026-05-23 15:31:47 [INFO]: ***Reset RL Agent in Env***
2026-05-23 15:31:47 [INFO]: Car_1 initialization done!
2026-05-23 15:31:47 [INFO]: Pedestrian_1 initialization done!
2026-05-23 15:31:48 [INFO]: Car_2 initialization done!
2026-05-23 15:31:49 [INFO]: Car_3 initialization done!
2026-05-23 15:31:49 [INFO]: Agent reset priority to 2/4
2026-05-23 15:31:49 [INFO]: Agent reset concepts to {'type': 'Car', 'priority': 2}
2026-05-23 15:31:49 [INFO]: Episode 5 success.
2026-05-23 15:31:49 [INFO]: Episode 5 achieved a score of 6.279999999999997
2026-05-23 15:31:49 [INFO]: Episode 5 Success: 1
2026-05-23 15:31:49 [INFO]: Episode 5 Decision Step: {3: 0}
2026-05-23 15:31:49 [INFO]: Episode 5 Success Decision: {3: 0}
2026-05-23 15:31:49 [INFO]: Evaluating episode 6...
2026-05-23 15:31:49 [INFO]: Episode label: {'oracle_step': 53, 'stop_count': 10, 'has_stop': True, 'ego_crosses': True, 'ego_eta': 9, 'ego_direction': 'right', 'other_crosses': 3, 'close_other_count': 0, 'pedestrian_close': None, 'conflicting_approach': False, 'total_crosses': 4}
2026-05-23 15:31:49 [INFO]: Get map info from config/maps/square_2x2.yaml
2026-05-23 15:31:49 [INFO]: Get agent info from config/agents/easy_lite/val.yaml
2026-05-23 15:31:49 [INFO]: Get onology and rules info from config/rules/ontology_easy.yaml, config/rules/Nav/easy/expert.yaml
2026-05-23 15:31:49 [INFO]: Number of Entity Types: 1
Entity Types:
- Entity
2026-05-23 15:31:49 [INFO]: Number of Predicates: 13
Predicates:
- IsPedestrian: {'instance': "Function('IsPed', entity_sorts['Entity'], BoolSort())", 'arity': 1, 'method': 'IsPed(Entity)', 'function': 'logicity.utils.pred_converter.z3.IsPed'}
- IsCar: {'instance': "Function('IsCar', entity_sorts['Entity'], BoolSort())", 'arity': 1, 'method': 'IsCar(Entity)', 'function': 'logicity.utils.pred_converter.z3.IsCar'}
- IsAmbulance: {'instance': "Function('IsAmb', entity_sorts['Entity'], BoolSort())", 'arity': 1, 'method': 'IsAmb(Entity)', 'function': 'logicity.utils.pred_converter.z3.IsAmb'}
- IsOld: {'instance': "Function('IsOld', entity_sorts['Entity'], BoolSort())", 'arity': 1, 'method': 'IsOld(Entity)', 'function': 'logicity.utils.pred_converter.z3.IsOld'}
- IsTiro: {'instance': "Function('IsTiro', entity_sorts['Entity'], BoolSort())", 'arity': 1, 'method': 'IsTiro(Entity)', 'function': 'logicity.utils.pred_converter.z3.IsTiro'}
- IsAtInter: {'instance': "Function('IsAtInter', entity_sorts['Entity'], BoolSort())", 'arity': 1, 'method': 'IsAtInter(Entity)', 'function': 'logicity.utils.pred_converter.z3.IsAtInter'}
- IsInInter: {'instance': "Function('IsInInter', entity_sorts['Entity'], BoolSort())", 'arity': 1, 'method': 'IsInInter(Entity)', 'function': 'logicity.utils.pred_converter.z3.IsInInter'}
- HigherPri: {'instance': "Function('HigherPri', entity_sorts['Entity'], entity_sorts['Entity'], BoolSort())", 'arity': 2, 'method': 'HigherPri(Entity, Entity)', 'function': 'logicity.utils.pred_converter.z3.HigherPri'}
- CollidingClose: {'instance': "Function('CollidingClose', entity_sorts['Entity'], entity_sorts['Entity'], BoolSort())", 'arity': 2, 'method': 'CollidingClose(Entity, Entity)', 'function': 'logicity.utils.pred_converter.z3.CollidingClose'}
- Stop: {'instance': "Function('Stop', entity_sorts['Entity'], BoolSort())", 'arity': 1, 'method': 'Stop(Entity)', 'function': 'None'}
- Fast: {'instance': "Function('Fast', entity_sorts['Entity'], BoolSort())", 'arity': 1, 'method': 'Fast(Entity)', 'function': 'None'}
- Normal: {'instance': "Function('Normal', entity_sorts['Entity'], BoolSort())", 'arity': 1, 'method': 'Normal(Entity)', 'function': 'None'}
- Slow: {'instance': "Function('Slow', entity_sorts['Entity'], BoolSort())", 'arity': 1, 'method': 'Slow(Entity)', 'function': 'None'}
2026-05-23 15:31:49 [INFO]: *** Sim Rule ***: Stop -> 
 Stop(entity) == Exists(
  [dummyEntity], 
  Or(
    And(
      IsAtInter(entity), 
      IsInInter(dummyEntity), 
    ),
    And(
      IsAtInter(entity), 
      IsAtInter(dummyEntity), 
      HigherPri(dummyEntity, entity),
    ),
    CollidingClose(entity, dummyEntity)
  )
)

2026-05-23 15:31:49 [INFO]: *** Task Rule ***: Collision and Intersection -> 
 Implies(Exists(
  [dummyEntity], 
    Or(
      And(
        IsAtInter(entity), 
        IsInInter(dummyEntity), 
      ),
      And(
        IsAtInter(entity), 
        IsAtInter(dummyEntity), 
        HigherPri(dummyEntity, entity),
      ),
      CollidingClose(entity, dummyEntity)
    )
  ),
  Stop(entity)
)

2026-05-23 15:31:49 [INFO]: *** Expert Rule ***: Stop -> 
 Stop(entity) == Exists(
[dummyEntity], 
  Or(
    And(
      IsAtInter(entity), 
      IsInInter(dummyEntity), 
    ),
    And(
      IsAtInter(entity), 
      IsAtInter(dummyEntity), 
      HigherPri(dummyEntity, entity),
    ),
    CollidingClose(entity, dummyEntity)
  )
)

2026-05-23 15:31:49 [INFO]: *** Expert Rule ***: Slow -> 
 Not(Slow(entity))

2026-05-23 15:31:49 [INFO]: *** Expert Rule ***: Fast -> 
 Not(Fast(entity))

2026-05-23 15:31:49 [INFO]: *** Expert Rule ***: Normal -> 
 Normal(entity) == Not(Stop(entity))
2026-05-23 15:31:49 [INFO]: Rules created successfully
2026-05-23 15:31:49 [INFO]: Rules will be grounded later...
2026-05-23 15:31:49 [INFO]: Given Predicates {'IsPedestrian': {'instance': IsPed, 'arity': 1, 'method': 'IsPed(Entity)', 'function': 'logicity.utils.pred_converter.z3.IsPed'}, 'IsCar': {'instance': IsCar, 'arity': 1, 'method': 'IsCar(Entity)', 'function': 'logicity.utils.pred_converter.z3.IsCar'}, 'IsAmbulance': {'instance': IsAmb, 'arity': 1, 'method': 'IsAmb(Entity)', 'function': 'logicity.utils.pred_converter.z3.IsAmb'}, 'IsOld': {'instance': IsOld, 'arity': 1, 'method': 'IsOld(Entity)', 'function': 'logicity.utils.pred_converter.z3.IsOld'}, 'IsTiro': {'instance': IsTiro, 'arity': 1, 'method': 'IsTiro(Entity)', 'function': 'logicity.utils.pred_converter.z3.IsTiro'}, 'IsAtInter': {'instance': IsAtInter, 'arity': 1, 'method': 'IsAtInter(Entity)', 'function': 'logicity.utils.pred_converter.z3.IsAtInter'}, 'IsInInter': {'instance': IsInInter, 'arity': 1, 'method': 'IsInInter(Entity)', 'function': 'logicity.utils.pred_converter.z3.IsInInter'}, 'HigherPri': {'instance': HigherPri, 'arity': 2, 'method': 'HigherPri(Entity, Entity)', 'function': 'logicity.utils.pred_converter.z3.HigherPri'}, 'CollidingClose': {'instance': CollidingClose, 'arity': 2, 'method': 'CollidingClose(Entity, Entity)', 'function': 'logicity.utils.pred_converter.z3.CollidingClose'}, 'Stop': {'instance': Stop, 'arity': 1, 'method': 'Stop(Entity)', 'function': 'None'}, 'Fast': {'instance': Fast, 'arity': 1, 'method': 'Fast(Entity)', 'function': 'None'}, 'Normal': {'instance': Normal, 'arity': 1, 'method': 'Normal(Entity)', 'function': 'None'}, 'Slow': {'instance': Slow, 'arity': 1, 'method': 'Slow(Entity)', 'function': 'None'}}, the FOV entities {'Entity': 3}, The logic grounding shape is: 39
2026-05-23 15:31:49 [INFO]: Local planner constructed!
2026-05-23 15:31:49 [INFO]: Constructing 22 streets
2026-05-23 15:31:49 [INFO]: Constructing 16 buildings
2026-05-23 15:31:50 [INFO]: Adding 4 agents, they are constrained in 103 region
2026-05-23 15:31:51 [INFO]: Car_1 initialization done!
2026-05-23 15:31:51 [INFO]: Pedestrian_1 initialization done!
2026-05-23 15:31:51 [INFO]: Car_2 initialization done!
2026-05-23 15:31:52 [INFO]: Car_3 initialization done!
2026-05-23 15:31:52 [INFO]: Done!
2026-05-23 15:31:52 [INFO]: ***Init RL Agent in Env***
2026-05-23 15:32:07 [INFO]: will reset agent by success
2026-05-23 15:32:07 [INFO]: ***Reset RL Agent in Env***
2026-05-23 15:32:07 [INFO]: Car_1 initialization done!
2026-05-23 15:32:07 [INFO]: Pedestrian_1 initialization done!
2026-05-23 15:32:08 [INFO]: Car_2 initialization done!
2026-05-23 15:32:09 [INFO]: Car_3 initialization done!
2026-05-23 15:32:09 [INFO]: Agent reset priority to 1/4
2026-05-23 15:32:09 [INFO]: Agent reset concepts to {'type': 'Car', 'priority': 1}
2026-05-23 15:32:09 [INFO]: Episode 6 success.
2026-05-23 15:32:09 [INFO]: Episode 6 achieved a score of 4.519999999999999
2026-05-23 15:32:09 [INFO]: Episode 6 Success: 1
2026-05-23 15:32:09 [INFO]: Episode 6 Decision Step: {3: 1}
2026-05-23 15:32:09 [INFO]: Episode 6 Success Decision: {3: 1}
2026-05-23 15:32:09 [INFO]: Evaluating episode 7...
2026-05-23 15:32:09 [INFO]: Episode label: {'oracle_step': 76, 'stop_count': 10, 'has_stop': True, 'ego_crosses': True, 'ego_eta': 13, 'ego_direction': 'down', 'other_crosses': 3, 'close_other_count': 0, 'pedestrian_close': None, 'conflicting_approach': False, 'total_crosses': 4}
2026-05-23 15:32:09 [INFO]: Get map info from config/maps/square_2x2.yaml
2026-05-23 15:32:09 [INFO]: Get agent info from config/agents/easy_lite/val.yaml
2026-05-23 15:32:09 [INFO]: Get onology and rules info from config/rules/ontology_easy.yaml, config/rules/Nav/easy/expert.yaml
2026-05-23 15:32:09 [INFO]: Number of Entity Types: 1
Entity Types:
- Entity
2026-05-23 15:32:09 [INFO]: Number of Predicates: 13
Predicates:
- IsPedestrian: {'instance': "Function('IsPed', entity_sorts['Entity'], BoolSort())", 'arity': 1, 'method': 'IsPed(Entity)', 'function': 'logicity.utils.pred_converter.z3.IsPed'}
- IsCar: {'instance': "Function('IsCar', entity_sorts['Entity'], BoolSort())", 'arity': 1, 'method': 'IsCar(Entity)', 'function': 'logicity.utils.pred_converter.z3.IsCar'}
- IsAmbulance: {'instance': "Function('IsAmb', entity_sorts['Entity'], BoolSort())", 'arity': 1, 'method': 'IsAmb(Entity)', 'function': 'logicity.utils.pred_converter.z3.IsAmb'}
- IsOld: {'instance': "Function('IsOld', entity_sorts['Entity'], BoolSort())", 'arity': 1, 'method': 'IsOld(Entity)', 'function': 'logicity.utils.pred_converter.z3.IsOld'}
- IsTiro: {'instance': "Function('IsTiro', entity_sorts['Entity'], BoolSort())", 'arity': 1, 'method': 'IsTiro(Entity)', 'function': 'logicity.utils.pred_converter.z3.IsTiro'}
- IsAtInter: {'instance': "Function('IsAtInter', entity_sorts['Entity'], BoolSort())", 'arity': 1, 'method': 'IsAtInter(Entity)', 'function': 'logicity.utils.pred_converter.z3.IsAtInter'}
- IsInInter: {'instance': "Function('IsInInter', entity_sorts['Entity'], BoolSort())", 'arity': 1, 'method': 'IsInInter(Entity)', 'function': 'logicity.utils.pred_converter.z3.IsInInter'}
- HigherPri: {'instance': "Function('HigherPri', entity_sorts['Entity'], entity_sorts['Entity'], BoolSort())", 'arity': 2, 'method': 'HigherPri(Entity, Entity)', 'function': 'logicity.utils.pred_converter.z3.HigherPri'}
- CollidingClose: {'instance': "Function('CollidingClose', entity_sorts['Entity'], entity_sorts['Entity'], BoolSort())", 'arity': 2, 'method': 'CollidingClose(Entity, Entity)', 'function': 'logicity.utils.pred_converter.z3.CollidingClose'}
- Stop: {'instance': "Function('Stop', entity_sorts['Entity'], BoolSort())", 'arity': 1, 'method': 'Stop(Entity)', 'function': 'None'}
- Fast: {'instance': "Function('Fast', entity_sorts['Entity'], BoolSort())", 'arity': 1, 'method': 'Fast(Entity)', 'function': 'None'}
- Normal: {'instance': "Function('Normal', entity_sorts['Entity'], BoolSort())", 'arity': 1, 'method': 'Normal(Entity)', 'function': 'None'}
- Slow: {'instance': "Function('Slow', entity_sorts['Entity'], BoolSort())", 'arity': 1, 'method': 'Slow(Entity)', 'function': 'None'}
2026-05-23 15:32:09 [INFO]: *** Sim Rule ***: Stop -> 
 Stop(entity) == Exists(
  [dummyEntity], 
  Or(
    And(
      IsAtInter(entity), 
      IsInInter(dummyEntity), 
    ),
    And(
      IsAtInter(entity), 
      IsAtInter(dummyEntity), 
      HigherPri(dummyEntity, entity),
    ),
    CollidingClose(entity, dummyEntity)
  )
)

2026-05-23 15:32:09 [INFO]: *** Task Rule ***: Collision and Intersection -> 
 Implies(Exists(
  [dummyEntity], 
    Or(
      And(
        IsAtInter(entity), 
        IsInInter(dummyEntity), 
      ),
      And(
        IsAtInter(entity), 
        IsAtInter(dummyEntity), 
        HigherPri(dummyEntity, entity),
      ),
      CollidingClose(entity, dummyEntity)
    )
  ),
  Stop(entity)
)

2026-05-23 15:32:09 [INFO]: *** Expert Rule ***: Stop -> 
 Stop(entity) == Exists(
[dummyEntity], 
  Or(
    And(
      IsAtInter(entity), 
      IsInInter(dummyEntity), 
    ),
    And(
      IsAtInter(entity), 
      IsAtInter(dummyEntity), 
      HigherPri(dummyEntity, entity),
    ),
    CollidingClose(entity, dummyEntity)
  )
)

2026-05-23 15:32:09 [INFO]: *** Expert Rule ***: Slow -> 
 Not(Slow(entity))

2026-05-23 15:32:09 [INFO]: *** Expert Rule ***: Fast -> 
 Not(Fast(entity))

2026-05-23 15:32:09 [INFO]: *** Expert Rule ***: Normal -> 
 Normal(entity) == Not(Stop(entity))
2026-05-23 15:32:09 [INFO]: Rules created successfully
2026-05-23 15:32:09 [INFO]: Rules will be grounded later...
2026-05-23 15:32:09 [INFO]: Given Predicates {'IsPedestrian': {'instance': IsPed, 'arity': 1, 'method': 'IsPed(Entity)', 'function': 'logicity.utils.pred_converter.z3.IsPed'}, 'IsCar': {'instance': IsCar, 'arity': 1, 'method': 'IsCar(Entity)', 'function': 'logicity.utils.pred_converter.z3.IsCar'}, 'IsAmbulance': {'instance': IsAmb, 'arity': 1, 'method': 'IsAmb(Entity)', 'function': 'logicity.utils.pred_converter.z3.IsAmb'}, 'IsOld': {'instance': IsOld, 'arity': 1, 'method': 'IsOld(Entity)', 'function': 'logicity.utils.pred_converter.z3.IsOld'}, 'IsTiro': {'instance': IsTiro, 'arity': 1, 'method': 'IsTiro(Entity)', 'function': 'logicity.utils.pred_converter.z3.IsTiro'}, 'IsAtInter': {'instance': IsAtInter, 'arity': 1, 'method': 'IsAtInter(Entity)', 'function': 'logicity.utils.pred_converter.z3.IsAtInter'}, 'IsInInter': {'instance': IsInInter, 'arity': 1, 'method': 'IsInInter(Entity)', 'function': 'logicity.utils.pred_converter.z3.IsInInter'}, 'HigherPri': {'instance': HigherPri, 'arity': 2, 'method': 'HigherPri(Entity, Entity)', 'function': 'logicity.utils.pred_converter.z3.HigherPri'}, 'CollidingClose': {'instance': CollidingClose, 'arity': 2, 'method': 'CollidingClose(Entity, Entity)', 'function': 'logicity.utils.pred_converter.z3.CollidingClose'}, 'Stop': {'instance': Stop, 'arity': 1, 'method': 'Stop(Entity)', 'function': 'None'}, 'Fast': {'instance': Fast, 'arity': 1, 'method': 'Fast(Entity)', 'function': 'None'}, 'Normal': {'instance': Normal, 'arity': 1, 'method': 'Normal(Entity)', 'function': 'None'}, 'Slow': {'instance': Slow, 'arity': 1, 'method': 'Slow(Entity)', 'function': 'None'}}, the FOV entities {'Entity': 3}, The logic grounding shape is: 39
2026-05-23 15:32:09 [INFO]: Local planner constructed!
2026-05-23 15:32:09 [INFO]: Constructing 22 streets
2026-05-23 15:32:10 [INFO]: Constructing 16 buildings
2026-05-23 15:32:11 [INFO]: Adding 4 agents, they are constrained in 103 region
2026-05-23 15:32:12 [INFO]: Car_1 initialization done!
2026-05-23 15:32:12 [INFO]: Pedestrian_1 initialization done!
2026-05-23 15:32:13 [INFO]: Car_2 initialization done!
2026-05-23 15:32:14 [INFO]: Car_3 initialization done!
2026-05-23 15:32:14 [INFO]: Done!
2026-05-23 15:32:14 [INFO]: ***Init RL Agent in Env***
2026-05-23 15:32:36 [INFO]: will reset agent by success
2026-05-23 15:32:36 [INFO]: ***Reset RL Agent in Env***
2026-05-23 15:32:37 [INFO]: Car_1 initialization done!
2026-05-23 15:32:37 [INFO]: Pedestrian_1 initialization done!
2026-05-23 15:32:38 [INFO]: Car_2 initialization done!
2026-05-23 15:32:38 [INFO]: Car_3 initialization done!
2026-05-23 15:32:38 [INFO]: Agent reset priority to 1/4
2026-05-23 15:32:38 [INFO]: Agent reset concepts to {'type': 'Car', 'priority': 1}
2026-05-23 15:32:38 [INFO]: Episode 7 success.
2026-05-23 15:32:38 [INFO]: Episode 7 achieved a score of 6.539999999999996
2026-05-23 15:32:38 [INFO]: Episode 7 Success: 1
2026-05-23 15:32:38 [INFO]: Episode 7 Decision Step: {3: 1}
2026-05-23 15:32:38 [INFO]: Episode 7 Success Decision: {3: 1}
2026-05-23 15:32:38 [INFO]: Evaluating episode 8...
2026-05-23 15:32:38 [INFO]: Episode label: {'oracle_step': 49, 'stop_count': 0, 'has_stop': False, 'ego_crosses': True, 'ego_eta': 29, 'ego_direction': 'right', 'other_crosses': 3, 'close_other_count': 0, 'pedestrian_close': None, 'conflicting_approach': False, 'total_crosses': 4}
2026-05-23 15:32:38 [INFO]: Get map info from config/maps/square_2x2.yaml
2026-05-23 15:32:38 [INFO]: Get agent info from config/agents/easy_lite/val.yaml
2026-05-23 15:32:38 [INFO]: Get onology and rules info from config/rules/ontology_easy.yaml, config/rules/Nav/easy/expert.yaml
2026-05-23 15:32:38 [INFO]: Number of Entity Types: 1
Entity Types:
- Entity
2026-05-23 15:32:38 [INFO]: Number of Predicates: 13
Predicates:
- IsPedestrian: {'instance': "Function('IsPed', entity_sorts['Entity'], BoolSort())", 'arity': 1, 'method': 'IsPed(Entity)', 'function': 'logicity.utils.pred_converter.z3.IsPed'}
- IsCar: {'instance': "Function('IsCar', entity_sorts['Entity'], BoolSort())", 'arity': 1, 'method': 'IsCar(Entity)', 'function': 'logicity.utils.pred_converter.z3.IsCar'}
- IsAmbulance: {'instance': "Function('IsAmb', entity_sorts['Entity'], BoolSort())", 'arity': 1, 'method': 'IsAmb(Entity)', 'function': 'logicity.utils.pred_converter.z3.IsAmb'}
- IsOld: {'instance': "Function('IsOld', entity_sorts['Entity'], BoolSort())", 'arity': 1, 'method': 'IsOld(Entity)', 'function': 'logicity.utils.pred_converter.z3.IsOld'}
- IsTiro: {'instance': "Function('IsTiro', entity_sorts['Entity'], BoolSort())", 'arity': 1, 'method': 'IsTiro(Entity)', 'function': 'logicity.utils.pred_converter.z3.IsTiro'}
- IsAtInter: {'instance': "Function('IsAtInter', entity_sorts['Entity'], BoolSort())", 'arity': 1, 'method': 'IsAtInter(Entity)', 'function': 'logicity.utils.pred_converter.z3.IsAtInter'}
- IsInInter: {'instance': "Function('IsInInter', entity_sorts['Entity'], BoolSort())", 'arity': 1, 'method': 'IsInInter(Entity)', 'function': 'logicity.utils.pred_converter.z3.IsInInter'}
- HigherPri: {'instance': "Function('HigherPri', entity_sorts['Entity'], entity_sorts['Entity'], BoolSort())", 'arity': 2, 'method': 'HigherPri(Entity, Entity)', 'function': 'logicity.utils.pred_converter.z3.HigherPri'}
- CollidingClose: {'instance': "Function('CollidingClose', entity_sorts['Entity'], entity_sorts['Entity'], BoolSort())", 'arity': 2, 'method': 'CollidingClose(Entity, Entity)', 'function': 'logicity.utils.pred_converter.z3.CollidingClose'}
- Stop: {'instance': "Function('Stop', entity_sorts['Entity'], BoolSort())", 'arity': 1, 'method': 'Stop(Entity)', 'function': 'None'}
- Fast: {'instance': "Function('Fast', entity_sorts['Entity'], BoolSort())", 'arity': 1, 'method': 'Fast(Entity)', 'function': 'None'}
- Normal: {'instance': "Function('Normal', entity_sorts['Entity'], BoolSort())", 'arity': 1, 'method': 'Normal(Entity)', 'function': 'None'}
- Slow: {'instance': "Function('Slow', entity_sorts['Entity'], BoolSort())", 'arity': 1, 'method': 'Slow(Entity)', 'function': 'None'}
2026-05-23 15:32:38 [INFO]: *** Sim Rule ***: Stop -> 
 Stop(entity) == Exists(
  [dummyEntity], 
  Or(
    And(
      IsAtInter(entity), 
      IsInInter(dummyEntity), 
    ),
    And(
      IsAtInter(entity), 
      IsAtInter(dummyEntity), 
      HigherPri(dummyEntity, entity),
    ),
    CollidingClose(entity, dummyEntity)
  )
)

2026-05-23 15:32:38 [INFO]: *** Task Rule ***: Collision and Intersection -> 
 Implies(Exists(
  [dummyEntity], 
    Or(
      And(
        IsAtInter(entity), 
        IsInInter(dummyEntity), 
      ),
      And(
        IsAtInter(entity), 
        IsAtInter(dummyEntity), 
        HigherPri(dummyEntity, entity),
      ),
      CollidingClose(entity, dummyEntity)
    )
  ),
  Stop(entity)
)

2026-05-23 15:32:38 [INFO]: *** Expert Rule ***: Stop -> 
 Stop(entity) == Exists(
[dummyEntity], 
  Or(
    And(
      IsAtInter(entity), 
      IsInInter(dummyEntity), 
    ),
    And(
      IsAtInter(entity), 
      IsAtInter(dummyEntity), 
      HigherPri(dummyEntity, entity),
    ),
    CollidingClose(entity, dummyEntity)
  )
)

2026-05-23 15:32:38 [INFO]: *** Expert Rule ***: Slow -> 
 Not(Slow(entity))

2026-05-23 15:32:38 [INFO]: *** Expert Rule ***: Fast -> 
 Not(Fast(entity))

2026-05-23 15:32:38 [INFO]: *** Expert Rule ***: Normal -> 
 Normal(entity) == Not(Stop(entity))
2026-05-23 15:32:38 [INFO]: Rules created successfully
2026-05-23 15:32:38 [INFO]: Rules will be grounded later...
2026-05-23 15:32:39 [INFO]: Given Predicates {'IsPedestrian': {'instance': IsPed, 'arity': 1, 'method': 'IsPed(Entity)', 'function': 'logicity.utils.pred_converter.z3.IsPed'}, 'IsCar': {'instance': IsCar, 'arity': 1, 'method': 'IsCar(Entity)', 'function': 'logicity.utils.pred_converter.z3.IsCar'}, 'IsAmbulance': {'instance': IsAmb, 'arity': 1, 'method': 'IsAmb(Entity)', 'function': 'logicity.utils.pred_converter.z3.IsAmb'}, 'IsOld': {'instance': IsOld, 'arity': 1, 'method': 'IsOld(Entity)', 'function': 'logicity.utils.pred_converter.z3.IsOld'}, 'IsTiro': {'instance': IsTiro, 'arity': 1, 'method': 'IsTiro(Entity)', 'function': 'logicity.utils.pred_converter.z3.IsTiro'}, 'IsAtInter': {'instance': IsAtInter, 'arity': 1, 'method': 'IsAtInter(Entity)', 'function': 'logicity.utils.pred_converter.z3.IsAtInter'}, 'IsInInter': {'instance': IsInInter, 'arity': 1, 'method': 'IsInInter(Entity)', 'function': 'logicity.utils.pred_converter.z3.IsInInter'}, 'HigherPri': {'instance': HigherPri, 'arity': 2, 'method': 'HigherPri(Entity, Entity)', 'function': 'logicity.utils.pred_converter.z3.HigherPri'}, 'CollidingClose': {'instance': CollidingClose, 'arity': 2, 'method': 'CollidingClose(Entity, Entity)', 'function': 'logicity.utils.pred_converter.z3.CollidingClose'}, 'Stop': {'instance': Stop, 'arity': 1, 'method': 'Stop(Entity)', 'function': 'None'}, 'Fast': {'instance': Fast, 'arity': 1, 'method': 'Fast(Entity)', 'function': 'None'}, 'Normal': {'instance': Normal, 'arity': 1, 'method': 'Normal(Entity)', 'function': 'None'}, 'Slow': {'instance': Slow, 'arity': 1, 'method': 'Slow(Entity)', 'function': 'None'}}, the FOV entities {'Entity': 3}, The logic grounding shape is: 39
2026-05-23 15:32:39 [INFO]: Local planner constructed!
2026-05-23 15:32:39 [INFO]: Constructing 22 streets
2026-05-23 15:32:39 [INFO]: Constructing 16 buildings
2026-05-23 15:32:40 [INFO]: Adding 4 agents, they are constrained in 103 region
2026-05-23 15:32:40 [INFO]: Car_1 initialization done!
2026-05-23 15:32:40 [INFO]: Pedestrian_1 initialization done!
2026-05-23 15:32:41 [INFO]: Car_2 initialization done!
2026-05-23 15:32:41 [INFO]: Car_3 initialization done!
2026-05-23 15:32:41 [INFO]: Done!
2026-05-23 15:32:41 [INFO]: ***Init RL Agent in Env***
2026-05-23 15:32:56 [INFO]: will reset agent by success
2026-05-23 15:32:56 [INFO]: ***Reset RL Agent in Env***
2026-05-23 15:32:56 [INFO]: Car_1 initialization done!
2026-05-23 15:32:56 [INFO]: Pedestrian_1 initialization done!
2026-05-23 15:32:57 [INFO]: Car_2 initialization done!
2026-05-23 15:32:57 [INFO]: Car_3 initialization done!
2026-05-23 15:32:57 [INFO]: Agent reset priority to 3/4
2026-05-23 15:32:57 [INFO]: Agent reset concepts to {'type': 'Car', 'priority': 3}
2026-05-23 15:32:58 [INFO]: Episode 8 success.
2026-05-23 15:32:58 [INFO]: Episode 8 achieved a score of 5.159999999999998
2026-05-23 15:32:58 [INFO]: Episode 8 Success: 1
2026-05-23 15:32:58 [INFO]: Episode 8 Decision Step: {3: 0}
2026-05-23 15:32:58 [INFO]: Episode 8 Success Decision: {3: 0}
2026-05-23 15:32:58 [INFO]: Evaluating episode 9...
2026-05-23 15:32:58 [INFO]: Episode label: {'oracle_step': 48, 'stop_count': 6, 'has_stop': True, 'ego_crosses': True, 'ego_eta': 9, 'ego_direction': 'down', 'other_crosses': 3, 'close_other_count': 0, 'pedestrian_close': None, 'conflicting_approach': False, 'total_crosses': 4}
2026-05-23 15:32:58 [INFO]: Get map info from config/maps/square_2x2.yaml
2026-05-23 15:32:58 [INFO]: Get agent info from config/agents/easy_lite/val.yaml
2026-05-23 15:32:58 [INFO]: Get onology and rules info from config/rules/ontology_easy.yaml, config/rules/Nav/easy/expert.yaml
2026-05-23 15:32:58 [INFO]: Number of Entity Types: 1
Entity Types:
- Entity
2026-05-23 15:32:58 [INFO]: Number of Predicates: 13
Predicates:
- IsPedestrian: {'instance': "Function('IsPed', entity_sorts['Entity'], BoolSort())", 'arity': 1, 'method': 'IsPed(Entity)', 'function': 'logicity.utils.pred_converter.z3.IsPed'}
- IsCar: {'instance': "Function('IsCar', entity_sorts['Entity'], BoolSort())", 'arity': 1, 'method': 'IsCar(Entity)', 'function': 'logicity.utils.pred_converter.z3.IsCar'}
- IsAmbulance: {'instance': "Function('IsAmb', entity_sorts['Entity'], BoolSort())", 'arity': 1, 'method': 'IsAmb(Entity)', 'function': 'logicity.utils.pred_converter.z3.IsAmb'}
- IsOld: {'instance': "Function('IsOld', entity_sorts['Entity'], BoolSort())", 'arity': 1, 'method': 'IsOld(Entity)', 'function': 'logicity.utils.pred_converter.z3.IsOld'}
- IsTiro: {'instance': "Function('IsTiro', entity_sorts['Entity'], BoolSort())", 'arity': 1, 'method': 'IsTiro(Entity)', 'function': 'logicity.utils.pred_converter.z3.IsTiro'}
- IsAtInter: {'instance': "Function('IsAtInter', entity_sorts['Entity'], BoolSort())", 'arity': 1, 'method': 'IsAtInter(Entity)', 'function': 'logicity.utils.pred_converter.z3.IsAtInter'}
- IsInInter: {'instance': "Function('IsInInter', entity_sorts['Entity'], BoolSort())", 'arity': 1, 'method': 'IsInInter(Entity)', 'function': 'logicity.utils.pred_converter.z3.IsInInter'}
- HigherPri: {'instance': "Function('HigherPri', entity_sorts['Entity'], entity_sorts['Entity'], BoolSort())", 'arity': 2, 'method': 'HigherPri(Entity, Entity)', 'function': 'logicity.utils.pred_converter.z3.HigherPri'}
- CollidingClose: {'instance': "Function('CollidingClose', entity_sorts['Entity'], entity_sorts['Entity'], BoolSort())", 'arity': 2, 'method': 'CollidingClose(Entity, Entity)', 'function': 'logicity.utils.pred_converter.z3.CollidingClose'}
- Stop: {'instance': "Function('Stop', entity_sorts['Entity'], BoolSort())", 'arity': 1, 'method': 'Stop(Entity)', 'function': 'None'}
- Fast: {'instance': "Function('Fast', entity_sorts['Entity'], BoolSort())", 'arity': 1, 'method': 'Fast(Entity)', 'function': 'None'}
- Normal: {'instance': "Function('Normal', entity_sorts['Entity'], BoolSort())", 'arity': 1, 'method': 'Normal(Entity)', 'function': 'None'}
- Slow: {'instance': "Function('Slow', entity_sorts['Entity'], BoolSort())", 'arity': 1, 'method': 'Slow(Entity)', 'function': 'None'}
2026-05-23 15:32:58 [INFO]: *** Sim Rule ***: Stop -> 
 Stop(entity) == Exists(
  [dummyEntity], 
  Or(
    And(
      IsAtInter(entity), 
      IsInInter(dummyEntity), 
    ),
    And(
      IsAtInter(entity), 
      IsAtInter(dummyEntity), 
      HigherPri(dummyEntity, entity),
    ),
    CollidingClose(entity, dummyEntity)
  )
)

2026-05-23 15:32:58 [INFO]: *** Task Rule ***: Collision and Intersection -> 
 Implies(Exists(
  [dummyEntity], 
    Or(
      And(
        IsAtInter(entity), 
        IsInInter(dummyEntity), 
      ),
      And(
        IsAtInter(entity), 
        IsAtInter(dummyEntity), 
        HigherPri(dummyEntity, entity),
      ),
      CollidingClose(entity, dummyEntity)
    )
  ),
  Stop(entity)
)

2026-05-23 15:32:58 [INFO]: *** Expert Rule ***: Stop -> 
 Stop(entity) == Exists(
[dummyEntity], 
  Or(
    And(
      IsAtInter(entity), 
      IsInInter(dummyEntity), 
    ),
    And(
      IsAtInter(entity), 
      IsAtInter(dummyEntity), 
      HigherPri(dummyEntity, entity),
    ),
    CollidingClose(entity, dummyEntity)
  )
)

2026-05-23 15:32:58 [INFO]: *** Expert Rule ***: Slow -> 
 Not(Slow(entity))

2026-05-23 15:32:58 [INFO]: *** Expert Rule ***: Fast -> 
 Not(Fast(entity))

2026-05-23 15:32:58 [INFO]: *** Expert Rule ***: Normal -> 
 Normal(entity) == Not(Stop(entity))
2026-05-23 15:32:58 [INFO]: Rules created successfully
2026-05-23 15:32:58 [INFO]: Rules will be grounded later...
2026-05-23 15:32:58 [INFO]: Given Predicates {'IsPedestrian': {'instance': IsPed, 'arity': 1, 'method': 'IsPed(Entity)', 'function': 'logicity.utils.pred_converter.z3.IsPed'}, 'IsCar': {'instance': IsCar, 'arity': 1, 'method': 'IsCar(Entity)', 'function': 'logicity.utils.pred_converter.z3.IsCar'}, 'IsAmbulance': {'instance': IsAmb, 'arity': 1, 'method': 'IsAmb(Entity)', 'function': 'logicity.utils.pred_converter.z3.IsAmb'}, 'IsOld': {'instance': IsOld, 'arity': 1, 'method': 'IsOld(Entity)', 'function': 'logicity.utils.pred_converter.z3.IsOld'}, 'IsTiro': {'instance': IsTiro, 'arity': 1, 'method': 'IsTiro(Entity)', 'function': 'logicity.utils.pred_converter.z3.IsTiro'}, 'IsAtInter': {'instance': IsAtInter, 'arity': 1, 'method': 'IsAtInter(Entity)', 'function': 'logicity.utils.pred_converter.z3.IsAtInter'}, 'IsInInter': {'instance': IsInInter, 'arity': 1, 'method': 'IsInInter(Entity)', 'function': 'logicity.utils.pred_converter.z3.IsInInter'}, 'HigherPri': {'instance': HigherPri, 'arity': 2, 'method': 'HigherPri(Entity, Entity)', 'function': 'logicity.utils.pred_converter.z3.HigherPri'}, 'CollidingClose': {'instance': CollidingClose, 'arity': 2, 'method': 'CollidingClose(Entity, Entity)', 'function': 'logicity.utils.pred_converter.z3.CollidingClose'}, 'Stop': {'instance': Stop, 'arity': 1, 'method': 'Stop(Entity)', 'function': 'None'}, 'Fast': {'instance': Fast, 'arity': 1, 'method': 'Fast(Entity)', 'function': 'None'}, 'Normal': {'instance': Normal, 'arity': 1, 'method': 'Normal(Entity)', 'function': 'None'}, 'Slow': {'instance': Slow, 'arity': 1, 'method': 'Slow(Entity)', 'function': 'None'}}, the FOV entities {'Entity': 3}, The logic grounding shape is: 39
2026-05-23 15:32:58 [INFO]: Local planner constructed!
2026-05-23 15:32:58 [INFO]: Constructing 22 streets
2026-05-23 15:32:58 [INFO]: Constructing 16 buildings
2026-05-23 15:32:59 [INFO]: Adding 4 agents, they are constrained in 103 region
2026-05-23 15:33:00 [INFO]: Car_1 initialization done!
2026-05-23 15:33:00 [INFO]: Pedestrian_1 initialization done!
2026-05-23 15:33:01 [INFO]: Car_2 initialization done!
2026-05-23 15:33:02 [INFO]: Car_3 initialization done!
2026-05-23 15:33:02 [INFO]: Done!
2026-05-23 15:33:02 [INFO]: ***Init RL Agent in Env***
2026-05-23 15:33:29 [INFO]: Episode 9 failed.
2026-05-23 15:33:29 [INFO]: Episode 9 achieved a score of -0.9599999999999995
2026-05-23 15:33:29 [INFO]: Episode 9 Success: 0
2026-05-23 15:33:29 [INFO]: Episode 9 Decision Step: {3: 1}
2026-05-23 15:33:29 [INFO]: Episode 9 Success Decision: {3: 1}
2026-05-23 15:33:29 [INFO]: Evaluating episode 10...
2026-05-23 15:33:29 [INFO]: Episode label: {'oracle_step': 98, 'stop_count': 39, 'has_stop': True, 'ego_crosses': True, 'ego_eta': 59, 'ego_direction': 'left', 'other_crosses': 3, 'close_other_count': 0, 'pedestrian_close': None, 'conflicting_approach': False, 'total_crosses': 4}
2026-05-23 15:33:29 [INFO]: Get map info from config/maps/square_2x2.yaml
2026-05-23 15:33:29 [INFO]: Get agent info from config/agents/easy_lite/val.yaml
2026-05-23 15:33:29 [INFO]: Get onology and rules info from config/rules/ontology_easy.yaml, config/rules/Nav/easy/expert.yaml
2026-05-23 15:33:29 [INFO]: Number of Entity Types: 1
Entity Types:
- Entity
2026-05-23 15:33:29 [INFO]: Number of Predicates: 13
Predicates:
- IsPedestrian: {'instance': "Function('IsPed', entity_sorts['Entity'], BoolSort())", 'arity': 1, 'method': 'IsPed(Entity)', 'function': 'logicity.utils.pred_converter.z3.IsPed'}
- IsCar: {'instance': "Function('IsCar', entity_sorts['Entity'], BoolSort())", 'arity': 1, 'method': 'IsCar(Entity)', 'function': 'logicity.utils.pred_converter.z3.IsCar'}
- IsAmbulance: {'instance': "Function('IsAmb', entity_sorts['Entity'], BoolSort())", 'arity': 1, 'method': 'IsAmb(Entity)', 'function': 'logicity.utils.pred_converter.z3.IsAmb'}
- IsOld: {'instance': "Function('IsOld', entity_sorts['Entity'], BoolSort())", 'arity': 1, 'method': 'IsOld(Entity)', 'function': 'logicity.utils.pred_converter.z3.IsOld'}
- IsTiro: {'instance': "Function('IsTiro', entity_sorts['Entity'], BoolSort())", 'arity': 1, 'method': 'IsTiro(Entity)', 'function': 'logicity.utils.pred_converter.z3.IsTiro'}
- IsAtInter: {'instance': "Function('IsAtInter', entity_sorts['Entity'], BoolSort())", 'arity': 1, 'method': 'IsAtInter(Entity)', 'function': 'logicity.utils.pred_converter.z3.IsAtInter'}
- IsInInter: {'instance': "Function('IsInInter', entity_sorts['Entity'], BoolSort())", 'arity': 1, 'method': 'IsInInter(Entity)', 'function': 'logicity.utils.pred_converter.z3.IsInInter'}
- HigherPri: {'instance': "Function('HigherPri', entity_sorts['Entity'], entity_sorts['Entity'], BoolSort())", 'arity': 2, 'method': 'HigherPri(Entity, Entity)', 'function': 'logicity.utils.pred_converter.z3.HigherPri'}
- CollidingClose: {'instance': "Function('CollidingClose', entity_sorts['Entity'], entity_sorts['Entity'], BoolSort())", 'arity': 2, 'method': 'CollidingClose(Entity, Entity)', 'function': 'logicity.utils.pred_converter.z3.CollidingClose'}
- Stop: {'instance': "Function('Stop', entity_sorts['Entity'], BoolSort())", 'arity': 1, 'method': 'Stop(Entity)', 'function': 'None'}
- Fast: {'instance': "Function('Fast', entity_sorts['Entity'], BoolSort())", 'arity': 1, 'method': 'Fast(Entity)', 'function': 'None'}
- Normal: {'instance': "Function('Normal', entity_sorts['Entity'], BoolSort())", 'arity': 1, 'method': 'Normal(Entity)', 'function': 'None'}
- Slow: {'instance': "Function('Slow', entity_sorts['Entity'], BoolSort())", 'arity': 1, 'method': 'Slow(Entity)', 'function': 'None'}
2026-05-23 15:33:29 [INFO]: *** Sim Rule ***: Stop -> 
 Stop(entity) == Exists(
  [dummyEntity], 
  Or(
    And(
      IsAtInter(entity), 
      IsInInter(dummyEntity), 
    ),
    And(
      IsAtInter(entity), 
      IsAtInter(dummyEntity), 
      HigherPri(dummyEntity, entity),
    ),
    CollidingClose(entity, dummyEntity)
  )
)

2026-05-23 15:33:29 [INFO]: *** Task Rule ***: Collision and Intersection -> 
 Implies(Exists(
  [dummyEntity], 
    Or(
      And(
        IsAtInter(entity), 
        IsInInter(dummyEntity), 
      ),
      And(
        IsAtInter(entity), 
        IsAtInter(dummyEntity), 
        HigherPri(dummyEntity, entity),
      ),
      CollidingClose(entity, dummyEntity)
    )
  ),
  Stop(entity)
)

2026-05-23 15:33:29 [INFO]: *** Expert Rule ***: Stop -> 
 Stop(entity) == Exists(
[dummyEntity], 
  Or(
    And(
      IsAtInter(entity), 
      IsInInter(dummyEntity), 
    ),
    And(
      IsAtInter(entity), 
      IsAtInter(dummyEntity), 
      HigherPri(dummyEntity, entity),
    ),
    CollidingClose(entity, dummyEntity)
  )
)

2026-05-23 15:33:29 [INFO]: *** Expert Rule ***: Slow -> 
 Not(Slow(entity))

2026-05-23 15:33:29 [INFO]: *** Expert Rule ***: Fast -> 
 Not(Fast(entity))

2026-05-23 15:33:29 [INFO]: *** Expert Rule ***: Normal -> 
 Normal(entity) == Not(Stop(entity))
2026-05-23 15:33:29 [INFO]: Rules created successfully
2026-05-23 15:33:29 [INFO]: Rules will be grounded later...
2026-05-23 15:33:29 [INFO]: Given Predicates {'IsPedestrian': {'instance': IsPed, 'arity': 1, 'method': 'IsPed(Entity)', 'function': 'logicity.utils.pred_converter.z3.IsPed'}, 'IsCar': {'instance': IsCar, 'arity': 1, 'method': 'IsCar(Entity)', 'function': 'logicity.utils.pred_converter.z3.IsCar'}, 'IsAmbulance': {'instance': IsAmb, 'arity': 1, 'method': 'IsAmb(Entity)', 'function': 'logicity.utils.pred_converter.z3.IsAmb'}, 'IsOld': {'instance': IsOld, 'arity': 1, 'method': 'IsOld(Entity)', 'function': 'logicity.utils.pred_converter.z3.IsOld'}, 'IsTiro': {'instance': IsTiro, 'arity': 1, 'method': 'IsTiro(Entity)', 'function': 'logicity.utils.pred_converter.z3.IsTiro'}, 'IsAtInter': {'instance': IsAtInter, 'arity': 1, 'method': 'IsAtInter(Entity)', 'function': 'logicity.utils.pred_converter.z3.IsAtInter'}, 'IsInInter': {'instance': IsInInter, 'arity': 1, 'method': 'IsInInter(Entity)', 'function': 'logicity.utils.pred_converter.z3.IsInInter'}, 'HigherPri': {'instance': HigherPri, 'arity': 2, 'method': 'HigherPri(Entity, Entity)', 'function': 'logicity.utils.pred_converter.z3.HigherPri'}, 'CollidingClose': {'instance': CollidingClose, 'arity': 2, 'method': 'CollidingClose(Entity, Entity)', 'function': 'logicity.utils.pred_converter.z3.CollidingClose'}, 'Stop': {'instance': Stop, 'arity': 1, 'method': 'Stop(Entity)', 'function': 'None'}, 'Fast': {'instance': Fast, 'arity': 1, 'method': 'Fast(Entity)', 'function': 'None'}, 'Normal': {'instance': Normal, 'arity': 1, 'method': 'Normal(Entity)', 'function': 'None'}, 'Slow': {'instance': Slow, 'arity': 1, 'method': 'Slow(Entity)', 'function': 'None'}}, the FOV entities {'Entity': 3}, The logic grounding shape is: 39
2026-05-23 15:33:29 [INFO]: Local planner constructed!
2026-05-23 15:33:29 [INFO]: Constructing 22 streets
2026-05-23 15:33:30 [INFO]: Constructing 16 buildings
2026-05-23 15:33:31 [INFO]: Adding 4 agents, they are constrained in 103 region
2026-05-23 15:33:32 [INFO]: Car_1 initialization done!
2026-05-23 15:33:32 [INFO]: Pedestrian_1 initialization done!
2026-05-23 15:33:33 [INFO]: Car_2 initialization done!
2026-05-23 15:33:34 [INFO]: Car_3 initialization done!
2026-05-23 15:33:34 [INFO]: Done!
2026-05-23 15:33:34 [INFO]: ***Init RL Agent in Env***
2026-05-23 15:34:10 [INFO]: will reset agent by success
2026-05-23 15:34:10 [INFO]: ***Reset RL Agent in Env***
2026-05-23 15:34:10 [INFO]: Car_1 initialization done!
2026-05-23 15:34:10 [INFO]: Pedestrian_1 initialization done!
2026-05-23 15:34:11 [INFO]: Car_2 initialization done!
2026-05-23 15:34:12 [INFO]: Car_3 initialization done!
2026-05-23 15:34:12 [INFO]: Agent reset priority to 1/4
2026-05-23 15:34:12 [INFO]: Agent reset concepts to {'type': 'Car', 'priority': 1}
2026-05-23 15:34:12 [INFO]: Episode 10 success.
2026-05-23 15:34:12 [INFO]: Episode 10 achieved a score of 5.4300000000000095
2026-05-23 15:34:12 [INFO]: Episode 10 Success: 1
2026-05-23 15:34:12 [INFO]: Episode 10 Decision Step: {3: 1}
2026-05-23 15:34:12 [INFO]: Episode 10 Success Decision: {3: 1}
2026-05-23 15:34:12 [INFO]: Evaluating episode 11...
2026-05-23 15:34:12 [INFO]: Episode label: {'oracle_step': 69, 'stop_count': 0, 'has_stop': False, 'ego_crosses': True, 'ego_eta': 53, 'ego_direction': 'right', 'other_crosses': 3, 'close_other_count': 0, 'pedestrian_close': None, 'conflicting_approach': False, 'total_crosses': 4}
2026-05-23 15:34:12 [INFO]: Get map info from config/maps/square_2x2.yaml
2026-05-23 15:34:12 [INFO]: Get agent info from config/agents/easy_lite/val.yaml
2026-05-23 15:34:12 [INFO]: Get onology and rules info from config/rules/ontology_easy.yaml, config/rules/Nav/easy/expert.yaml
2026-05-23 15:34:12 [INFO]: Number of Entity Types: 1
Entity Types:
- Entity
2026-05-23 15:34:12 [INFO]: Number of Predicates: 13
Predicates:
- IsPedestrian: {'instance': "Function('IsPed', entity_sorts['Entity'], BoolSort())", 'arity': 1, 'method': 'IsPed(Entity)', 'function': 'logicity.utils.pred_converter.z3.IsPed'}
- IsCar: {'instance': "Function('IsCar', entity_sorts['Entity'], BoolSort())", 'arity': 1, 'method': 'IsCar(Entity)', 'function': 'logicity.utils.pred_converter.z3.IsCar'}
- IsAmbulance: {'instance': "Function('IsAmb', entity_sorts['Entity'], BoolSort())", 'arity': 1, 'method': 'IsAmb(Entity)', 'function': 'logicity.utils.pred_converter.z3.IsAmb'}
- IsOld: {'instance': "Function('IsOld', entity_sorts['Entity'], BoolSort())", 'arity': 1, 'method': 'IsOld(Entity)', 'function': 'logicity.utils.pred_converter.z3.IsOld'}
- IsTiro: {'instance': "Function('IsTiro', entity_sorts['Entity'], BoolSort())", 'arity': 1, 'method': 'IsTiro(Entity)', 'function': 'logicity.utils.pred_converter.z3.IsTiro'}
- IsAtInter: {'instance': "Function('IsAtInter', entity_sorts['Entity'], BoolSort())", 'arity': 1, 'method': 'IsAtInter(Entity)', 'function': 'logicity.utils.pred_converter.z3.IsAtInter'}
- IsInInter: {'instance': "Function('IsInInter', entity_sorts['Entity'], BoolSort())", 'arity': 1, 'method': 'IsInInter(Entity)', 'function': 'logicity.utils.pred_converter.z3.IsInInter'}
- HigherPri: {'instance': "Function('HigherPri', entity_sorts['Entity'], entity_sorts['Entity'], BoolSort())", 'arity': 2, 'method': 'HigherPri(Entity, Entity)', 'function': 'logicity.utils.pred_converter.z3.HigherPri'}
- CollidingClose: {'instance': "Function('CollidingClose', entity_sorts['Entity'], entity_sorts['Entity'], BoolSort())", 'arity': 2, 'method': 'CollidingClose(Entity, Entity)', 'function': 'logicity.utils.pred_converter.z3.CollidingClose'}
- Stop: {'instance': "Function('Stop', entity_sorts['Entity'], BoolSort())", 'arity': 1, 'method': 'Stop(Entity)', 'function': 'None'}
- Fast: {'instance': "Function('Fast', entity_sorts['Entity'], BoolSort())", 'arity': 1, 'method': 'Fast(Entity)', 'function': 'None'}
- Normal: {'instance': "Function('Normal', entity_sorts['Entity'], BoolSort())", 'arity': 1, 'method': 'Normal(Entity)', 'function': 'None'}
- Slow: {'instance': "Function('Slow', entity_sorts['Entity'], BoolSort())", 'arity': 1, 'method': 'Slow(Entity)', 'function': 'None'}
2026-05-23 15:34:12 [INFO]: *** Sim Rule ***: Stop -> 
 Stop(entity) == Exists(
  [dummyEntity], 
  Or(
    And(
      IsAtInter(entity), 
      IsInInter(dummyEntity), 
    ),
    And(
      IsAtInter(entity), 
      IsAtInter(dummyEntity), 
      HigherPri(dummyEntity, entity),
    ),
    CollidingClose(entity, dummyEntity)
  )
)

2026-05-23 15:34:12 [INFO]: *** Task Rule ***: Collision and Intersection -> 
 Implies(Exists(
  [dummyEntity], 
    Or(
      And(
        IsAtInter(entity), 
        IsInInter(dummyEntity), 
      ),
      And(
        IsAtInter(entity), 
        IsAtInter(dummyEntity), 
        HigherPri(dummyEntity, entity),
      ),
      CollidingClose(entity, dummyEntity)
    )
  ),
  Stop(entity)
)

2026-05-23 15:34:12 [INFO]: *** Expert Rule ***: Stop -> 
 Stop(entity) == Exists(
[dummyEntity], 
  Or(
    And(
      IsAtInter(entity), 
      IsInInter(dummyEntity), 
    ),
    And(
      IsAtInter(entity), 
      IsAtInter(dummyEntity), 
      HigherPri(dummyEntity, entity),
    ),
    CollidingClose(entity, dummyEntity)
  )
)

2026-05-23 15:34:12 [INFO]: *** Expert Rule ***: Slow -> 
 Not(Slow(entity))

2026-05-23 15:34:12 [INFO]: *** Expert Rule ***: Fast -> 
 Not(Fast(entity))

2026-05-23 15:34:12 [INFO]: *** Expert Rule ***: Normal -> 
 Normal(entity) == Not(Stop(entity))
2026-05-23 15:34:12 [INFO]: Rules created successfully
2026-05-23 15:34:12 [INFO]: Rules will be grounded later...
2026-05-23 15:34:12 [INFO]: Given Predicates {'IsPedestrian': {'instance': IsPed, 'arity': 1, 'method': 'IsPed(Entity)', 'function': 'logicity.utils.pred_converter.z3.IsPed'}, 'IsCar': {'instance': IsCar, 'arity': 1, 'method': 'IsCar(Entity)', 'function': 'logicity.utils.pred_converter.z3.IsCar'}, 'IsAmbulance': {'instance': IsAmb, 'arity': 1, 'method': 'IsAmb(Entity)', 'function': 'logicity.utils.pred_converter.z3.IsAmb'}, 'IsOld': {'instance': IsOld, 'arity': 1, 'method': 'IsOld(Entity)', 'function': 'logicity.utils.pred_converter.z3.IsOld'}, 'IsTiro': {'instance': IsTiro, 'arity': 1, 'method': 'IsTiro(Entity)', 'function': 'logicity.utils.pred_converter.z3.IsTiro'}, 'IsAtInter': {'instance': IsAtInter, 'arity': 1, 'method': 'IsAtInter(Entity)', 'function': 'logicity.utils.pred_converter.z3.IsAtInter'}, 'IsInInter': {'instance': IsInInter, 'arity': 1, 'method': 'IsInInter(Entity)', 'function': 'logicity.utils.pred_converter.z3.IsInInter'}, 'HigherPri': {'instance': HigherPri, 'arity': 2, 'method': 'HigherPri(Entity, Entity)', 'function': 'logicity.utils.pred_converter.z3.HigherPri'}, 'CollidingClose': {'instance': CollidingClose, 'arity': 2, 'method': 'CollidingClose(Entity, Entity)', 'function': 'logicity.utils.pred_converter.z3.CollidingClose'}, 'Stop': {'instance': Stop, 'arity': 1, 'method': 'Stop(Entity)', 'function': 'None'}, 'Fast': {'instance': Fast, 'arity': 1, 'method': 'Fast(Entity)', 'function': 'None'}, 'Normal': {'instance': Normal, 'arity': 1, 'method': 'Normal(Entity)', 'function': 'None'}, 'Slow': {'instance': Slow, 'arity': 1, 'method': 'Slow(Entity)', 'function': 'None'}}, the FOV entities {'Entity': 3}, The logic grounding shape is: 39
2026-05-23 15:34:12 [INFO]: Local planner constructed!
2026-05-23 15:34:12 [INFO]: Constructing 22 streets
2026-05-23 15:34:13 [INFO]: Constructing 16 buildings
2026-05-23 15:34:13 [INFO]: Adding 4 agents, they are constrained in 103 region
2026-05-23 15:34:14 [INFO]: Car_1 initialization done!
2026-05-23 15:34:14 [INFO]: Pedestrian_1 initialization done!
2026-05-23 15:34:15 [INFO]: Car_2 initialization done!
2026-05-23 15:34:16 [INFO]: Car_3 initialization done!
2026-05-23 15:34:16 [INFO]: Done!
2026-05-23 15:34:16 [INFO]: ***Init RL Agent in Env***
2026-05-23 15:34:34 [INFO]: will reset agent by success
2026-05-23 15:34:34 [INFO]: ***Reset RL Agent in Env***
2026-05-23 15:34:35 [INFO]: Car_1 initialization done!
2026-05-23 15:34:35 [INFO]: Pedestrian_1 initialization done!
2026-05-23 15:34:35 [INFO]: Car_2 initialization done!
2026-05-23 15:34:36 [INFO]: Car_3 initialization done!
2026-05-23 15:34:36 [INFO]: Agent reset priority to 3/4
2026-05-23 15:34:36 [INFO]: Agent reset concepts to {'type': 'Car', 'priority': 3}
2026-05-23 15:34:36 [INFO]: Episode 11 success.
2026-05-23 15:34:36 [INFO]: Episode 11 achieved a score of 6.9599999999999955
2026-05-23 15:34:36 [INFO]: Episode 11 Success: 1
2026-05-23 15:34:36 [INFO]: Episode 11 Decision Step: {3: 0}
2026-05-23 15:34:36 [INFO]: Episode 11 Success Decision: {3: 0}
2026-05-23 15:34:36 [INFO]: Evaluating episode 12...
2026-05-23 15:34:36 [INFO]: Episode label: {'oracle_step': 46, 'stop_count': 0, 'has_stop': False, 'ego_crosses': True, 'ego_eta': 10, 'ego_direction': 'left', 'other_crosses': 3, 'close_other_count': 0, 'pedestrian_close': None, 'conflicting_approach': False, 'total_crosses': 4}
2026-05-23 15:34:36 [INFO]: Get map info from config/maps/square_2x2.yaml
2026-05-23 15:34:36 [INFO]: Get agent info from config/agents/easy_lite/val.yaml
2026-05-23 15:34:36 [INFO]: Get onology and rules info from config/rules/ontology_easy.yaml, config/rules/Nav/easy/expert.yaml
2026-05-23 15:34:36 [INFO]: Number of Entity Types: 1
Entity Types:
- Entity
2026-05-23 15:34:36 [INFO]: Number of Predicates: 13
Predicates:
- IsPedestrian: {'instance': "Function('IsPed', entity_sorts['Entity'], BoolSort())", 'arity': 1, 'method': 'IsPed(Entity)', 'function': 'logicity.utils.pred_converter.z3.IsPed'}
- IsCar: {'instance': "Function('IsCar', entity_sorts['Entity'], BoolSort())", 'arity': 1, 'method': 'IsCar(Entity)', 'function': 'logicity.utils.pred_converter.z3.IsCar'}
- IsAmbulance: {'instance': "Function('IsAmb', entity_sorts['Entity'], BoolSort())", 'arity': 1, 'method': 'IsAmb(Entity)', 'function': 'logicity.utils.pred_converter.z3.IsAmb'}
- IsOld: {'instance': "Function('IsOld', entity_sorts['Entity'], BoolSort())", 'arity': 1, 'method': 'IsOld(Entity)', 'function': 'logicity.utils.pred_converter.z3.IsOld'}
- IsTiro: {'instance': "Function('IsTiro', entity_sorts['Entity'], BoolSort())", 'arity': 1, 'method': 'IsTiro(Entity)', 'function': 'logicity.utils.pred_converter.z3.IsTiro'}
- IsAtInter: {'instance': "Function('IsAtInter', entity_sorts['Entity'], BoolSort())", 'arity': 1, 'method': 'IsAtInter(Entity)', 'function': 'logicity.utils.pred_converter.z3.IsAtInter'}
- IsInInter: {'instance': "Function('IsInInter', entity_sorts['Entity'], BoolSort())", 'arity': 1, 'method': 'IsInInter(Entity)', 'function': 'logicity.utils.pred_converter.z3.IsInInter'}
- HigherPri: {'instance': "Function('HigherPri', entity_sorts['Entity'], entity_sorts['Entity'], BoolSort())", 'arity': 2, 'method': 'HigherPri(Entity, Entity)', 'function': 'logicity.utils.pred_converter.z3.HigherPri'}
- CollidingClose: {'instance': "Function('CollidingClose', entity_sorts['Entity'], entity_sorts['Entity'], BoolSort())", 'arity': 2, 'method': 'CollidingClose(Entity, Entity)', 'function': 'logicity.utils.pred_converter.z3.CollidingClose'}
- Stop: {'instance': "Function('Stop', entity_sorts['Entity'], BoolSort())", 'arity': 1, 'method': 'Stop(Entity)', 'function': 'None'}
- Fast: {'instance': "Function('Fast', entity_sorts['Entity'], BoolSort())", 'arity': 1, 'method': 'Fast(Entity)', 'function': 'None'}
- Normal: {'instance': "Function('Normal', entity_sorts['Entity'], BoolSort())", 'arity': 1, 'method': 'Normal(Entity)', 'function': 'None'}
- Slow: {'instance': "Function('Slow', entity_sorts['Entity'], BoolSort())", 'arity': 1, 'method': 'Slow(Entity)', 'function': 'None'}
2026-05-23 15:34:36 [INFO]: *** Sim Rule ***: Stop -> 
 Stop(entity) == Exists(
  [dummyEntity], 
  Or(
    And(
      IsAtInter(entity), 
      IsInInter(dummyEntity), 
    ),
    And(
      IsAtInter(entity), 
      IsAtInter(dummyEntity), 
      HigherPri(dummyEntity, entity),
    ),
    CollidingClose(entity, dummyEntity)
  )
)

2026-05-23 15:34:36 [INFO]: *** Task Rule ***: Collision and Intersection -> 
 Implies(Exists(
  [dummyEntity], 
    Or(
      And(
        IsAtInter(entity), 
        IsInInter(dummyEntity), 
      ),
      And(
        IsAtInter(entity), 
        IsAtInter(dummyEntity), 
        HigherPri(dummyEntity, entity),
      ),
      CollidingClose(entity, dummyEntity)
    )
  ),
  Stop(entity)
)

2026-05-23 15:34:36 [INFO]: *** Expert Rule ***: Stop -> 
 Stop(entity) == Exists(
[dummyEntity], 
  Or(
    And(
      IsAtInter(entity), 
      IsInInter(dummyEntity), 
    ),
    And(
      IsAtInter(entity), 
      IsAtInter(dummyEntity), 
      HigherPri(dummyEntity, entity),
    ),
    CollidingClose(entity, dummyEntity)
  )
)

2026-05-23 15:34:36 [INFO]: *** Expert Rule ***: Slow -> 
 Not(Slow(entity))

2026-05-23 15:34:36 [INFO]: *** Expert Rule ***: Fast -> 
 Not(Fast(entity))

2026-05-23 15:34:36 [INFO]: *** Expert Rule ***: Normal -> 
 Normal(entity) == Not(Stop(entity))
2026-05-23 15:34:36 [INFO]: Rules created successfully
2026-05-23 15:34:36 [INFO]: Rules will be grounded later...
2026-05-23 15:34:36 [INFO]: Given Predicates {'IsPedestrian': {'instance': IsPed, 'arity': 1, 'method': 'IsPed(Entity)', 'function': 'logicity.utils.pred_converter.z3.IsPed'}, 'IsCar': {'instance': IsCar, 'arity': 1, 'method': 'IsCar(Entity)', 'function': 'logicity.utils.pred_converter.z3.IsCar'}, 'IsAmbulance': {'instance': IsAmb, 'arity': 1, 'method': 'IsAmb(Entity)', 'function': 'logicity.utils.pred_converter.z3.IsAmb'}, 'IsOld': {'instance': IsOld, 'arity': 1, 'method': 'IsOld(Entity)', 'function': 'logicity.utils.pred_converter.z3.IsOld'}, 'IsTiro': {'instance': IsTiro, 'arity': 1, 'method': 'IsTiro(Entity)', 'function': 'logicity.utils.pred_converter.z3.IsTiro'}, 'IsAtInter': {'instance': IsAtInter, 'arity': 1, 'method': 'IsAtInter(Entity)', 'function': 'logicity.utils.pred_converter.z3.IsAtInter'}, 'IsInInter': {'instance': IsInInter, 'arity': 1, 'method': 'IsInInter(Entity)', 'function': 'logicity.utils.pred_converter.z3.IsInInter'}, 'HigherPri': {'instance': HigherPri, 'arity': 2, 'method': 'HigherPri(Entity, Entity)', 'function': 'logicity.utils.pred_converter.z3.HigherPri'}, 'CollidingClose': {'instance': CollidingClose, 'arity': 2, 'method': 'CollidingClose(Entity, Entity)', 'function': 'logicity.utils.pred_converter.z3.CollidingClose'}, 'Stop': {'instance': Stop, 'arity': 1, 'method': 'Stop(Entity)', 'function': 'None'}, 'Fast': {'instance': Fast, 'arity': 1, 'method': 'Fast(Entity)', 'function': 'None'}, 'Normal': {'instance': Normal, 'arity': 1, 'method': 'Normal(Entity)', 'function': 'None'}, 'Slow': {'instance': Slow, 'arity': 1, 'method': 'Slow(Entity)', 'function': 'None'}}, the FOV entities {'Entity': 3}, The logic grounding shape is: 39
2026-05-23 15:34:36 [INFO]: Local planner constructed!
2026-05-23 15:34:36 [INFO]: Constructing 22 streets
2026-05-23 15:34:37 [INFO]: Constructing 16 buildings
2026-05-23 15:34:38 [INFO]: Adding 4 agents, they are constrained in 103 region
2026-05-23 15:34:39 [INFO]: Car_1 initialization done!
2026-05-23 15:34:39 [INFO]: Pedestrian_1 initialization done!
2026-05-23 15:34:39 [INFO]: Car_2 initialization done!
2026-05-23 15:34:40 [INFO]: Car_3 initialization done!
2026-05-23 15:34:40 [INFO]: Done!
2026-05-23 15:34:40 [INFO]: ***Init RL Agent in Env***
2026-05-23 15:34:51 [INFO]: will reset agent by success
2026-05-23 15:34:51 [INFO]: ***Reset RL Agent in Env***
2026-05-23 15:34:51 [INFO]: Car_1 initialization done!
2026-05-23 15:34:51 [INFO]: Pedestrian_1 initialization done!
2026-05-23 15:34:52 [INFO]: Car_2 initialization done!
2026-05-23 15:34:53 [INFO]: Car_3 initialization done!
2026-05-23 15:34:53 [INFO]: Agent reset priority to 3/4
2026-05-23 15:34:53 [INFO]: Agent reset concepts to {'type': 'Car', 'priority': 3}
2026-05-23 15:34:53 [INFO]: Episode 12 success.
2026-05-23 15:34:53 [INFO]: Episode 12 achieved a score of 4.889999999999998
2026-05-23 15:34:53 [INFO]: Episode 12 Success: 1
2026-05-23 15:34:53 [INFO]: Episode 12 Decision Step: {3: 0}
2026-05-23 15:34:53 [INFO]: Episode 12 Success Decision: {3: 0}
2026-05-23 15:34:53 [INFO]: Evaluating episode 13...
2026-05-23 15:34:53 [INFO]: Episode label: {'oracle_step': 70, 'stop_count': 10, 'has_stop': True, 'ego_crosses': True, 'ego_eta': 49, 'ego_direction': 'down', 'other_crosses': 3, 'close_other_count': 0, 'pedestrian_close': None, 'conflicting_approach': False, 'total_crosses': 4}
2026-05-23 15:34:53 [INFO]: Get map info from config/maps/square_2x2.yaml
2026-05-23 15:34:53 [INFO]: Get agent info from config/agents/easy_lite/val.yaml
2026-05-23 15:34:53 [INFO]: Get onology and rules info from config/rules/ontology_easy.yaml, config/rules/Nav/easy/expert.yaml
2026-05-23 15:34:53 [INFO]: Number of Entity Types: 1
Entity Types:
- Entity
2026-05-23 15:34:53 [INFO]: Number of Predicates: 13
Predicates:
- IsPedestrian: {'instance': "Function('IsPed', entity_sorts['Entity'], BoolSort())", 'arity': 1, 'method': 'IsPed(Entity)', 'function': 'logicity.utils.pred_converter.z3.IsPed'}
- IsCar: {'instance': "Function('IsCar', entity_sorts['Entity'], BoolSort())", 'arity': 1, 'method': 'IsCar(Entity)', 'function': 'logicity.utils.pred_converter.z3.IsCar'}
- IsAmbulance: {'instance': "Function('IsAmb', entity_sorts['Entity'], BoolSort())", 'arity': 1, 'method': 'IsAmb(Entity)', 'function': 'logicity.utils.pred_converter.z3.IsAmb'}
- IsOld: {'instance': "Function('IsOld', entity_sorts['Entity'], BoolSort())", 'arity': 1, 'method': 'IsOld(Entity)', 'function': 'logicity.utils.pred_converter.z3.IsOld'}
- IsTiro: {'instance': "Function('IsTiro', entity_sorts['Entity'], BoolSort())", 'arity': 1, 'method': 'IsTiro(Entity)', 'function': 'logicity.utils.pred_converter.z3.IsTiro'}
- IsAtInter: {'instance': "Function('IsAtInter', entity_sorts['Entity'], BoolSort())", 'arity': 1, 'method': 'IsAtInter(Entity)', 'function': 'logicity.utils.pred_converter.z3.IsAtInter'}
- IsInInter: {'instance': "Function('IsInInter', entity_sorts['Entity'], BoolSort())", 'arity': 1, 'method': 'IsInInter(Entity)', 'function': 'logicity.utils.pred_converter.z3.IsInInter'}
- HigherPri: {'instance': "Function('HigherPri', entity_sorts['Entity'], entity_sorts['Entity'], BoolSort())", 'arity': 2, 'method': 'HigherPri(Entity, Entity)', 'function': 'logicity.utils.pred_converter.z3.HigherPri'}
- CollidingClose: {'instance': "Function('CollidingClose', entity_sorts['Entity'], entity_sorts['Entity'], BoolSort())", 'arity': 2, 'method': 'CollidingClose(Entity, Entity)', 'function': 'logicity.utils.pred_converter.z3.CollidingClose'}
- Stop: {'instance': "Function('Stop', entity_sorts['Entity'], BoolSort())", 'arity': 1, 'method': 'Stop(Entity)', 'function': 'None'}
- Fast: {'instance': "Function('Fast', entity_sorts['Entity'], BoolSort())", 'arity': 1, 'method': 'Fast(Entity)', 'function': 'None'}
- Normal: {'instance': "Function('Normal', entity_sorts['Entity'], BoolSort())", 'arity': 1, 'method': 'Normal(Entity)', 'function': 'None'}
- Slow: {'instance': "Function('Slow', entity_sorts['Entity'], BoolSort())", 'arity': 1, 'method': 'Slow(Entity)', 'function': 'None'}
2026-05-23 15:34:53 [INFO]: *** Sim Rule ***: Stop -> 
 Stop(entity) == Exists(
  [dummyEntity], 
  Or(
    And(
      IsAtInter(entity), 
      IsInInter(dummyEntity), 
    ),
    And(
      IsAtInter(entity), 
      IsAtInter(dummyEntity), 
      HigherPri(dummyEntity, entity),
    ),
    CollidingClose(entity, dummyEntity)
  )
)

2026-05-23 15:34:53 [INFO]: *** Task Rule ***: Collision and Intersection -> 
 Implies(Exists(
  [dummyEntity], 
    Or(
      And(
        IsAtInter(entity), 
        IsInInter(dummyEntity), 
      ),
      And(
        IsAtInter(entity), 
        IsAtInter(dummyEntity), 
        HigherPri(dummyEntity, entity),
      ),
      CollidingClose(entity, dummyEntity)
    )
  ),
  Stop(entity)
)

2026-05-23 15:34:53 [INFO]: *** Expert Rule ***: Stop -> 
 Stop(entity) == Exists(
[dummyEntity], 
  Or(
    And(
      IsAtInter(entity), 
      IsInInter(dummyEntity), 
    ),
    And(
      IsAtInter(entity), 
      IsAtInter(dummyEntity), 
      HigherPri(dummyEntity, entity),
    ),
    CollidingClose(entity, dummyEntity)
  )
)

2026-05-23 15:34:53 [INFO]: *** Expert Rule ***: Slow -> 
 Not(Slow(entity))

2026-05-23 15:34:53 [INFO]: *** Expert Rule ***: Fast -> 
 Not(Fast(entity))

2026-05-23 15:34:53 [INFO]: *** Expert Rule ***: Normal -> 
 Normal(entity) == Not(Stop(entity))
2026-05-23 15:34:53 [INFO]: Rules created successfully
2026-05-23 15:34:53 [INFO]: Rules will be grounded later...
2026-05-23 15:34:53 [INFO]: Given Predicates {'IsPedestrian': {'instance': IsPed, 'arity': 1, 'method': 'IsPed(Entity)', 'function': 'logicity.utils.pred_converter.z3.IsPed'}, 'IsCar': {'instance': IsCar, 'arity': 1, 'method': 'IsCar(Entity)', 'function': 'logicity.utils.pred_converter.z3.IsCar'}, 'IsAmbulance': {'instance': IsAmb, 'arity': 1, 'method': 'IsAmb(Entity)', 'function': 'logicity.utils.pred_converter.z3.IsAmb'}, 'IsOld': {'instance': IsOld, 'arity': 1, 'method': 'IsOld(Entity)', 'function': 'logicity.utils.pred_converter.z3.IsOld'}, 'IsTiro': {'instance': IsTiro, 'arity': 1, 'method': 'IsTiro(Entity)', 'function': 'logicity.utils.pred_converter.z3.IsTiro'}, 'IsAtInter': {'instance': IsAtInter, 'arity': 1, 'method': 'IsAtInter(Entity)', 'function': 'logicity.utils.pred_converter.z3.IsAtInter'}, 'IsInInter': {'instance': IsInInter, 'arity': 1, 'method': 'IsInInter(Entity)', 'function': 'logicity.utils.pred_converter.z3.IsInInter'}, 'HigherPri': {'instance': HigherPri, 'arity': 2, 'method': 'HigherPri(Entity, Entity)', 'function': 'logicity.utils.pred_converter.z3.HigherPri'}, 'CollidingClose': {'instance': CollidingClose, 'arity': 2, 'method': 'CollidingClose(Entity, Entity)', 'function': 'logicity.utils.pred_converter.z3.CollidingClose'}, 'Stop': {'instance': Stop, 'arity': 1, 'method': 'Stop(Entity)', 'function': 'None'}, 'Fast': {'instance': Fast, 'arity': 1, 'method': 'Fast(Entity)', 'function': 'None'}, 'Normal': {'instance': Normal, 'arity': 1, 'method': 'Normal(Entity)', 'function': 'None'}, 'Slow': {'instance': Slow, 'arity': 1, 'method': 'Slow(Entity)', 'function': 'None'}}, the FOV entities {'Entity': 3}, The logic grounding shape is: 39
2026-05-23 15:34:53 [INFO]: Local planner constructed!
2026-05-23 15:34:53 [INFO]: Constructing 22 streets
2026-05-23 15:34:54 [INFO]: Constructing 16 buildings
2026-05-23 15:34:55 [INFO]: Adding 4 agents, they are constrained in 103 region
2026-05-23 15:34:56 [INFO]: Car_1 initialization done!
2026-05-23 15:34:56 [INFO]: Pedestrian_1 initialization done!
2026-05-23 15:34:57 [INFO]: Car_2 initialization done!
2026-05-23 15:34:57 [INFO]: Car_3 initialization done!
2026-05-23 15:34:57 [INFO]: Done!
2026-05-23 15:34:57 [INFO]: ***Init RL Agent in Env***
2026-05-23 15:35:16 [INFO]: will reset agent by success
2026-05-23 15:35:16 [INFO]: ***Reset RL Agent in Env***
2026-05-23 15:35:16 [INFO]: Car_1 initialization done!
2026-05-23 15:35:16 [INFO]: Pedestrian_1 initialization done!
2026-05-23 15:35:17 [INFO]: Car_2 initialization done!
2026-05-23 15:35:18 [INFO]: Car_3 initialization done!
2026-05-23 15:35:18 [INFO]: Agent reset priority to 3/4
2026-05-23 15:35:18 [INFO]: Agent reset concepts to {'type': 'Car', 'priority': 3}
2026-05-23 15:35:18 [INFO]: Episode 13 success.
2026-05-23 15:35:18 [INFO]: Episode 13 achieved a score of 6.059999999999997
2026-05-23 15:35:18 [INFO]: Episode 13 Success: 1
2026-05-23 15:35:18 [INFO]: Episode 13 Decision Step: {3: 1}
2026-05-23 15:35:18 [INFO]: Episode 13 Success Decision: {3: 1}
2026-05-23 15:35:18 [INFO]: Evaluating episode 14...
2026-05-23 15:35:18 [INFO]: Episode label: {'oracle_step': 57, 'stop_count': 7, 'has_stop': True, 'ego_crosses': True, 'ego_eta': 27, 'ego_direction': 'down', 'other_crosses': 3, 'close_other_count': 0, 'pedestrian_close': None, 'conflicting_approach': False, 'total_crosses': 4}
2026-05-23 15:35:18 [INFO]: Get map info from config/maps/square_2x2.yaml
2026-05-23 15:35:18 [INFO]: Get agent info from config/agents/easy_lite/val.yaml
2026-05-23 15:35:18 [INFO]: Get onology and rules info from config/rules/ontology_easy.yaml, config/rules/Nav/easy/expert.yaml
2026-05-23 15:35:18 [INFO]: Number of Entity Types: 1
Entity Types:
- Entity
2026-05-23 15:35:18 [INFO]: Number of Predicates: 13
Predicates:
- IsPedestrian: {'instance': "Function('IsPed', entity_sorts['Entity'], BoolSort())", 'arity': 1, 'method': 'IsPed(Entity)', 'function': 'logicity.utils.pred_converter.z3.IsPed'}
- IsCar: {'instance': "Function('IsCar', entity_sorts['Entity'], BoolSort())", 'arity': 1, 'method': 'IsCar(Entity)', 'function': 'logicity.utils.pred_converter.z3.IsCar'}
- IsAmbulance: {'instance': "Function('IsAmb', entity_sorts['Entity'], BoolSort())", 'arity': 1, 'method': 'IsAmb(Entity)', 'function': 'logicity.utils.pred_converter.z3.IsAmb'}
- IsOld: {'instance': "Function('IsOld', entity_sorts['Entity'], BoolSort())", 'arity': 1, 'method': 'IsOld(Entity)', 'function': 'logicity.utils.pred_converter.z3.IsOld'}
- IsTiro: {'instance': "Function('IsTiro', entity_sorts['Entity'], BoolSort())", 'arity': 1, 'method': 'IsTiro(Entity)', 'function': 'logicity.utils.pred_converter.z3.IsTiro'}
- IsAtInter: {'instance': "Function('IsAtInter', entity_sorts['Entity'], BoolSort())", 'arity': 1, 'method': 'IsAtInter(Entity)', 'function': 'logicity.utils.pred_converter.z3.IsAtInter'}
- IsInInter: {'instance': "Function('IsInInter', entity_sorts['Entity'], BoolSort())", 'arity': 1, 'method': 'IsInInter(Entity)', 'function': 'logicity.utils.pred_converter.z3.IsInInter'}
- HigherPri: {'instance': "Function('HigherPri', entity_sorts['Entity'], entity_sorts['Entity'], BoolSort())", 'arity': 2, 'method': 'HigherPri(Entity, Entity)', 'function': 'logicity.utils.pred_converter.z3.HigherPri'}
- CollidingClose: {'instance': "Function('CollidingClose', entity_sorts['Entity'], entity_sorts['Entity'], BoolSort())", 'arity': 2, 'method': 'CollidingClose(Entity, Entity)', 'function': 'logicity.utils.pred_converter.z3.CollidingClose'}
- Stop: {'instance': "Function('Stop', entity_sorts['Entity'], BoolSort())", 'arity': 1, 'method': 'Stop(Entity)', 'function': 'None'}
- Fast: {'instance': "Function('Fast', entity_sorts['Entity'], BoolSort())", 'arity': 1, 'method': 'Fast(Entity)', 'function': 'None'}
- Normal: {'instance': "Function('Normal', entity_sorts['Entity'], BoolSort())", 'arity': 1, 'method': 'Normal(Entity)', 'function': 'None'}
- Slow: {'instance': "Function('Slow', entity_sorts['Entity'], BoolSort())", 'arity': 1, 'method': 'Slow(Entity)', 'function': 'None'}
2026-05-23 15:35:18 [INFO]: *** Sim Rule ***: Stop -> 
 Stop(entity) == Exists(
  [dummyEntity], 
  Or(
    And(
      IsAtInter(entity), 
      IsInInter(dummyEntity), 
    ),
    And(
      IsAtInter(entity), 
      IsAtInter(dummyEntity), 
      HigherPri(dummyEntity, entity),
    ),
    CollidingClose(entity, dummyEntity)
  )
)

2026-05-23 15:35:18 [INFO]: *** Task Rule ***: Collision and Intersection -> 
 Implies(Exists(
  [dummyEntity], 
    Or(
      And(
        IsAtInter(entity), 
        IsInInter(dummyEntity), 
      ),
      And(
        IsAtInter(entity), 
        IsAtInter(dummyEntity), 
        HigherPri(dummyEntity, entity),
      ),
      CollidingClose(entity, dummyEntity)
    )
  ),
  Stop(entity)
)

2026-05-23 15:35:18 [INFO]: *** Expert Rule ***: Stop -> 
 Stop(entity) == Exists(
[dummyEntity], 
  Or(
    And(
      IsAtInter(entity), 
      IsInInter(dummyEntity), 
    ),
    And(
      IsAtInter(entity), 
      IsAtInter(dummyEntity), 
      HigherPri(dummyEntity, entity),
    ),
    CollidingClose(entity, dummyEntity)
  )
)

2026-05-23 15:35:18 [INFO]: *** Expert Rule ***: Slow -> 
 Not(Slow(entity))

2026-05-23 15:35:18 [INFO]: *** Expert Rule ***: Fast -> 
 Not(Fast(entity))

2026-05-23 15:35:18 [INFO]: *** Expert Rule ***: Normal -> 
 Normal(entity) == Not(Stop(entity))
2026-05-23 15:35:18 [INFO]: Rules created successfully
2026-05-23 15:35:18 [INFO]: Rules will be grounded later...
2026-05-23 15:35:18 [INFO]: Given Predicates {'IsPedestrian': {'instance': IsPed, 'arity': 1, 'method': 'IsPed(Entity)', 'function': 'logicity.utils.pred_converter.z3.IsPed'}, 'IsCar': {'instance': IsCar, 'arity': 1, 'method': 'IsCar(Entity)', 'function': 'logicity.utils.pred_converter.z3.IsCar'}, 'IsAmbulance': {'instance': IsAmb, 'arity': 1, 'method': 'IsAmb(Entity)', 'function': 'logicity.utils.pred_converter.z3.IsAmb'}, 'IsOld': {'instance': IsOld, 'arity': 1, 'method': 'IsOld(Entity)', 'function': 'logicity.utils.pred_converter.z3.IsOld'}, 'IsTiro': {'instance': IsTiro, 'arity': 1, 'method': 'IsTiro(Entity)', 'function': 'logicity.utils.pred_converter.z3.IsTiro'}, 'IsAtInter': {'instance': IsAtInter, 'arity': 1, 'method': 'IsAtInter(Entity)', 'function': 'logicity.utils.pred_converter.z3.IsAtInter'}, 'IsInInter': {'instance': IsInInter, 'arity': 1, 'method': 'IsInInter(Entity)', 'function': 'logicity.utils.pred_converter.z3.IsInInter'}, 'HigherPri': {'instance': HigherPri, 'arity': 2, 'method': 'HigherPri(Entity, Entity)', 'function': 'logicity.utils.pred_converter.z3.HigherPri'}, 'CollidingClose': {'instance': CollidingClose, 'arity': 2, 'method': 'CollidingClose(Entity, Entity)', 'function': 'logicity.utils.pred_converter.z3.CollidingClose'}, 'Stop': {'instance': Stop, 'arity': 1, 'method': 'Stop(Entity)', 'function': 'None'}, 'Fast': {'instance': Fast, 'arity': 1, 'method': 'Fast(Entity)', 'function': 'None'}, 'Normal': {'instance': Normal, 'arity': 1, 'method': 'Normal(Entity)', 'function': 'None'}, 'Slow': {'instance': Slow, 'arity': 1, 'method': 'Slow(Entity)', 'function': 'None'}}, the FOV entities {'Entity': 3}, The logic grounding shape is: 39
2026-05-23 15:35:18 [INFO]: Local planner constructed!
2026-05-23 15:35:18 [INFO]: Constructing 22 streets
2026-05-23 15:35:19 [INFO]: Constructing 16 buildings
2026-05-23 15:35:20 [INFO]: Adding 4 agents, they are constrained in 103 region
2026-05-23 15:35:21 [INFO]: Car_1 initialization done!
2026-05-23 15:35:21 [INFO]: Pedestrian_1 initialization done!
2026-05-23 15:35:22 [INFO]: Car_2 initialization done!
2026-05-23 15:35:23 [INFO]: Car_3 initialization done!
2026-05-23 15:35:23 [INFO]: Done!
2026-05-23 15:35:23 [INFO]: ***Init RL Agent in Env***
2026-05-23 15:35:43 [INFO]: will reset agent by success
2026-05-23 15:35:43 [INFO]: ***Reset RL Agent in Env***
2026-05-23 15:35:44 [INFO]: Car_1 initialization done!
2026-05-23 15:35:44 [INFO]: Pedestrian_1 initialization done!
2026-05-23 15:35:45 [INFO]: Car_2 initialization done!
2026-05-23 15:35:46 [INFO]: Car_3 initialization done!
2026-05-23 15:35:46 [INFO]: Agent reset priority to 3/4
2026-05-23 15:35:46 [INFO]: Agent reset concepts to {'type': 'Car', 'priority': 3}
2026-05-23 15:35:46 [INFO]: Episode 14 success.
2026-05-23 15:35:46 [INFO]: Episode 14 achieved a score of 5.129999999999998
2026-05-23 15:35:46 [INFO]: Episode 14 Success: 1
2026-05-23 15:35:46 [INFO]: Episode 14 Decision Step: {3: 1}
2026-05-23 15:35:46 [INFO]: Episode 14 Success Decision: {3: 1}
2026-05-23 15:35:46 [INFO]: Evaluating episode 15...
2026-05-23 15:35:46 [INFO]: Episode label: {'oracle_step': 77, 'stop_count': 6, 'has_stop': True, 'ego_crosses': True, 'ego_eta': 14, 'ego_direction': 'down', 'other_crosses': 3, 'close_other_count': 0, 'pedestrian_close': None, 'conflicting_approach': False, 'total_crosses': 4}
2026-05-23 15:35:46 [INFO]: Get map info from config/maps/square_2x2.yaml
2026-05-23 15:35:46 [INFO]: Get agent info from config/agents/easy_lite/val.yaml
2026-05-23 15:35:46 [INFO]: Get onology and rules info from config/rules/ontology_easy.yaml, config/rules/Nav/easy/expert.yaml
2026-05-23 15:35:46 [INFO]: Number of Entity Types: 1
Entity Types:
- Entity
2026-05-23 15:35:46 [INFO]: Number of Predicates: 13
Predicates:
- IsPedestrian: {'instance': "Function('IsPed', entity_sorts['Entity'], BoolSort())", 'arity': 1, 'method': 'IsPed(Entity)', 'function': 'logicity.utils.pred_converter.z3.IsPed'}
- IsCar: {'instance': "Function('IsCar', entity_sorts['Entity'], BoolSort())", 'arity': 1, 'method': 'IsCar(Entity)', 'function': 'logicity.utils.pred_converter.z3.IsCar'}
- IsAmbulance: {'instance': "Function('IsAmb', entity_sorts['Entity'], BoolSort())", 'arity': 1, 'method': 'IsAmb(Entity)', 'function': 'logicity.utils.pred_converter.z3.IsAmb'}
- IsOld: {'instance': "Function('IsOld', entity_sorts['Entity'], BoolSort())", 'arity': 1, 'method': 'IsOld(Entity)', 'function': 'logicity.utils.pred_converter.z3.IsOld'}
- IsTiro: {'instance': "Function('IsTiro', entity_sorts['Entity'], BoolSort())", 'arity': 1, 'method': 'IsTiro(Entity)', 'function': 'logicity.utils.pred_converter.z3.IsTiro'}
- IsAtInter: {'instance': "Function('IsAtInter', entity_sorts['Entity'], BoolSort())", 'arity': 1, 'method': 'IsAtInter(Entity)', 'function': 'logicity.utils.pred_converter.z3.IsAtInter'}
- IsInInter: {'instance': "Function('IsInInter', entity_sorts['Entity'], BoolSort())", 'arity': 1, 'method': 'IsInInter(Entity)', 'function': 'logicity.utils.pred_converter.z3.IsInInter'}
- HigherPri: {'instance': "Function('HigherPri', entity_sorts['Entity'], entity_sorts['Entity'], BoolSort())", 'arity': 2, 'method': 'HigherPri(Entity, Entity)', 'function': 'logicity.utils.pred_converter.z3.HigherPri'}
- CollidingClose: {'instance': "Function('CollidingClose', entity_sorts['Entity'], entity_sorts['Entity'], BoolSort())", 'arity': 2, 'method': 'CollidingClose(Entity, Entity)', 'function': 'logicity.utils.pred_converter.z3.CollidingClose'}
- Stop: {'instance': "Function('Stop', entity_sorts['Entity'], BoolSort())", 'arity': 1, 'method': 'Stop(Entity)', 'function': 'None'}
- Fast: {'instance': "Function('Fast', entity_sorts['Entity'], BoolSort())", 'arity': 1, 'method': 'Fast(Entity)', 'function': 'None'}
- Normal: {'instance': "Function('Normal', entity_sorts['Entity'], BoolSort())", 'arity': 1, 'method': 'Normal(Entity)', 'function': 'None'}
- Slow: {'instance': "Function('Slow', entity_sorts['Entity'], BoolSort())", 'arity': 1, 'method': 'Slow(Entity)', 'function': 'None'}
2026-05-23 15:35:46 [INFO]: *** Sim Rule ***: Stop -> 
 Stop(entity) == Exists(
  [dummyEntity], 
  Or(
    And(
      IsAtInter(entity), 
      IsInInter(dummyEntity), 
    ),
    And(
      IsAtInter(entity), 
      IsAtInter(dummyEntity), 
      HigherPri(dummyEntity, entity),
    ),
    CollidingClose(entity, dummyEntity)
  )
)

2026-05-23 15:35:46 [INFO]: *** Task Rule ***: Collision and Intersection -> 
 Implies(Exists(
  [dummyEntity], 
    Or(
      And(
        IsAtInter(entity), 
        IsInInter(dummyEntity), 
      ),
      And(
        IsAtInter(entity), 
        IsAtInter(dummyEntity), 
        HigherPri(dummyEntity, entity),
      ),
      CollidingClose(entity, dummyEntity)
    )
  ),
  Stop(entity)
)

2026-05-23 15:35:46 [INFO]: *** Expert Rule ***: Stop -> 
 Stop(entity) == Exists(
[dummyEntity], 
  Or(
    And(
      IsAtInter(entity), 
      IsInInter(dummyEntity), 
    ),
    And(
      IsAtInter(entity), 
      IsAtInter(dummyEntity), 
      HigherPri(dummyEntity, entity),
    ),
    CollidingClose(entity, dummyEntity)
  )
)

2026-05-23 15:35:46 [INFO]: *** Expert Rule ***: Slow -> 
 Not(Slow(entity))

2026-05-23 15:35:46 [INFO]: *** Expert Rule ***: Fast -> 
 Not(Fast(entity))

2026-05-23 15:35:46 [INFO]: *** Expert Rule ***: Normal -> 
 Normal(entity) == Not(Stop(entity))
2026-05-23 15:35:46 [INFO]: Rules created successfully
2026-05-23 15:35:46 [INFO]: Rules will be grounded later...
2026-05-23 15:35:47 [INFO]: Given Predicates {'IsPedestrian': {'instance': IsPed, 'arity': 1, 'method': 'IsPed(Entity)', 'function': 'logicity.utils.pred_converter.z3.IsPed'}, 'IsCar': {'instance': IsCar, 'arity': 1, 'method': 'IsCar(Entity)', 'function': 'logicity.utils.pred_converter.z3.IsCar'}, 'IsAmbulance': {'instance': IsAmb, 'arity': 1, 'method': 'IsAmb(Entity)', 'function': 'logicity.utils.pred_converter.z3.IsAmb'}, 'IsOld': {'instance': IsOld, 'arity': 1, 'method': 'IsOld(Entity)', 'function': 'logicity.utils.pred_converter.z3.IsOld'}, 'IsTiro': {'instance': IsTiro, 'arity': 1, 'method': 'IsTiro(Entity)', 'function': 'logicity.utils.pred_converter.z3.IsTiro'}, 'IsAtInter': {'instance': IsAtInter, 'arity': 1, 'method': 'IsAtInter(Entity)', 'function': 'logicity.utils.pred_converter.z3.IsAtInter'}, 'IsInInter': {'instance': IsInInter, 'arity': 1, 'method': 'IsInInter(Entity)', 'function': 'logicity.utils.pred_converter.z3.IsInInter'}, 'HigherPri': {'instance': HigherPri, 'arity': 2, 'method': 'HigherPri(Entity, Entity)', 'function': 'logicity.utils.pred_converter.z3.HigherPri'}, 'CollidingClose': {'instance': CollidingClose, 'arity': 2, 'method': 'CollidingClose(Entity, Entity)', 'function': 'logicity.utils.pred_converter.z3.CollidingClose'}, 'Stop': {'instance': Stop, 'arity': 1, 'method': 'Stop(Entity)', 'function': 'None'}, 'Fast': {'instance': Fast, 'arity': 1, 'method': 'Fast(Entity)', 'function': 'None'}, 'Normal': {'instance': Normal, 'arity': 1, 'method': 'Normal(Entity)', 'function': 'None'}, 'Slow': {'instance': Slow, 'arity': 1, 'method': 'Slow(Entity)', 'function': 'None'}}, the FOV entities {'Entity': 3}, The logic grounding shape is: 39
2026-05-23 15:35:47 [INFO]: Local planner constructed!
2026-05-23 15:35:47 [INFO]: Constructing 22 streets
2026-05-23 15:35:48 [INFO]: Constructing 16 buildings
2026-05-23 15:35:49 [INFO]: Adding 4 agents, they are constrained in 103 region
2026-05-23 15:35:50 [INFO]: Car_1 initialization done!
2026-05-23 15:35:50 [INFO]: Pedestrian_1 initialization done!
2026-05-23 15:35:51 [INFO]: Car_2 initialization done!
2026-05-23 15:35:52 [INFO]: Car_3 initialization done!
2026-05-23 15:35:52 [INFO]: Done!
2026-05-23 15:35:52 [INFO]: ***Init RL Agent in Env***
2026-05-23 15:36:15 [INFO]: will reset agent by success
2026-05-23 15:36:15 [INFO]: ***Reset RL Agent in Env***
2026-05-23 15:36:16 [INFO]: Car_1 initialization done!
2026-05-23 15:36:16 [INFO]: Pedestrian_1 initialization done!
2026-05-23 15:36:17 [INFO]: Car_2 initialization done!
2026-05-23 15:36:18 [INFO]: Car_3 initialization done!
2026-05-23 15:36:18 [INFO]: Agent reset priority to 2/4
2026-05-23 15:36:18 [INFO]: Agent reset concepts to {'type': 'Car', 'priority': 2}
2026-05-23 15:36:18 [INFO]: Episode 15 success.
2026-05-23 15:36:18 [INFO]: Episode 15 achieved a score of 7.129999999999995
2026-05-23 15:36:18 [INFO]: Episode 15 Success: 1
2026-05-23 15:36:18 [INFO]: Episode 15 Decision Step: {3: 1}
2026-05-23 15:36:18 [INFO]: Episode 15 Success Decision: {3: 1}
2026-05-23 15:36:18 [INFO]: Evaluating episode 16...
2026-05-23 15:36:18 [INFO]: Episode label: {'oracle_step': 110, 'stop_count': 38, 'has_stop': True, 'ego_crosses': True, 'ego_eta': 70, 'ego_direction': 'up', 'other_crosses': 3, 'close_other_count': 0, 'pedestrian_close': None, 'conflicting_approach': False, 'total_crosses': 4}
2026-05-23 15:36:18 [INFO]: Get map info from config/maps/square_2x2.yaml
2026-05-23 15:36:18 [INFO]: Get agent info from config/agents/easy_lite/val.yaml
2026-05-23 15:36:18 [INFO]: Get onology and rules info from config/rules/ontology_easy.yaml, config/rules/Nav/easy/expert.yaml
2026-05-23 15:36:18 [INFO]: Number of Entity Types: 1
Entity Types:
- Entity
2026-05-23 15:36:18 [INFO]: Number of Predicates: 13
Predicates:
- IsPedestrian: {'instance': "Function('IsPed', entity_sorts['Entity'], BoolSort())", 'arity': 1, 'method': 'IsPed(Entity)', 'function': 'logicity.utils.pred_converter.z3.IsPed'}
- IsCar: {'instance': "Function('IsCar', entity_sorts['Entity'], BoolSort())", 'arity': 1, 'method': 'IsCar(Entity)', 'function': 'logicity.utils.pred_converter.z3.IsCar'}
- IsAmbulance: {'instance': "Function('IsAmb', entity_sorts['Entity'], BoolSort())", 'arity': 1, 'method': 'IsAmb(Entity)', 'function': 'logicity.utils.pred_converter.z3.IsAmb'}
- IsOld: {'instance': "Function('IsOld', entity_sorts['Entity'], BoolSort())", 'arity': 1, 'method': 'IsOld(Entity)', 'function': 'logicity.utils.pred_converter.z3.IsOld'}
- IsTiro: {'instance': "Function('IsTiro', entity_sorts['Entity'], BoolSort())", 'arity': 1, 'method': 'IsTiro(Entity)', 'function': 'logicity.utils.pred_converter.z3.IsTiro'}
- IsAtInter: {'instance': "Function('IsAtInter', entity_sorts['Entity'], BoolSort())", 'arity': 1, 'method': 'IsAtInter(Entity)', 'function': 'logicity.utils.pred_converter.z3.IsAtInter'}
- IsInInter: {'instance': "Function('IsInInter', entity_sorts['Entity'], BoolSort())", 'arity': 1, 'method': 'IsInInter(Entity)', 'function': 'logicity.utils.pred_converter.z3.IsInInter'}
- HigherPri: {'instance': "Function('HigherPri', entity_sorts['Entity'], entity_sorts['Entity'], BoolSort())", 'arity': 2, 'method': 'HigherPri(Entity, Entity)', 'function': 'logicity.utils.pred_converter.z3.HigherPri'}
- CollidingClose: {'instance': "Function('CollidingClose', entity_sorts['Entity'], entity_sorts['Entity'], BoolSort())", 'arity': 2, 'method': 'CollidingClose(Entity, Entity)', 'function': 'logicity.utils.pred_converter.z3.CollidingClose'}
- Stop: {'instance': "Function('Stop', entity_sorts['Entity'], BoolSort())", 'arity': 1, 'method': 'Stop(Entity)', 'function': 'None'}
- Fast: {'instance': "Function('Fast', entity_sorts['Entity'], BoolSort())", 'arity': 1, 'method': 'Fast(Entity)', 'function': 'None'}
- Normal: {'instance': "Function('Normal', entity_sorts['Entity'], BoolSort())", 'arity': 1, 'method': 'Normal(Entity)', 'function': 'None'}
- Slow: {'instance': "Function('Slow', entity_sorts['Entity'], BoolSort())", 'arity': 1, 'method': 'Slow(Entity)', 'function': 'None'}
2026-05-23 15:36:18 [INFO]: *** Sim Rule ***: Stop -> 
 Stop(entity) == Exists(
  [dummyEntity], 
  Or(
    And(
      IsAtInter(entity), 
      IsInInter(dummyEntity), 
    ),
    And(
      IsAtInter(entity), 
      IsAtInter(dummyEntity), 
      HigherPri(dummyEntity, entity),
    ),
    CollidingClose(entity, dummyEntity)
  )
)

2026-05-23 15:36:18 [INFO]: *** Task Rule ***: Collision and Intersection -> 
 Implies(Exists(
  [dummyEntity], 
    Or(
      And(
        IsAtInter(entity), 
        IsInInter(dummyEntity), 
      ),
      And(
        IsAtInter(entity), 
        IsAtInter(dummyEntity), 
        HigherPri(dummyEntity, entity),
      ),
      CollidingClose(entity, dummyEntity)
    )
  ),
  Stop(entity)
)

2026-05-23 15:36:18 [INFO]: *** Expert Rule ***: Stop -> 
 Stop(entity) == Exists(
[dummyEntity], 
  Or(
    And(
      IsAtInter(entity), 
      IsInInter(dummyEntity), 
    ),
    And(
      IsAtInter(entity), 
      IsAtInter(dummyEntity), 
      HigherPri(dummyEntity, entity),
    ),
    CollidingClose(entity, dummyEntity)
  )
)

2026-05-23 15:36:18 [INFO]: *** Expert Rule ***: Slow -> 
 Not(Slow(entity))

2026-05-23 15:36:18 [INFO]: *** Expert Rule ***: Fast -> 
 Not(Fast(entity))

2026-05-23 15:36:18 [INFO]: *** Expert Rule ***: Normal -> 
 Normal(entity) == Not(Stop(entity))
2026-05-23 15:36:18 [INFO]: Rules created successfully
2026-05-23 15:36:18 [INFO]: Rules will be grounded later...
2026-05-23 15:36:18 [INFO]: Given Predicates {'IsPedestrian': {'instance': IsPed, 'arity': 1, 'method': 'IsPed(Entity)', 'function': 'logicity.utils.pred_converter.z3.IsPed'}, 'IsCar': {'instance': IsCar, 'arity': 1, 'method': 'IsCar(Entity)', 'function': 'logicity.utils.pred_converter.z3.IsCar'}, 'IsAmbulance': {'instance': IsAmb, 'arity': 1, 'method': 'IsAmb(Entity)', 'function': 'logicity.utils.pred_converter.z3.IsAmb'}, 'IsOld': {'instance': IsOld, 'arity': 1, 'method': 'IsOld(Entity)', 'function': 'logicity.utils.pred_converter.z3.IsOld'}, 'IsTiro': {'instance': IsTiro, 'arity': 1, 'method': 'IsTiro(Entity)', 'function': 'logicity.utils.pred_converter.z3.IsTiro'}, 'IsAtInter': {'instance': IsAtInter, 'arity': 1, 'method': 'IsAtInter(Entity)', 'function': 'logicity.utils.pred_converter.z3.IsAtInter'}, 'IsInInter': {'instance': IsInInter, 'arity': 1, 'method': 'IsInInter(Entity)', 'function': 'logicity.utils.pred_converter.z3.IsInInter'}, 'HigherPri': {'instance': HigherPri, 'arity': 2, 'method': 'HigherPri(Entity, Entity)', 'function': 'logicity.utils.pred_converter.z3.HigherPri'}, 'CollidingClose': {'instance': CollidingClose, 'arity': 2, 'method': 'CollidingClose(Entity, Entity)', 'function': 'logicity.utils.pred_converter.z3.CollidingClose'}, 'Stop': {'instance': Stop, 'arity': 1, 'method': 'Stop(Entity)', 'function': 'None'}, 'Fast': {'instance': Fast, 'arity': 1, 'method': 'Fast(Entity)', 'function': 'None'}, 'Normal': {'instance': Normal, 'arity': 1, 'method': 'Normal(Entity)', 'function': 'None'}, 'Slow': {'instance': Slow, 'arity': 1, 'method': 'Slow(Entity)', 'function': 'None'}}, the FOV entities {'Entity': 3}, The logic grounding shape is: 39
2026-05-23 15:36:18 [INFO]: Local planner constructed!
2026-05-23 15:36:18 [INFO]: Constructing 22 streets
2026-05-23 15:36:19 [INFO]: Constructing 16 buildings
2026-05-23 15:36:20 [INFO]: Adding 4 agents, they are constrained in 103 region
2026-05-23 15:36:21 [INFO]: Car_1 initialization done!
2026-05-23 15:36:21 [INFO]: Pedestrian_1 initialization done!
2026-05-23 15:36:22 [INFO]: Car_2 initialization done!
2026-05-23 15:36:22 [INFO]: Car_3 initialization done!
2026-05-23 15:36:22 [INFO]: Done!
2026-05-23 15:36:22 [INFO]: ***Init RL Agent in Env***
2026-05-23 15:36:57 [INFO]: will reset agent by success
2026-05-23 15:36:57 [INFO]: ***Reset RL Agent in Env***
2026-05-23 15:36:57 [INFO]: Car_1 initialization done!
2026-05-23 15:36:57 [INFO]: Pedestrian_1 initialization done!
2026-05-23 15:36:58 [INFO]: Car_2 initialization done!
2026-05-23 15:36:59 [INFO]: Car_3 initialization done!
2026-05-23 15:36:59 [INFO]: Agent reset priority to 2/4
2026-05-23 15:36:59 [INFO]: Agent reset concepts to {'type': 'Car', 'priority': 2}
2026-05-23 15:36:59 [INFO]: Episode 16 success.
2026-05-23 15:36:59 [INFO]: Episode 16 achieved a score of 6.780000000000004
2026-05-23 15:36:59 [INFO]: Episode 16 Success: 1
2026-05-23 15:36:59 [INFO]: Episode 16 Decision Step: {3: 1}
2026-05-23 15:36:59 [INFO]: Episode 16 Success Decision: {3: 1}
2026-05-23 15:36:59 [INFO]: Evaluating episode 17...
2026-05-23 15:36:59 [INFO]: Episode label: {'oracle_step': 57, 'stop_count': 0, 'has_stop': False, 'ego_crosses': True, 'ego_eta': 28, 'ego_direction': 'right', 'other_crosses': 3, 'close_other_count': 0, 'pedestrian_close': None, 'conflicting_approach': False, 'total_crosses': 4}
2026-05-23 15:36:59 [INFO]: Get map info from config/maps/square_2x2.yaml
2026-05-23 15:36:59 [INFO]: Get agent info from config/agents/easy_lite/val.yaml
2026-05-23 15:36:59 [INFO]: Get onology and rules info from config/rules/ontology_easy.yaml, config/rules/Nav/easy/expert.yaml
2026-05-23 15:36:59 [INFO]: Number of Entity Types: 1
Entity Types:
- Entity
2026-05-23 15:36:59 [INFO]: Number of Predicates: 13
Predicates:
- IsPedestrian: {'instance': "Function('IsPed', entity_sorts['Entity'], BoolSort())", 'arity': 1, 'method': 'IsPed(Entity)', 'function': 'logicity.utils.pred_converter.z3.IsPed'}
- IsCar: {'instance': "Function('IsCar', entity_sorts['Entity'], BoolSort())", 'arity': 1, 'method': 'IsCar(Entity)', 'function': 'logicity.utils.pred_converter.z3.IsCar'}
- IsAmbulance: {'instance': "Function('IsAmb', entity_sorts['Entity'], BoolSort())", 'arity': 1, 'method': 'IsAmb(Entity)', 'function': 'logicity.utils.pred_converter.z3.IsAmb'}
- IsOld: {'instance': "Function('IsOld', entity_sorts['Entity'], BoolSort())", 'arity': 1, 'method': 'IsOld(Entity)', 'function': 'logicity.utils.pred_converter.z3.IsOld'}
- IsTiro: {'instance': "Function('IsTiro', entity_sorts['Entity'], BoolSort())", 'arity': 1, 'method': 'IsTiro(Entity)', 'function': 'logicity.utils.pred_converter.z3.IsTiro'}
- IsAtInter: {'instance': "Function('IsAtInter', entity_sorts['Entity'], BoolSort())", 'arity': 1, 'method': 'IsAtInter(Entity)', 'function': 'logicity.utils.pred_converter.z3.IsAtInter'}
- IsInInter: {'instance': "Function('IsInInter', entity_sorts['Entity'], BoolSort())", 'arity': 1, 'method': 'IsInInter(Entity)', 'function': 'logicity.utils.pred_converter.z3.IsInInter'}
- HigherPri: {'instance': "Function('HigherPri', entity_sorts['Entity'], entity_sorts['Entity'], BoolSort())", 'arity': 2, 'method': 'HigherPri(Entity, Entity)', 'function': 'logicity.utils.pred_converter.z3.HigherPri'}
- CollidingClose: {'instance': "Function('CollidingClose', entity_sorts['Entity'], entity_sorts['Entity'], BoolSort())", 'arity': 2, 'method': 'CollidingClose(Entity, Entity)', 'function': 'logicity.utils.pred_converter.z3.CollidingClose'}
- Stop: {'instance': "Function('Stop', entity_sorts['Entity'], BoolSort())", 'arity': 1, 'method': 'Stop(Entity)', 'function': 'None'}
- Fast: {'instance': "Function('Fast', entity_sorts['Entity'], BoolSort())", 'arity': 1, 'method': 'Fast(Entity)', 'function': 'None'}
- Normal: {'instance': "Function('Normal', entity_sorts['Entity'], BoolSort())", 'arity': 1, 'method': 'Normal(Entity)', 'function': 'None'}
- Slow: {'instance': "Function('Slow', entity_sorts['Entity'], BoolSort())", 'arity': 1, 'method': 'Slow(Entity)', 'function': 'None'}
2026-05-23 15:36:59 [INFO]: *** Sim Rule ***: Stop -> 
 Stop(entity) == Exists(
  [dummyEntity], 
  Or(
    And(
      IsAtInter(entity), 
      IsInInter(dummyEntity), 
    ),
    And(
      IsAtInter(entity), 
      IsAtInter(dummyEntity), 
      HigherPri(dummyEntity, entity),
    ),
    CollidingClose(entity, dummyEntity)
  )
)

2026-05-23 15:36:59 [INFO]: *** Task Rule ***: Collision and Intersection -> 
 Implies(Exists(
  [dummyEntity], 
    Or(
      And(
        IsAtInter(entity), 
        IsInInter(dummyEntity), 
      ),
      And(
        IsAtInter(entity), 
        IsAtInter(dummyEntity), 
        HigherPri(dummyEntity, entity),
      ),
      CollidingClose(entity, dummyEntity)
    )
  ),
  Stop(entity)
)

2026-05-23 15:36:59 [INFO]: *** Expert Rule ***: Stop -> 
 Stop(entity) == Exists(
[dummyEntity], 
  Or(
    And(
      IsAtInter(entity), 
      IsInInter(dummyEntity), 
    ),
    And(
      IsAtInter(entity), 
      IsAtInter(dummyEntity), 
      HigherPri(dummyEntity, entity),
    ),
    CollidingClose(entity, dummyEntity)
  )
)

2026-05-23 15:36:59 [INFO]: *** Expert Rule ***: Slow -> 
 Not(Slow(entity))

2026-05-23 15:36:59 [INFO]: *** Expert Rule ***: Fast -> 
 Not(Fast(entity))

2026-05-23 15:36:59 [INFO]: *** Expert Rule ***: Normal -> 
 Normal(entity) == Not(Stop(entity))
2026-05-23 15:36:59 [INFO]: Rules created successfully
2026-05-23 15:36:59 [INFO]: Rules will be grounded later...
2026-05-23 15:36:59 [INFO]: Given Predicates {'IsPedestrian': {'instance': IsPed, 'arity': 1, 'method': 'IsPed(Entity)', 'function': 'logicity.utils.pred_converter.z3.IsPed'}, 'IsCar': {'instance': IsCar, 'arity': 1, 'method': 'IsCar(Entity)', 'function': 'logicity.utils.pred_converter.z3.IsCar'}, 'IsAmbulance': {'instance': IsAmb, 'arity': 1, 'method': 'IsAmb(Entity)', 'function': 'logicity.utils.pred_converter.z3.IsAmb'}, 'IsOld': {'instance': IsOld, 'arity': 1, 'method': 'IsOld(Entity)', 'function': 'logicity.utils.pred_converter.z3.IsOld'}, 'IsTiro': {'instance': IsTiro, 'arity': 1, 'method': 'IsTiro(Entity)', 'function': 'logicity.utils.pred_converter.z3.IsTiro'}, 'IsAtInter': {'instance': IsAtInter, 'arity': 1, 'method': 'IsAtInter(Entity)', 'function': 'logicity.utils.pred_converter.z3.IsAtInter'}, 'IsInInter': {'instance': IsInInter, 'arity': 1, 'method': 'IsInInter(Entity)', 'function': 'logicity.utils.pred_converter.z3.IsInInter'}, 'HigherPri': {'instance': HigherPri, 'arity': 2, 'method': 'HigherPri(Entity, Entity)', 'function': 'logicity.utils.pred_converter.z3.HigherPri'}, 'CollidingClose': {'instance': CollidingClose, 'arity': 2, 'method': 'CollidingClose(Entity, Entity)', 'function': 'logicity.utils.pred_converter.z3.CollidingClose'}, 'Stop': {'instance': Stop, 'arity': 1, 'method': 'Stop(Entity)', 'function': 'None'}, 'Fast': {'instance': Fast, 'arity': 1, 'method': 'Fast(Entity)', 'function': 'None'}, 'Normal': {'instance': Normal, 'arity': 1, 'method': 'Normal(Entity)', 'function': 'None'}, 'Slow': {'instance': Slow, 'arity': 1, 'method': 'Slow(Entity)', 'function': 'None'}}, the FOV entities {'Entity': 3}, The logic grounding shape is: 39
2026-05-23 15:36:59 [INFO]: Local planner constructed!
2026-05-23 15:36:59 [INFO]: Constructing 22 streets
2026-05-23 15:37:00 [INFO]: Constructing 16 buildings
2026-05-23 15:37:01 [INFO]: Adding 4 agents, they are constrained in 103 region
2026-05-23 15:37:02 [INFO]: Car_1 initialization done!
2026-05-23 15:37:02 [INFO]: Pedestrian_1 initialization done!
2026-05-23 15:37:02 [INFO]: Car_2 initialization done!
2026-05-23 15:37:03 [INFO]: Car_3 initialization done!
2026-05-23 15:37:03 [INFO]: Done!
2026-05-23 15:37:03 [INFO]: ***Init RL Agent in Env***
2026-05-23 15:37:37 [INFO]: Episode 17 failed.
2026-05-23 15:37:37 [INFO]: Episode 17 achieved a score of -0.5900000000000003
2026-05-23 15:37:37 [INFO]: Episode 17 Success: 0
2026-05-23 15:37:37 [INFO]: Episode 17 Decision Step: {3: 1}
2026-05-23 15:37:37 [INFO]: Episode 17 Success Decision: {3: 1}
2026-05-23 15:37:37 [INFO]: Evaluating episode 18...
2026-05-23 15:37:37 [INFO]: Episode label: {'oracle_step': 25, 'stop_count': 7, 'has_stop': True, 'ego_crosses': True, 'ego_eta': 7, 'ego_direction': 'down', 'other_crosses': 3, 'close_other_count': 0, 'pedestrian_close': None, 'conflicting_approach': False, 'total_crosses': 4}
2026-05-23 15:37:37 [INFO]: Get map info from config/maps/square_2x2.yaml
2026-05-23 15:37:37 [INFO]: Get agent info from config/agents/easy_lite/val.yaml
2026-05-23 15:37:37 [INFO]: Get onology and rules info from config/rules/ontology_easy.yaml, config/rules/Nav/easy/expert.yaml
2026-05-23 15:37:37 [INFO]: Number of Entity Types: 1
Entity Types:
- Entity
2026-05-23 15:37:37 [INFO]: Number of Predicates: 13
Predicates:
- IsPedestrian: {'instance': "Function('IsPed', entity_sorts['Entity'], BoolSort())", 'arity': 1, 'method': 'IsPed(Entity)', 'function': 'logicity.utils.pred_converter.z3.IsPed'}
- IsCar: {'instance': "Function('IsCar', entity_sorts['Entity'], BoolSort())", 'arity': 1, 'method': 'IsCar(Entity)', 'function': 'logicity.utils.pred_converter.z3.IsCar'}
- IsAmbulance: {'instance': "Function('IsAmb', entity_sorts['Entity'], BoolSort())", 'arity': 1, 'method': 'IsAmb(Entity)', 'function': 'logicity.utils.pred_converter.z3.IsAmb'}
- IsOld: {'instance': "Function('IsOld', entity_sorts['Entity'], BoolSort())", 'arity': 1, 'method': 'IsOld(Entity)', 'function': 'logicity.utils.pred_converter.z3.IsOld'}
- IsTiro: {'instance': "Function('IsTiro', entity_sorts['Entity'], BoolSort())", 'arity': 1, 'method': 'IsTiro(Entity)', 'function': 'logicity.utils.pred_converter.z3.IsTiro'}
- IsAtInter: {'instance': "Function('IsAtInter', entity_sorts['Entity'], BoolSort())", 'arity': 1, 'method': 'IsAtInter(Entity)', 'function': 'logicity.utils.pred_converter.z3.IsAtInter'}
- IsInInter: {'instance': "Function('IsInInter', entity_sorts['Entity'], BoolSort())", 'arity': 1, 'method': 'IsInInter(Entity)', 'function': 'logicity.utils.pred_converter.z3.IsInInter'}
- HigherPri: {'instance': "Function('HigherPri', entity_sorts['Entity'], entity_sorts['Entity'], BoolSort())", 'arity': 2, 'method': 'HigherPri(Entity, Entity)', 'function': 'logicity.utils.pred_converter.z3.HigherPri'}
- CollidingClose: {'instance': "Function('CollidingClose', entity_sorts['Entity'], entity_sorts['Entity'], BoolSort())", 'arity': 2, 'method': 'CollidingClose(Entity, Entity)', 'function': 'logicity.utils.pred_converter.z3.CollidingClose'}
- Stop: {'instance': "Function('Stop', entity_sorts['Entity'], BoolSort())", 'arity': 1, 'method': 'Stop(Entity)', 'function': 'None'}
- Fast: {'instance': "Function('Fast', entity_sorts['Entity'], BoolSort())", 'arity': 1, 'method': 'Fast(Entity)', 'function': 'None'}
- Normal: {'instance': "Function('Normal', entity_sorts['Entity'], BoolSort())", 'arity': 1, 'method': 'Normal(Entity)', 'function': 'None'}
- Slow: {'instance': "Function('Slow', entity_sorts['Entity'], BoolSort())", 'arity': 1, 'method': 'Slow(Entity)', 'function': 'None'}
2026-05-23 15:37:37 [INFO]: *** Sim Rule ***: Stop -> 
 Stop(entity) == Exists(
  [dummyEntity], 
  Or(
    And(
      IsAtInter(entity), 
      IsInInter(dummyEntity), 
    ),
    And(
      IsAtInter(entity), 
      IsAtInter(dummyEntity), 
      HigherPri(dummyEntity, entity),
    ),
    CollidingClose(entity, dummyEntity)
  )
)

2026-05-23 15:37:37 [INFO]: *** Task Rule ***: Collision and Intersection -> 
 Implies(Exists(
  [dummyEntity], 
    Or(
      And(
        IsAtInter(entity), 
        IsInInter(dummyEntity), 
      ),
      And(
        IsAtInter(entity), 
        IsAtInter(dummyEntity), 
        HigherPri(dummyEntity, entity),
      ),
      CollidingClose(entity, dummyEntity)
    )
  ),
  Stop(entity)
)

2026-05-23 15:37:37 [INFO]: *** Expert Rule ***: Stop -> 
 Stop(entity) == Exists(
[dummyEntity], 
  Or(
    And(
      IsAtInter(entity), 
      IsInInter(dummyEntity), 
    ),
    And(
      IsAtInter(entity), 
      IsAtInter(dummyEntity), 
      HigherPri(dummyEntity, entity),
    ),
    CollidingClose(entity, dummyEntity)
  )
)

2026-05-23 15:37:37 [INFO]: *** Expert Rule ***: Slow -> 
 Not(Slow(entity))

2026-05-23 15:37:37 [INFO]: *** Expert Rule ***: Fast -> 
 Not(Fast(entity))

2026-05-23 15:37:37 [INFO]: *** Expert Rule ***: Normal -> 
 Normal(entity) == Not(Stop(entity))
2026-05-23 15:37:37 [INFO]: Rules created successfully
2026-05-23 15:37:37 [INFO]: Rules will be grounded later...
2026-05-23 15:37:37 [INFO]: Given Predicates {'IsPedestrian': {'instance': IsPed, 'arity': 1, 'method': 'IsPed(Entity)', 'function': 'logicity.utils.pred_converter.z3.IsPed'}, 'IsCar': {'instance': IsCar, 'arity': 1, 'method': 'IsCar(Entity)', 'function': 'logicity.utils.pred_converter.z3.IsCar'}, 'IsAmbulance': {'instance': IsAmb, 'arity': 1, 'method': 'IsAmb(Entity)', 'function': 'logicity.utils.pred_converter.z3.IsAmb'}, 'IsOld': {'instance': IsOld, 'arity': 1, 'method': 'IsOld(Entity)', 'function': 'logicity.utils.pred_converter.z3.IsOld'}, 'IsTiro': {'instance': IsTiro, 'arity': 1, 'method': 'IsTiro(Entity)', 'function': 'logicity.utils.pred_converter.z3.IsTiro'}, 'IsAtInter': {'instance': IsAtInter, 'arity': 1, 'method': 'IsAtInter(Entity)', 'function': 'logicity.utils.pred_converter.z3.IsAtInter'}, 'IsInInter': {'instance': IsInInter, 'arity': 1, 'method': 'IsInInter(Entity)', 'function': 'logicity.utils.pred_converter.z3.IsInInter'}, 'HigherPri': {'instance': HigherPri, 'arity': 2, 'method': 'HigherPri(Entity, Entity)', 'function': 'logicity.utils.pred_converter.z3.HigherPri'}, 'CollidingClose': {'instance': CollidingClose, 'arity': 2, 'method': 'CollidingClose(Entity, Entity)', 'function': 'logicity.utils.pred_converter.z3.CollidingClose'}, 'Stop': {'instance': Stop, 'arity': 1, 'method': 'Stop(Entity)', 'function': 'None'}, 'Fast': {'instance': Fast, 'arity': 1, 'method': 'Fast(Entity)', 'function': 'None'}, 'Normal': {'instance': Normal, 'arity': 1, 'method': 'Normal(Entity)', 'function': 'None'}, 'Slow': {'instance': Slow, 'arity': 1, 'method': 'Slow(Entity)', 'function': 'None'}}, the FOV entities {'Entity': 3}, The logic grounding shape is: 39
2026-05-23 15:37:37 [INFO]: Local planner constructed!
2026-05-23 15:37:37 [INFO]: Constructing 22 streets
2026-05-23 15:37:38 [INFO]: Constructing 16 buildings
2026-05-23 15:37:39 [INFO]: Adding 4 agents, they are constrained in 103 region
2026-05-23 15:37:40 [INFO]: Car_1 initialization done!
2026-05-23 15:37:40 [INFO]: Pedestrian_1 initialization done!
2026-05-23 15:37:40 [INFO]: Car_2 initialization done!
2026-05-23 15:37:41 [INFO]: Car_3 initialization done!
2026-05-23 15:37:41 [INFO]: Done!
2026-05-23 15:37:41 [INFO]: ***Init RL Agent in Env***
2026-05-23 15:37:48 [INFO]: will reset agent by success
2026-05-23 15:37:48 [INFO]: ***Reset RL Agent in Env***
2026-05-23 15:37:49 [INFO]: Car_1 initialization done!
2026-05-23 15:37:49 [INFO]: Pedestrian_1 initialization done!
2026-05-23 15:37:50 [INFO]: Car_2 initialization done!
2026-05-23 15:37:50 [INFO]: Car_3 initialization done!
2026-05-23 15:37:50 [INFO]: Agent reset priority to 2/4
2026-05-23 15:37:50 [INFO]: Agent reset concepts to {'type': 'Car', 'priority': 2}
2026-05-23 15:37:51 [INFO]: Episode 18 success.
2026-05-23 15:37:51 [INFO]: Episode 18 achieved a score of 2.25
2026-05-23 15:37:51 [INFO]: Episode 18 Success: 1
2026-05-23 15:37:51 [INFO]: Episode 18 Decision Step: {3: 1}
2026-05-23 15:37:51 [INFO]: Episode 18 Success Decision: {3: 1}
2026-05-23 15:37:51 [INFO]: Evaluating episode 19...
2026-05-23 15:37:51 [INFO]: Episode label: {'oracle_step': 60, 'stop_count': 9, 'has_stop': True, 'ego_crosses': True, 'ego_eta': 23, 'ego_direction': 'down', 'other_crosses': 3, 'close_other_count': 0, 'pedestrian_close': None, 'conflicting_approach': False, 'total_crosses': 4}
2026-05-23 15:37:51 [INFO]: Get map info from config/maps/square_2x2.yaml
2026-05-23 15:37:51 [INFO]: Get agent info from config/agents/easy_lite/val.yaml
2026-05-23 15:37:51 [INFO]: Get onology and rules info from config/rules/ontology_easy.yaml, config/rules/Nav/easy/expert.yaml
2026-05-23 15:37:51 [INFO]: Number of Entity Types: 1
Entity Types:
- Entity
2026-05-23 15:37:51 [INFO]: Number of Predicates: 13
Predicates:
- IsPedestrian: {'instance': "Function('IsPed', entity_sorts['Entity'], BoolSort())", 'arity': 1, 'method': 'IsPed(Entity)', 'function': 'logicity.utils.pred_converter.z3.IsPed'}
- IsCar: {'instance': "Function('IsCar', entity_sorts['Entity'], BoolSort())", 'arity': 1, 'method': 'IsCar(Entity)', 'function': 'logicity.utils.pred_converter.z3.IsCar'}
- IsAmbulance: {'instance': "Function('IsAmb', entity_sorts['Entity'], BoolSort())", 'arity': 1, 'method': 'IsAmb(Entity)', 'function': 'logicity.utils.pred_converter.z3.IsAmb'}
- IsOld: {'instance': "Function('IsOld', entity_sorts['Entity'], BoolSort())", 'arity': 1, 'method': 'IsOld(Entity)', 'function': 'logicity.utils.pred_converter.z3.IsOld'}
- IsTiro: {'instance': "Function('IsTiro', entity_sorts['Entity'], BoolSort())", 'arity': 1, 'method': 'IsTiro(Entity)', 'function': 'logicity.utils.pred_converter.z3.IsTiro'}
- IsAtInter: {'instance': "Function('IsAtInter', entity_sorts['Entity'], BoolSort())", 'arity': 1, 'method': 'IsAtInter(Entity)', 'function': 'logicity.utils.pred_converter.z3.IsAtInter'}
- IsInInter: {'instance': "Function('IsInInter', entity_sorts['Entity'], BoolSort())", 'arity': 1, 'method': 'IsInInter(Entity)', 'function': 'logicity.utils.pred_converter.z3.IsInInter'}
- HigherPri: {'instance': "Function('HigherPri', entity_sorts['Entity'], entity_sorts['Entity'], BoolSort())", 'arity': 2, 'method': 'HigherPri(Entity, Entity)', 'function': 'logicity.utils.pred_converter.z3.HigherPri'}
- CollidingClose: {'instance': "Function('CollidingClose', entity_sorts['Entity'], entity_sorts['Entity'], BoolSort())", 'arity': 2, 'method': 'CollidingClose(Entity, Entity)', 'function': 'logicity.utils.pred_converter.z3.CollidingClose'}
- Stop: {'instance': "Function('Stop', entity_sorts['Entity'], BoolSort())", 'arity': 1, 'method': 'Stop(Entity)', 'function': 'None'}
- Fast: {'instance': "Function('Fast', entity_sorts['Entity'], BoolSort())", 'arity': 1, 'method': 'Fast(Entity)', 'function': 'None'}
- Normal: {'instance': "Function('Normal', entity_sorts['Entity'], BoolSort())", 'arity': 1, 'method': 'Normal(Entity)', 'function': 'None'}
- Slow: {'instance': "Function('Slow', entity_sorts['Entity'], BoolSort())", 'arity': 1, 'method': 'Slow(Entity)', 'function': 'None'}
2026-05-23 15:37:51 [INFO]: *** Sim Rule ***: Stop -> 
 Stop(entity) == Exists(
  [dummyEntity], 
  Or(
    And(
      IsAtInter(entity), 
      IsInInter(dummyEntity), 
    ),
    And(
      IsAtInter(entity), 
      IsAtInter(dummyEntity), 
      HigherPri(dummyEntity, entity),
    ),
    CollidingClose(entity, dummyEntity)
  )
)

2026-05-23 15:37:51 [INFO]: *** Task Rule ***: Collision and Intersection -> 
 Implies(Exists(
  [dummyEntity], 
    Or(
      And(
        IsAtInter(entity), 
        IsInInter(dummyEntity), 
      ),
      And(
        IsAtInter(entity), 
        IsAtInter(dummyEntity), 
        HigherPri(dummyEntity, entity),
      ),
      CollidingClose(entity, dummyEntity)
    )
  ),
  Stop(entity)
)

2026-05-23 15:37:51 [INFO]: *** Expert Rule ***: Stop -> 
 Stop(entity) == Exists(
[dummyEntity], 
  Or(
    And(
      IsAtInter(entity), 
      IsInInter(dummyEntity), 
    ),
    And(
      IsAtInter(entity), 
      IsAtInter(dummyEntity), 
      HigherPri(dummyEntity, entity),
    ),
    CollidingClose(entity, dummyEntity)
  )
)

2026-05-23 15:37:51 [INFO]: *** Expert Rule ***: Slow -> 
 Not(Slow(entity))

2026-05-23 15:37:51 [INFO]: *** Expert Rule ***: Fast -> 
 Not(Fast(entity))

2026-05-23 15:37:51 [INFO]: *** Expert Rule ***: Normal -> 
 Normal(entity) == Not(Stop(entity))
2026-05-23 15:37:51 [INFO]: Rules created successfully
2026-05-23 15:37:51 [INFO]: Rules will be grounded later...
2026-05-23 15:37:51 [INFO]: Given Predicates {'IsPedestrian': {'instance': IsPed, 'arity': 1, 'method': 'IsPed(Entity)', 'function': 'logicity.utils.pred_converter.z3.IsPed'}, 'IsCar': {'instance': IsCar, 'arity': 1, 'method': 'IsCar(Entity)', 'function': 'logicity.utils.pred_converter.z3.IsCar'}, 'IsAmbulance': {'instance': IsAmb, 'arity': 1, 'method': 'IsAmb(Entity)', 'function': 'logicity.utils.pred_converter.z3.IsAmb'}, 'IsOld': {'instance': IsOld, 'arity': 1, 'method': 'IsOld(Entity)', 'function': 'logicity.utils.pred_converter.z3.IsOld'}, 'IsTiro': {'instance': IsTiro, 'arity': 1, 'method': 'IsTiro(Entity)', 'function': 'logicity.utils.pred_converter.z3.IsTiro'}, 'IsAtInter': {'instance': IsAtInter, 'arity': 1, 'method': 'IsAtInter(Entity)', 'function': 'logicity.utils.pred_converter.z3.IsAtInter'}, 'IsInInter': {'instance': IsInInter, 'arity': 1, 'method': 'IsInInter(Entity)', 'function': 'logicity.utils.pred_converter.z3.IsInInter'}, 'HigherPri': {'instance': HigherPri, 'arity': 2, 'method': 'HigherPri(Entity, Entity)', 'function': 'logicity.utils.pred_converter.z3.HigherPri'}, 'CollidingClose': {'instance': CollidingClose, 'arity': 2, 'method': 'CollidingClose(Entity, Entity)', 'function': 'logicity.utils.pred_converter.z3.CollidingClose'}, 'Stop': {'instance': Stop, 'arity': 1, 'method': 'Stop(Entity)', 'function': 'None'}, 'Fast': {'instance': Fast, 'arity': 1, 'method': 'Fast(Entity)', 'function': 'None'}, 'Normal': {'instance': Normal, 'arity': 1, 'method': 'Normal(Entity)', 'function': 'None'}, 'Slow': {'instance': Slow, 'arity': 1, 'method': 'Slow(Entity)', 'function': 'None'}}, the FOV entities {'Entity': 3}, The logic grounding shape is: 39
2026-05-23 15:37:51 [INFO]: Local planner constructed!
2026-05-23 15:37:51 [INFO]: Constructing 22 streets
2026-05-23 15:37:52 [INFO]: Constructing 16 buildings
2026-05-23 15:37:53 [INFO]: Adding 4 agents, they are constrained in 103 region
2026-05-23 15:37:54 [INFO]: Car_1 initialization done!
2026-05-23 15:37:54 [INFO]: Pedestrian_1 initialization done!
2026-05-23 15:37:55 [INFO]: Car_2 initialization done!
2026-05-23 15:37:56 [INFO]: Car_3 initialization done!
2026-05-23 15:37:56 [INFO]: Done!
2026-05-23 15:37:56 [INFO]: ***Init RL Agent in Env***
2026-05-23 15:38:16 [INFO]: will reset agent by success
2026-05-23 15:38:16 [INFO]: ***Reset RL Agent in Env***
2026-05-23 15:38:17 [INFO]: Car_1 initialization done!
2026-05-23 15:38:17 [INFO]: Pedestrian_1 initialization done!
2026-05-23 15:38:18 [INFO]: Car_2 initialization done!
2026-05-23 15:38:19 [INFO]: Car_3 initialization done!
2026-05-23 15:38:19 [INFO]: Agent reset priority to 2/4
2026-05-23 15:38:19 [INFO]: Agent reset concepts to {'type': 'Car', 'priority': 2}
2026-05-23 15:38:20 [INFO]: Episode 19 success.
2026-05-23 15:38:20 [INFO]: Episode 19 achieved a score of 5.249999999999997
2026-05-23 15:38:20 [INFO]: Episode 19 Success: 1
2026-05-23 15:38:20 [INFO]: Episode 19 Decision Step: {3: 1}
2026-05-23 15:38:20 [INFO]: Episode 19 Success Decision: {3: 1}
2026-05-23 15:38:20 [INFO]: Timestep: 10000 - Elapsed Time (s): 3883.40 - Success Rate: 0.9 - Mean Reward: 4.893999999999999 

2026-05-23 15:38:20 [INFO]: Failure Rate: 0.0 - Timeout Rate: 0.1 - Mean Episode Length: 74.85
2026-05-23 15:38:20 [INFO]: Mean Decision Succ: 1.0
2026-05-23 15:38:20 [INFO]: Average Decision Succ: 1.0
2026-05-23 15:38:20 [INFO]: Decision Succ for each action: {3: 1.0}
2026-05-23 15:38:20 [INFO]: Action Histogram: {0: 0, 1: 1058, 2: 0, 3: 439}
2026-05-23 15:38:20 [INFO]: Failure Rule Counts: {}
2026-05-23 15:38:20 [INFO]: Training Rollout Since Last Eval: failures=33 timeouts=0 successes=67
2026-05-23 15:38:20 [INFO]: PLPG Metrics: base_safe=0.5686252962451979 shielded_safe=0.834693119656506 gain=0.2660678234113083 intervention_rate=1.0 kl=0.4523424441984039 l1=0.6420465516661833 hazard_rate=0.29325317301269205 forced_stop_rate=1.0
