2026-05-25 10:03:04 [INFO]: Running in RL mode.
2026-05-25 10:03:04 [INFO]: Loading RL config from config/tasks/Nav/easy/algo/ppo_lite_eval.yaml.
2026-05-25 10:03:04 [INFO]: Simulation config: {'map_yaml_file': 'config/maps/square_2x2.yaml', 'agent_yaml_file': 'config/agents/easy_lite/train.yaml', 'ontology_yaml_file': 'config/rules/ontology_easy.yaml', 'rule_type': 'Z3_Expert', 'rule_yaml_file': 'config/rules/Nav/easy/expert.yaml', 'rl': True, 'debug': False, 'use_multi': False, 'agent_region': 103, 'rl_agent': {'max_priority': 4, 'use_expert': False, 'agent_name': 'Car_1', 'max_horizon': 120, 'reward_scheme': 'safe_path_following', 'goal_reward': 1.0, 'progress_reward_scale': 0.05, 'time_penalty': -0.01, 'action_space': 4, 'action_mapping': {0: [1, 1, 1, 1, 0, 0, 0, 0, 0, 0, 0, 0, 0], 1: [0, 0, 0, 0, 1, 1, 1, 1, 0, 0, 0, 0, 0], 2: [0, 0, 0, 0, 0, 0, 0, 0, 1, 1, 1, 1, 0], 3: [0, 0, 0, 0, 0, 0, 0, 0, 0, 0, 0, 0, 1]}, 'fov_entities': {'Entity': 3}, 'action_cost': {0: 0, 1: 0, 2: 0, 3: 0}, 'reset_dist': {'concepts': ['normal'], 'prob': [1.0]}, 'reset_prefilter': {'intersection_selector': 'center', 'require_ego_intersection': True, 'require_all_agents_intersection': False, 'min_other_intersection_agents': 1}, 'overtime_cost': -0.5}}
2026-05-25 10:03:04 [INFO]: RL config: {'algorithm': 'PPO', 'policy_network': 'MlpPolicy', 'policy_kwargs': {'features_extractor_module': 'logicity.rl_agent.policy.neural', 'features_extractor_class': 'MLPFeatureExtractor', 'features_extractor_kwargs': {'features_dim': 64}}, 'hyperparameters': {'learning_rate': 3e-05, 'clip_range': 0.2, 'vf_coef': 0.5, 'batch_size': 256, 'n_steps': 128, 'n_epochs': 4, 'ent_coef': 0.01, 'verbose': 1, 'tensorboard_log': './tb_logs'}, 'train': True, 'checkpoint_path': 'checkpoints/easy_lite_ppo_seed101_75k/easy_lite_ppo_375000_steps.zip', 'num_envs': 2, 'total_timesteps': 625000}
2026-05-25 10:03:04 [INFO]: Running in RL mode with 2 parallel environments.
2026-05-25 10:03:35 [INFO]: Resume training
2026-05-25 10:03:35 [INFO]: Loading the model from checkpoint: checkpoints/easy_lite_ppo_seed101_75k/easy_lite_ppo_375000_steps.zip
2026-05-25 18:49:24 [INFO]: Evaluating episode 0...
2026-05-25 18:49:24 [INFO]: Episode label: {'oracle_step': 21, 'stop_count': 0, 'has_stop': False, 'ego_crosses': True, 'ego_eta': 5, 'ego_direction': 'down', 'other_crosses': 3, 'close_other_count': 0, 'pedestrian_close': None, 'conflicting_approach': False, 'total_crosses': 4}
2026-05-25 18:49:24 [INFO]: Get map info from config/maps/square_2x2.yaml
2026-05-25 18:49:24 [INFO]: Get agent info from config/agents/easy_lite/val.yaml
2026-05-25 18:49:24 [INFO]: Get onology and rules info from config/rules/ontology_easy.yaml, config/rules/Nav/easy/expert.yaml
2026-05-25 18:49:24 [INFO]: Number of Entity Types: 1
Entity Types:
- Entity
2026-05-25 18:49:24 [INFO]: Number of Predicates: 13
Predicates:
- IsPedestrian: {'instance': "Function('IsPed', entity_sorts['Entity'], BoolSort())", 'arity': 1, 'method': 'IsPed(Entity)', 'function': 'logicity.utils.pred_converter.z3.IsPed'}
- IsCar: {'instance': "Function('IsCar', entity_sorts['Entity'], BoolSort())", 'arity': 1, 'method': 'IsCar(Entity)', 'function': 'logicity.utils.pred_converter.z3.IsCar'}
- IsAmbulance: {'instance': "Function('IsAmb', entity_sorts['Entity'], BoolSort())", 'arity': 1, 'method': 'IsAmb(Entity)', 'function': 'logicity.utils.pred_converter.z3.IsAmb'}
- IsOld: {'instance': "Function('IsOld', entity_sorts['Entity'], BoolSort())", 'arity': 1, 'method': 'IsOld(Entity)', 'function': 'logicity.utils.pred_converter.z3.IsOld'}
- IsTiro: {'instance': "Function('IsTiro', entity_sorts['Entity'], BoolSort())", 'arity': 1, 'method': 'IsTiro(Entity)', 'function': 'logicity.utils.pred_converter.z3.IsTiro'}
- IsAtInter: {'instance': "Function('IsAtInter', entity_sorts['Entity'], BoolSort())", 'arity': 1, 'method': 'IsAtInter(Entity)', 'function': 'logicity.utils.pred_converter.z3.IsAtInter'}
- IsInInter: {'instance': "Function('IsInInter', entity_sorts['Entity'], BoolSort())", 'arity': 1, 'method': 'IsInInter(Entity)', 'function': 'logicity.utils.pred_converter.z3.IsInInter'}
- HigherPri: {'instance': "Function('HigherPri', entity_sorts['Entity'], entity_sorts['Entity'], BoolSort())", 'arity': 2, 'method': 'HigherPri(Entity, Entity)', 'function': 'logicity.utils.pred_converter.z3.HigherPri'}
- CollidingClose: {'instance': "Function('CollidingClose', entity_sorts['Entity'], entity_sorts['Entity'], BoolSort())", 'arity': 2, 'method': 'CollidingClose(Entity, Entity)', 'function': 'logicity.utils.pred_converter.z3.CollidingClose'}
- Stop: {'instance': "Function('Stop', entity_sorts['Entity'], BoolSort())", 'arity': 1, 'method': 'Stop(Entity)', 'function': 'None'}
- Fast: {'instance': "Function('Fast', entity_sorts['Entity'], BoolSort())", 'arity': 1, 'method': 'Fast(Entity)', 'function': 'None'}
- Normal: {'instance': "Function('Normal', entity_sorts['Entity'], BoolSort())", 'arity': 1, 'method': 'Normal(Entity)', 'function': 'None'}
- Slow: {'instance': "Function('Slow', entity_sorts['Entity'], BoolSort())", 'arity': 1, 'method': 'Slow(Entity)', 'function': 'None'}
2026-05-25 18:49:24 [INFO]: *** Sim Rule ***: Stop -> 
 Stop(entity) == Exists(
  [dummyEntity], 
  Or(
    And(
      IsAtInter(entity), 
      IsInInter(dummyEntity), 
    ),
    And(
      IsAtInter(entity), 
      IsAtInter(dummyEntity), 
      HigherPri(dummyEntity, entity),
    ),
    CollidingClose(entity, dummyEntity)
  )
)

2026-05-25 18:49:24 [INFO]: *** Task Rule ***: Collision and Intersection -> 
 Implies(Exists(
  [dummyEntity], 
    Or(
      And(
        IsAtInter(entity), 
        IsInInter(dummyEntity), 
      ),
      And(
        IsAtInter(entity), 
        IsAtInter(dummyEntity), 
        HigherPri(dummyEntity, entity),
      ),
      CollidingClose(entity, dummyEntity)
    )
  ),
  Stop(entity)
)

2026-05-25 18:49:24 [INFO]: *** Expert Rule ***: Stop -> 
 Stop(entity) == Exists(
[dummyEntity], 
  Or(
    And(
      IsAtInter(entity), 
      IsInInter(dummyEntity), 
    ),
    And(
      IsAtInter(entity), 
      IsAtInter(dummyEntity), 
      HigherPri(dummyEntity, entity),
    ),
    CollidingClose(entity, dummyEntity)
  )
)

2026-05-25 18:49:24 [INFO]: *** Expert Rule ***: Slow -> 
 Not(Slow(entity))

2026-05-25 18:49:24 [INFO]: *** Expert Rule ***: Fast -> 
 Not(Fast(entity))

2026-05-25 18:49:24 [INFO]: *** Expert Rule ***: Normal -> 
 Normal(entity) == Not(Stop(entity))
2026-05-25 18:49:24 [INFO]: Rules created successfully
2026-05-25 18:49:24 [INFO]: Rules will be grounded later...
2026-05-25 18:49:24 [INFO]: Given Predicates {'IsPedestrian': {'instance': IsPed, 'arity': 1, 'method': 'IsPed(Entity)', 'function': 'logicity.utils.pred_converter.z3.IsPed'}, 'IsCar': {'instance': IsCar, 'arity': 1, 'method': 'IsCar(Entity)', 'function': 'logicity.utils.pred_converter.z3.IsCar'}, 'IsAmbulance': {'instance': IsAmb, 'arity': 1, 'method': 'IsAmb(Entity)', 'function': 'logicity.utils.pred_converter.z3.IsAmb'}, 'IsOld': {'instance': IsOld, 'arity': 1, 'method': 'IsOld(Entity)', 'function': 'logicity.utils.pred_converter.z3.IsOld'}, 'IsTiro': {'instance': IsTiro, 'arity': 1, 'method': 'IsTiro(Entity)', 'function': 'logicity.utils.pred_converter.z3.IsTiro'}, 'IsAtInter': {'instance': IsAtInter, 'arity': 1, 'method': 'IsAtInter(Entity)', 'function': 'logicity.utils.pred_converter.z3.IsAtInter'}, 'IsInInter': {'instance': IsInInter, 'arity': 1, 'method': 'IsInInter(Entity)', 'function': 'logicity.utils.pred_converter.z3.IsInInter'}, 'HigherPri': {'instance': HigherPri, 'arity': 2, 'method': 'HigherPri(Entity, Entity)', 'function': 'logicity.utils.pred_converter.z3.HigherPri'}, 'CollidingClose': {'instance': CollidingClose, 'arity': 2, 'method': 'CollidingClose(Entity, Entity)', 'function': 'logicity.utils.pred_converter.z3.CollidingClose'}, 'Stop': {'instance': Stop, 'arity': 1, 'method': 'Stop(Entity)', 'function': 'None'}, 'Fast': {'instance': Fast, 'arity': 1, 'method': 'Fast(Entity)', 'function': 'None'}, 'Normal': {'instance': Normal, 'arity': 1, 'method': 'Normal(Entity)', 'function': 'None'}, 'Slow': {'instance': Slow, 'arity': 1, 'method': 'Slow(Entity)', 'function': 'None'}}, the FOV entities {'Entity': 3}, The logic grounding shape is: 39
2026-05-25 18:49:24 [INFO]: Local planner constructed!
2026-05-25 18:49:24 [INFO]: Constructing 22 streets
2026-05-25 18:49:24 [INFO]: Constructing 16 buildings
2026-05-25 18:49:25 [INFO]: Adding 4 agents, they are constrained in 103 region
2026-05-25 18:49:25 [INFO]: Car_1 initialization done!
2026-05-25 18:49:25 [INFO]: Pedestrian_1 initialization done!
2026-05-25 18:49:26 [INFO]: Car_2 initialization done!
2026-05-25 18:49:26 [INFO]: Car_3 initialization done!
2026-05-25 18:49:26 [INFO]: Done!
2026-05-25 18:49:26 [INFO]: ***Init RL Agent in Env***
2026-05-25 18:49:30 [INFO]: will reset agent by success
2026-05-25 18:49:30 [INFO]: ***Reset RL Agent in Env***
2026-05-25 18:49:31 [INFO]: Car_1 initialization done!
2026-05-25 18:49:31 [INFO]: Pedestrian_1 initialization done!
2026-05-25 18:49:31 [INFO]: Car_2 initialization done!
2026-05-25 18:49:32 [INFO]: Car_3 initialization done!
2026-05-25 18:49:32 [INFO]: Agent reset priority to 2/4
2026-05-25 18:49:32 [INFO]: Agent reset concepts to {'type': 'Car', 'priority': 2}
2026-05-25 18:49:32 [INFO]: Episode 0 success.
2026-05-25 18:49:32 [INFO]: Episode 0 achieved a score of 2.66
2026-05-25 18:49:32 [INFO]: Episode 0 Success: 1
2026-05-25 18:49:32 [INFO]: Episode 0 Decision Step: {3: 0}
2026-05-25 18:49:32 [INFO]: Episode 0 Success Decision: {3: 0}
2026-05-25 18:49:32 [INFO]: Evaluating episode 1...
2026-05-25 18:49:32 [INFO]: Episode label: {'oracle_step': 70, 'stop_count': 0, 'has_stop': False, 'ego_crosses': True, 'ego_eta': 62, 'ego_direction': 'up', 'other_crosses': 3, 'close_other_count': 0, 'pedestrian_close': None, 'conflicting_approach': False, 'total_crosses': 4}
2026-05-25 18:49:32 [INFO]: Get map info from config/maps/square_2x2.yaml
2026-05-25 18:49:32 [INFO]: Get agent info from config/agents/easy_lite/val.yaml
2026-05-25 18:49:32 [INFO]: Get onology and rules info from config/rules/ontology_easy.yaml, config/rules/Nav/easy/expert.yaml
2026-05-25 18:49:32 [INFO]: Number of Entity Types: 1
Entity Types:
- Entity
2026-05-25 18:49:32 [INFO]: Number of Predicates: 13
Predicates:
- IsPedestrian: {'instance': "Function('IsPed', entity_sorts['Entity'], BoolSort())", 'arity': 1, 'method': 'IsPed(Entity)', 'function': 'logicity.utils.pred_converter.z3.IsPed'}
- IsCar: {'instance': "Function('IsCar', entity_sorts['Entity'], BoolSort())", 'arity': 1, 'method': 'IsCar(Entity)', 'function': 'logicity.utils.pred_converter.z3.IsCar'}
- IsAmbulance: {'instance': "Function('IsAmb', entity_sorts['Entity'], BoolSort())", 'arity': 1, 'method': 'IsAmb(Entity)', 'function': 'logicity.utils.pred_converter.z3.IsAmb'}
- IsOld: {'instance': "Function('IsOld', entity_sorts['Entity'], BoolSort())", 'arity': 1, 'method': 'IsOld(Entity)', 'function': 'logicity.utils.pred_converter.z3.IsOld'}
- IsTiro: {'instance': "Function('IsTiro', entity_sorts['Entity'], BoolSort())", 'arity': 1, 'method': 'IsTiro(Entity)', 'function': 'logicity.utils.pred_converter.z3.IsTiro'}
- IsAtInter: {'instance': "Function('IsAtInter', entity_sorts['Entity'], BoolSort())", 'arity': 1, 'method': 'IsAtInter(Entity)', 'function': 'logicity.utils.pred_converter.z3.IsAtInter'}
- IsInInter: {'instance': "Function('IsInInter', entity_sorts['Entity'], BoolSort())", 'arity': 1, 'method': 'IsInInter(Entity)', 'function': 'logicity.utils.pred_converter.z3.IsInInter'}
- HigherPri: {'instance': "Function('HigherPri', entity_sorts['Entity'], entity_sorts['Entity'], BoolSort())", 'arity': 2, 'method': 'HigherPri(Entity, Entity)', 'function': 'logicity.utils.pred_converter.z3.HigherPri'}
- CollidingClose: {'instance': "Function('CollidingClose', entity_sorts['Entity'], entity_sorts['Entity'], BoolSort())", 'arity': 2, 'method': 'CollidingClose(Entity, Entity)', 'function': 'logicity.utils.pred_converter.z3.CollidingClose'}
- Stop: {'instance': "Function('Stop', entity_sorts['Entity'], BoolSort())", 'arity': 1, 'method': 'Stop(Entity)', 'function': 'None'}
- Fast: {'instance': "Function('Fast', entity_sorts['Entity'], BoolSort())", 'arity': 1, 'method': 'Fast(Entity)', 'function': 'None'}
- Normal: {'instance': "Function('Normal', entity_sorts['Entity'], BoolSort())", 'arity': 1, 'method': 'Normal(Entity)', 'function': 'None'}
- Slow: {'instance': "Function('Slow', entity_sorts['Entity'], BoolSort())", 'arity': 1, 'method': 'Slow(Entity)', 'function': 'None'}
2026-05-25 18:49:32 [INFO]: *** Sim Rule ***: Stop -> 
 Stop(entity) == Exists(
  [dummyEntity], 
  Or(
    And(
      IsAtInter(entity), 
      IsInInter(dummyEntity), 
    ),
    And(
      IsAtInter(entity), 
      IsAtInter(dummyEntity), 
      HigherPri(dummyEntity, entity),
    ),
    CollidingClose(entity, dummyEntity)
  )
)

2026-05-25 18:49:32 [INFO]: *** Task Rule ***: Collision and Intersection -> 
 Implies(Exists(
  [dummyEntity], 
    Or(
      And(
        IsAtInter(entity), 
        IsInInter(dummyEntity), 
      ),
      And(
        IsAtInter(entity), 
        IsAtInter(dummyEntity), 
        HigherPri(dummyEntity, entity),
      ),
      CollidingClose(entity, dummyEntity)
    )
  ),
  Stop(entity)
)

2026-05-25 18:49:32 [INFO]: *** Expert Rule ***: Stop -> 
 Stop(entity) == Exists(
[dummyEntity], 
  Or(
    And(
      IsAtInter(entity), 
      IsInInter(dummyEntity), 
    ),
    And(
      IsAtInter(entity), 
      IsAtInter(dummyEntity), 
      HigherPri(dummyEntity, entity),
    ),
    CollidingClose(entity, dummyEntity)
  )
)

2026-05-25 18:49:32 [INFO]: *** Expert Rule ***: Slow -> 
 Not(Slow(entity))

2026-05-25 18:49:32 [INFO]: *** Expert Rule ***: Fast -> 
 Not(Fast(entity))

2026-05-25 18:49:32 [INFO]: *** Expert Rule ***: Normal -> 
 Normal(entity) == Not(Stop(entity))
2026-05-25 18:49:32 [INFO]: Rules created successfully
2026-05-25 18:49:32 [INFO]: Rules will be grounded later...
2026-05-25 18:49:32 [INFO]: Given Predicates {'IsPedestrian': {'instance': IsPed, 'arity': 1, 'method': 'IsPed(Entity)', 'function': 'logicity.utils.pred_converter.z3.IsPed'}, 'IsCar': {'instance': IsCar, 'arity': 1, 'method': 'IsCar(Entity)', 'function': 'logicity.utils.pred_converter.z3.IsCar'}, 'IsAmbulance': {'instance': IsAmb, 'arity': 1, 'method': 'IsAmb(Entity)', 'function': 'logicity.utils.pred_converter.z3.IsAmb'}, 'IsOld': {'instance': IsOld, 'arity': 1, 'method': 'IsOld(Entity)', 'function': 'logicity.utils.pred_converter.z3.IsOld'}, 'IsTiro': {'instance': IsTiro, 'arity': 1, 'method': 'IsTiro(Entity)', 'function': 'logicity.utils.pred_converter.z3.IsTiro'}, 'IsAtInter': {'instance': IsAtInter, 'arity': 1, 'method': 'IsAtInter(Entity)', 'function': 'logicity.utils.pred_converter.z3.IsAtInter'}, 'IsInInter': {'instance': IsInInter, 'arity': 1, 'method': 'IsInInter(Entity)', 'function': 'logicity.utils.pred_converter.z3.IsInInter'}, 'HigherPri': {'instance': HigherPri, 'arity': 2, 'method': 'HigherPri(Entity, Entity)', 'function': 'logicity.utils.pred_converter.z3.HigherPri'}, 'CollidingClose': {'instance': CollidingClose, 'arity': 2, 'method': 'CollidingClose(Entity, Entity)', 'function': 'logicity.utils.pred_converter.z3.CollidingClose'}, 'Stop': {'instance': Stop, 'arity': 1, 'method': 'Stop(Entity)', 'function': 'None'}, 'Fast': {'instance': Fast, 'arity': 1, 'method': 'Fast(Entity)', 'function': 'None'}, 'Normal': {'instance': Normal, 'arity': 1, 'method': 'Normal(Entity)', 'function': 'None'}, 'Slow': {'instance': Slow, 'arity': 1, 'method': 'Slow(Entity)', 'function': 'None'}}, the FOV entities {'Entity': 3}, The logic grounding shape is: 39
2026-05-25 18:49:32 [INFO]: Local planner constructed!
2026-05-25 18:49:32 [INFO]: Constructing 22 streets
2026-05-25 18:49:33 [INFO]: Constructing 16 buildings
2026-05-25 18:49:33 [INFO]: Adding 4 agents, they are constrained in 103 region
2026-05-25 18:49:34 [INFO]: Car_1 initialization done!
2026-05-25 18:49:34 [INFO]: Pedestrian_1 initialization done!
2026-05-25 18:49:34 [INFO]: Car_2 initialization done!
2026-05-25 18:49:35 [INFO]: Car_3 initialization done!
2026-05-25 18:49:35 [INFO]: Done!
2026-05-25 18:49:35 [INFO]: ***Init RL Agent in Env***
2026-05-25 18:49:50 [INFO]: will reset agent by success
2026-05-25 18:49:50 [INFO]: ***Reset RL Agent in Env***
2026-05-25 18:49:51 [INFO]: Car_1 initialization done!
2026-05-25 18:49:51 [INFO]: Pedestrian_1 initialization done!
2026-05-25 18:49:51 [INFO]: Car_2 initialization done!
2026-05-25 18:49:52 [INFO]: Car_3 initialization done!
2026-05-25 18:49:52 [INFO]: Agent reset priority to 3/4
2026-05-25 18:49:52 [INFO]: Agent reset concepts to {'type': 'Car', 'priority': 3}
2026-05-25 18:49:52 [INFO]: Episode 1 success.
2026-05-25 18:49:52 [INFO]: Episode 1 achieved a score of 7.020000000000003
2026-05-25 18:49:52 [INFO]: Episode 1 Success: 1
2026-05-25 18:49:52 [INFO]: Episode 1 Decision Step: {3: 0}
2026-05-25 18:49:52 [INFO]: Episode 1 Success Decision: {3: 0}
2026-05-25 18:49:52 [INFO]: Evaluating episode 2...
2026-05-25 18:49:52 [INFO]: Episode label: {'oracle_step': 137, 'stop_count': 52, 'has_stop': True, 'ego_crosses': True, 'ego_eta': 91, 'ego_direction': 'up', 'other_crosses': 3, 'close_other_count': 0, 'pedestrian_close': None, 'conflicting_approach': False, 'total_crosses': 4}
2026-05-25 18:49:52 [INFO]: Get map info from config/maps/square_2x2.yaml
2026-05-25 18:49:52 [INFO]: Get agent info from config/agents/easy_lite/val.yaml
2026-05-25 18:49:52 [INFO]: Get onology and rules info from config/rules/ontology_easy.yaml, config/rules/Nav/easy/expert.yaml
2026-05-25 18:49:52 [INFO]: Number of Entity Types: 1
Entity Types:
- Entity
2026-05-25 18:49:52 [INFO]: Number of Predicates: 13
Predicates:
- IsPedestrian: {'instance': "Function('IsPed', entity_sorts['Entity'], BoolSort())", 'arity': 1, 'method': 'IsPed(Entity)', 'function': 'logicity.utils.pred_converter.z3.IsPed'}
- IsCar: {'instance': "Function('IsCar', entity_sorts['Entity'], BoolSort())", 'arity': 1, 'method': 'IsCar(Entity)', 'function': 'logicity.utils.pred_converter.z3.IsCar'}
- IsAmbulance: {'instance': "Function('IsAmb', entity_sorts['Entity'], BoolSort())", 'arity': 1, 'method': 'IsAmb(Entity)', 'function': 'logicity.utils.pred_converter.z3.IsAmb'}
- IsOld: {'instance': "Function('IsOld', entity_sorts['Entity'], BoolSort())", 'arity': 1, 'method': 'IsOld(Entity)', 'function': 'logicity.utils.pred_converter.z3.IsOld'}
- IsTiro: {'instance': "Function('IsTiro', entity_sorts['Entity'], BoolSort())", 'arity': 1, 'method': 'IsTiro(Entity)', 'function': 'logicity.utils.pred_converter.z3.IsTiro'}
- IsAtInter: {'instance': "Function('IsAtInter', entity_sorts['Entity'], BoolSort())", 'arity': 1, 'method': 'IsAtInter(Entity)', 'function': 'logicity.utils.pred_converter.z3.IsAtInter'}
- IsInInter: {'instance': "Function('IsInInter', entity_sorts['Entity'], BoolSort())", 'arity': 1, 'method': 'IsInInter(Entity)', 'function': 'logicity.utils.pred_converter.z3.IsInInter'}
- HigherPri: {'instance': "Function('HigherPri', entity_sorts['Entity'], entity_sorts['Entity'], BoolSort())", 'arity': 2, 'method': 'HigherPri(Entity, Entity)', 'function': 'logicity.utils.pred_converter.z3.HigherPri'}
- CollidingClose: {'instance': "Function('CollidingClose', entity_sorts['Entity'], entity_sorts['Entity'], BoolSort())", 'arity': 2, 'method': 'CollidingClose(Entity, Entity)', 'function': 'logicity.utils.pred_converter.z3.CollidingClose'}
- Stop: {'instance': "Function('Stop', entity_sorts['Entity'], BoolSort())", 'arity': 1, 'method': 'Stop(Entity)', 'function': 'None'}
- Fast: {'instance': "Function('Fast', entity_sorts['Entity'], BoolSort())", 'arity': 1, 'method': 'Fast(Entity)', 'function': 'None'}
- Normal: {'instance': "Function('Normal', entity_sorts['Entity'], BoolSort())", 'arity': 1, 'method': 'Normal(Entity)', 'function': 'None'}
- Slow: {'instance': "Function('Slow', entity_sorts['Entity'], BoolSort())", 'arity': 1, 'method': 'Slow(Entity)', 'function': 'None'}
2026-05-25 18:49:52 [INFO]: *** Sim Rule ***: Stop -> 
 Stop(entity) == Exists(
  [dummyEntity], 
  Or(
    And(
      IsAtInter(entity), 
      IsInInter(dummyEntity), 
    ),
    And(
      IsAtInter(entity), 
      IsAtInter(dummyEntity), 
      HigherPri(dummyEntity, entity),
    ),
    CollidingClose(entity, dummyEntity)
  )
)

2026-05-25 18:49:52 [INFO]: *** Task Rule ***: Collision and Intersection -> 
 Implies(Exists(
  [dummyEntity], 
    Or(
      And(
        IsAtInter(entity), 
        IsInInter(dummyEntity), 
      ),
      And(
        IsAtInter(entity), 
        IsAtInter(dummyEntity), 
        HigherPri(dummyEntity, entity),
      ),
      CollidingClose(entity, dummyEntity)
    )
  ),
  Stop(entity)
)

2026-05-25 18:49:52 [INFO]: *** Expert Rule ***: Stop -> 
 Stop(entity) == Exists(
[dummyEntity], 
  Or(
    And(
      IsAtInter(entity), 
      IsInInter(dummyEntity), 
    ),
    And(
      IsAtInter(entity), 
      IsAtInter(dummyEntity), 
      HigherPri(dummyEntity, entity),
    ),
    CollidingClose(entity, dummyEntity)
  )
)

2026-05-25 18:49:52 [INFO]: *** Expert Rule ***: Slow -> 
 Not(Slow(entity))

2026-05-25 18:49:52 [INFO]: *** Expert Rule ***: Fast -> 
 Not(Fast(entity))

2026-05-25 18:49:52 [INFO]: *** Expert Rule ***: Normal -> 
 Normal(entity) == Not(Stop(entity))
2026-05-25 18:49:52 [INFO]: Rules created successfully
2026-05-25 18:49:52 [INFO]: Rules will be grounded later...
2026-05-25 18:49:52 [INFO]: Given Predicates {'IsPedestrian': {'instance': IsPed, 'arity': 1, 'method': 'IsPed(Entity)', 'function': 'logicity.utils.pred_converter.z3.IsPed'}, 'IsCar': {'instance': IsCar, 'arity': 1, 'method': 'IsCar(Entity)', 'function': 'logicity.utils.pred_converter.z3.IsCar'}, 'IsAmbulance': {'instance': IsAmb, 'arity': 1, 'method': 'IsAmb(Entity)', 'function': 'logicity.utils.pred_converter.z3.IsAmb'}, 'IsOld': {'instance': IsOld, 'arity': 1, 'method': 'IsOld(Entity)', 'function': 'logicity.utils.pred_converter.z3.IsOld'}, 'IsTiro': {'instance': IsTiro, 'arity': 1, 'method': 'IsTiro(Entity)', 'function': 'logicity.utils.pred_converter.z3.IsTiro'}, 'IsAtInter': {'instance': IsAtInter, 'arity': 1, 'method': 'IsAtInter(Entity)', 'function': 'logicity.utils.pred_converter.z3.IsAtInter'}, 'IsInInter': {'instance': IsInInter, 'arity': 1, 'method': 'IsInInter(Entity)', 'function': 'logicity.utils.pred_converter.z3.IsInInter'}, 'HigherPri': {'instance': HigherPri, 'arity': 2, 'method': 'HigherPri(Entity, Entity)', 'function': 'logicity.utils.pred_converter.z3.HigherPri'}, 'CollidingClose': {'instance': CollidingClose, 'arity': 2, 'method': 'CollidingClose(Entity, Entity)', 'function': 'logicity.utils.pred_converter.z3.CollidingClose'}, 'Stop': {'instance': Stop, 'arity': 1, 'method': 'Stop(Entity)', 'function': 'None'}, 'Fast': {'instance': Fast, 'arity': 1, 'method': 'Fast(Entity)', 'function': 'None'}, 'Normal': {'instance': Normal, 'arity': 1, 'method': 'Normal(Entity)', 'function': 'None'}, 'Slow': {'instance': Slow, 'arity': 1, 'method': 'Slow(Entity)', 'function': 'None'}}, the FOV entities {'Entity': 3}, The logic grounding shape is: 39
2026-05-25 18:49:52 [INFO]: Local planner constructed!
2026-05-25 18:49:52 [INFO]: Constructing 22 streets
2026-05-25 18:49:53 [INFO]: Constructing 16 buildings
2026-05-25 18:49:54 [INFO]: Adding 4 agents, they are constrained in 103 region
2026-05-25 18:49:54 [INFO]: Car_1 initialization done!
2026-05-25 18:49:54 [INFO]: Pedestrian_1 initialization done!
2026-05-25 18:49:55 [INFO]: Car_2 initialization done!
2026-05-25 18:49:56 [INFO]: Car_3 initialization done!
2026-05-25 18:49:56 [INFO]: Done!
2026-05-25 18:49:56 [INFO]: ***Init RL Agent in Env***
2026-05-25 18:50:20 [INFO]: will reset agent by success
2026-05-25 18:50:20 [INFO]: ***Reset RL Agent in Env***
2026-05-25 18:50:20 [INFO]: Car_1 initialization done!
2026-05-25 18:50:21 [INFO]: Pedestrian_1 initialization done!
2026-05-25 18:50:21 [INFO]: Car_2 initialization done!
2026-05-25 18:50:22 [INFO]: Car_3 initialization done!
2026-05-25 18:50:22 [INFO]: Agent reset priority to 3/4
2026-05-25 18:50:22 [INFO]: Agent reset concepts to {'type': 'Car', 'priority': 3}
2026-05-25 18:50:22 [INFO]: Episode 2 success.
2026-05-25 18:50:22 [INFO]: Episode 2 achieved a score of 8.010000000000005
2026-05-25 18:50:22 [INFO]: Episode 2 Success: 1
2026-05-25 18:50:22 [INFO]: Episode 2 Decision Step: {3: 0}
2026-05-25 18:50:22 [INFO]: Episode 2 Success Decision: {3: 0}
2026-05-25 18:50:22 [INFO]: Evaluating episode 3...
2026-05-25 18:50:22 [INFO]: Episode label: {'oracle_step': 57, 'stop_count': 7, 'has_stop': True, 'ego_crosses': True, 'ego_eta': 13, 'ego_direction': 'up', 'other_crosses': 3, 'close_other_count': 0, 'pedestrian_close': None, 'conflicting_approach': False, 'total_crosses': 4}
2026-05-25 18:50:22 [INFO]: Get map info from config/maps/square_2x2.yaml
2026-05-25 18:50:22 [INFO]: Get agent info from config/agents/easy_lite/val.yaml
2026-05-25 18:50:22 [INFO]: Get onology and rules info from config/rules/ontology_easy.yaml, config/rules/Nav/easy/expert.yaml
2026-05-25 18:50:22 [INFO]: Number of Entity Types: 1
Entity Types:
- Entity
2026-05-25 18:50:22 [INFO]: Number of Predicates: 13
Predicates:
- IsPedestrian: {'instance': "Function('IsPed', entity_sorts['Entity'], BoolSort())", 'arity': 1, 'method': 'IsPed(Entity)', 'function': 'logicity.utils.pred_converter.z3.IsPed'}
- IsCar: {'instance': "Function('IsCar', entity_sorts['Entity'], BoolSort())", 'arity': 1, 'method': 'IsCar(Entity)', 'function': 'logicity.utils.pred_converter.z3.IsCar'}
- IsAmbulance: {'instance': "Function('IsAmb', entity_sorts['Entity'], BoolSort())", 'arity': 1, 'method': 'IsAmb(Entity)', 'function': 'logicity.utils.pred_converter.z3.IsAmb'}
- IsOld: {'instance': "Function('IsOld', entity_sorts['Entity'], BoolSort())", 'arity': 1, 'method': 'IsOld(Entity)', 'function': 'logicity.utils.pred_converter.z3.IsOld'}
- IsTiro: {'instance': "Function('IsTiro', entity_sorts['Entity'], BoolSort())", 'arity': 1, 'method': 'IsTiro(Entity)', 'function': 'logicity.utils.pred_converter.z3.IsTiro'}
- IsAtInter: {'instance': "Function('IsAtInter', entity_sorts['Entity'], BoolSort())", 'arity': 1, 'method': 'IsAtInter(Entity)', 'function': 'logicity.utils.pred_converter.z3.IsAtInter'}
- IsInInter: {'instance': "Function('IsInInter', entity_sorts['Entity'], BoolSort())", 'arity': 1, 'method': 'IsInInter(Entity)', 'function': 'logicity.utils.pred_converter.z3.IsInInter'}
- HigherPri: {'instance': "Function('HigherPri', entity_sorts['Entity'], entity_sorts['Entity'], BoolSort())", 'arity': 2, 'method': 'HigherPri(Entity, Entity)', 'function': 'logicity.utils.pred_converter.z3.HigherPri'}
- CollidingClose: {'instance': "Function('CollidingClose', entity_sorts['Entity'], entity_sorts['Entity'], BoolSort())", 'arity': 2, 'method': 'CollidingClose(Entity, Entity)', 'function': 'logicity.utils.pred_converter.z3.CollidingClose'}
- Stop: {'instance': "Function('Stop', entity_sorts['Entity'], BoolSort())", 'arity': 1, 'method': 'Stop(Entity)', 'function': 'None'}
- Fast: {'instance': "Function('Fast', entity_sorts['Entity'], BoolSort())", 'arity': 1, 'method': 'Fast(Entity)', 'function': 'None'}
- Normal: {'instance': "Function('Normal', entity_sorts['Entity'], BoolSort())", 'arity': 1, 'method': 'Normal(Entity)', 'function': 'None'}
- Slow: {'instance': "Function('Slow', entity_sorts['Entity'], BoolSort())", 'arity': 1, 'method': 'Slow(Entity)', 'function': 'None'}
2026-05-25 18:50:22 [INFO]: *** Sim Rule ***: Stop -> 
 Stop(entity) == Exists(
  [dummyEntity], 
  Or(
    And(
      IsAtInter(entity), 
      IsInInter(dummyEntity), 
    ),
    And(
      IsAtInter(entity), 
      IsAtInter(dummyEntity), 
      HigherPri(dummyEntity, entity),
    ),
    CollidingClose(entity, dummyEntity)
  )
)

2026-05-25 18:50:22 [INFO]: *** Task Rule ***: Collision and Intersection -> 
 Implies(Exists(
  [dummyEntity], 
    Or(
      And(
        IsAtInter(entity), 
        IsInInter(dummyEntity), 
      ),
      And(
        IsAtInter(entity), 
        IsAtInter(dummyEntity), 
        HigherPri(dummyEntity, entity),
      ),
      CollidingClose(entity, dummyEntity)
    )
  ),
  Stop(entity)
)

2026-05-25 18:50:22 [INFO]: *** Expert Rule ***: Stop -> 
 Stop(entity) == Exists(
[dummyEntity], 
  Or(
    And(
      IsAtInter(entity), 
      IsInInter(dummyEntity), 
    ),
    And(
      IsAtInter(entity), 
      IsAtInter(dummyEntity), 
      HigherPri(dummyEntity, entity),
    ),
    CollidingClose(entity, dummyEntity)
  )
)

2026-05-25 18:50:22 [INFO]: *** Expert Rule ***: Slow -> 
 Not(Slow(entity))

2026-05-25 18:50:22 [INFO]: *** Expert Rule ***: Fast -> 
 Not(Fast(entity))

2026-05-25 18:50:22 [INFO]: *** Expert Rule ***: Normal -> 
 Normal(entity) == Not(Stop(entity))
2026-05-25 18:50:22 [INFO]: Rules created successfully
2026-05-25 18:50:22 [INFO]: Rules will be grounded later...
2026-05-25 18:50:22 [INFO]: Given Predicates {'IsPedestrian': {'instance': IsPed, 'arity': 1, 'method': 'IsPed(Entity)', 'function': 'logicity.utils.pred_converter.z3.IsPed'}, 'IsCar': {'instance': IsCar, 'arity': 1, 'method': 'IsCar(Entity)', 'function': 'logicity.utils.pred_converter.z3.IsCar'}, 'IsAmbulance': {'instance': IsAmb, 'arity': 1, 'method': 'IsAmb(Entity)', 'function': 'logicity.utils.pred_converter.z3.IsAmb'}, 'IsOld': {'instance': IsOld, 'arity': 1, 'method': 'IsOld(Entity)', 'function': 'logicity.utils.pred_converter.z3.IsOld'}, 'IsTiro': {'instance': IsTiro, 'arity': 1, 'method': 'IsTiro(Entity)', 'function': 'logicity.utils.pred_converter.z3.IsTiro'}, 'IsAtInter': {'instance': IsAtInter, 'arity': 1, 'method': 'IsAtInter(Entity)', 'function': 'logicity.utils.pred_converter.z3.IsAtInter'}, 'IsInInter': {'instance': IsInInter, 'arity': 1, 'method': 'IsInInter(Entity)', 'function': 'logicity.utils.pred_converter.z3.IsInInter'}, 'HigherPri': {'instance': HigherPri, 'arity': 2, 'method': 'HigherPri(Entity, Entity)', 'function': 'logicity.utils.pred_converter.z3.HigherPri'}, 'CollidingClose': {'instance': CollidingClose, 'arity': 2, 'method': 'CollidingClose(Entity, Entity)', 'function': 'logicity.utils.pred_converter.z3.CollidingClose'}, 'Stop': {'instance': Stop, 'arity': 1, 'method': 'Stop(Entity)', 'function': 'None'}, 'Fast': {'instance': Fast, 'arity': 1, 'method': 'Fast(Entity)', 'function': 'None'}, 'Normal': {'instance': Normal, 'arity': 1, 'method': 'Normal(Entity)', 'function': 'None'}, 'Slow': {'instance': Slow, 'arity': 1, 'method': 'Slow(Entity)', 'function': 'None'}}, the FOV entities {'Entity': 3}, The logic grounding shape is: 39
2026-05-25 18:50:22 [INFO]: Local planner constructed!
2026-05-25 18:50:22 [INFO]: Constructing 22 streets
2026-05-25 18:50:23 [INFO]: Constructing 16 buildings
2026-05-25 18:50:24 [INFO]: Adding 4 agents, they are constrained in 103 region
2026-05-25 18:50:25 [INFO]: Car_1 initialization done!
2026-05-25 18:50:25 [INFO]: Pedestrian_1 initialization done!
2026-05-25 18:50:26 [INFO]: Car_2 initialization done!
2026-05-25 18:50:26 [INFO]: Car_3 initialization done!
2026-05-25 18:50:26 [INFO]: Done!
2026-05-25 18:50:26 [INFO]: ***Init RL Agent in Env***
2026-05-25 18:50:35 [INFO]: will reset agent by success
2026-05-25 18:50:35 [INFO]: ***Reset RL Agent in Env***
2026-05-25 18:50:35 [INFO]: Car_1 initialization done!
2026-05-25 18:50:35 [INFO]: Pedestrian_1 initialization done!
2026-05-25 18:50:36 [INFO]: Car_2 initialization done!
2026-05-25 18:50:37 [INFO]: Car_3 initialization done!
2026-05-25 18:50:37 [INFO]: Agent reset priority to 3/4
2026-05-25 18:50:37 [INFO]: Agent reset concepts to {'type': 'Car', 'priority': 3}
2026-05-25 18:50:37 [INFO]: Episode 3 success.
2026-05-25 18:50:37 [INFO]: Episode 3 achieved a score of 5.370000000000001
2026-05-25 18:50:37 [INFO]: Episode 3 Success: 1
2026-05-25 18:50:37 [INFO]: Episode 3 Decision Step: {3: 1}
2026-05-25 18:50:37 [INFO]: Episode 3 Success Decision: {3: 1}
2026-05-25 18:50:37 [INFO]: Evaluating episode 4...
2026-05-25 18:50:37 [INFO]: Episode label: {'oracle_step': 66, 'stop_count': 17, 'has_stop': True, 'ego_crosses': True, 'ego_eta': 26, 'ego_direction': 'down', 'other_crosses': 3, 'close_other_count': 0, 'pedestrian_close': None, 'conflicting_approach': False, 'total_crosses': 4}
2026-05-25 18:50:37 [INFO]: Get map info from config/maps/square_2x2.yaml
2026-05-25 18:50:37 [INFO]: Get agent info from config/agents/easy_lite/val.yaml
2026-05-25 18:50:37 [INFO]: Get onology and rules info from config/rules/ontology_easy.yaml, config/rules/Nav/easy/expert.yaml
2026-05-25 18:50:37 [INFO]: Number of Entity Types: 1
Entity Types:
- Entity
2026-05-25 18:50:37 [INFO]: Number of Predicates: 13
Predicates:
- IsPedestrian: {'instance': "Function('IsPed', entity_sorts['Entity'], BoolSort())", 'arity': 1, 'method': 'IsPed(Entity)', 'function': 'logicity.utils.pred_converter.z3.IsPed'}
- IsCar: {'instance': "Function('IsCar', entity_sorts['Entity'], BoolSort())", 'arity': 1, 'method': 'IsCar(Entity)', 'function': 'logicity.utils.pred_converter.z3.IsCar'}
- IsAmbulance: {'instance': "Function('IsAmb', entity_sorts['Entity'], BoolSort())", 'arity': 1, 'method': 'IsAmb(Entity)', 'function': 'logicity.utils.pred_converter.z3.IsAmb'}
- IsOld: {'instance': "Function('IsOld', entity_sorts['Entity'], BoolSort())", 'arity': 1, 'method': 'IsOld(Entity)', 'function': 'logicity.utils.pred_converter.z3.IsOld'}
- IsTiro: {'instance': "Function('IsTiro', entity_sorts['Entity'], BoolSort())", 'arity': 1, 'method': 'IsTiro(Entity)', 'function': 'logicity.utils.pred_converter.z3.IsTiro'}
- IsAtInter: {'instance': "Function('IsAtInter', entity_sorts['Entity'], BoolSort())", 'arity': 1, 'method': 'IsAtInter(Entity)', 'function': 'logicity.utils.pred_converter.z3.IsAtInter'}
- IsInInter: {'instance': "Function('IsInInter', entity_sorts['Entity'], BoolSort())", 'arity': 1, 'method': 'IsInInter(Entity)', 'function': 'logicity.utils.pred_converter.z3.IsInInter'}
- HigherPri: {'instance': "Function('HigherPri', entity_sorts['Entity'], entity_sorts['Entity'], BoolSort())", 'arity': 2, 'method': 'HigherPri(Entity, Entity)', 'function': 'logicity.utils.pred_converter.z3.HigherPri'}
- CollidingClose: {'instance': "Function('CollidingClose', entity_sorts['Entity'], entity_sorts['Entity'], BoolSort())", 'arity': 2, 'method': 'CollidingClose(Entity, Entity)', 'function': 'logicity.utils.pred_converter.z3.CollidingClose'}
- Stop: {'instance': "Function('Stop', entity_sorts['Entity'], BoolSort())", 'arity': 1, 'method': 'Stop(Entity)', 'function': 'None'}
- Fast: {'instance': "Function('Fast', entity_sorts['Entity'], BoolSort())", 'arity': 1, 'method': 'Fast(Entity)', 'function': 'None'}
- Normal: {'instance': "Function('Normal', entity_sorts['Entity'], BoolSort())", 'arity': 1, 'method': 'Normal(Entity)', 'function': 'None'}
- Slow: {'instance': "Function('Slow', entity_sorts['Entity'], BoolSort())", 'arity': 1, 'method': 'Slow(Entity)', 'function': 'None'}
2026-05-25 18:50:37 [INFO]: *** Sim Rule ***: Stop -> 
 Stop(entity) == Exists(
  [dummyEntity], 
  Or(
    And(
      IsAtInter(entity), 
      IsInInter(dummyEntity), 
    ),
    And(
      IsAtInter(entity), 
      IsAtInter(dummyEntity), 
      HigherPri(dummyEntity, entity),
    ),
    CollidingClose(entity, dummyEntity)
  )
)

2026-05-25 18:50:37 [INFO]: *** Task Rule ***: Collision and Intersection -> 
 Implies(Exists(
  [dummyEntity], 
    Or(
      And(
        IsAtInter(entity), 
        IsInInter(dummyEntity), 
      ),
      And(
        IsAtInter(entity), 
        IsAtInter(dummyEntity), 
        HigherPri(dummyEntity, entity),
      ),
      CollidingClose(entity, dummyEntity)
    )
  ),
  Stop(entity)
)

2026-05-25 18:50:37 [INFO]: *** Expert Rule ***: Stop -> 
 Stop(entity) == Exists(
[dummyEntity], 
  Or(
    And(
      IsAtInter(entity), 
      IsInInter(dummyEntity), 
    ),
    And(
      IsAtInter(entity), 
      IsAtInter(dummyEntity), 
      HigherPri(dummyEntity, entity),
    ),
    CollidingClose(entity, dummyEntity)
  )
)

2026-05-25 18:50:37 [INFO]: *** Expert Rule ***: Slow -> 
 Not(Slow(entity))

2026-05-25 18:50:37 [INFO]: *** Expert Rule ***: Fast -> 
 Not(Fast(entity))

2026-05-25 18:50:37 [INFO]: *** Expert Rule ***: Normal -> 
 Normal(entity) == Not(Stop(entity))
2026-05-25 18:50:37 [INFO]: Rules created successfully
2026-05-25 18:50:37 [INFO]: Rules will be grounded later...
2026-05-25 18:50:37 [INFO]: Given Predicates {'IsPedestrian': {'instance': IsPed, 'arity': 1, 'method': 'IsPed(Entity)', 'function': 'logicity.utils.pred_converter.z3.IsPed'}, 'IsCar': {'instance': IsCar, 'arity': 1, 'method': 'IsCar(Entity)', 'function': 'logicity.utils.pred_converter.z3.IsCar'}, 'IsAmbulance': {'instance': IsAmb, 'arity': 1, 'method': 'IsAmb(Entity)', 'function': 'logicity.utils.pred_converter.z3.IsAmb'}, 'IsOld': {'instance': IsOld, 'arity': 1, 'method': 'IsOld(Entity)', 'function': 'logicity.utils.pred_converter.z3.IsOld'}, 'IsTiro': {'instance': IsTiro, 'arity': 1, 'method': 'IsTiro(Entity)', 'function': 'logicity.utils.pred_converter.z3.IsTiro'}, 'IsAtInter': {'instance': IsAtInter, 'arity': 1, 'method': 'IsAtInter(Entity)', 'function': 'logicity.utils.pred_converter.z3.IsAtInter'}, 'IsInInter': {'instance': IsInInter, 'arity': 1, 'method': 'IsInInter(Entity)', 'function': 'logicity.utils.pred_converter.z3.IsInInter'}, 'HigherPri': {'instance': HigherPri, 'arity': 2, 'method': 'HigherPri(Entity, Entity)', 'function': 'logicity.utils.pred_converter.z3.HigherPri'}, 'CollidingClose': {'instance': CollidingClose, 'arity': 2, 'method': 'CollidingClose(Entity, Entity)', 'function': 'logicity.utils.pred_converter.z3.CollidingClose'}, 'Stop': {'instance': Stop, 'arity': 1, 'method': 'Stop(Entity)', 'function': 'None'}, 'Fast': {'instance': Fast, 'arity': 1, 'method': 'Fast(Entity)', 'function': 'None'}, 'Normal': {'instance': Normal, 'arity': 1, 'method': 'Normal(Entity)', 'function': 'None'}, 'Slow': {'instance': Slow, 'arity': 1, 'method': 'Slow(Entity)', 'function': 'None'}}, the FOV entities {'Entity': 3}, The logic grounding shape is: 39
2026-05-25 18:50:37 [INFO]: Local planner constructed!
2026-05-25 18:50:37 [INFO]: Constructing 22 streets
2026-05-25 18:50:38 [INFO]: Constructing 16 buildings
2026-05-25 18:50:39 [INFO]: Adding 4 agents, they are constrained in 103 region
2026-05-25 18:50:39 [INFO]: Car_1 initialization done!
2026-05-25 18:50:39 [INFO]: Pedestrian_1 initialization done!
2026-05-25 18:50:40 [INFO]: Car_2 initialization done!
2026-05-25 18:50:41 [INFO]: Car_3 initialization done!
2026-05-25 18:50:41 [INFO]: Done!
2026-05-25 18:50:41 [INFO]: ***Init RL Agent in Env***
2026-05-25 18:50:54 [INFO]: will reset agent by success
2026-05-25 18:50:54 [INFO]: ***Reset RL Agent in Env***
2026-05-25 18:50:54 [INFO]: Car_1 initialization done!
2026-05-25 18:50:54 [INFO]: Pedestrian_1 initialization done!
2026-05-25 18:50:54 [INFO]: Car_2 initialization done!
2026-05-25 18:50:55 [INFO]: Car_3 initialization done!
2026-05-25 18:50:55 [INFO]: Agent reset priority to 1/4
2026-05-25 18:50:55 [INFO]: Agent reset concepts to {'type': 'Car', 'priority': 1}
2026-05-25 18:50:55 [INFO]: Episode 4 success.
2026-05-25 18:50:55 [INFO]: Episode 4 achieved a score of 5.050000000000004
2026-05-25 18:50:55 [INFO]: Episode 4 Success: 1
2026-05-25 18:50:55 [INFO]: Episode 4 Decision Step: {3: 1}
2026-05-25 18:50:55 [INFO]: Episode 4 Success Decision: {3: 1}
2026-05-25 18:50:55 [INFO]: Evaluating episode 5...
2026-05-25 18:50:55 [INFO]: Episode label: {'oracle_step': 62, 'stop_count': 0, 'has_stop': False, 'ego_crosses': True, 'ego_eta': 51, 'ego_direction': 'down', 'other_crosses': 3, 'close_other_count': 0, 'pedestrian_close': None, 'conflicting_approach': False, 'total_crosses': 4}
2026-05-25 18:50:55 [INFO]: Get map info from config/maps/square_2x2.yaml
2026-05-25 18:50:55 [INFO]: Get agent info from config/agents/easy_lite/val.yaml
2026-05-25 18:50:55 [INFO]: Get onology and rules info from config/rules/ontology_easy.yaml, config/rules/Nav/easy/expert.yaml
2026-05-25 18:50:55 [INFO]: Number of Entity Types: 1
Entity Types:
- Entity
2026-05-25 18:50:55 [INFO]: Number of Predicates: 13
Predicates:
- IsPedestrian: {'instance': "Function('IsPed', entity_sorts['Entity'], BoolSort())", 'arity': 1, 'method': 'IsPed(Entity)', 'function': 'logicity.utils.pred_converter.z3.IsPed'}
- IsCar: {'instance': "Function('IsCar', entity_sorts['Entity'], BoolSort())", 'arity': 1, 'method': 'IsCar(Entity)', 'function': 'logicity.utils.pred_converter.z3.IsCar'}
- IsAmbulance: {'instance': "Function('IsAmb', entity_sorts['Entity'], BoolSort())", 'arity': 1, 'method': 'IsAmb(Entity)', 'function': 'logicity.utils.pred_converter.z3.IsAmb'}
- IsOld: {'instance': "Function('IsOld', entity_sorts['Entity'], BoolSort())", 'arity': 1, 'method': 'IsOld(Entity)', 'function': 'logicity.utils.pred_converter.z3.IsOld'}
- IsTiro: {'instance': "Function('IsTiro', entity_sorts['Entity'], BoolSort())", 'arity': 1, 'method': 'IsTiro(Entity)', 'function': 'logicity.utils.pred_converter.z3.IsTiro'}
- IsAtInter: {'instance': "Function('IsAtInter', entity_sorts['Entity'], BoolSort())", 'arity': 1, 'method': 'IsAtInter(Entity)', 'function': 'logicity.utils.pred_converter.z3.IsAtInter'}
- IsInInter: {'instance': "Function('IsInInter', entity_sorts['Entity'], BoolSort())", 'arity': 1, 'method': 'IsInInter(Entity)', 'function': 'logicity.utils.pred_converter.z3.IsInInter'}
- HigherPri: {'instance': "Function('HigherPri', entity_sorts['Entity'], entity_sorts['Entity'], BoolSort())", 'arity': 2, 'method': 'HigherPri(Entity, Entity)', 'function': 'logicity.utils.pred_converter.z3.HigherPri'}
- CollidingClose: {'instance': "Function('CollidingClose', entity_sorts['Entity'], entity_sorts['Entity'], BoolSort())", 'arity': 2, 'method': 'CollidingClose(Entity, Entity)', 'function': 'logicity.utils.pred_converter.z3.CollidingClose'}
- Stop: {'instance': "Function('Stop', entity_sorts['Entity'], BoolSort())", 'arity': 1, 'method': 'Stop(Entity)', 'function': 'None'}
- Fast: {'instance': "Function('Fast', entity_sorts['Entity'], BoolSort())", 'arity': 1, 'method': 'Fast(Entity)', 'function': 'None'}
- Normal: {'instance': "Function('Normal', entity_sorts['Entity'], BoolSort())", 'arity': 1, 'method': 'Normal(Entity)', 'function': 'None'}
- Slow: {'instance': "Function('Slow', entity_sorts['Entity'], BoolSort())", 'arity': 1, 'method': 'Slow(Entity)', 'function': 'None'}
2026-05-25 18:50:55 [INFO]: *** Sim Rule ***: Stop -> 
 Stop(entity) == Exists(
  [dummyEntity], 
  Or(
    And(
      IsAtInter(entity), 
      IsInInter(dummyEntity), 
    ),
    And(
      IsAtInter(entity), 
      IsAtInter(dummyEntity), 
      HigherPri(dummyEntity, entity),
    ),
    CollidingClose(entity, dummyEntity)
  )
)

2026-05-25 18:50:55 [INFO]: *** Task Rule ***: Collision and Intersection -> 
 Implies(Exists(
  [dummyEntity], 
    Or(
      And(
        IsAtInter(entity), 
        IsInInter(dummyEntity), 
      ),
      And(
        IsAtInter(entity), 
        IsAtInter(dummyEntity), 
        HigherPri(dummyEntity, entity),
      ),
      CollidingClose(entity, dummyEntity)
    )
  ),
  Stop(entity)
)

2026-05-25 18:50:55 [INFO]: *** Expert Rule ***: Stop -> 
 Stop(entity) == Exists(
[dummyEntity], 
  Or(
    And(
      IsAtInter(entity), 
      IsInInter(dummyEntity), 
    ),
    And(
      IsAtInter(entity), 
      IsAtInter(dummyEntity), 
      HigherPri(dummyEntity, entity),
    ),
    CollidingClose(entity, dummyEntity)
  )
)

2026-05-25 18:50:55 [INFO]: *** Expert Rule ***: Slow -> 
 Not(Slow(entity))

2026-05-25 18:50:55 [INFO]: *** Expert Rule ***: Fast -> 
 Not(Fast(entity))

2026-05-25 18:50:55 [INFO]: *** Expert Rule ***: Normal -> 
 Normal(entity) == Not(Stop(entity))
2026-05-25 18:50:55 [INFO]: Rules created successfully
2026-05-25 18:50:55 [INFO]: Rules will be grounded later...
2026-05-25 18:50:55 [INFO]: Given Predicates {'IsPedestrian': {'instance': IsPed, 'arity': 1, 'method': 'IsPed(Entity)', 'function': 'logicity.utils.pred_converter.z3.IsPed'}, 'IsCar': {'instance': IsCar, 'arity': 1, 'method': 'IsCar(Entity)', 'function': 'logicity.utils.pred_converter.z3.IsCar'}, 'IsAmbulance': {'instance': IsAmb, 'arity': 1, 'method': 'IsAmb(Entity)', 'function': 'logicity.utils.pred_converter.z3.IsAmb'}, 'IsOld': {'instance': IsOld, 'arity': 1, 'method': 'IsOld(Entity)', 'function': 'logicity.utils.pred_converter.z3.IsOld'}, 'IsTiro': {'instance': IsTiro, 'arity': 1, 'method': 'IsTiro(Entity)', 'function': 'logicity.utils.pred_converter.z3.IsTiro'}, 'IsAtInter': {'instance': IsAtInter, 'arity': 1, 'method': 'IsAtInter(Entity)', 'function': 'logicity.utils.pred_converter.z3.IsAtInter'}, 'IsInInter': {'instance': IsInInter, 'arity': 1, 'method': 'IsInInter(Entity)', 'function': 'logicity.utils.pred_converter.z3.IsInInter'}, 'HigherPri': {'instance': HigherPri, 'arity': 2, 'method': 'HigherPri(Entity, Entity)', 'function': 'logicity.utils.pred_converter.z3.HigherPri'}, 'CollidingClose': {'instance': CollidingClose, 'arity': 2, 'method': 'CollidingClose(Entity, Entity)', 'function': 'logicity.utils.pred_converter.z3.CollidingClose'}, 'Stop': {'instance': Stop, 'arity': 1, 'method': 'Stop(Entity)', 'function': 'None'}, 'Fast': {'instance': Fast, 'arity': 1, 'method': 'Fast(Entity)', 'function': 'None'}, 'Normal': {'instance': Normal, 'arity': 1, 'method': 'Normal(Entity)', 'function': 'None'}, 'Slow': {'instance': Slow, 'arity': 1, 'method': 'Slow(Entity)', 'function': 'None'}}, the FOV entities {'Entity': 3}, The logic grounding shape is: 39
2026-05-25 18:50:55 [INFO]: Local planner constructed!
2026-05-25 18:50:55 [INFO]: Constructing 22 streets
2026-05-25 18:50:56 [INFO]: Constructing 16 buildings
2026-05-25 18:50:57 [INFO]: Adding 4 agents, they are constrained in 103 region
2026-05-25 18:50:58 [INFO]: Car_1 initialization done!
2026-05-25 18:50:58 [INFO]: Pedestrian_1 initialization done!
2026-05-25 18:50:58 [INFO]: Car_2 initialization done!
2026-05-25 18:50:59 [INFO]: Car_3 initialization done!
2026-05-25 18:50:59 [INFO]: Done!
2026-05-25 18:50:59 [INFO]: ***Init RL Agent in Env***
2026-05-25 18:51:17 [INFO]: will reset agent by success
2026-05-25 18:51:17 [INFO]: ***Reset RL Agent in Env***
2026-05-25 18:51:17 [INFO]: Car_1 initialization done!
2026-05-25 18:51:17 [INFO]: Pedestrian_1 initialization done!
2026-05-25 18:51:18 [INFO]: Car_2 initialization done!
2026-05-25 18:51:19 [INFO]: Car_3 initialization done!
2026-05-25 18:51:19 [INFO]: Agent reset priority to 1/4
2026-05-25 18:51:19 [INFO]: Agent reset concepts to {'type': 'Car', 'priority': 1}
2026-05-25 18:51:19 [INFO]: Episode 5 success.
2026-05-25 18:51:19 [INFO]: Episode 5 achieved a score of 6.080000000000006
2026-05-25 18:51:19 [INFO]: Episode 5 Success: 1
2026-05-25 18:51:19 [INFO]: Episode 5 Decision Step: {3: 0}
2026-05-25 18:51:19 [INFO]: Episode 5 Success Decision: {3: 0}
2026-05-25 18:51:19 [INFO]: Evaluating episode 6...
2026-05-25 18:51:19 [INFO]: Episode label: {'oracle_step': 53, 'stop_count': 10, 'has_stop': True, 'ego_crosses': True, 'ego_eta': 9, 'ego_direction': 'right', 'other_crosses': 3, 'close_other_count': 0, 'pedestrian_close': None, 'conflicting_approach': False, 'total_crosses': 4}
2026-05-25 18:51:19 [INFO]: Get map info from config/maps/square_2x2.yaml
2026-05-25 18:51:19 [INFO]: Get agent info from config/agents/easy_lite/val.yaml
2026-05-25 18:51:19 [INFO]: Get onology and rules info from config/rules/ontology_easy.yaml, config/rules/Nav/easy/expert.yaml
2026-05-25 18:51:19 [INFO]: Number of Entity Types: 1
Entity Types:
- Entity
2026-05-25 18:51:19 [INFO]: Number of Predicates: 13
Predicates:
- IsPedestrian: {'instance': "Function('IsPed', entity_sorts['Entity'], BoolSort())", 'arity': 1, 'method': 'IsPed(Entity)', 'function': 'logicity.utils.pred_converter.z3.IsPed'}
- IsCar: {'instance': "Function('IsCar', entity_sorts['Entity'], BoolSort())", 'arity': 1, 'method': 'IsCar(Entity)', 'function': 'logicity.utils.pred_converter.z3.IsCar'}
- IsAmbulance: {'instance': "Function('IsAmb', entity_sorts['Entity'], BoolSort())", 'arity': 1, 'method': 'IsAmb(Entity)', 'function': 'logicity.utils.pred_converter.z3.IsAmb'}
- IsOld: {'instance': "Function('IsOld', entity_sorts['Entity'], BoolSort())", 'arity': 1, 'method': 'IsOld(Entity)', 'function': 'logicity.utils.pred_converter.z3.IsOld'}
- IsTiro: {'instance': "Function('IsTiro', entity_sorts['Entity'], BoolSort())", 'arity': 1, 'method': 'IsTiro(Entity)', 'function': 'logicity.utils.pred_converter.z3.IsTiro'}
- IsAtInter: {'instance': "Function('IsAtInter', entity_sorts['Entity'], BoolSort())", 'arity': 1, 'method': 'IsAtInter(Entity)', 'function': 'logicity.utils.pred_converter.z3.IsAtInter'}
- IsInInter: {'instance': "Function('IsInInter', entity_sorts['Entity'], BoolSort())", 'arity': 1, 'method': 'IsInInter(Entity)', 'function': 'logicity.utils.pred_converter.z3.IsInInter'}
- HigherPri: {'instance': "Function('HigherPri', entity_sorts['Entity'], entity_sorts['Entity'], BoolSort())", 'arity': 2, 'method': 'HigherPri(Entity, Entity)', 'function': 'logicity.utils.pred_converter.z3.HigherPri'}
- CollidingClose: {'instance': "Function('CollidingClose', entity_sorts['Entity'], entity_sorts['Entity'], BoolSort())", 'arity': 2, 'method': 'CollidingClose(Entity, Entity)', 'function': 'logicity.utils.pred_converter.z3.CollidingClose'}
- Stop: {'instance': "Function('Stop', entity_sorts['Entity'], BoolSort())", 'arity': 1, 'method': 'Stop(Entity)', 'function': 'None'}
- Fast: {'instance': "Function('Fast', entity_sorts['Entity'], BoolSort())", 'arity': 1, 'method': 'Fast(Entity)', 'function': 'None'}
- Normal: {'instance': "Function('Normal', entity_sorts['Entity'], BoolSort())", 'arity': 1, 'method': 'Normal(Entity)', 'function': 'None'}
- Slow: {'instance': "Function('Slow', entity_sorts['Entity'], BoolSort())", 'arity': 1, 'method': 'Slow(Entity)', 'function': 'None'}
2026-05-25 18:51:19 [INFO]: *** Sim Rule ***: Stop -> 
 Stop(entity) == Exists(
  [dummyEntity], 
  Or(
    And(
      IsAtInter(entity), 
      IsInInter(dummyEntity), 
    ),
    And(
      IsAtInter(entity), 
      IsAtInter(dummyEntity), 
      HigherPri(dummyEntity, entity),
    ),
    CollidingClose(entity, dummyEntity)
  )
)

2026-05-25 18:51:19 [INFO]: *** Task Rule ***: Collision and Intersection -> 
 Implies(Exists(
  [dummyEntity], 
    Or(
      And(
        IsAtInter(entity), 
        IsInInter(dummyEntity), 
      ),
      And(
        IsAtInter(entity), 
        IsAtInter(dummyEntity), 
        HigherPri(dummyEntity, entity),
      ),
      CollidingClose(entity, dummyEntity)
    )
  ),
  Stop(entity)
)

2026-05-25 18:51:19 [INFO]: *** Expert Rule ***: Stop -> 
 Stop(entity) == Exists(
[dummyEntity], 
  Or(
    And(
      IsAtInter(entity), 
      IsInInter(dummyEntity), 
    ),
    And(
      IsAtInter(entity), 
      IsAtInter(dummyEntity), 
      HigherPri(dummyEntity, entity),
    ),
    CollidingClose(entity, dummyEntity)
  )
)

2026-05-25 18:51:19 [INFO]: *** Expert Rule ***: Slow -> 
 Not(Slow(entity))

2026-05-25 18:51:19 [INFO]: *** Expert Rule ***: Fast -> 
 Not(Fast(entity))

2026-05-25 18:51:19 [INFO]: *** Expert Rule ***: Normal -> 
 Normal(entity) == Not(Stop(entity))
2026-05-25 18:51:19 [INFO]: Rules created successfully
2026-05-25 18:51:19 [INFO]: Rules will be grounded later...
2026-05-25 18:51:19 [INFO]: Given Predicates {'IsPedestrian': {'instance': IsPed, 'arity': 1, 'method': 'IsPed(Entity)', 'function': 'logicity.utils.pred_converter.z3.IsPed'}, 'IsCar': {'instance': IsCar, 'arity': 1, 'method': 'IsCar(Entity)', 'function': 'logicity.utils.pred_converter.z3.IsCar'}, 'IsAmbulance': {'instance': IsAmb, 'arity': 1, 'method': 'IsAmb(Entity)', 'function': 'logicity.utils.pred_converter.z3.IsAmb'}, 'IsOld': {'instance': IsOld, 'arity': 1, 'method': 'IsOld(Entity)', 'function': 'logicity.utils.pred_converter.z3.IsOld'}, 'IsTiro': {'instance': IsTiro, 'arity': 1, 'method': 'IsTiro(Entity)', 'function': 'logicity.utils.pred_converter.z3.IsTiro'}, 'IsAtInter': {'instance': IsAtInter, 'arity': 1, 'method': 'IsAtInter(Entity)', 'function': 'logicity.utils.pred_converter.z3.IsAtInter'}, 'IsInInter': {'instance': IsInInter, 'arity': 1, 'method': 'IsInInter(Entity)', 'function': 'logicity.utils.pred_converter.z3.IsInInter'}, 'HigherPri': {'instance': HigherPri, 'arity': 2, 'method': 'HigherPri(Entity, Entity)', 'function': 'logicity.utils.pred_converter.z3.HigherPri'}, 'CollidingClose': {'instance': CollidingClose, 'arity': 2, 'method': 'CollidingClose(Entity, Entity)', 'function': 'logicity.utils.pred_converter.z3.CollidingClose'}, 'Stop': {'instance': Stop, 'arity': 1, 'method': 'Stop(Entity)', 'function': 'None'}, 'Fast': {'instance': Fast, 'arity': 1, 'method': 'Fast(Entity)', 'function': 'None'}, 'Normal': {'instance': Normal, 'arity': 1, 'method': 'Normal(Entity)', 'function': 'None'}, 'Slow': {'instance': Slow, 'arity': 1, 'method': 'Slow(Entity)', 'function': 'None'}}, the FOV entities {'Entity': 3}, The logic grounding shape is: 39
2026-05-25 18:51:19 [INFO]: Local planner constructed!
2026-05-25 18:51:19 [INFO]: Constructing 22 streets
2026-05-25 18:51:20 [INFO]: Constructing 16 buildings
2026-05-25 18:51:21 [INFO]: Adding 4 agents, they are constrained in 103 region
2026-05-25 18:51:22 [INFO]: Car_1 initialization done!
2026-05-25 18:51:22 [INFO]: Pedestrian_1 initialization done!
2026-05-25 18:51:22 [INFO]: Car_2 initialization done!
2026-05-25 18:51:23 [INFO]: Car_3 initialization done!
2026-05-25 18:51:23 [INFO]: Done!
2026-05-25 18:51:23 [INFO]: ***Init RL Agent in Env***
2026-05-25 18:51:41 [INFO]: will reset agent by success
2026-05-25 18:51:41 [INFO]: ***Reset RL Agent in Env***
2026-05-25 18:51:42 [INFO]: Car_1 initialization done!
2026-05-25 18:51:42 [INFO]: Pedestrian_1 initialization done!
2026-05-25 18:51:42 [INFO]: Car_2 initialization done!
2026-05-25 18:51:43 [INFO]: Car_3 initialization done!
2026-05-25 18:51:43 [INFO]: Agent reset priority to 3/4
2026-05-25 18:51:43 [INFO]: Agent reset concepts to {'type': 'Car', 'priority': 3}
2026-05-25 18:51:43 [INFO]: Episode 6 success.
2026-05-25 18:51:43 [INFO]: Episode 6 achieved a score of 4.17000000000001
2026-05-25 18:51:43 [INFO]: Episode 6 Success: 1
2026-05-25 18:51:43 [INFO]: Episode 6 Decision Step: {3: 1}
2026-05-25 18:51:43 [INFO]: Episode 6 Success Decision: {3: 1}
2026-05-25 18:51:43 [INFO]: Evaluating episode 7...
2026-05-25 18:51:43 [INFO]: Episode label: {'oracle_step': 76, 'stop_count': 10, 'has_stop': True, 'ego_crosses': True, 'ego_eta': 13, 'ego_direction': 'down', 'other_crosses': 3, 'close_other_count': 0, 'pedestrian_close': None, 'conflicting_approach': False, 'total_crosses': 4}
2026-05-25 18:51:43 [INFO]: Get map info from config/maps/square_2x2.yaml
2026-05-25 18:51:43 [INFO]: Get agent info from config/agents/easy_lite/val.yaml
2026-05-25 18:51:43 [INFO]: Get onology and rules info from config/rules/ontology_easy.yaml, config/rules/Nav/easy/expert.yaml
2026-05-25 18:51:44 [INFO]: Number of Entity Types: 1
Entity Types:
- Entity
2026-05-25 18:51:44 [INFO]: Number of Predicates: 13
Predicates:
- IsPedestrian: {'instance': "Function('IsPed', entity_sorts['Entity'], BoolSort())", 'arity': 1, 'method': 'IsPed(Entity)', 'function': 'logicity.utils.pred_converter.z3.IsPed'}
- IsCar: {'instance': "Function('IsCar', entity_sorts['Entity'], BoolSort())", 'arity': 1, 'method': 'IsCar(Entity)', 'function': 'logicity.utils.pred_converter.z3.IsCar'}
- IsAmbulance: {'instance': "Function('IsAmb', entity_sorts['Entity'], BoolSort())", 'arity': 1, 'method': 'IsAmb(Entity)', 'function': 'logicity.utils.pred_converter.z3.IsAmb'}
- IsOld: {'instance': "Function('IsOld', entity_sorts['Entity'], BoolSort())", 'arity': 1, 'method': 'IsOld(Entity)', 'function': 'logicity.utils.pred_converter.z3.IsOld'}
- IsTiro: {'instance': "Function('IsTiro', entity_sorts['Entity'], BoolSort())", 'arity': 1, 'method': 'IsTiro(Entity)', 'function': 'logicity.utils.pred_converter.z3.IsTiro'}
- IsAtInter: {'instance': "Function('IsAtInter', entity_sorts['Entity'], BoolSort())", 'arity': 1, 'method': 'IsAtInter(Entity)', 'function': 'logicity.utils.pred_converter.z3.IsAtInter'}
- IsInInter: {'instance': "Function('IsInInter', entity_sorts['Entity'], BoolSort())", 'arity': 1, 'method': 'IsInInter(Entity)', 'function': 'logicity.utils.pred_converter.z3.IsInInter'}
- HigherPri: {'instance': "Function('HigherPri', entity_sorts['Entity'], entity_sorts['Entity'], BoolSort())", 'arity': 2, 'method': 'HigherPri(Entity, Entity)', 'function': 'logicity.utils.pred_converter.z3.HigherPri'}
- CollidingClose: {'instance': "Function('CollidingClose', entity_sorts['Entity'], entity_sorts['Entity'], BoolSort())", 'arity': 2, 'method': 'CollidingClose(Entity, Entity)', 'function': 'logicity.utils.pred_converter.z3.CollidingClose'}
- Stop: {'instance': "Function('Stop', entity_sorts['Entity'], BoolSort())", 'arity': 1, 'method': 'Stop(Entity)', 'function': 'None'}
- Fast: {'instance': "Function('Fast', entity_sorts['Entity'], BoolSort())", 'arity': 1, 'method': 'Fast(Entity)', 'function': 'None'}
- Normal: {'instance': "Function('Normal', entity_sorts['Entity'], BoolSort())", 'arity': 1, 'method': 'Normal(Entity)', 'function': 'None'}
- Slow: {'instance': "Function('Slow', entity_sorts['Entity'], BoolSort())", 'arity': 1, 'method': 'Slow(Entity)', 'function': 'None'}
2026-05-25 18:51:44 [INFO]: *** Sim Rule ***: Stop -> 
 Stop(entity) == Exists(
  [dummyEntity], 
  Or(
    And(
      IsAtInter(entity), 
      IsInInter(dummyEntity), 
    ),
    And(
      IsAtInter(entity), 
      IsAtInter(dummyEntity), 
      HigherPri(dummyEntity, entity),
    ),
    CollidingClose(entity, dummyEntity)
  )
)

2026-05-25 18:51:44 [INFO]: *** Task Rule ***: Collision and Intersection -> 
 Implies(Exists(
  [dummyEntity], 
    Or(
      And(
        IsAtInter(entity), 
        IsInInter(dummyEntity), 
      ),
      And(
        IsAtInter(entity), 
        IsAtInter(dummyEntity), 
        HigherPri(dummyEntity, entity),
      ),
      CollidingClose(entity, dummyEntity)
    )
  ),
  Stop(entity)
)

2026-05-25 18:51:44 [INFO]: *** Expert Rule ***: Stop -> 
 Stop(entity) == Exists(
[dummyEntity], 
  Or(
    And(
      IsAtInter(entity), 
      IsInInter(dummyEntity), 
    ),
    And(
      IsAtInter(entity), 
      IsAtInter(dummyEntity), 
      HigherPri(dummyEntity, entity),
    ),
    CollidingClose(entity, dummyEntity)
  )
)

2026-05-25 18:51:44 [INFO]: *** Expert Rule ***: Slow -> 
 Not(Slow(entity))

2026-05-25 18:51:44 [INFO]: *** Expert Rule ***: Fast -> 
 Not(Fast(entity))

2026-05-25 18:51:44 [INFO]: *** Expert Rule ***: Normal -> 
 Normal(entity) == Not(Stop(entity))
2026-05-25 18:51:44 [INFO]: Rules created successfully
2026-05-25 18:51:44 [INFO]: Rules will be grounded later...
2026-05-25 18:51:44 [INFO]: Given Predicates {'IsPedestrian': {'instance': IsPed, 'arity': 1, 'method': 'IsPed(Entity)', 'function': 'logicity.utils.pred_converter.z3.IsPed'}, 'IsCar': {'instance': IsCar, 'arity': 1, 'method': 'IsCar(Entity)', 'function': 'logicity.utils.pred_converter.z3.IsCar'}, 'IsAmbulance': {'instance': IsAmb, 'arity': 1, 'method': 'IsAmb(Entity)', 'function': 'logicity.utils.pred_converter.z3.IsAmb'}, 'IsOld': {'instance': IsOld, 'arity': 1, 'method': 'IsOld(Entity)', 'function': 'logicity.utils.pred_converter.z3.IsOld'}, 'IsTiro': {'instance': IsTiro, 'arity': 1, 'method': 'IsTiro(Entity)', 'function': 'logicity.utils.pred_converter.z3.IsTiro'}, 'IsAtInter': {'instance': IsAtInter, 'arity': 1, 'method': 'IsAtInter(Entity)', 'function': 'logicity.utils.pred_converter.z3.IsAtInter'}, 'IsInInter': {'instance': IsInInter, 'arity': 1, 'method': 'IsInInter(Entity)', 'function': 'logicity.utils.pred_converter.z3.IsInInter'}, 'HigherPri': {'instance': HigherPri, 'arity': 2, 'method': 'HigherPri(Entity, Entity)', 'function': 'logicity.utils.pred_converter.z3.HigherPri'}, 'CollidingClose': {'instance': CollidingClose, 'arity': 2, 'method': 'CollidingClose(Entity, Entity)', 'function': 'logicity.utils.pred_converter.z3.CollidingClose'}, 'Stop': {'instance': Stop, 'arity': 1, 'method': 'Stop(Entity)', 'function': 'None'}, 'Fast': {'instance': Fast, 'arity': 1, 'method': 'Fast(Entity)', 'function': 'None'}, 'Normal': {'instance': Normal, 'arity': 1, 'method': 'Normal(Entity)', 'function': 'None'}, 'Slow': {'instance': Slow, 'arity': 1, 'method': 'Slow(Entity)', 'function': 'None'}}, the FOV entities {'Entity': 3}, The logic grounding shape is: 39
2026-05-25 18:51:44 [INFO]: Local planner constructed!
2026-05-25 18:51:44 [INFO]: Constructing 22 streets
2026-05-25 18:51:44 [INFO]: Constructing 16 buildings
2026-05-25 18:51:45 [INFO]: Adding 4 agents, they are constrained in 103 region
2026-05-25 18:51:46 [INFO]: Car_1 initialization done!
2026-05-25 18:51:46 [INFO]: Pedestrian_1 initialization done!
2026-05-25 18:51:47 [INFO]: Car_2 initialization done!
2026-05-25 18:51:47 [INFO]: Car_3 initialization done!
2026-05-25 18:51:47 [INFO]: Done!
2026-05-25 18:51:47 [INFO]: ***Init RL Agent in Env***
2026-05-25 18:51:58 [INFO]: will reset agent by success
2026-05-25 18:51:58 [INFO]: ***Reset RL Agent in Env***
2026-05-25 18:51:59 [INFO]: Car_1 initialization done!
2026-05-25 18:51:59 [INFO]: Pedestrian_1 initialization done!
2026-05-25 18:51:59 [INFO]: Car_2 initialization done!
2026-05-25 18:52:00 [INFO]: Car_3 initialization done!
2026-05-25 18:52:00 [INFO]: Agent reset priority to 2/4
2026-05-25 18:52:00 [INFO]: Agent reset concepts to {'type': 'Car', 'priority': 2}
2026-05-25 18:52:00 [INFO]: Episode 7 success.
2026-05-25 18:52:00 [INFO]: Episode 7 achieved a score of 6.839999999999998
2026-05-25 18:52:00 [INFO]: Episode 7 Success: 1
2026-05-25 18:52:00 [INFO]: Episode 7 Decision Step: {3: 0}
2026-05-25 18:52:00 [INFO]: Episode 7 Success Decision: {3: 0}
2026-05-25 18:52:00 [INFO]: Evaluating episode 8...
2026-05-25 18:52:00 [INFO]: Episode label: {'oracle_step': 49, 'stop_count': 0, 'has_stop': False, 'ego_crosses': True, 'ego_eta': 29, 'ego_direction': 'right', 'other_crosses': 3, 'close_other_count': 0, 'pedestrian_close': None, 'conflicting_approach': False, 'total_crosses': 4}
2026-05-25 18:52:00 [INFO]: Get map info from config/maps/square_2x2.yaml
2026-05-25 18:52:00 [INFO]: Get agent info from config/agents/easy_lite/val.yaml
2026-05-25 18:52:00 [INFO]: Get onology and rules info from config/rules/ontology_easy.yaml, config/rules/Nav/easy/expert.yaml
2026-05-25 18:52:00 [INFO]: Number of Entity Types: 1
Entity Types:
- Entity
2026-05-25 18:52:00 [INFO]: Number of Predicates: 13
Predicates:
- IsPedestrian: {'instance': "Function('IsPed', entity_sorts['Entity'], BoolSort())", 'arity': 1, 'method': 'IsPed(Entity)', 'function': 'logicity.utils.pred_converter.z3.IsPed'}
- IsCar: {'instance': "Function('IsCar', entity_sorts['Entity'], BoolSort())", 'arity': 1, 'method': 'IsCar(Entity)', 'function': 'logicity.utils.pred_converter.z3.IsCar'}
- IsAmbulance: {'instance': "Function('IsAmb', entity_sorts['Entity'], BoolSort())", 'arity': 1, 'method': 'IsAmb(Entity)', 'function': 'logicity.utils.pred_converter.z3.IsAmb'}
- IsOld: {'instance': "Function('IsOld', entity_sorts['Entity'], BoolSort())", 'arity': 1, 'method': 'IsOld(Entity)', 'function': 'logicity.utils.pred_converter.z3.IsOld'}
- IsTiro: {'instance': "Function('IsTiro', entity_sorts['Entity'], BoolSort())", 'arity': 1, 'method': 'IsTiro(Entity)', 'function': 'logicity.utils.pred_converter.z3.IsTiro'}
- IsAtInter: {'instance': "Function('IsAtInter', entity_sorts['Entity'], BoolSort())", 'arity': 1, 'method': 'IsAtInter(Entity)', 'function': 'logicity.utils.pred_converter.z3.IsAtInter'}
- IsInInter: {'instance': "Function('IsInInter', entity_sorts['Entity'], BoolSort())", 'arity': 1, 'method': 'IsInInter(Entity)', 'function': 'logicity.utils.pred_converter.z3.IsInInter'}
- HigherPri: {'instance': "Function('HigherPri', entity_sorts['Entity'], entity_sorts['Entity'], BoolSort())", 'arity': 2, 'method': 'HigherPri(Entity, Entity)', 'function': 'logicity.utils.pred_converter.z3.HigherPri'}
- CollidingClose: {'instance': "Function('CollidingClose', entity_sorts['Entity'], entity_sorts['Entity'], BoolSort())", 'arity': 2, 'method': 'CollidingClose(Entity, Entity)', 'function': 'logicity.utils.pred_converter.z3.CollidingClose'}
- Stop: {'instance': "Function('Stop', entity_sorts['Entity'], BoolSort())", 'arity': 1, 'method': 'Stop(Entity)', 'function': 'None'}
- Fast: {'instance': "Function('Fast', entity_sorts['Entity'], BoolSort())", 'arity': 1, 'method': 'Fast(Entity)', 'function': 'None'}
- Normal: {'instance': "Function('Normal', entity_sorts['Entity'], BoolSort())", 'arity': 1, 'method': 'Normal(Entity)', 'function': 'None'}
- Slow: {'instance': "Function('Slow', entity_sorts['Entity'], BoolSort())", 'arity': 1, 'method': 'Slow(Entity)', 'function': 'None'}
2026-05-25 18:52:00 [INFO]: *** Sim Rule ***: Stop -> 
 Stop(entity) == Exists(
  [dummyEntity], 
  Or(
    And(
      IsAtInter(entity), 
      IsInInter(dummyEntity), 
    ),
    And(
      IsAtInter(entity), 
      IsAtInter(dummyEntity), 
      HigherPri(dummyEntity, entity),
    ),
    CollidingClose(entity, dummyEntity)
  )
)

2026-05-25 18:52:00 [INFO]: *** Task Rule ***: Collision and Intersection -> 
 Implies(Exists(
  [dummyEntity], 
    Or(
      And(
        IsAtInter(entity), 
        IsInInter(dummyEntity), 
      ),
      And(
        IsAtInter(entity), 
        IsAtInter(dummyEntity), 
        HigherPri(dummyEntity, entity),
      ),
      CollidingClose(entity, dummyEntity)
    )
  ),
  Stop(entity)
)

2026-05-25 18:52:00 [INFO]: *** Expert Rule ***: Stop -> 
 Stop(entity) == Exists(
[dummyEntity], 
  Or(
    And(
      IsAtInter(entity), 
      IsInInter(dummyEntity), 
    ),
    And(
      IsAtInter(entity), 
      IsAtInter(dummyEntity), 
      HigherPri(dummyEntity, entity),
    ),
    CollidingClose(entity, dummyEntity)
  )
)

2026-05-25 18:52:00 [INFO]: *** Expert Rule ***: Slow -> 
 Not(Slow(entity))

2026-05-25 18:52:00 [INFO]: *** Expert Rule ***: Fast -> 
 Not(Fast(entity))

2026-05-25 18:52:00 [INFO]: *** Expert Rule ***: Normal -> 
 Normal(entity) == Not(Stop(entity))
2026-05-25 18:52:00 [INFO]: Rules created successfully
2026-05-25 18:52:00 [INFO]: Rules will be grounded later...
2026-05-25 18:52:00 [INFO]: Given Predicates {'IsPedestrian': {'instance': IsPed, 'arity': 1, 'method': 'IsPed(Entity)', 'function': 'logicity.utils.pred_converter.z3.IsPed'}, 'IsCar': {'instance': IsCar, 'arity': 1, 'method': 'IsCar(Entity)', 'function': 'logicity.utils.pred_converter.z3.IsCar'}, 'IsAmbulance': {'instance': IsAmb, 'arity': 1, 'method': 'IsAmb(Entity)', 'function': 'logicity.utils.pred_converter.z3.IsAmb'}, 'IsOld': {'instance': IsOld, 'arity': 1, 'method': 'IsOld(Entity)', 'function': 'logicity.utils.pred_converter.z3.IsOld'}, 'IsTiro': {'instance': IsTiro, 'arity': 1, 'method': 'IsTiro(Entity)', 'function': 'logicity.utils.pred_converter.z3.IsTiro'}, 'IsAtInter': {'instance': IsAtInter, 'arity': 1, 'method': 'IsAtInter(Entity)', 'function': 'logicity.utils.pred_converter.z3.IsAtInter'}, 'IsInInter': {'instance': IsInInter, 'arity': 1, 'method': 'IsInInter(Entity)', 'function': 'logicity.utils.pred_converter.z3.IsInInter'}, 'HigherPri': {'instance': HigherPri, 'arity': 2, 'method': 'HigherPri(Entity, Entity)', 'function': 'logicity.utils.pred_converter.z3.HigherPri'}, 'CollidingClose': {'instance': CollidingClose, 'arity': 2, 'method': 'CollidingClose(Entity, Entity)', 'function': 'logicity.utils.pred_converter.z3.CollidingClose'}, 'Stop': {'instance': Stop, 'arity': 1, 'method': 'Stop(Entity)', 'function': 'None'}, 'Fast': {'instance': Fast, 'arity': 1, 'method': 'Fast(Entity)', 'function': 'None'}, 'Normal': {'instance': Normal, 'arity': 1, 'method': 'Normal(Entity)', 'function': 'None'}, 'Slow': {'instance': Slow, 'arity': 1, 'method': 'Slow(Entity)', 'function': 'None'}}, the FOV entities {'Entity': 3}, The logic grounding shape is: 39
2026-05-25 18:52:00 [INFO]: Local planner constructed!
2026-05-25 18:52:00 [INFO]: Constructing 22 streets
2026-05-25 18:52:01 [INFO]: Constructing 16 buildings
2026-05-25 18:52:01 [INFO]: Adding 4 agents, they are constrained in 103 region
2026-05-25 18:52:01 [INFO]: Car_1 initialization done!
2026-05-25 18:52:01 [INFO]: Pedestrian_1 initialization done!
2026-05-25 18:52:02 [INFO]: Car_2 initialization done!
2026-05-25 18:52:02 [INFO]: Car_3 initialization done!
2026-05-25 18:52:02 [INFO]: Done!
2026-05-25 18:52:02 [INFO]: ***Init RL Agent in Env***
2026-05-25 18:52:19 [INFO]: will reset agent by success
2026-05-25 18:52:19 [INFO]: ***Reset RL Agent in Env***
2026-05-25 18:52:19 [INFO]: Car_1 initialization done!
2026-05-25 18:52:19 [INFO]: Pedestrian_1 initialization done!
2026-05-25 18:52:20 [INFO]: Car_2 initialization done!
2026-05-25 18:52:21 [INFO]: Car_3 initialization done!
2026-05-25 18:52:21 [INFO]: Agent reset priority to 1/4
2026-05-25 18:52:21 [INFO]: Agent reset concepts to {'type': 'Car', 'priority': 1}
2026-05-25 18:52:21 [INFO]: Episode 8 success.
2026-05-25 18:52:21 [INFO]: Episode 8 achieved a score of 4.88000000000001
2026-05-25 18:52:21 [INFO]: Episode 8 Success: 1
2026-05-25 18:52:21 [INFO]: Episode 8 Decision Step: {3: 0}
2026-05-25 18:52:21 [INFO]: Episode 8 Success Decision: {3: 0}
2026-05-25 18:52:21 [INFO]: Evaluating episode 9...
2026-05-25 18:52:21 [INFO]: Episode label: {'oracle_step': 48, 'stop_count': 6, 'has_stop': True, 'ego_crosses': True, 'ego_eta': 9, 'ego_direction': 'down', 'other_crosses': 3, 'close_other_count': 0, 'pedestrian_close': None, 'conflicting_approach': False, 'total_crosses': 4}
2026-05-25 18:52:21 [INFO]: Get map info from config/maps/square_2x2.yaml
2026-05-25 18:52:21 [INFO]: Get agent info from config/agents/easy_lite/val.yaml
2026-05-25 18:52:21 [INFO]: Get onology and rules info from config/rules/ontology_easy.yaml, config/rules/Nav/easy/expert.yaml
2026-05-25 18:52:21 [INFO]: Number of Entity Types: 1
Entity Types:
- Entity
2026-05-25 18:52:21 [INFO]: Number of Predicates: 13
Predicates:
- IsPedestrian: {'instance': "Function('IsPed', entity_sorts['Entity'], BoolSort())", 'arity': 1, 'method': 'IsPed(Entity)', 'function': 'logicity.utils.pred_converter.z3.IsPed'}
- IsCar: {'instance': "Function('IsCar', entity_sorts['Entity'], BoolSort())", 'arity': 1, 'method': 'IsCar(Entity)', 'function': 'logicity.utils.pred_converter.z3.IsCar'}
- IsAmbulance: {'instance': "Function('IsAmb', entity_sorts['Entity'], BoolSort())", 'arity': 1, 'method': 'IsAmb(Entity)', 'function': 'logicity.utils.pred_converter.z3.IsAmb'}
- IsOld: {'instance': "Function('IsOld', entity_sorts['Entity'], BoolSort())", 'arity': 1, 'method': 'IsOld(Entity)', 'function': 'logicity.utils.pred_converter.z3.IsOld'}
- IsTiro: {'instance': "Function('IsTiro', entity_sorts['Entity'], BoolSort())", 'arity': 1, 'method': 'IsTiro(Entity)', 'function': 'logicity.utils.pred_converter.z3.IsTiro'}
- IsAtInter: {'instance': "Function('IsAtInter', entity_sorts['Entity'], BoolSort())", 'arity': 1, 'method': 'IsAtInter(Entity)', 'function': 'logicity.utils.pred_converter.z3.IsAtInter'}
- IsInInter: {'instance': "Function('IsInInter', entity_sorts['Entity'], BoolSort())", 'arity': 1, 'method': 'IsInInter(Entity)', 'function': 'logicity.utils.pred_converter.z3.IsInInter'}
- HigherPri: {'instance': "Function('HigherPri', entity_sorts['Entity'], entity_sorts['Entity'], BoolSort())", 'arity': 2, 'method': 'HigherPri(Entity, Entity)', 'function': 'logicity.utils.pred_converter.z3.HigherPri'}
- CollidingClose: {'instance': "Function('CollidingClose', entity_sorts['Entity'], entity_sorts['Entity'], BoolSort())", 'arity': 2, 'method': 'CollidingClose(Entity, Entity)', 'function': 'logicity.utils.pred_converter.z3.CollidingClose'}
- Stop: {'instance': "Function('Stop', entity_sorts['Entity'], BoolSort())", 'arity': 1, 'method': 'Stop(Entity)', 'function': 'None'}
- Fast: {'instance': "Function('Fast', entity_sorts['Entity'], BoolSort())", 'arity': 1, 'method': 'Fast(Entity)', 'function': 'None'}
- Normal: {'instance': "Function('Normal', entity_sorts['Entity'], BoolSort())", 'arity': 1, 'method': 'Normal(Entity)', 'function': 'None'}
- Slow: {'instance': "Function('Slow', entity_sorts['Entity'], BoolSort())", 'arity': 1, 'method': 'Slow(Entity)', 'function': 'None'}
2026-05-25 18:52:21 [INFO]: *** Sim Rule ***: Stop -> 
 Stop(entity) == Exists(
  [dummyEntity], 
  Or(
    And(
      IsAtInter(entity), 
      IsInInter(dummyEntity), 
    ),
    And(
      IsAtInter(entity), 
      IsAtInter(dummyEntity), 
      HigherPri(dummyEntity, entity),
    ),
    CollidingClose(entity, dummyEntity)
  )
)

2026-05-25 18:52:21 [INFO]: *** Task Rule ***: Collision and Intersection -> 
 Implies(Exists(
  [dummyEntity], 
    Or(
      And(
        IsAtInter(entity), 
        IsInInter(dummyEntity), 
      ),
      And(
        IsAtInter(entity), 
        IsAtInter(dummyEntity), 
        HigherPri(dummyEntity, entity),
      ),
      CollidingClose(entity, dummyEntity)
    )
  ),
  Stop(entity)
)

2026-05-25 18:52:21 [INFO]: *** Expert Rule ***: Stop -> 
 Stop(entity) == Exists(
[dummyEntity], 
  Or(
    And(
      IsAtInter(entity), 
      IsInInter(dummyEntity), 
    ),
    And(
      IsAtInter(entity), 
      IsAtInter(dummyEntity), 
      HigherPri(dummyEntity, entity),
    ),
    CollidingClose(entity, dummyEntity)
  )
)

2026-05-25 18:52:21 [INFO]: *** Expert Rule ***: Slow -> 
 Not(Slow(entity))

2026-05-25 18:52:21 [INFO]: *** Expert Rule ***: Fast -> 
 Not(Fast(entity))

2026-05-25 18:52:21 [INFO]: *** Expert Rule ***: Normal -> 
 Normal(entity) == Not(Stop(entity))
2026-05-25 18:52:21 [INFO]: Rules created successfully
2026-05-25 18:52:21 [INFO]: Rules will be grounded later...
2026-05-25 18:52:21 [INFO]: Given Predicates {'IsPedestrian': {'instance': IsPed, 'arity': 1, 'method': 'IsPed(Entity)', 'function': 'logicity.utils.pred_converter.z3.IsPed'}, 'IsCar': {'instance': IsCar, 'arity': 1, 'method': 'IsCar(Entity)', 'function': 'logicity.utils.pred_converter.z3.IsCar'}, 'IsAmbulance': {'instance': IsAmb, 'arity': 1, 'method': 'IsAmb(Entity)', 'function': 'logicity.utils.pred_converter.z3.IsAmb'}, 'IsOld': {'instance': IsOld, 'arity': 1, 'method': 'IsOld(Entity)', 'function': 'logicity.utils.pred_converter.z3.IsOld'}, 'IsTiro': {'instance': IsTiro, 'arity': 1, 'method': 'IsTiro(Entity)', 'function': 'logicity.utils.pred_converter.z3.IsTiro'}, 'IsAtInter': {'instance': IsAtInter, 'arity': 1, 'method': 'IsAtInter(Entity)', 'function': 'logicity.utils.pred_converter.z3.IsAtInter'}, 'IsInInter': {'instance': IsInInter, 'arity': 1, 'method': 'IsInInter(Entity)', 'function': 'logicity.utils.pred_converter.z3.IsInInter'}, 'HigherPri': {'instance': HigherPri, 'arity': 2, 'method': 'HigherPri(Entity, Entity)', 'function': 'logicity.utils.pred_converter.z3.HigherPri'}, 'CollidingClose': {'instance': CollidingClose, 'arity': 2, 'method': 'CollidingClose(Entity, Entity)', 'function': 'logicity.utils.pred_converter.z3.CollidingClose'}, 'Stop': {'instance': Stop, 'arity': 1, 'method': 'Stop(Entity)', 'function': 'None'}, 'Fast': {'instance': Fast, 'arity': 1, 'method': 'Fast(Entity)', 'function': 'None'}, 'Normal': {'instance': Normal, 'arity': 1, 'method': 'Normal(Entity)', 'function': 'None'}, 'Slow': {'instance': Slow, 'arity': 1, 'method': 'Slow(Entity)', 'function': 'None'}}, the FOV entities {'Entity': 3}, The logic grounding shape is: 39
2026-05-25 18:52:21 [INFO]: Local planner constructed!
2026-05-25 18:52:21 [INFO]: Constructing 22 streets
2026-05-25 18:52:22 [INFO]: Constructing 16 buildings
2026-05-25 18:52:22 [INFO]: Adding 4 agents, they are constrained in 103 region
2026-05-25 18:52:23 [INFO]: Car_1 initialization done!
2026-05-25 18:52:23 [INFO]: Pedestrian_1 initialization done!
2026-05-25 18:52:23 [INFO]: Car_2 initialization done!
2026-05-25 18:52:24 [INFO]: Car_3 initialization done!
2026-05-25 18:52:24 [INFO]: Done!
2026-05-25 18:52:24 [INFO]: ***Init RL Agent in Env***
2026-05-25 18:52:40 [INFO]: will reset agent by success
2026-05-25 18:52:40 [INFO]: ***Reset RL Agent in Env***
2026-05-25 18:52:41 [INFO]: Car_1 initialization done!
2026-05-25 18:52:41 [INFO]: Pedestrian_1 initialization done!
2026-05-25 18:52:41 [INFO]: Car_2 initialization done!
2026-05-25 18:52:42 [INFO]: Car_3 initialization done!
2026-05-25 18:52:42 [INFO]: Agent reset priority to 2/4
2026-05-25 18:52:42 [INFO]: Agent reset concepts to {'type': 'Car', 'priority': 2}
2026-05-25 18:52:42 [INFO]: Episode 9 success.
2026-05-25 18:52:42 [INFO]: Episode 9 achieved a score of 4.2700000000000085
2026-05-25 18:52:42 [INFO]: Episode 9 Success: 1
2026-05-25 18:52:42 [INFO]: Episode 9 Decision Step: {3: 0}
2026-05-25 18:52:42 [INFO]: Episode 9 Success Decision: {3: 0}
2026-05-25 18:52:42 [INFO]: Evaluating episode 10...
2026-05-25 18:52:42 [INFO]: Episode label: {'oracle_step': 98, 'stop_count': 39, 'has_stop': True, 'ego_crosses': True, 'ego_eta': 59, 'ego_direction': 'left', 'other_crosses': 3, 'close_other_count': 0, 'pedestrian_close': None, 'conflicting_approach': False, 'total_crosses': 4}
2026-05-25 18:52:42 [INFO]: Get map info from config/maps/square_2x2.yaml
2026-05-25 18:52:42 [INFO]: Get agent info from config/agents/easy_lite/val.yaml
2026-05-25 18:52:42 [INFO]: Get onology and rules info from config/rules/ontology_easy.yaml, config/rules/Nav/easy/expert.yaml
2026-05-25 18:52:42 [INFO]: Number of Entity Types: 1
Entity Types:
- Entity
2026-05-25 18:52:42 [INFO]: Number of Predicates: 13
Predicates:
- IsPedestrian: {'instance': "Function('IsPed', entity_sorts['Entity'], BoolSort())", 'arity': 1, 'method': 'IsPed(Entity)', 'function': 'logicity.utils.pred_converter.z3.IsPed'}
- IsCar: {'instance': "Function('IsCar', entity_sorts['Entity'], BoolSort())", 'arity': 1, 'method': 'IsCar(Entity)', 'function': 'logicity.utils.pred_converter.z3.IsCar'}
- IsAmbulance: {'instance': "Function('IsAmb', entity_sorts['Entity'], BoolSort())", 'arity': 1, 'method': 'IsAmb(Entity)', 'function': 'logicity.utils.pred_converter.z3.IsAmb'}
- IsOld: {'instance': "Function('IsOld', entity_sorts['Entity'], BoolSort())", 'arity': 1, 'method': 'IsOld(Entity)', 'function': 'logicity.utils.pred_converter.z3.IsOld'}
- IsTiro: {'instance': "Function('IsTiro', entity_sorts['Entity'], BoolSort())", 'arity': 1, 'method': 'IsTiro(Entity)', 'function': 'logicity.utils.pred_converter.z3.IsTiro'}
- IsAtInter: {'instance': "Function('IsAtInter', entity_sorts['Entity'], BoolSort())", 'arity': 1, 'method': 'IsAtInter(Entity)', 'function': 'logicity.utils.pred_converter.z3.IsAtInter'}
- IsInInter: {'instance': "Function('IsInInter', entity_sorts['Entity'], BoolSort())", 'arity': 1, 'method': 'IsInInter(Entity)', 'function': 'logicity.utils.pred_converter.z3.IsInInter'}
- HigherPri: {'instance': "Function('HigherPri', entity_sorts['Entity'], entity_sorts['Entity'], BoolSort())", 'arity': 2, 'method': 'HigherPri(Entity, Entity)', 'function': 'logicity.utils.pred_converter.z3.HigherPri'}
- CollidingClose: {'instance': "Function('CollidingClose', entity_sorts['Entity'], entity_sorts['Entity'], BoolSort())", 'arity': 2, 'method': 'CollidingClose(Entity, Entity)', 'function': 'logicity.utils.pred_converter.z3.CollidingClose'}
- Stop: {'instance': "Function('Stop', entity_sorts['Entity'], BoolSort())", 'arity': 1, 'method': 'Stop(Entity)', 'function': 'None'}
- Fast: {'instance': "Function('Fast', entity_sorts['Entity'], BoolSort())", 'arity': 1, 'method': 'Fast(Entity)', 'function': 'None'}
- Normal: {'instance': "Function('Normal', entity_sorts['Entity'], BoolSort())", 'arity': 1, 'method': 'Normal(Entity)', 'function': 'None'}
- Slow: {'instance': "Function('Slow', entity_sorts['Entity'], BoolSort())", 'arity': 1, 'method': 'Slow(Entity)', 'function': 'None'}
2026-05-25 18:52:42 [INFO]: *** Sim Rule ***: Stop -> 
 Stop(entity) == Exists(
  [dummyEntity], 
  Or(
    And(
      IsAtInter(entity), 
      IsInInter(dummyEntity), 
    ),
    And(
      IsAtInter(entity), 
      IsAtInter(dummyEntity), 
      HigherPri(dummyEntity, entity),
    ),
    CollidingClose(entity, dummyEntity)
  )
)

2026-05-25 18:52:42 [INFO]: *** Task Rule ***: Collision and Intersection -> 
 Implies(Exists(
  [dummyEntity], 
    Or(
      And(
        IsAtInter(entity), 
        IsInInter(dummyEntity), 
      ),
      And(
        IsAtInter(entity), 
        IsAtInter(dummyEntity), 
        HigherPri(dummyEntity, entity),
      ),
      CollidingClose(entity, dummyEntity)
    )
  ),
  Stop(entity)
)

2026-05-25 18:52:42 [INFO]: *** Expert Rule ***: Stop -> 
 Stop(entity) == Exists(
[dummyEntity], 
  Or(
    And(
      IsAtInter(entity), 
      IsInInter(dummyEntity), 
    ),
    And(
      IsAtInter(entity), 
      IsAtInter(dummyEntity), 
      HigherPri(dummyEntity, entity),
    ),
    CollidingClose(entity, dummyEntity)
  )
)

2026-05-25 18:52:42 [INFO]: *** Expert Rule ***: Slow -> 
 Not(Slow(entity))

2026-05-25 18:52:42 [INFO]: *** Expert Rule ***: Fast -> 
 Not(Fast(entity))

2026-05-25 18:52:42 [INFO]: *** Expert Rule ***: Normal -> 
 Normal(entity) == Not(Stop(entity))
2026-05-25 18:52:42 [INFO]: Rules created successfully
2026-05-25 18:52:42 [INFO]: Rules will be grounded later...
2026-05-25 18:52:42 [INFO]: Given Predicates {'IsPedestrian': {'instance': IsPed, 'arity': 1, 'method': 'IsPed(Entity)', 'function': 'logicity.utils.pred_converter.z3.IsPed'}, 'IsCar': {'instance': IsCar, 'arity': 1, 'method': 'IsCar(Entity)', 'function': 'logicity.utils.pred_converter.z3.IsCar'}, 'IsAmbulance': {'instance': IsAmb, 'arity': 1, 'method': 'IsAmb(Entity)', 'function': 'logicity.utils.pred_converter.z3.IsAmb'}, 'IsOld': {'instance': IsOld, 'arity': 1, 'method': 'IsOld(Entity)', 'function': 'logicity.utils.pred_converter.z3.IsOld'}, 'IsTiro': {'instance': IsTiro, 'arity': 1, 'method': 'IsTiro(Entity)', 'function': 'logicity.utils.pred_converter.z3.IsTiro'}, 'IsAtInter': {'instance': IsAtInter, 'arity': 1, 'method': 'IsAtInter(Entity)', 'function': 'logicity.utils.pred_converter.z3.IsAtInter'}, 'IsInInter': {'instance': IsInInter, 'arity': 1, 'method': 'IsInInter(Entity)', 'function': 'logicity.utils.pred_converter.z3.IsInInter'}, 'HigherPri': {'instance': HigherPri, 'arity': 2, 'method': 'HigherPri(Entity, Entity)', 'function': 'logicity.utils.pred_converter.z3.HigherPri'}, 'CollidingClose': {'instance': CollidingClose, 'arity': 2, 'method': 'CollidingClose(Entity, Entity)', 'function': 'logicity.utils.pred_converter.z3.CollidingClose'}, 'Stop': {'instance': Stop, 'arity': 1, 'method': 'Stop(Entity)', 'function': 'None'}, 'Fast': {'instance': Fast, 'arity': 1, 'method': 'Fast(Entity)', 'function': 'None'}, 'Normal': {'instance': Normal, 'arity': 1, 'method': 'Normal(Entity)', 'function': 'None'}, 'Slow': {'instance': Slow, 'arity': 1, 'method': 'Slow(Entity)', 'function': 'None'}}, the FOV entities {'Entity': 3}, The logic grounding shape is: 39
2026-05-25 18:52:42 [INFO]: Local planner constructed!
2026-05-25 18:52:42 [INFO]: Constructing 22 streets
2026-05-25 18:52:43 [INFO]: Constructing 16 buildings
2026-05-25 18:52:44 [INFO]: Adding 4 agents, they are constrained in 103 region
2026-05-25 18:52:45 [INFO]: Car_1 initialization done!
2026-05-25 18:52:45 [INFO]: Pedestrian_1 initialization done!
2026-05-25 18:52:45 [INFO]: Car_2 initialization done!
2026-05-25 18:52:46 [INFO]: Car_3 initialization done!
2026-05-25 18:52:46 [INFO]: Done!
2026-05-25 18:52:46 [INFO]: ***Init RL Agent in Env***
2026-05-25 18:53:06 [INFO]: will reset agent by success
2026-05-25 18:53:06 [INFO]: ***Reset RL Agent in Env***
2026-05-25 18:53:07 [INFO]: Car_1 initialization done!
2026-05-25 18:53:07 [INFO]: Pedestrian_1 initialization done!
2026-05-25 18:53:07 [INFO]: Car_2 initialization done!
2026-05-25 18:53:08 [INFO]: Car_3 initialization done!
2026-05-25 18:53:08 [INFO]: Agent reset priority to 3/4
2026-05-25 18:53:08 [INFO]: Agent reset concepts to {'type': 'Car', 'priority': 3}
2026-05-25 18:53:08 [INFO]: Episode 10 success.
2026-05-25 18:53:08 [INFO]: Episode 10 achieved a score of 5.690000000000012
2026-05-25 18:53:08 [INFO]: Episode 10 Success: 1
2026-05-25 18:53:08 [INFO]: Episode 10 Decision Step: {3: 1}
2026-05-25 18:53:08 [INFO]: Episode 10 Success Decision: {3: 1}
2026-05-25 18:53:08 [INFO]: Evaluating episode 11...
2026-05-25 18:53:08 [INFO]: Episode label: {'oracle_step': 69, 'stop_count': 0, 'has_stop': False, 'ego_crosses': True, 'ego_eta': 53, 'ego_direction': 'right', 'other_crosses': 3, 'close_other_count': 0, 'pedestrian_close': None, 'conflicting_approach': False, 'total_crosses': 4}
2026-05-25 18:53:08 [INFO]: Get map info from config/maps/square_2x2.yaml
2026-05-25 18:53:08 [INFO]: Get agent info from config/agents/easy_lite/val.yaml
2026-05-25 18:53:08 [INFO]: Get onology and rules info from config/rules/ontology_easy.yaml, config/rules/Nav/easy/expert.yaml
2026-05-25 18:53:08 [INFO]: Number of Entity Types: 1
Entity Types:
- Entity
2026-05-25 18:53:08 [INFO]: Number of Predicates: 13
Predicates:
- IsPedestrian: {'instance': "Function('IsPed', entity_sorts['Entity'], BoolSort())", 'arity': 1, 'method': 'IsPed(Entity)', 'function': 'logicity.utils.pred_converter.z3.IsPed'}
- IsCar: {'instance': "Function('IsCar', entity_sorts['Entity'], BoolSort())", 'arity': 1, 'method': 'IsCar(Entity)', 'function': 'logicity.utils.pred_converter.z3.IsCar'}
- IsAmbulance: {'instance': "Function('IsAmb', entity_sorts['Entity'], BoolSort())", 'arity': 1, 'method': 'IsAmb(Entity)', 'function': 'logicity.utils.pred_converter.z3.IsAmb'}
- IsOld: {'instance': "Function('IsOld', entity_sorts['Entity'], BoolSort())", 'arity': 1, 'method': 'IsOld(Entity)', 'function': 'logicity.utils.pred_converter.z3.IsOld'}
- IsTiro: {'instance': "Function('IsTiro', entity_sorts['Entity'], BoolSort())", 'arity': 1, 'method': 'IsTiro(Entity)', 'function': 'logicity.utils.pred_converter.z3.IsTiro'}
- IsAtInter: {'instance': "Function('IsAtInter', entity_sorts['Entity'], BoolSort())", 'arity': 1, 'method': 'IsAtInter(Entity)', 'function': 'logicity.utils.pred_converter.z3.IsAtInter'}
- IsInInter: {'instance': "Function('IsInInter', entity_sorts['Entity'], BoolSort())", 'arity': 1, 'method': 'IsInInter(Entity)', 'function': 'logicity.utils.pred_converter.z3.IsInInter'}
- HigherPri: {'instance': "Function('HigherPri', entity_sorts['Entity'], entity_sorts['Entity'], BoolSort())", 'arity': 2, 'method': 'HigherPri(Entity, Entity)', 'function': 'logicity.utils.pred_converter.z3.HigherPri'}
- CollidingClose: {'instance': "Function('CollidingClose', entity_sorts['Entity'], entity_sorts['Entity'], BoolSort())", 'arity': 2, 'method': 'CollidingClose(Entity, Entity)', 'function': 'logicity.utils.pred_converter.z3.CollidingClose'}
- Stop: {'instance': "Function('Stop', entity_sorts['Entity'], BoolSort())", 'arity': 1, 'method': 'Stop(Entity)', 'function': 'None'}
- Fast: {'instance': "Function('Fast', entity_sorts['Entity'], BoolSort())", 'arity': 1, 'method': 'Fast(Entity)', 'function': 'None'}
- Normal: {'instance': "Function('Normal', entity_sorts['Entity'], BoolSort())", 'arity': 1, 'method': 'Normal(Entity)', 'function': 'None'}
- Slow: {'instance': "Function('Slow', entity_sorts['Entity'], BoolSort())", 'arity': 1, 'method': 'Slow(Entity)', 'function': 'None'}
2026-05-25 18:53:08 [INFO]: *** Sim Rule ***: Stop -> 
 Stop(entity) == Exists(
  [dummyEntity], 
  Or(
    And(
      IsAtInter(entity), 
      IsInInter(dummyEntity), 
    ),
    And(
      IsAtInter(entity), 
      IsAtInter(dummyEntity), 
      HigherPri(dummyEntity, entity),
    ),
    CollidingClose(entity, dummyEntity)
  )
)

2026-05-25 18:53:08 [INFO]: *** Task Rule ***: Collision and Intersection -> 
 Implies(Exists(
  [dummyEntity], 
    Or(
      And(
        IsAtInter(entity), 
        IsInInter(dummyEntity), 
      ),
      And(
        IsAtInter(entity), 
        IsAtInter(dummyEntity), 
        HigherPri(dummyEntity, entity),
      ),
      CollidingClose(entity, dummyEntity)
    )
  ),
  Stop(entity)
)

2026-05-25 18:53:08 [INFO]: *** Expert Rule ***: Stop -> 
 Stop(entity) == Exists(
[dummyEntity], 
  Or(
    And(
      IsAtInter(entity), 
      IsInInter(dummyEntity), 
    ),
    And(
      IsAtInter(entity), 
      IsAtInter(dummyEntity), 
      HigherPri(dummyEntity, entity),
    ),
    CollidingClose(entity, dummyEntity)
  )
)

2026-05-25 18:53:08 [INFO]: *** Expert Rule ***: Slow -> 
 Not(Slow(entity))

2026-05-25 18:53:08 [INFO]: *** Expert Rule ***: Fast -> 
 Not(Fast(entity))

2026-05-25 18:53:08 [INFO]: *** Expert Rule ***: Normal -> 
 Normal(entity) == Not(Stop(entity))
2026-05-25 18:53:08 [INFO]: Rules created successfully
2026-05-25 18:53:08 [INFO]: Rules will be grounded later...
2026-05-25 18:53:08 [INFO]: Given Predicates {'IsPedestrian': {'instance': IsPed, 'arity': 1, 'method': 'IsPed(Entity)', 'function': 'logicity.utils.pred_converter.z3.IsPed'}, 'IsCar': {'instance': IsCar, 'arity': 1, 'method': 'IsCar(Entity)', 'function': 'logicity.utils.pred_converter.z3.IsCar'}, 'IsAmbulance': {'instance': IsAmb, 'arity': 1, 'method': 'IsAmb(Entity)', 'function': 'logicity.utils.pred_converter.z3.IsAmb'}, 'IsOld': {'instance': IsOld, 'arity': 1, 'method': 'IsOld(Entity)', 'function': 'logicity.utils.pred_converter.z3.IsOld'}, 'IsTiro': {'instance': IsTiro, 'arity': 1, 'method': 'IsTiro(Entity)', 'function': 'logicity.utils.pred_converter.z3.IsTiro'}, 'IsAtInter': {'instance': IsAtInter, 'arity': 1, 'method': 'IsAtInter(Entity)', 'function': 'logicity.utils.pred_converter.z3.IsAtInter'}, 'IsInInter': {'instance': IsInInter, 'arity': 1, 'method': 'IsInInter(Entity)', 'function': 'logicity.utils.pred_converter.z3.IsInInter'}, 'HigherPri': {'instance': HigherPri, 'arity': 2, 'method': 'HigherPri(Entity, Entity)', 'function': 'logicity.utils.pred_converter.z3.HigherPri'}, 'CollidingClose': {'instance': CollidingClose, 'arity': 2, 'method': 'CollidingClose(Entity, Entity)', 'function': 'logicity.utils.pred_converter.z3.CollidingClose'}, 'Stop': {'instance': Stop, 'arity': 1, 'method': 'Stop(Entity)', 'function': 'None'}, 'Fast': {'instance': Fast, 'arity': 1, 'method': 'Fast(Entity)', 'function': 'None'}, 'Normal': {'instance': Normal, 'arity': 1, 'method': 'Normal(Entity)', 'function': 'None'}, 'Slow': {'instance': Slow, 'arity': 1, 'method': 'Slow(Entity)', 'function': 'None'}}, the FOV entities {'Entity': 3}, The logic grounding shape is: 39
2026-05-25 18:53:08 [INFO]: Local planner constructed!
2026-05-25 18:53:08 [INFO]: Constructing 22 streets
2026-05-25 18:53:09 [INFO]: Constructing 16 buildings
2026-05-25 18:53:10 [INFO]: Adding 4 agents, they are constrained in 103 region
2026-05-25 18:53:10 [INFO]: Car_1 initialization done!
2026-05-25 18:53:10 [INFO]: Pedestrian_1 initialization done!
2026-05-25 18:53:11 [INFO]: Car_2 initialization done!
2026-05-25 18:53:11 [INFO]: Car_3 initialization done!
2026-05-25 18:53:11 [INFO]: Done!
2026-05-25 18:53:11 [INFO]: ***Init RL Agent in Env***
2026-05-25 18:53:23 [INFO]: will reset agent by success
2026-05-25 18:53:23 [INFO]: ***Reset RL Agent in Env***
2026-05-25 18:53:24 [INFO]: Car_1 initialization done!
2026-05-25 18:53:24 [INFO]: Pedestrian_1 initialization done!
2026-05-25 18:53:24 [INFO]: Car_2 initialization done!
2026-05-25 18:53:25 [INFO]: Car_3 initialization done!
2026-05-25 18:53:25 [INFO]: Agent reset priority to 2/4
2026-05-25 18:53:25 [INFO]: Agent reset concepts to {'type': 'Car', 'priority': 2}
2026-05-25 18:53:25 [INFO]: Episode 11 success.
2026-05-25 18:53:25 [INFO]: Episode 11 achieved a score of 7.059999999999999
2026-05-25 18:53:25 [INFO]: Episode 11 Success: 1
2026-05-25 18:53:25 [INFO]: Episode 11 Decision Step: {3: 0}
2026-05-25 18:53:25 [INFO]: Episode 11 Success Decision: {3: 0}
2026-05-25 18:53:25 [INFO]: Evaluating episode 12...
2026-05-25 18:53:25 [INFO]: Episode label: {'oracle_step': 46, 'stop_count': 0, 'has_stop': False, 'ego_crosses': True, 'ego_eta': 10, 'ego_direction': 'left', 'other_crosses': 3, 'close_other_count': 0, 'pedestrian_close': None, 'conflicting_approach': False, 'total_crosses': 4}
2026-05-25 18:53:25 [INFO]: Get map info from config/maps/square_2x2.yaml
2026-05-25 18:53:25 [INFO]: Get agent info from config/agents/easy_lite/val.yaml
2026-05-25 18:53:25 [INFO]: Get onology and rules info from config/rules/ontology_easy.yaml, config/rules/Nav/easy/expert.yaml
2026-05-25 18:53:25 [INFO]: Number of Entity Types: 1
Entity Types:
- Entity
2026-05-25 18:53:25 [INFO]: Number of Predicates: 13
Predicates:
- IsPedestrian: {'instance': "Function('IsPed', entity_sorts['Entity'], BoolSort())", 'arity': 1, 'method': 'IsPed(Entity)', 'function': 'logicity.utils.pred_converter.z3.IsPed'}
- IsCar: {'instance': "Function('IsCar', entity_sorts['Entity'], BoolSort())", 'arity': 1, 'method': 'IsCar(Entity)', 'function': 'logicity.utils.pred_converter.z3.IsCar'}
- IsAmbulance: {'instance': "Function('IsAmb', entity_sorts['Entity'], BoolSort())", 'arity': 1, 'method': 'IsAmb(Entity)', 'function': 'logicity.utils.pred_converter.z3.IsAmb'}
- IsOld: {'instance': "Function('IsOld', entity_sorts['Entity'], BoolSort())", 'arity': 1, 'method': 'IsOld(Entity)', 'function': 'logicity.utils.pred_converter.z3.IsOld'}
- IsTiro: {'instance': "Function('IsTiro', entity_sorts['Entity'], BoolSort())", 'arity': 1, 'method': 'IsTiro(Entity)', 'function': 'logicity.utils.pred_converter.z3.IsTiro'}
- IsAtInter: {'instance': "Function('IsAtInter', entity_sorts['Entity'], BoolSort())", 'arity': 1, 'method': 'IsAtInter(Entity)', 'function': 'logicity.utils.pred_converter.z3.IsAtInter'}
- IsInInter: {'instance': "Function('IsInInter', entity_sorts['Entity'], BoolSort())", 'arity': 1, 'method': 'IsInInter(Entity)', 'function': 'logicity.utils.pred_converter.z3.IsInInter'}
- HigherPri: {'instance': "Function('HigherPri', entity_sorts['Entity'], entity_sorts['Entity'], BoolSort())", 'arity': 2, 'method': 'HigherPri(Entity, Entity)', 'function': 'logicity.utils.pred_converter.z3.HigherPri'}
- CollidingClose: {'instance': "Function('CollidingClose', entity_sorts['Entity'], entity_sorts['Entity'], BoolSort())", 'arity': 2, 'method': 'CollidingClose(Entity, Entity)', 'function': 'logicity.utils.pred_converter.z3.CollidingClose'}
- Stop: {'instance': "Function('Stop', entity_sorts['Entity'], BoolSort())", 'arity': 1, 'method': 'Stop(Entity)', 'function': 'None'}
- Fast: {'instance': "Function('Fast', entity_sorts['Entity'], BoolSort())", 'arity': 1, 'method': 'Fast(Entity)', 'function': 'None'}
- Normal: {'instance': "Function('Normal', entity_sorts['Entity'], BoolSort())", 'arity': 1, 'method': 'Normal(Entity)', 'function': 'None'}
- Slow: {'instance': "Function('Slow', entity_sorts['Entity'], BoolSort())", 'arity': 1, 'method': 'Slow(Entity)', 'function': 'None'}
2026-05-25 18:53:25 [INFO]: *** Sim Rule ***: Stop -> 
 Stop(entity) == Exists(
  [dummyEntity], 
  Or(
    And(
      IsAtInter(entity), 
      IsInInter(dummyEntity), 
    ),
    And(
      IsAtInter(entity), 
      IsAtInter(dummyEntity), 
      HigherPri(dummyEntity, entity),
    ),
    CollidingClose(entity, dummyEntity)
  )
)

2026-05-25 18:53:25 [INFO]: *** Task Rule ***: Collision and Intersection -> 
 Implies(Exists(
  [dummyEntity], 
    Or(
      And(
        IsAtInter(entity), 
        IsInInter(dummyEntity), 
      ),
      And(
        IsAtInter(entity), 
        IsAtInter(dummyEntity), 
        HigherPri(dummyEntity, entity),
      ),
      CollidingClose(entity, dummyEntity)
    )
  ),
  Stop(entity)
)

2026-05-25 18:53:25 [INFO]: *** Expert Rule ***: Stop -> 
 Stop(entity) == Exists(
[dummyEntity], 
  Or(
    And(
      IsAtInter(entity), 
      IsInInter(dummyEntity), 
    ),
    And(
      IsAtInter(entity), 
      IsAtInter(dummyEntity), 
      HigherPri(dummyEntity, entity),
    ),
    CollidingClose(entity, dummyEntity)
  )
)

2026-05-25 18:53:25 [INFO]: *** Expert Rule ***: Slow -> 
 Not(Slow(entity))

2026-05-25 18:53:25 [INFO]: *** Expert Rule ***: Fast -> 
 Not(Fast(entity))

2026-05-25 18:53:25 [INFO]: *** Expert Rule ***: Normal -> 
 Normal(entity) == Not(Stop(entity))
2026-05-25 18:53:25 [INFO]: Rules created successfully
2026-05-25 18:53:25 [INFO]: Rules will be grounded later...
2026-05-25 18:53:25 [INFO]: Given Predicates {'IsPedestrian': {'instance': IsPed, 'arity': 1, 'method': 'IsPed(Entity)', 'function': 'logicity.utils.pred_converter.z3.IsPed'}, 'IsCar': {'instance': IsCar, 'arity': 1, 'method': 'IsCar(Entity)', 'function': 'logicity.utils.pred_converter.z3.IsCar'}, 'IsAmbulance': {'instance': IsAmb, 'arity': 1, 'method': 'IsAmb(Entity)', 'function': 'logicity.utils.pred_converter.z3.IsAmb'}, 'IsOld': {'instance': IsOld, 'arity': 1, 'method': 'IsOld(Entity)', 'function': 'logicity.utils.pred_converter.z3.IsOld'}, 'IsTiro': {'instance': IsTiro, 'arity': 1, 'method': 'IsTiro(Entity)', 'function': 'logicity.utils.pred_converter.z3.IsTiro'}, 'IsAtInter': {'instance': IsAtInter, 'arity': 1, 'method': 'IsAtInter(Entity)', 'function': 'logicity.utils.pred_converter.z3.IsAtInter'}, 'IsInInter': {'instance': IsInInter, 'arity': 1, 'method': 'IsInInter(Entity)', 'function': 'logicity.utils.pred_converter.z3.IsInInter'}, 'HigherPri': {'instance': HigherPri, 'arity': 2, 'method': 'HigherPri(Entity, Entity)', 'function': 'logicity.utils.pred_converter.z3.HigherPri'}, 'CollidingClose': {'instance': CollidingClose, 'arity': 2, 'method': 'CollidingClose(Entity, Entity)', 'function': 'logicity.utils.pred_converter.z3.CollidingClose'}, 'Stop': {'instance': Stop, 'arity': 1, 'method': 'Stop(Entity)', 'function': 'None'}, 'Fast': {'instance': Fast, 'arity': 1, 'method': 'Fast(Entity)', 'function': 'None'}, 'Normal': {'instance': Normal, 'arity': 1, 'method': 'Normal(Entity)', 'function': 'None'}, 'Slow': {'instance': Slow, 'arity': 1, 'method': 'Slow(Entity)', 'function': 'None'}}, the FOV entities {'Entity': 3}, The logic grounding shape is: 39
2026-05-25 18:53:25 [INFO]: Local planner constructed!
2026-05-25 18:53:25 [INFO]: Constructing 22 streets
2026-05-25 18:53:26 [INFO]: Constructing 16 buildings
2026-05-25 18:53:26 [INFO]: Adding 4 agents, they are constrained in 103 region
2026-05-25 18:53:27 [INFO]: Car_1 initialization done!
2026-05-25 18:53:27 [INFO]: Pedestrian_1 initialization done!
2026-05-25 18:53:27 [INFO]: Car_2 initialization done!
2026-05-25 18:53:28 [INFO]: Car_3 initialization done!
2026-05-25 18:53:28 [INFO]: Done!
2026-05-25 18:53:28 [INFO]: ***Init RL Agent in Env***
2026-05-25 18:53:40 [INFO]: will reset agent by success
2026-05-25 18:53:40 [INFO]: ***Reset RL Agent in Env***
2026-05-25 18:53:41 [INFO]: Car_1 initialization done!
2026-05-25 18:53:41 [INFO]: Pedestrian_1 initialization done!
2026-05-25 18:53:41 [INFO]: Car_2 initialization done!
2026-05-25 18:53:42 [INFO]: Car_3 initialization done!
2026-05-25 18:53:42 [INFO]: Agent reset priority to 3/4
2026-05-25 18:53:42 [INFO]: Agent reset concepts to {'type': 'Car', 'priority': 3}
2026-05-25 18:53:42 [INFO]: Episode 12 success.
2026-05-25 18:53:42 [INFO]: Episode 12 achieved a score of 4.720000000000009
2026-05-25 18:53:42 [INFO]: Episode 12 Success: 1
2026-05-25 18:53:42 [INFO]: Episode 12 Decision Step: {3: 0}
2026-05-25 18:53:42 [INFO]: Episode 12 Success Decision: {3: 0}
2026-05-25 18:53:42 [INFO]: Evaluating episode 13...
2026-05-25 18:53:42 [INFO]: Episode label: {'oracle_step': 70, 'stop_count': 10, 'has_stop': True, 'ego_crosses': True, 'ego_eta': 49, 'ego_direction': 'down', 'other_crosses': 3, 'close_other_count': 0, 'pedestrian_close': None, 'conflicting_approach': False, 'total_crosses': 4}
2026-05-25 18:53:42 [INFO]: Get map info from config/maps/square_2x2.yaml
2026-05-25 18:53:42 [INFO]: Get agent info from config/agents/easy_lite/val.yaml
2026-05-25 18:53:42 [INFO]: Get onology and rules info from config/rules/ontology_easy.yaml, config/rules/Nav/easy/expert.yaml
2026-05-25 18:53:42 [INFO]: Number of Entity Types: 1
Entity Types:
- Entity
2026-05-25 18:53:42 [INFO]: Number of Predicates: 13
Predicates:
- IsPedestrian: {'instance': "Function('IsPed', entity_sorts['Entity'], BoolSort())", 'arity': 1, 'method': 'IsPed(Entity)', 'function': 'logicity.utils.pred_converter.z3.IsPed'}
- IsCar: {'instance': "Function('IsCar', entity_sorts['Entity'], BoolSort())", 'arity': 1, 'method': 'IsCar(Entity)', 'function': 'logicity.utils.pred_converter.z3.IsCar'}
- IsAmbulance: {'instance': "Function('IsAmb', entity_sorts['Entity'], BoolSort())", 'arity': 1, 'method': 'IsAmb(Entity)', 'function': 'logicity.utils.pred_converter.z3.IsAmb'}
- IsOld: {'instance': "Function('IsOld', entity_sorts['Entity'], BoolSort())", 'arity': 1, 'method': 'IsOld(Entity)', 'function': 'logicity.utils.pred_converter.z3.IsOld'}
- IsTiro: {'instance': "Function('IsTiro', entity_sorts['Entity'], BoolSort())", 'arity': 1, 'method': 'IsTiro(Entity)', 'function': 'logicity.utils.pred_converter.z3.IsTiro'}
- IsAtInter: {'instance': "Function('IsAtInter', entity_sorts['Entity'], BoolSort())", 'arity': 1, 'method': 'IsAtInter(Entity)', 'function': 'logicity.utils.pred_converter.z3.IsAtInter'}
- IsInInter: {'instance': "Function('IsInInter', entity_sorts['Entity'], BoolSort())", 'arity': 1, 'method': 'IsInInter(Entity)', 'function': 'logicity.utils.pred_converter.z3.IsInInter'}
- HigherPri: {'instance': "Function('HigherPri', entity_sorts['Entity'], entity_sorts['Entity'], BoolSort())", 'arity': 2, 'method': 'HigherPri(Entity, Entity)', 'function': 'logicity.utils.pred_converter.z3.HigherPri'}
- CollidingClose: {'instance': "Function('CollidingClose', entity_sorts['Entity'], entity_sorts['Entity'], BoolSort())", 'arity': 2, 'method': 'CollidingClose(Entity, Entity)', 'function': 'logicity.utils.pred_converter.z3.CollidingClose'}
- Stop: {'instance': "Function('Stop', entity_sorts['Entity'], BoolSort())", 'arity': 1, 'method': 'Stop(Entity)', 'function': 'None'}
- Fast: {'instance': "Function('Fast', entity_sorts['Entity'], BoolSort())", 'arity': 1, 'method': 'Fast(Entity)', 'function': 'None'}
- Normal: {'instance': "Function('Normal', entity_sorts['Entity'], BoolSort())", 'arity': 1, 'method': 'Normal(Entity)', 'function': 'None'}
- Slow: {'instance': "Function('Slow', entity_sorts['Entity'], BoolSort())", 'arity': 1, 'method': 'Slow(Entity)', 'function': 'None'}
2026-05-25 18:53:42 [INFO]: *** Sim Rule ***: Stop -> 
 Stop(entity) == Exists(
  [dummyEntity], 
  Or(
    And(
      IsAtInter(entity), 
      IsInInter(dummyEntity), 
    ),
    And(
      IsAtInter(entity), 
      IsAtInter(dummyEntity), 
      HigherPri(dummyEntity, entity),
    ),
    CollidingClose(entity, dummyEntity)
  )
)

2026-05-25 18:53:42 [INFO]: *** Task Rule ***: Collision and Intersection -> 
 Implies(Exists(
  [dummyEntity], 
    Or(
      And(
        IsAtInter(entity), 
        IsInInter(dummyEntity), 
      ),
      And(
        IsAtInter(entity), 
        IsAtInter(dummyEntity), 
        HigherPri(dummyEntity, entity),
      ),
      CollidingClose(entity, dummyEntity)
    )
  ),
  Stop(entity)
)

2026-05-25 18:53:42 [INFO]: *** Expert Rule ***: Stop -> 
 Stop(entity) == Exists(
[dummyEntity], 
  Or(
    And(
      IsAtInter(entity), 
      IsInInter(dummyEntity), 
    ),
    And(
      IsAtInter(entity), 
      IsAtInter(dummyEntity), 
      HigherPri(dummyEntity, entity),
    ),
    CollidingClose(entity, dummyEntity)
  )
)

2026-05-25 18:53:42 [INFO]: *** Expert Rule ***: Slow -> 
 Not(Slow(entity))

2026-05-25 18:53:42 [INFO]: *** Expert Rule ***: Fast -> 
 Not(Fast(entity))

2026-05-25 18:53:42 [INFO]: *** Expert Rule ***: Normal -> 
 Normal(entity) == Not(Stop(entity))
2026-05-25 18:53:42 [INFO]: Rules created successfully
2026-05-25 18:53:42 [INFO]: Rules will be grounded later...
2026-05-25 18:53:42 [INFO]: Given Predicates {'IsPedestrian': {'instance': IsPed, 'arity': 1, 'method': 'IsPed(Entity)', 'function': 'logicity.utils.pred_converter.z3.IsPed'}, 'IsCar': {'instance': IsCar, 'arity': 1, 'method': 'IsCar(Entity)', 'function': 'logicity.utils.pred_converter.z3.IsCar'}, 'IsAmbulance': {'instance': IsAmb, 'arity': 1, 'method': 'IsAmb(Entity)', 'function': 'logicity.utils.pred_converter.z3.IsAmb'}, 'IsOld': {'instance': IsOld, 'arity': 1, 'method': 'IsOld(Entity)', 'function': 'logicity.utils.pred_converter.z3.IsOld'}, 'IsTiro': {'instance': IsTiro, 'arity': 1, 'method': 'IsTiro(Entity)', 'function': 'logicity.utils.pred_converter.z3.IsTiro'}, 'IsAtInter': {'instance': IsAtInter, 'arity': 1, 'method': 'IsAtInter(Entity)', 'function': 'logicity.utils.pred_converter.z3.IsAtInter'}, 'IsInInter': {'instance': IsInInter, 'arity': 1, 'method': 'IsInInter(Entity)', 'function': 'logicity.utils.pred_converter.z3.IsInInter'}, 'HigherPri': {'instance': HigherPri, 'arity': 2, 'method': 'HigherPri(Entity, Entity)', 'function': 'logicity.utils.pred_converter.z3.HigherPri'}, 'CollidingClose': {'instance': CollidingClose, 'arity': 2, 'method': 'CollidingClose(Entity, Entity)', 'function': 'logicity.utils.pred_converter.z3.CollidingClose'}, 'Stop': {'instance': Stop, 'arity': 1, 'method': 'Stop(Entity)', 'function': 'None'}, 'Fast': {'instance': Fast, 'arity': 1, 'method': 'Fast(Entity)', 'function': 'None'}, 'Normal': {'instance': Normal, 'arity': 1, 'method': 'Normal(Entity)', 'function': 'None'}, 'Slow': {'instance': Slow, 'arity': 1, 'method': 'Slow(Entity)', 'function': 'None'}}, the FOV entities {'Entity': 3}, The logic grounding shape is: 39
2026-05-25 18:53:42 [INFO]: Local planner constructed!
2026-05-25 18:53:42 [INFO]: Constructing 22 streets
2026-05-25 18:53:43 [INFO]: Constructing 16 buildings
2026-05-25 18:53:43 [INFO]: Adding 4 agents, they are constrained in 103 region
2026-05-25 18:53:44 [INFO]: Car_1 initialization done!
2026-05-25 18:53:44 [INFO]: Pedestrian_1 initialization done!
2026-05-25 18:53:45 [INFO]: Car_2 initialization done!
2026-05-25 18:53:45 [INFO]: Car_3 initialization done!
2026-05-25 18:53:45 [INFO]: Done!
2026-05-25 18:53:45 [INFO]: ***Init RL Agent in Env***
2026-05-25 18:53:55 [INFO]: Reset agent by failing
2026-05-25 18:53:55 [INFO]: ***Reset RL Agent in Env***
2026-05-25 18:53:56 [INFO]: Car_1 initialization done!
2026-05-25 18:53:56 [INFO]: Pedestrian_1 initialization done!
2026-05-25 18:53:56 [INFO]: Car_2 initialization done!
2026-05-25 18:53:57 [INFO]: Car_3 initialization done!
2026-05-25 18:53:57 [INFO]: Agent reset priority to 1/4
2026-05-25 18:53:57 [INFO]: Agent reset concepts to {'type': 'Car', 'priority': 1}
2026-05-25 18:53:57 [INFO]: Episode 13 failed.
2026-05-25 18:53:57 [INFO]: Episode 13 achieved a score of -7.02
2026-05-25 18:53:57 [INFO]: Episode 13 Success: 0
2026-05-25 18:53:57 [INFO]: Episode 13 Decision Step: {3: 1}
2026-05-25 18:53:57 [INFO]: Episode 13 Success Decision: {3: 0}
2026-05-25 18:53:57 [INFO]: Evaluating episode 14...
2026-05-25 18:53:57 [INFO]: Episode label: {'oracle_step': 57, 'stop_count': 7, 'has_stop': True, 'ego_crosses': True, 'ego_eta': 27, 'ego_direction': 'down', 'other_crosses': 3, 'close_other_count': 0, 'pedestrian_close': None, 'conflicting_approach': False, 'total_crosses': 4}
2026-05-25 18:53:57 [INFO]: Get map info from config/maps/square_2x2.yaml
2026-05-25 18:53:57 [INFO]: Get agent info from config/agents/easy_lite/val.yaml
2026-05-25 18:53:57 [INFO]: Get onology and rules info from config/rules/ontology_easy.yaml, config/rules/Nav/easy/expert.yaml
2026-05-25 18:53:57 [INFO]: Number of Entity Types: 1
Entity Types:
- Entity
2026-05-25 18:53:57 [INFO]: Number of Predicates: 13
Predicates:
- IsPedestrian: {'instance': "Function('IsPed', entity_sorts['Entity'], BoolSort())", 'arity': 1, 'method': 'IsPed(Entity)', 'function': 'logicity.utils.pred_converter.z3.IsPed'}
- IsCar: {'instance': "Function('IsCar', entity_sorts['Entity'], BoolSort())", 'arity': 1, 'method': 'IsCar(Entity)', 'function': 'logicity.utils.pred_converter.z3.IsCar'}
- IsAmbulance: {'instance': "Function('IsAmb', entity_sorts['Entity'], BoolSort())", 'arity': 1, 'method': 'IsAmb(Entity)', 'function': 'logicity.utils.pred_converter.z3.IsAmb'}
- IsOld: {'instance': "Function('IsOld', entity_sorts['Entity'], BoolSort())", 'arity': 1, 'method': 'IsOld(Entity)', 'function': 'logicity.utils.pred_converter.z3.IsOld'}
- IsTiro: {'instance': "Function('IsTiro', entity_sorts['Entity'], BoolSort())", 'arity': 1, 'method': 'IsTiro(Entity)', 'function': 'logicity.utils.pred_converter.z3.IsTiro'}
- IsAtInter: {'instance': "Function('IsAtInter', entity_sorts['Entity'], BoolSort())", 'arity': 1, 'method': 'IsAtInter(Entity)', 'function': 'logicity.utils.pred_converter.z3.IsAtInter'}
- IsInInter: {'instance': "Function('IsInInter', entity_sorts['Entity'], BoolSort())", 'arity': 1, 'method': 'IsInInter(Entity)', 'function': 'logicity.utils.pred_converter.z3.IsInInter'}
- HigherPri: {'instance': "Function('HigherPri', entity_sorts['Entity'], entity_sorts['Entity'], BoolSort())", 'arity': 2, 'method': 'HigherPri(Entity, Entity)', 'function': 'logicity.utils.pred_converter.z3.HigherPri'}
- CollidingClose: {'instance': "Function('CollidingClose', entity_sorts['Entity'], entity_sorts['Entity'], BoolSort())", 'arity': 2, 'method': 'CollidingClose(Entity, Entity)', 'function': 'logicity.utils.pred_converter.z3.CollidingClose'}
- Stop: {'instance': "Function('Stop', entity_sorts['Entity'], BoolSort())", 'arity': 1, 'method': 'Stop(Entity)', 'function': 'None'}
- Fast: {'instance': "Function('Fast', entity_sorts['Entity'], BoolSort())", 'arity': 1, 'method': 'Fast(Entity)', 'function': 'None'}
- Normal: {'instance': "Function('Normal', entity_sorts['Entity'], BoolSort())", 'arity': 1, 'method': 'Normal(Entity)', 'function': 'None'}
- Slow: {'instance': "Function('Slow', entity_sorts['Entity'], BoolSort())", 'arity': 1, 'method': 'Slow(Entity)', 'function': 'None'}
2026-05-25 18:53:57 [INFO]: *** Sim Rule ***: Stop -> 
 Stop(entity) == Exists(
  [dummyEntity], 
  Or(
    And(
      IsAtInter(entity), 
      IsInInter(dummyEntity), 
    ),
    And(
      IsAtInter(entity), 
      IsAtInter(dummyEntity), 
      HigherPri(dummyEntity, entity),
    ),
    CollidingClose(entity, dummyEntity)
  )
)

2026-05-25 18:53:57 [INFO]: *** Task Rule ***: Collision and Intersection -> 
 Implies(Exists(
  [dummyEntity], 
    Or(
      And(
        IsAtInter(entity), 
        IsInInter(dummyEntity), 
      ),
      And(
        IsAtInter(entity), 
        IsAtInter(dummyEntity), 
        HigherPri(dummyEntity, entity),
      ),
      CollidingClose(entity, dummyEntity)
    )
  ),
  Stop(entity)
)

2026-05-25 18:53:57 [INFO]: *** Expert Rule ***: Stop -> 
 Stop(entity) == Exists(
[dummyEntity], 
  Or(
    And(
      IsAtInter(entity), 
      IsInInter(dummyEntity), 
    ),
    And(
      IsAtInter(entity), 
      IsAtInter(dummyEntity), 
      HigherPri(dummyEntity, entity),
    ),
    CollidingClose(entity, dummyEntity)
  )
)

2026-05-25 18:53:57 [INFO]: *** Expert Rule ***: Slow -> 
 Not(Slow(entity))

2026-05-25 18:53:57 [INFO]: *** Expert Rule ***: Fast -> 
 Not(Fast(entity))

2026-05-25 18:53:57 [INFO]: *** Expert Rule ***: Normal -> 
 Normal(entity) == Not(Stop(entity))
2026-05-25 18:53:57 [INFO]: Rules created successfully
2026-05-25 18:53:57 [INFO]: Rules will be grounded later...
2026-05-25 18:53:57 [INFO]: Given Predicates {'IsPedestrian': {'instance': IsPed, 'arity': 1, 'method': 'IsPed(Entity)', 'function': 'logicity.utils.pred_converter.z3.IsPed'}, 'IsCar': {'instance': IsCar, 'arity': 1, 'method': 'IsCar(Entity)', 'function': 'logicity.utils.pred_converter.z3.IsCar'}, 'IsAmbulance': {'instance': IsAmb, 'arity': 1, 'method': 'IsAmb(Entity)', 'function': 'logicity.utils.pred_converter.z3.IsAmb'}, 'IsOld': {'instance': IsOld, 'arity': 1, 'method': 'IsOld(Entity)', 'function': 'logicity.utils.pred_converter.z3.IsOld'}, 'IsTiro': {'instance': IsTiro, 'arity': 1, 'method': 'IsTiro(Entity)', 'function': 'logicity.utils.pred_converter.z3.IsTiro'}, 'IsAtInter': {'instance': IsAtInter, 'arity': 1, 'method': 'IsAtInter(Entity)', 'function': 'logicity.utils.pred_converter.z3.IsAtInter'}, 'IsInInter': {'instance': IsInInter, 'arity': 1, 'method': 'IsInInter(Entity)', 'function': 'logicity.utils.pred_converter.z3.IsInInter'}, 'HigherPri': {'instance': HigherPri, 'arity': 2, 'method': 'HigherPri(Entity, Entity)', 'function': 'logicity.utils.pred_converter.z3.HigherPri'}, 'CollidingClose': {'instance': CollidingClose, 'arity': 2, 'method': 'CollidingClose(Entity, Entity)', 'function': 'logicity.utils.pred_converter.z3.CollidingClose'}, 'Stop': {'instance': Stop, 'arity': 1, 'method': 'Stop(Entity)', 'function': 'None'}, 'Fast': {'instance': Fast, 'arity': 1, 'method': 'Fast(Entity)', 'function': 'None'}, 'Normal': {'instance': Normal, 'arity': 1, 'method': 'Normal(Entity)', 'function': 'None'}, 'Slow': {'instance': Slow, 'arity': 1, 'method': 'Slow(Entity)', 'function': 'None'}}, the FOV entities {'Entity': 3}, The logic grounding shape is: 39
2026-05-25 18:53:57 [INFO]: Local planner constructed!
2026-05-25 18:53:57 [INFO]: Constructing 22 streets
2026-05-25 18:53:57 [INFO]: Constructing 16 buildings
2026-05-25 18:53:58 [INFO]: Adding 4 agents, they are constrained in 103 region
2026-05-25 18:53:59 [INFO]: Car_1 initialization done!
2026-05-25 18:53:59 [INFO]: Pedestrian_1 initialization done!
2026-05-25 18:53:59 [INFO]: Car_2 initialization done!
2026-05-25 18:54:00 [INFO]: Car_3 initialization done!
2026-05-25 18:54:00 [INFO]: Done!
2026-05-25 18:54:00 [INFO]: ***Init RL Agent in Env***
2026-05-25 18:54:18 [INFO]: will reset agent by success
2026-05-25 18:54:18 [INFO]: ***Reset RL Agent in Env***
2026-05-25 18:54:19 [INFO]: Car_1 initialization done!
2026-05-25 18:54:19 [INFO]: Pedestrian_1 initialization done!
2026-05-25 18:54:20 [INFO]: Car_2 initialization done!
2026-05-25 18:54:21 [INFO]: Car_3 initialization done!
2026-05-25 18:54:21 [INFO]: Agent reset priority to 3/4
2026-05-25 18:54:21 [INFO]: Agent reset concepts to {'type': 'Car', 'priority': 3}
2026-05-25 18:54:21 [INFO]: Episode 14 success.
2026-05-25 18:54:21 [INFO]: Episode 14 achieved a score of 4.920000000000008
2026-05-25 18:54:21 [INFO]: Episode 14 Success: 1
2026-05-25 18:54:21 [INFO]: Episode 14 Decision Step: {3: 1}
2026-05-25 18:54:21 [INFO]: Episode 14 Success Decision: {3: 1}
2026-05-25 18:54:21 [INFO]: Evaluating episode 15...
2026-05-25 18:54:21 [INFO]: Episode label: {'oracle_step': 77, 'stop_count': 6, 'has_stop': True, 'ego_crosses': True, 'ego_eta': 14, 'ego_direction': 'down', 'other_crosses': 3, 'close_other_count': 0, 'pedestrian_close': None, 'conflicting_approach': False, 'total_crosses': 4}
2026-05-25 18:54:21 [INFO]: Get map info from config/maps/square_2x2.yaml
2026-05-25 18:54:21 [INFO]: Get agent info from config/agents/easy_lite/val.yaml
2026-05-25 18:54:21 [INFO]: Get onology and rules info from config/rules/ontology_easy.yaml, config/rules/Nav/easy/expert.yaml
2026-05-25 18:54:21 [INFO]: Number of Entity Types: 1
Entity Types:
- Entity
2026-05-25 18:54:21 [INFO]: Number of Predicates: 13
Predicates:
- IsPedestrian: {'instance': "Function('IsPed', entity_sorts['Entity'], BoolSort())", 'arity': 1, 'method': 'IsPed(Entity)', 'function': 'logicity.utils.pred_converter.z3.IsPed'}
- IsCar: {'instance': "Function('IsCar', entity_sorts['Entity'], BoolSort())", 'arity': 1, 'method': 'IsCar(Entity)', 'function': 'logicity.utils.pred_converter.z3.IsCar'}
- IsAmbulance: {'instance': "Function('IsAmb', entity_sorts['Entity'], BoolSort())", 'arity': 1, 'method': 'IsAmb(Entity)', 'function': 'logicity.utils.pred_converter.z3.IsAmb'}
- IsOld: {'instance': "Function('IsOld', entity_sorts['Entity'], BoolSort())", 'arity': 1, 'method': 'IsOld(Entity)', 'function': 'logicity.utils.pred_converter.z3.IsOld'}
- IsTiro: {'instance': "Function('IsTiro', entity_sorts['Entity'], BoolSort())", 'arity': 1, 'method': 'IsTiro(Entity)', 'function': 'logicity.utils.pred_converter.z3.IsTiro'}
- IsAtInter: {'instance': "Function('IsAtInter', entity_sorts['Entity'], BoolSort())", 'arity': 1, 'method': 'IsAtInter(Entity)', 'function': 'logicity.utils.pred_converter.z3.IsAtInter'}
- IsInInter: {'instance': "Function('IsInInter', entity_sorts['Entity'], BoolSort())", 'arity': 1, 'method': 'IsInInter(Entity)', 'function': 'logicity.utils.pred_converter.z3.IsInInter'}
- HigherPri: {'instance': "Function('HigherPri', entity_sorts['Entity'], entity_sorts['Entity'], BoolSort())", 'arity': 2, 'method': 'HigherPri(Entity, Entity)', 'function': 'logicity.utils.pred_converter.z3.HigherPri'}
- CollidingClose: {'instance': "Function('CollidingClose', entity_sorts['Entity'], entity_sorts['Entity'], BoolSort())", 'arity': 2, 'method': 'CollidingClose(Entity, Entity)', 'function': 'logicity.utils.pred_converter.z3.CollidingClose'}
- Stop: {'instance': "Function('Stop', entity_sorts['Entity'], BoolSort())", 'arity': 1, 'method': 'Stop(Entity)', 'function': 'None'}
- Fast: {'instance': "Function('Fast', entity_sorts['Entity'], BoolSort())", 'arity': 1, 'method': 'Fast(Entity)', 'function': 'None'}
- Normal: {'instance': "Function('Normal', entity_sorts['Entity'], BoolSort())", 'arity': 1, 'method': 'Normal(Entity)', 'function': 'None'}
- Slow: {'instance': "Function('Slow', entity_sorts['Entity'], BoolSort())", 'arity': 1, 'method': 'Slow(Entity)', 'function': 'None'}
2026-05-25 18:54:21 [INFO]: *** Sim Rule ***: Stop -> 
 Stop(entity) == Exists(
  [dummyEntity], 
  Or(
    And(
      IsAtInter(entity), 
      IsInInter(dummyEntity), 
    ),
    And(
      IsAtInter(entity), 
      IsAtInter(dummyEntity), 
      HigherPri(dummyEntity, entity),
    ),
    CollidingClose(entity, dummyEntity)
  )
)

2026-05-25 18:54:21 [INFO]: *** Task Rule ***: Collision and Intersection -> 
 Implies(Exists(
  [dummyEntity], 
    Or(
      And(
        IsAtInter(entity), 
        IsInInter(dummyEntity), 
      ),
      And(
        IsAtInter(entity), 
        IsAtInter(dummyEntity), 
        HigherPri(dummyEntity, entity),
      ),
      CollidingClose(entity, dummyEntity)
    )
  ),
  Stop(entity)
)

2026-05-25 18:54:21 [INFO]: *** Expert Rule ***: Stop -> 
 Stop(entity) == Exists(
[dummyEntity], 
  Or(
    And(
      IsAtInter(entity), 
      IsInInter(dummyEntity), 
    ),
    And(
      IsAtInter(entity), 
      IsAtInter(dummyEntity), 
      HigherPri(dummyEntity, entity),
    ),
    CollidingClose(entity, dummyEntity)
  )
)

2026-05-25 18:54:21 [INFO]: *** Expert Rule ***: Slow -> 
 Not(Slow(entity))

2026-05-25 18:54:21 [INFO]: *** Expert Rule ***: Fast -> 
 Not(Fast(entity))

2026-05-25 18:54:21 [INFO]: *** Expert Rule ***: Normal -> 
 Normal(entity) == Not(Stop(entity))
2026-05-25 18:54:21 [INFO]: Rules created successfully
2026-05-25 18:54:21 [INFO]: Rules will be grounded later...
2026-05-25 18:54:21 [INFO]: Given Predicates {'IsPedestrian': {'instance': IsPed, 'arity': 1, 'method': 'IsPed(Entity)', 'function': 'logicity.utils.pred_converter.z3.IsPed'}, 'IsCar': {'instance': IsCar, 'arity': 1, 'method': 'IsCar(Entity)', 'function': 'logicity.utils.pred_converter.z3.IsCar'}, 'IsAmbulance': {'instance': IsAmb, 'arity': 1, 'method': 'IsAmb(Entity)', 'function': 'logicity.utils.pred_converter.z3.IsAmb'}, 'IsOld': {'instance': IsOld, 'arity': 1, 'method': 'IsOld(Entity)', 'function': 'logicity.utils.pred_converter.z3.IsOld'}, 'IsTiro': {'instance': IsTiro, 'arity': 1, 'method': 'IsTiro(Entity)', 'function': 'logicity.utils.pred_converter.z3.IsTiro'}, 'IsAtInter': {'instance': IsAtInter, 'arity': 1, 'method': 'IsAtInter(Entity)', 'function': 'logicity.utils.pred_converter.z3.IsAtInter'}, 'IsInInter': {'instance': IsInInter, 'arity': 1, 'method': 'IsInInter(Entity)', 'function': 'logicity.utils.pred_converter.z3.IsInInter'}, 'HigherPri': {'instance': HigherPri, 'arity': 2, 'method': 'HigherPri(Entity, Entity)', 'function': 'logicity.utils.pred_converter.z3.HigherPri'}, 'CollidingClose': {'instance': CollidingClose, 'arity': 2, 'method': 'CollidingClose(Entity, Entity)', 'function': 'logicity.utils.pred_converter.z3.CollidingClose'}, 'Stop': {'instance': Stop, 'arity': 1, 'method': 'Stop(Entity)', 'function': 'None'}, 'Fast': {'instance': Fast, 'arity': 1, 'method': 'Fast(Entity)', 'function': 'None'}, 'Normal': {'instance': Normal, 'arity': 1, 'method': 'Normal(Entity)', 'function': 'None'}, 'Slow': {'instance': Slow, 'arity': 1, 'method': 'Slow(Entity)', 'function': 'None'}}, the FOV entities {'Entity': 3}, The logic grounding shape is: 39
2026-05-25 18:54:21 [INFO]: Local planner constructed!
2026-05-25 18:54:21 [INFO]: Constructing 22 streets
2026-05-25 18:54:22 [INFO]: Constructing 16 buildings
2026-05-25 18:54:22 [INFO]: Adding 4 agents, they are constrained in 103 region
2026-05-25 18:54:23 [INFO]: Car_1 initialization done!
2026-05-25 18:54:23 [INFO]: Pedestrian_1 initialization done!
2026-05-25 18:54:24 [INFO]: Car_2 initialization done!
2026-05-25 18:54:24 [INFO]: Car_3 initialization done!
2026-05-25 18:54:24 [INFO]: Done!
2026-05-25 18:54:24 [INFO]: ***Init RL Agent in Env***
2026-05-25 18:54:38 [INFO]: will reset agent by success
2026-05-25 18:54:38 [INFO]: ***Reset RL Agent in Env***
2026-05-25 18:54:38 [INFO]: Car_1 initialization done!
2026-05-25 18:54:38 [INFO]: Pedestrian_1 initialization done!
2026-05-25 18:54:38 [INFO]: Car_2 initialization done!
2026-05-25 18:54:39 [INFO]: Car_3 initialization done!
2026-05-25 18:54:39 [INFO]: Agent reset priority to 2/4
2026-05-25 18:54:39 [INFO]: Agent reset concepts to {'type': 'Car', 'priority': 2}
2026-05-25 18:54:39 [INFO]: Episode 15 success.
2026-05-25 18:54:39 [INFO]: Episode 15 achieved a score of 7.259999999999998
2026-05-25 18:54:39 [INFO]: Episode 15 Success: 1
2026-05-25 18:54:39 [INFO]: Episode 15 Decision Step: {3: 1}
2026-05-25 18:54:39 [INFO]: Episode 15 Success Decision: {3: 1}
2026-05-25 18:54:39 [INFO]: Evaluating episode 16...
2026-05-25 18:54:39 [INFO]: Episode label: {'oracle_step': 110, 'stop_count': 38, 'has_stop': True, 'ego_crosses': True, 'ego_eta': 70, 'ego_direction': 'up', 'other_crosses': 3, 'close_other_count': 0, 'pedestrian_close': None, 'conflicting_approach': False, 'total_crosses': 4}
2026-05-25 18:54:39 [INFO]: Get map info from config/maps/square_2x2.yaml
2026-05-25 18:54:39 [INFO]: Get agent info from config/agents/easy_lite/val.yaml
2026-05-25 18:54:39 [INFO]: Get onology and rules info from config/rules/ontology_easy.yaml, config/rules/Nav/easy/expert.yaml
2026-05-25 18:54:39 [INFO]: Number of Entity Types: 1
Entity Types:
- Entity
2026-05-25 18:54:39 [INFO]: Number of Predicates: 13
Predicates:
- IsPedestrian: {'instance': "Function('IsPed', entity_sorts['Entity'], BoolSort())", 'arity': 1, 'method': 'IsPed(Entity)', 'function': 'logicity.utils.pred_converter.z3.IsPed'}
- IsCar: {'instance': "Function('IsCar', entity_sorts['Entity'], BoolSort())", 'arity': 1, 'method': 'IsCar(Entity)', 'function': 'logicity.utils.pred_converter.z3.IsCar'}
- IsAmbulance: {'instance': "Function('IsAmb', entity_sorts['Entity'], BoolSort())", 'arity': 1, 'method': 'IsAmb(Entity)', 'function': 'logicity.utils.pred_converter.z3.IsAmb'}
- IsOld: {'instance': "Function('IsOld', entity_sorts['Entity'], BoolSort())", 'arity': 1, 'method': 'IsOld(Entity)', 'function': 'logicity.utils.pred_converter.z3.IsOld'}
- IsTiro: {'instance': "Function('IsTiro', entity_sorts['Entity'], BoolSort())", 'arity': 1, 'method': 'IsTiro(Entity)', 'function': 'logicity.utils.pred_converter.z3.IsTiro'}
- IsAtInter: {'instance': "Function('IsAtInter', entity_sorts['Entity'], BoolSort())", 'arity': 1, 'method': 'IsAtInter(Entity)', 'function': 'logicity.utils.pred_converter.z3.IsAtInter'}
- IsInInter: {'instance': "Function('IsInInter', entity_sorts['Entity'], BoolSort())", 'arity': 1, 'method': 'IsInInter(Entity)', 'function': 'logicity.utils.pred_converter.z3.IsInInter'}
- HigherPri: {'instance': "Function('HigherPri', entity_sorts['Entity'], entity_sorts['Entity'], BoolSort())", 'arity': 2, 'method': 'HigherPri(Entity, Entity)', 'function': 'logicity.utils.pred_converter.z3.HigherPri'}
- CollidingClose: {'instance': "Function('CollidingClose', entity_sorts['Entity'], entity_sorts['Entity'], BoolSort())", 'arity': 2, 'method': 'CollidingClose(Entity, Entity)', 'function': 'logicity.utils.pred_converter.z3.CollidingClose'}
- Stop: {'instance': "Function('Stop', entity_sorts['Entity'], BoolSort())", 'arity': 1, 'method': 'Stop(Entity)', 'function': 'None'}
- Fast: {'instance': "Function('Fast', entity_sorts['Entity'], BoolSort())", 'arity': 1, 'method': 'Fast(Entity)', 'function': 'None'}
- Normal: {'instance': "Function('Normal', entity_sorts['Entity'], BoolSort())", 'arity': 1, 'method': 'Normal(Entity)', 'function': 'None'}
- Slow: {'instance': "Function('Slow', entity_sorts['Entity'], BoolSort())", 'arity': 1, 'method': 'Slow(Entity)', 'function': 'None'}
2026-05-25 18:54:39 [INFO]: *** Sim Rule ***: Stop -> 
 Stop(entity) == Exists(
  [dummyEntity], 
  Or(
    And(
      IsAtInter(entity), 
      IsInInter(dummyEntity), 
    ),
    And(
      IsAtInter(entity), 
      IsAtInter(dummyEntity), 
      HigherPri(dummyEntity, entity),
    ),
    CollidingClose(entity, dummyEntity)
  )
)

2026-05-25 18:54:39 [INFO]: *** Task Rule ***: Collision and Intersection -> 
 Implies(Exists(
  [dummyEntity], 
    Or(
      And(
        IsAtInter(entity), 
        IsInInter(dummyEntity), 
      ),
      And(
        IsAtInter(entity), 
        IsAtInter(dummyEntity), 
        HigherPri(dummyEntity, entity),
      ),
      CollidingClose(entity, dummyEntity)
    )
  ),
  Stop(entity)
)

2026-05-25 18:54:39 [INFO]: *** Expert Rule ***: Stop -> 
 Stop(entity) == Exists(
[dummyEntity], 
  Or(
    And(
      IsAtInter(entity), 
      IsInInter(dummyEntity), 
    ),
    And(
      IsAtInter(entity), 
      IsAtInter(dummyEntity), 
      HigherPri(dummyEntity, entity),
    ),
    CollidingClose(entity, dummyEntity)
  )
)

2026-05-25 18:54:39 [INFO]: *** Expert Rule ***: Slow -> 
 Not(Slow(entity))

2026-05-25 18:54:39 [INFO]: *** Expert Rule ***: Fast -> 
 Not(Fast(entity))

2026-05-25 18:54:39 [INFO]: *** Expert Rule ***: Normal -> 
 Normal(entity) == Not(Stop(entity))
2026-05-25 18:54:39 [INFO]: Rules created successfully
2026-05-25 18:54:39 [INFO]: Rules will be grounded later...
2026-05-25 18:54:39 [INFO]: Given Predicates {'IsPedestrian': {'instance': IsPed, 'arity': 1, 'method': 'IsPed(Entity)', 'function': 'logicity.utils.pred_converter.z3.IsPed'}, 'IsCar': {'instance': IsCar, 'arity': 1, 'method': 'IsCar(Entity)', 'function': 'logicity.utils.pred_converter.z3.IsCar'}, 'IsAmbulance': {'instance': IsAmb, 'arity': 1, 'method': 'IsAmb(Entity)', 'function': 'logicity.utils.pred_converter.z3.IsAmb'}, 'IsOld': {'instance': IsOld, 'arity': 1, 'method': 'IsOld(Entity)', 'function': 'logicity.utils.pred_converter.z3.IsOld'}, 'IsTiro': {'instance': IsTiro, 'arity': 1, 'method': 'IsTiro(Entity)', 'function': 'logicity.utils.pred_converter.z3.IsTiro'}, 'IsAtInter': {'instance': IsAtInter, 'arity': 1, 'method': 'IsAtInter(Entity)', 'function': 'logicity.utils.pred_converter.z3.IsAtInter'}, 'IsInInter': {'instance': IsInInter, 'arity': 1, 'method': 'IsInInter(Entity)', 'function': 'logicity.utils.pred_converter.z3.IsInInter'}, 'HigherPri': {'instance': HigherPri, 'arity': 2, 'method': 'HigherPri(Entity, Entity)', 'function': 'logicity.utils.pred_converter.z3.HigherPri'}, 'CollidingClose': {'instance': CollidingClose, 'arity': 2, 'method': 'CollidingClose(Entity, Entity)', 'function': 'logicity.utils.pred_converter.z3.CollidingClose'}, 'Stop': {'instance': Stop, 'arity': 1, 'method': 'Stop(Entity)', 'function': 'None'}, 'Fast': {'instance': Fast, 'arity': 1, 'method': 'Fast(Entity)', 'function': 'None'}, 'Normal': {'instance': Normal, 'arity': 1, 'method': 'Normal(Entity)', 'function': 'None'}, 'Slow': {'instance': Slow, 'arity': 1, 'method': 'Slow(Entity)', 'function': 'None'}}, the FOV entities {'Entity': 3}, The logic grounding shape is: 39
2026-05-25 18:54:39 [INFO]: Local planner constructed!
2026-05-25 18:54:39 [INFO]: Constructing 22 streets
2026-05-25 18:54:40 [INFO]: Constructing 16 buildings
2026-05-25 18:54:40 [INFO]: Adding 4 agents, they are constrained in 103 region
2026-05-25 18:54:40 [INFO]: Car_1 initialization done!
2026-05-25 18:54:40 [INFO]: Pedestrian_1 initialization done!
2026-05-25 18:54:41 [INFO]: Car_2 initialization done!
2026-05-25 18:54:42 [INFO]: Car_3 initialization done!
2026-05-25 18:54:42 [INFO]: Done!
2026-05-25 18:54:42 [INFO]: ***Init RL Agent in Env***
2026-05-25 18:55:05 [INFO]: will reset agent by success
2026-05-25 18:55:05 [INFO]: ***Reset RL Agent in Env***
2026-05-25 18:55:06 [INFO]: Car_1 initialization done!
2026-05-25 18:55:06 [INFO]: Pedestrian_1 initialization done!
2026-05-25 18:55:07 [INFO]: Car_2 initialization done!
2026-05-25 18:55:07 [INFO]: Car_3 initialization done!
2026-05-25 18:55:07 [INFO]: Agent reset priority to 3/4
2026-05-25 18:55:07 [INFO]: Agent reset concepts to {'type': 'Car', 'priority': 3}
2026-05-25 18:55:07 [INFO]: Episode 16 success.
2026-05-25 18:55:07 [INFO]: Episode 16 achieved a score of 6.920000000000006
2026-05-25 18:55:07 [INFO]: Episode 16 Success: 1
2026-05-25 18:55:07 [INFO]: Episode 16 Decision Step: {3: 1}
2026-05-25 18:55:07 [INFO]: Episode 16 Success Decision: {3: 1}
2026-05-25 18:55:07 [INFO]: Evaluating episode 17...
2026-05-25 18:55:07 [INFO]: Episode label: {'oracle_step': 57, 'stop_count': 0, 'has_stop': False, 'ego_crosses': True, 'ego_eta': 28, 'ego_direction': 'right', 'other_crosses': 3, 'close_other_count': 0, 'pedestrian_close': None, 'conflicting_approach': False, 'total_crosses': 4}
2026-05-25 18:55:08 [INFO]: Get map info from config/maps/square_2x2.yaml
2026-05-25 18:55:08 [INFO]: Get agent info from config/agents/easy_lite/val.yaml
2026-05-25 18:55:08 [INFO]: Get onology and rules info from config/rules/ontology_easy.yaml, config/rules/Nav/easy/expert.yaml
2026-05-25 18:55:08 [INFO]: Number of Entity Types: 1
Entity Types:
- Entity
2026-05-25 18:55:08 [INFO]: Number of Predicates: 13
Predicates:
- IsPedestrian: {'instance': "Function('IsPed', entity_sorts['Entity'], BoolSort())", 'arity': 1, 'method': 'IsPed(Entity)', 'function': 'logicity.utils.pred_converter.z3.IsPed'}
- IsCar: {'instance': "Function('IsCar', entity_sorts['Entity'], BoolSort())", 'arity': 1, 'method': 'IsCar(Entity)', 'function': 'logicity.utils.pred_converter.z3.IsCar'}
- IsAmbulance: {'instance': "Function('IsAmb', entity_sorts['Entity'], BoolSort())", 'arity': 1, 'method': 'IsAmb(Entity)', 'function': 'logicity.utils.pred_converter.z3.IsAmb'}
- IsOld: {'instance': "Function('IsOld', entity_sorts['Entity'], BoolSort())", 'arity': 1, 'method': 'IsOld(Entity)', 'function': 'logicity.utils.pred_converter.z3.IsOld'}
- IsTiro: {'instance': "Function('IsTiro', entity_sorts['Entity'], BoolSort())", 'arity': 1, 'method': 'IsTiro(Entity)', 'function': 'logicity.utils.pred_converter.z3.IsTiro'}
- IsAtInter: {'instance': "Function('IsAtInter', entity_sorts['Entity'], BoolSort())", 'arity': 1, 'method': 'IsAtInter(Entity)', 'function': 'logicity.utils.pred_converter.z3.IsAtInter'}
- IsInInter: {'instance': "Function('IsInInter', entity_sorts['Entity'], BoolSort())", 'arity': 1, 'method': 'IsInInter(Entity)', 'function': 'logicity.utils.pred_converter.z3.IsInInter'}
- HigherPri: {'instance': "Function('HigherPri', entity_sorts['Entity'], entity_sorts['Entity'], BoolSort())", 'arity': 2, 'method': 'HigherPri(Entity, Entity)', 'function': 'logicity.utils.pred_converter.z3.HigherPri'}
- CollidingClose: {'instance': "Function('CollidingClose', entity_sorts['Entity'], entity_sorts['Entity'], BoolSort())", 'arity': 2, 'method': 'CollidingClose(Entity, Entity)', 'function': 'logicity.utils.pred_converter.z3.CollidingClose'}
- Stop: {'instance': "Function('Stop', entity_sorts['Entity'], BoolSort())", 'arity': 1, 'method': 'Stop(Entity)', 'function': 'None'}
- Fast: {'instance': "Function('Fast', entity_sorts['Entity'], BoolSort())", 'arity': 1, 'method': 'Fast(Entity)', 'function': 'None'}
- Normal: {'instance': "Function('Normal', entity_sorts['Entity'], BoolSort())", 'arity': 1, 'method': 'Normal(Entity)', 'function': 'None'}
- Slow: {'instance': "Function('Slow', entity_sorts['Entity'], BoolSort())", 'arity': 1, 'method': 'Slow(Entity)', 'function': 'None'}
2026-05-25 18:55:08 [INFO]: *** Sim Rule ***: Stop -> 
 Stop(entity) == Exists(
  [dummyEntity], 
  Or(
    And(
      IsAtInter(entity), 
      IsInInter(dummyEntity), 
    ),
    And(
      IsAtInter(entity), 
      IsAtInter(dummyEntity), 
      HigherPri(dummyEntity, entity),
    ),
    CollidingClose(entity, dummyEntity)
  )
)

2026-05-25 18:55:08 [INFO]: *** Task Rule ***: Collision and Intersection -> 
 Implies(Exists(
  [dummyEntity], 
    Or(
      And(
        IsAtInter(entity), 
        IsInInter(dummyEntity), 
      ),
      And(
        IsAtInter(entity), 
        IsAtInter(dummyEntity), 
        HigherPri(dummyEntity, entity),
      ),
      CollidingClose(entity, dummyEntity)
    )
  ),
  Stop(entity)
)

2026-05-25 18:55:08 [INFO]: *** Expert Rule ***: Stop -> 
 Stop(entity) == Exists(
[dummyEntity], 
  Or(
    And(
      IsAtInter(entity), 
      IsInInter(dummyEntity), 
    ),
    And(
      IsAtInter(entity), 
      IsAtInter(dummyEntity), 
      HigherPri(dummyEntity, entity),
    ),
    CollidingClose(entity, dummyEntity)
  )
)

2026-05-25 18:55:08 [INFO]: *** Expert Rule ***: Slow -> 
 Not(Slow(entity))

2026-05-25 18:55:08 [INFO]: *** Expert Rule ***: Fast -> 
 Not(Fast(entity))

2026-05-25 18:55:08 [INFO]: *** Expert Rule ***: Normal -> 
 Normal(entity) == Not(Stop(entity))
2026-05-25 18:55:08 [INFO]: Rules created successfully
2026-05-25 18:55:08 [INFO]: Rules will be grounded later...
2026-05-25 18:55:08 [INFO]: Given Predicates {'IsPedestrian': {'instance': IsPed, 'arity': 1, 'method': 'IsPed(Entity)', 'function': 'logicity.utils.pred_converter.z3.IsPed'}, 'IsCar': {'instance': IsCar, 'arity': 1, 'method': 'IsCar(Entity)', 'function': 'logicity.utils.pred_converter.z3.IsCar'}, 'IsAmbulance': {'instance': IsAmb, 'arity': 1, 'method': 'IsAmb(Entity)', 'function': 'logicity.utils.pred_converter.z3.IsAmb'}, 'IsOld': {'instance': IsOld, 'arity': 1, 'method': 'IsOld(Entity)', 'function': 'logicity.utils.pred_converter.z3.IsOld'}, 'IsTiro': {'instance': IsTiro, 'arity': 1, 'method': 'IsTiro(Entity)', 'function': 'logicity.utils.pred_converter.z3.IsTiro'}, 'IsAtInter': {'instance': IsAtInter, 'arity': 1, 'method': 'IsAtInter(Entity)', 'function': 'logicity.utils.pred_converter.z3.IsAtInter'}, 'IsInInter': {'instance': IsInInter, 'arity': 1, 'method': 'IsInInter(Entity)', 'function': 'logicity.utils.pred_converter.z3.IsInInter'}, 'HigherPri': {'instance': HigherPri, 'arity': 2, 'method': 'HigherPri(Entity, Entity)', 'function': 'logicity.utils.pred_converter.z3.HigherPri'}, 'CollidingClose': {'instance': CollidingClose, 'arity': 2, 'method': 'CollidingClose(Entity, Entity)', 'function': 'logicity.utils.pred_converter.z3.CollidingClose'}, 'Stop': {'instance': Stop, 'arity': 1, 'method': 'Stop(Entity)', 'function': 'None'}, 'Fast': {'instance': Fast, 'arity': 1, 'method': 'Fast(Entity)', 'function': 'None'}, 'Normal': {'instance': Normal, 'arity': 1, 'method': 'Normal(Entity)', 'function': 'None'}, 'Slow': {'instance': Slow, 'arity': 1, 'method': 'Slow(Entity)', 'function': 'None'}}, the FOV entities {'Entity': 3}, The logic grounding shape is: 39
2026-05-25 18:55:08 [INFO]: Local planner constructed!
2026-05-25 18:55:08 [INFO]: Constructing 22 streets
2026-05-25 18:55:08 [INFO]: Constructing 16 buildings
2026-05-25 18:55:09 [INFO]: Adding 4 agents, they are constrained in 103 region
2026-05-25 18:55:10 [INFO]: Car_1 initialization done!
2026-05-25 18:55:10 [INFO]: Pedestrian_1 initialization done!
2026-05-25 18:55:11 [INFO]: Car_2 initialization done!
2026-05-25 18:55:12 [INFO]: Car_3 initialization done!
2026-05-25 18:55:12 [INFO]: Done!
2026-05-25 18:55:12 [INFO]: ***Init RL Agent in Env***
2026-05-25 18:55:21 [INFO]: will reset agent by success
2026-05-25 18:55:21 [INFO]: ***Reset RL Agent in Env***
2026-05-25 18:55:21 [INFO]: Car_1 initialization done!
2026-05-25 18:55:22 [INFO]: Pedestrian_1 initialization done!
2026-05-25 18:55:22 [INFO]: Car_2 initialization done!
2026-05-25 18:55:23 [INFO]: Car_3 initialization done!
2026-05-25 18:55:23 [INFO]: Agent reset priority to 3/4
2026-05-25 18:55:23 [INFO]: Agent reset concepts to {'type': 'Car', 'priority': 3}
2026-05-25 18:55:23 [INFO]: Episode 17 success.
2026-05-25 18:55:23 [INFO]: Episode 17 achieved a score of 6.09
2026-05-25 18:55:23 [INFO]: Episode 17 Success: 1
2026-05-25 18:55:23 [INFO]: Episode 17 Decision Step: {3: 0}
2026-05-25 18:55:23 [INFO]: Episode 17 Success Decision: {3: 0}
2026-05-25 18:55:23 [INFO]: Evaluating episode 18...
2026-05-25 18:55:23 [INFO]: Episode label: {'oracle_step': 25, 'stop_count': 7, 'has_stop': True, 'ego_crosses': True, 'ego_eta': 7, 'ego_direction': 'down', 'other_crosses': 3, 'close_other_count': 0, 'pedestrian_close': None, 'conflicting_approach': False, 'total_crosses': 4}
2026-05-25 18:55:23 [INFO]: Get map info from config/maps/square_2x2.yaml
2026-05-25 18:55:23 [INFO]: Get agent info from config/agents/easy_lite/val.yaml
2026-05-25 18:55:23 [INFO]: Get onology and rules info from config/rules/ontology_easy.yaml, config/rules/Nav/easy/expert.yaml
2026-05-25 18:55:23 [INFO]: Number of Entity Types: 1
Entity Types:
- Entity
2026-05-25 18:55:23 [INFO]: Number of Predicates: 13
Predicates:
- IsPedestrian: {'instance': "Function('IsPed', entity_sorts['Entity'], BoolSort())", 'arity': 1, 'method': 'IsPed(Entity)', 'function': 'logicity.utils.pred_converter.z3.IsPed'}
- IsCar: {'instance': "Function('IsCar', entity_sorts['Entity'], BoolSort())", 'arity': 1, 'method': 'IsCar(Entity)', 'function': 'logicity.utils.pred_converter.z3.IsCar'}
- IsAmbulance: {'instance': "Function('IsAmb', entity_sorts['Entity'], BoolSort())", 'arity': 1, 'method': 'IsAmb(Entity)', 'function': 'logicity.utils.pred_converter.z3.IsAmb'}
- IsOld: {'instance': "Function('IsOld', entity_sorts['Entity'], BoolSort())", 'arity': 1, 'method': 'IsOld(Entity)', 'function': 'logicity.utils.pred_converter.z3.IsOld'}
- IsTiro: {'instance': "Function('IsTiro', entity_sorts['Entity'], BoolSort())", 'arity': 1, 'method': 'IsTiro(Entity)', 'function': 'logicity.utils.pred_converter.z3.IsTiro'}
- IsAtInter: {'instance': "Function('IsAtInter', entity_sorts['Entity'], BoolSort())", 'arity': 1, 'method': 'IsAtInter(Entity)', 'function': 'logicity.utils.pred_converter.z3.IsAtInter'}
- IsInInter: {'instance': "Function('IsInInter', entity_sorts['Entity'], BoolSort())", 'arity': 1, 'method': 'IsInInter(Entity)', 'function': 'logicity.utils.pred_converter.z3.IsInInter'}
- HigherPri: {'instance': "Function('HigherPri', entity_sorts['Entity'], entity_sorts['Entity'], BoolSort())", 'arity': 2, 'method': 'HigherPri(Entity, Entity)', 'function': 'logicity.utils.pred_converter.z3.HigherPri'}
- CollidingClose: {'instance': "Function('CollidingClose', entity_sorts['Entity'], entity_sorts['Entity'], BoolSort())", 'arity': 2, 'method': 'CollidingClose(Entity, Entity)', 'function': 'logicity.utils.pred_converter.z3.CollidingClose'}
- Stop: {'instance': "Function('Stop', entity_sorts['Entity'], BoolSort())", 'arity': 1, 'method': 'Stop(Entity)', 'function': 'None'}
- Fast: {'instance': "Function('Fast', entity_sorts['Entity'], BoolSort())", 'arity': 1, 'method': 'Fast(Entity)', 'function': 'None'}
- Normal: {'instance': "Function('Normal', entity_sorts['Entity'], BoolSort())", 'arity': 1, 'method': 'Normal(Entity)', 'function': 'None'}
- Slow: {'instance': "Function('Slow', entity_sorts['Entity'], BoolSort())", 'arity': 1, 'method': 'Slow(Entity)', 'function': 'None'}
2026-05-25 18:55:23 [INFO]: *** Sim Rule ***: Stop -> 
 Stop(entity) == Exists(
  [dummyEntity], 
  Or(
    And(
      IsAtInter(entity), 
      IsInInter(dummyEntity), 
    ),
    And(
      IsAtInter(entity), 
      IsAtInter(dummyEntity), 
      HigherPri(dummyEntity, entity),
    ),
    CollidingClose(entity, dummyEntity)
  )
)

2026-05-25 18:55:23 [INFO]: *** Task Rule ***: Collision and Intersection -> 
 Implies(Exists(
  [dummyEntity], 
    Or(
      And(
        IsAtInter(entity), 
        IsInInter(dummyEntity), 
      ),
      And(
        IsAtInter(entity), 
        IsAtInter(dummyEntity), 
        HigherPri(dummyEntity, entity),
      ),
      CollidingClose(entity, dummyEntity)
    )
  ),
  Stop(entity)
)

2026-05-25 18:55:23 [INFO]: *** Expert Rule ***: Stop -> 
 Stop(entity) == Exists(
[dummyEntity], 
  Or(
    And(
      IsAtInter(entity), 
      IsInInter(dummyEntity), 
    ),
    And(
      IsAtInter(entity), 
      IsAtInter(dummyEntity), 
      HigherPri(dummyEntity, entity),
    ),
    CollidingClose(entity, dummyEntity)
  )
)

2026-05-25 18:55:23 [INFO]: *** Expert Rule ***: Slow -> 
 Not(Slow(entity))

2026-05-25 18:55:23 [INFO]: *** Expert Rule ***: Fast -> 
 Not(Fast(entity))

2026-05-25 18:55:23 [INFO]: *** Expert Rule ***: Normal -> 
 Normal(entity) == Not(Stop(entity))
2026-05-25 18:55:23 [INFO]: Rules created successfully
2026-05-25 18:55:23 [INFO]: Rules will be grounded later...
2026-05-25 18:55:23 [INFO]: Given Predicates {'IsPedestrian': {'instance': IsPed, 'arity': 1, 'method': 'IsPed(Entity)', 'function': 'logicity.utils.pred_converter.z3.IsPed'}, 'IsCar': {'instance': IsCar, 'arity': 1, 'method': 'IsCar(Entity)', 'function': 'logicity.utils.pred_converter.z3.IsCar'}, 'IsAmbulance': {'instance': IsAmb, 'arity': 1, 'method': 'IsAmb(Entity)', 'function': 'logicity.utils.pred_converter.z3.IsAmb'}, 'IsOld': {'instance': IsOld, 'arity': 1, 'method': 'IsOld(Entity)', 'function': 'logicity.utils.pred_converter.z3.IsOld'}, 'IsTiro': {'instance': IsTiro, 'arity': 1, 'method': 'IsTiro(Entity)', 'function': 'logicity.utils.pred_converter.z3.IsTiro'}, 'IsAtInter': {'instance': IsAtInter, 'arity': 1, 'method': 'IsAtInter(Entity)', 'function': 'logicity.utils.pred_converter.z3.IsAtInter'}, 'IsInInter': {'instance': IsInInter, 'arity': 1, 'method': 'IsInInter(Entity)', 'function': 'logicity.utils.pred_converter.z3.IsInInter'}, 'HigherPri': {'instance': HigherPri, 'arity': 2, 'method': 'HigherPri(Entity, Entity)', 'function': 'logicity.utils.pred_converter.z3.HigherPri'}, 'CollidingClose': {'instance': CollidingClose, 'arity': 2, 'method': 'CollidingClose(Entity, Entity)', 'function': 'logicity.utils.pred_converter.z3.CollidingClose'}, 'Stop': {'instance': Stop, 'arity': 1, 'method': 'Stop(Entity)', 'function': 'None'}, 'Fast': {'instance': Fast, 'arity': 1, 'method': 'Fast(Entity)', 'function': 'None'}, 'Normal': {'instance': Normal, 'arity': 1, 'method': 'Normal(Entity)', 'function': 'None'}, 'Slow': {'instance': Slow, 'arity': 1, 'method': 'Slow(Entity)', 'function': 'None'}}, the FOV entities {'Entity': 3}, The logic grounding shape is: 39
2026-05-25 18:55:23 [INFO]: Local planner constructed!
2026-05-25 18:55:23 [INFO]: Constructing 22 streets
2026-05-25 18:55:24 [INFO]: Constructing 16 buildings
2026-05-25 18:55:25 [INFO]: Adding 4 agents, they are constrained in 103 region
2026-05-25 18:55:26 [INFO]: Car_1 initialization done!
2026-05-25 18:55:26 [INFO]: Pedestrian_1 initialization done!
2026-05-25 18:55:27 [INFO]: Car_2 initialization done!
2026-05-25 18:55:27 [INFO]: Car_3 initialization done!
2026-05-25 18:55:27 [INFO]: Done!
2026-05-25 18:55:27 [INFO]: ***Init RL Agent in Env***
2026-05-25 18:55:30 [INFO]: will reset agent by success
2026-05-25 18:55:30 [INFO]: ***Reset RL Agent in Env***
2026-05-25 18:55:30 [INFO]: Car_1 initialization done!
2026-05-25 18:55:30 [INFO]: Pedestrian_1 initialization done!
2026-05-25 18:55:31 [INFO]: Car_2 initialization done!
2026-05-25 18:55:32 [INFO]: Car_3 initialization done!
2026-05-25 18:55:32 [INFO]: Agent reset priority to 3/4
2026-05-25 18:55:32 [INFO]: Agent reset concepts to {'type': 'Car', 'priority': 3}
2026-05-25 18:55:32 [INFO]: Episode 18 success.
2026-05-25 18:55:32 [INFO]: Episode 18 achieved a score of 2.37
2026-05-25 18:55:32 [INFO]: Episode 18 Success: 1
2026-05-25 18:55:32 [INFO]: Episode 18 Decision Step: {3: 0}
2026-05-25 18:55:32 [INFO]: Episode 18 Success Decision: {3: 0}
2026-05-25 18:55:32 [INFO]: Evaluating episode 19...
2026-05-25 18:55:32 [INFO]: Episode label: {'oracle_step': 60, 'stop_count': 9, 'has_stop': True, 'ego_crosses': True, 'ego_eta': 23, 'ego_direction': 'down', 'other_crosses': 3, 'close_other_count': 0, 'pedestrian_close': None, 'conflicting_approach': False, 'total_crosses': 4}
2026-05-25 18:55:32 [INFO]: Get map info from config/maps/square_2x2.yaml
2026-05-25 18:55:32 [INFO]: Get agent info from config/agents/easy_lite/val.yaml
2026-05-25 18:55:32 [INFO]: Get onology and rules info from config/rules/ontology_easy.yaml, config/rules/Nav/easy/expert.yaml
2026-05-25 18:55:32 [INFO]: Number of Entity Types: 1
Entity Types:
- Entity
2026-05-25 18:55:32 [INFO]: Number of Predicates: 13
Predicates:
- IsPedestrian: {'instance': "Function('IsPed', entity_sorts['Entity'], BoolSort())", 'arity': 1, 'method': 'IsPed(Entity)', 'function': 'logicity.utils.pred_converter.z3.IsPed'}
- IsCar: {'instance': "Function('IsCar', entity_sorts['Entity'], BoolSort())", 'arity': 1, 'method': 'IsCar(Entity)', 'function': 'logicity.utils.pred_converter.z3.IsCar'}
- IsAmbulance: {'instance': "Function('IsAmb', entity_sorts['Entity'], BoolSort())", 'arity': 1, 'method': 'IsAmb(Entity)', 'function': 'logicity.utils.pred_converter.z3.IsAmb'}
- IsOld: {'instance': "Function('IsOld', entity_sorts['Entity'], BoolSort())", 'arity': 1, 'method': 'IsOld(Entity)', 'function': 'logicity.utils.pred_converter.z3.IsOld'}
- IsTiro: {'instance': "Function('IsTiro', entity_sorts['Entity'], BoolSort())", 'arity': 1, 'method': 'IsTiro(Entity)', 'function': 'logicity.utils.pred_converter.z3.IsTiro'}
- IsAtInter: {'instance': "Function('IsAtInter', entity_sorts['Entity'], BoolSort())", 'arity': 1, 'method': 'IsAtInter(Entity)', 'function': 'logicity.utils.pred_converter.z3.IsAtInter'}
- IsInInter: {'instance': "Function('IsInInter', entity_sorts['Entity'], BoolSort())", 'arity': 1, 'method': 'IsInInter(Entity)', 'function': 'logicity.utils.pred_converter.z3.IsInInter'}
- HigherPri: {'instance': "Function('HigherPri', entity_sorts['Entity'], entity_sorts['Entity'], BoolSort())", 'arity': 2, 'method': 'HigherPri(Entity, Entity)', 'function': 'logicity.utils.pred_converter.z3.HigherPri'}
- CollidingClose: {'instance': "Function('CollidingClose', entity_sorts['Entity'], entity_sorts['Entity'], BoolSort())", 'arity': 2, 'method': 'CollidingClose(Entity, Entity)', 'function': 'logicity.utils.pred_converter.z3.CollidingClose'}
- Stop: {'instance': "Function('Stop', entity_sorts['Entity'], BoolSort())", 'arity': 1, 'method': 'Stop(Entity)', 'function': 'None'}
- Fast: {'instance': "Function('Fast', entity_sorts['Entity'], BoolSort())", 'arity': 1, 'method': 'Fast(Entity)', 'function': 'None'}
- Normal: {'instance': "Function('Normal', entity_sorts['Entity'], BoolSort())", 'arity': 1, 'method': 'Normal(Entity)', 'function': 'None'}
- Slow: {'instance': "Function('Slow', entity_sorts['Entity'], BoolSort())", 'arity': 1, 'method': 'Slow(Entity)', 'function': 'None'}
2026-05-25 18:55:32 [INFO]: *** Sim Rule ***: Stop -> 
 Stop(entity) == Exists(
  [dummyEntity], 
  Or(
    And(
      IsAtInter(entity), 
      IsInInter(dummyEntity), 
    ),
    And(
      IsAtInter(entity), 
      IsAtInter(dummyEntity), 
      HigherPri(dummyEntity, entity),
    ),
    CollidingClose(entity, dummyEntity)
  )
)

2026-05-25 18:55:32 [INFO]: *** Task Rule ***: Collision and Intersection -> 
 Implies(Exists(
  [dummyEntity], 
    Or(
      And(
        IsAtInter(entity), 
        IsInInter(dummyEntity), 
      ),
      And(
        IsAtInter(entity), 
        IsAtInter(dummyEntity), 
        HigherPri(dummyEntity, entity),
      ),
      CollidingClose(entity, dummyEntity)
    )
  ),
  Stop(entity)
)

2026-05-25 18:55:32 [INFO]: *** Expert Rule ***: Stop -> 
 Stop(entity) == Exists(
[dummyEntity], 
  Or(
    And(
      IsAtInter(entity), 
      IsInInter(dummyEntity), 
    ),
    And(
      IsAtInter(entity), 
      IsAtInter(dummyEntity), 
      HigherPri(dummyEntity, entity),
    ),
    CollidingClose(entity, dummyEntity)
  )
)

2026-05-25 18:55:32 [INFO]: *** Expert Rule ***: Slow -> 
 Not(Slow(entity))

2026-05-25 18:55:32 [INFO]: *** Expert Rule ***: Fast -> 
 Not(Fast(entity))

2026-05-25 18:55:32 [INFO]: *** Expert Rule ***: Normal -> 
 Normal(entity) == Not(Stop(entity))
2026-05-25 18:55:32 [INFO]: Rules created successfully
2026-05-25 18:55:32 [INFO]: Rules will be grounded later...
2026-05-25 18:55:32 [INFO]: Given Predicates {'IsPedestrian': {'instance': IsPed, 'arity': 1, 'method': 'IsPed(Entity)', 'function': 'logicity.utils.pred_converter.z3.IsPed'}, 'IsCar': {'instance': IsCar, 'arity': 1, 'method': 'IsCar(Entity)', 'function': 'logicity.utils.pred_converter.z3.IsCar'}, 'IsAmbulance': {'instance': IsAmb, 'arity': 1, 'method': 'IsAmb(Entity)', 'function': 'logicity.utils.pred_converter.z3.IsAmb'}, 'IsOld': {'instance': IsOld, 'arity': 1, 'method': 'IsOld(Entity)', 'function': 'logicity.utils.pred_converter.z3.IsOld'}, 'IsTiro': {'instance': IsTiro, 'arity': 1, 'method': 'IsTiro(Entity)', 'function': 'logicity.utils.pred_converter.z3.IsTiro'}, 'IsAtInter': {'instance': IsAtInter, 'arity': 1, 'method': 'IsAtInter(Entity)', 'function': 'logicity.utils.pred_converter.z3.IsAtInter'}, 'IsInInter': {'instance': IsInInter, 'arity': 1, 'method': 'IsInInter(Entity)', 'function': 'logicity.utils.pred_converter.z3.IsInInter'}, 'HigherPri': {'instance': HigherPri, 'arity': 2, 'method': 'HigherPri(Entity, Entity)', 'function': 'logicity.utils.pred_converter.z3.HigherPri'}, 'CollidingClose': {'instance': CollidingClose, 'arity': 2, 'method': 'CollidingClose(Entity, Entity)', 'function': 'logicity.utils.pred_converter.z3.CollidingClose'}, 'Stop': {'instance': Stop, 'arity': 1, 'method': 'Stop(Entity)', 'function': 'None'}, 'Fast': {'instance': Fast, 'arity': 1, 'method': 'Fast(Entity)', 'function': 'None'}, 'Normal': {'instance': Normal, 'arity': 1, 'method': 'Normal(Entity)', 'function': 'None'}, 'Slow': {'instance': Slow, 'arity': 1, 'method': 'Slow(Entity)', 'function': 'None'}}, the FOV entities {'Entity': 3}, The logic grounding shape is: 39
2026-05-25 18:55:32 [INFO]: Local planner constructed!
2026-05-25 18:55:32 [INFO]: Constructing 22 streets
2026-05-25 18:55:33 [INFO]: Constructing 16 buildings
2026-05-25 18:55:34 [INFO]: Adding 4 agents, they are constrained in 103 region
2026-05-25 18:55:34 [INFO]: Car_1 initialization done!
2026-05-25 18:55:34 [INFO]: Pedestrian_1 initialization done!
2026-05-25 18:55:35 [INFO]: Car_2 initialization done!
2026-05-25 18:55:36 [INFO]: Car_3 initialization done!
2026-05-25 18:55:36 [INFO]: Done!
2026-05-25 18:55:36 [INFO]: ***Init RL Agent in Env***
2026-05-25 18:55:57 [INFO]: will reset agent by success
2026-05-25 18:55:57 [INFO]: ***Reset RL Agent in Env***
2026-05-25 18:55:57 [INFO]: Car_1 initialization done!
2026-05-25 18:55:57 [INFO]: Pedestrian_1 initialization done!
2026-05-25 18:55:58 [INFO]: Car_2 initialization done!
2026-05-25 18:55:59 [INFO]: Car_3 initialization done!
2026-05-25 18:55:59 [INFO]: Agent reset priority to 1/4
2026-05-25 18:55:59 [INFO]: Agent reset concepts to {'type': 'Car', 'priority': 1}
2026-05-25 18:55:59 [INFO]: Episode 19 success.
2026-05-25 18:55:59 [INFO]: Episode 19 achieved a score of 4.890000000000012
2026-05-25 18:55:59 [INFO]: Episode 19 Success: 1
2026-05-25 18:55:59 [INFO]: Episode 19 Decision Step: {3: 0}
2026-05-25 18:55:59 [INFO]: Episode 19 Success Decision: {3: 0}
2026-05-25 18:55:59 [INFO]: Timestep: 475000 - Elapsed Time (s): 142682.82 - Success Rate: 0.95 - Mean Reward: 4.862500000000005 

2026-05-25 18:55:59 [INFO]: Failure Rate: 0.05 - Timeout Rate: 0.0 - Mean Episode Length: 65.75
2026-05-25 18:55:59 [INFO]: Mean Decision Succ: 0.875
2026-05-25 18:55:59 [INFO]: Average Decision Succ: 0.875
2026-05-25 18:55:59 [INFO]: Decision Succ for each action: {3: 0.875}
2026-05-25 18:55:59 [INFO]: Action Histogram: {0: 0, 1: 0, 2: 781, 3: 535}
2026-05-25 18:55:59 [INFO]: Failure Rule Counts: {'Collision and Intersection': 1}
2026-05-25 18:55:59 [INFO]: Training Rollout Since Last Eval: failures=941 timeouts=0 successes=1256
2026-05-25 18:55:59 [INFO]: Eval Schedule Phase: fixed
2026-05-26 03:21:24 [INFO]: Evaluating episode 0...
2026-05-26 03:21:24 [INFO]: Episode label: {'oracle_step': 21, 'stop_count': 0, 'has_stop': False, 'ego_crosses': True, 'ego_eta': 5, 'ego_direction': 'down', 'other_crosses': 3, 'close_other_count': 0, 'pedestrian_close': None, 'conflicting_approach': False, 'total_crosses': 4}
2026-05-26 03:21:24 [INFO]: Get map info from config/maps/square_2x2.yaml
2026-05-26 03:21:24 [INFO]: Get agent info from config/agents/easy_lite/val.yaml
2026-05-26 03:21:24 [INFO]: Get onology and rules info from config/rules/ontology_easy.yaml, config/rules/Nav/easy/expert.yaml
2026-05-26 03:21:24 [INFO]: Number of Entity Types: 1
Entity Types:
- Entity
2026-05-26 03:21:24 [INFO]: Number of Predicates: 13
Predicates:
- IsPedestrian: {'instance': "Function('IsPed', entity_sorts['Entity'], BoolSort())", 'arity': 1, 'method': 'IsPed(Entity)', 'function': 'logicity.utils.pred_converter.z3.IsPed'}
- IsCar: {'instance': "Function('IsCar', entity_sorts['Entity'], BoolSort())", 'arity': 1, 'method': 'IsCar(Entity)', 'function': 'logicity.utils.pred_converter.z3.IsCar'}
- IsAmbulance: {'instance': "Function('IsAmb', entity_sorts['Entity'], BoolSort())", 'arity': 1, 'method': 'IsAmb(Entity)', 'function': 'logicity.utils.pred_converter.z3.IsAmb'}
- IsOld: {'instance': "Function('IsOld', entity_sorts['Entity'], BoolSort())", 'arity': 1, 'method': 'IsOld(Entity)', 'function': 'logicity.utils.pred_converter.z3.IsOld'}
- IsTiro: {'instance': "Function('IsTiro', entity_sorts['Entity'], BoolSort())", 'arity': 1, 'method': 'IsTiro(Entity)', 'function': 'logicity.utils.pred_converter.z3.IsTiro'}
- IsAtInter: {'instance': "Function('IsAtInter', entity_sorts['Entity'], BoolSort())", 'arity': 1, 'method': 'IsAtInter(Entity)', 'function': 'logicity.utils.pred_converter.z3.IsAtInter'}
- IsInInter: {'instance': "Function('IsInInter', entity_sorts['Entity'], BoolSort())", 'arity': 1, 'method': 'IsInInter(Entity)', 'function': 'logicity.utils.pred_converter.z3.IsInInter'}
- HigherPri: {'instance': "Function('HigherPri', entity_sorts['Entity'], entity_sorts['Entity'], BoolSort())", 'arity': 2, 'method': 'HigherPri(Entity, Entity)', 'function': 'logicity.utils.pred_converter.z3.HigherPri'}
- CollidingClose: {'instance': "Function('CollidingClose', entity_sorts['Entity'], entity_sorts['Entity'], BoolSort())", 'arity': 2, 'method': 'CollidingClose(Entity, Entity)', 'function': 'logicity.utils.pred_converter.z3.CollidingClose'}
- Stop: {'instance': "Function('Stop', entity_sorts['Entity'], BoolSort())", 'arity': 1, 'method': 'Stop(Entity)', 'function': 'None'}
- Fast: {'instance': "Function('Fast', entity_sorts['Entity'], BoolSort())", 'arity': 1, 'method': 'Fast(Entity)', 'function': 'None'}
- Normal: {'instance': "Function('Normal', entity_sorts['Entity'], BoolSort())", 'arity': 1, 'method': 'Normal(Entity)', 'function': 'None'}
- Slow: {'instance': "Function('Slow', entity_sorts['Entity'], BoolSort())", 'arity': 1, 'method': 'Slow(Entity)', 'function': 'None'}
2026-05-26 03:21:24 [INFO]: *** Sim Rule ***: Stop -> 
 Stop(entity) == Exists(
  [dummyEntity], 
  Or(
    And(
      IsAtInter(entity), 
      IsInInter(dummyEntity), 
    ),
    And(
      IsAtInter(entity), 
      IsAtInter(dummyEntity), 
      HigherPri(dummyEntity, entity),
    ),
    CollidingClose(entity, dummyEntity)
  )
)

2026-05-26 03:21:24 [INFO]: *** Task Rule ***: Collision and Intersection -> 
 Implies(Exists(
  [dummyEntity], 
    Or(
      And(
        IsAtInter(entity), 
        IsInInter(dummyEntity), 
      ),
      And(
        IsAtInter(entity), 
        IsAtInter(dummyEntity), 
        HigherPri(dummyEntity, entity),
      ),
      CollidingClose(entity, dummyEntity)
    )
  ),
  Stop(entity)
)

2026-05-26 03:21:24 [INFO]: *** Expert Rule ***: Stop -> 
 Stop(entity) == Exists(
[dummyEntity], 
  Or(
    And(
      IsAtInter(entity), 
      IsInInter(dummyEntity), 
    ),
    And(
      IsAtInter(entity), 
      IsAtInter(dummyEntity), 
      HigherPri(dummyEntity, entity),
    ),
    CollidingClose(entity, dummyEntity)
  )
)

2026-05-26 03:21:24 [INFO]: *** Expert Rule ***: Slow -> 
 Not(Slow(entity))

2026-05-26 03:21:24 [INFO]: *** Expert Rule ***: Fast -> 
 Not(Fast(entity))

2026-05-26 03:21:24 [INFO]: *** Expert Rule ***: Normal -> 
 Normal(entity) == Not(Stop(entity))
2026-05-26 03:21:24 [INFO]: Rules created successfully
2026-05-26 03:21:24 [INFO]: Rules will be grounded later...
2026-05-26 03:21:24 [INFO]: Given Predicates {'IsPedestrian': {'instance': IsPed, 'arity': 1, 'method': 'IsPed(Entity)', 'function': 'logicity.utils.pred_converter.z3.IsPed'}, 'IsCar': {'instance': IsCar, 'arity': 1, 'method': 'IsCar(Entity)', 'function': 'logicity.utils.pred_converter.z3.IsCar'}, 'IsAmbulance': {'instance': IsAmb, 'arity': 1, 'method': 'IsAmb(Entity)', 'function': 'logicity.utils.pred_converter.z3.IsAmb'}, 'IsOld': {'instance': IsOld, 'arity': 1, 'method': 'IsOld(Entity)', 'function': 'logicity.utils.pred_converter.z3.IsOld'}, 'IsTiro': {'instance': IsTiro, 'arity': 1, 'method': 'IsTiro(Entity)', 'function': 'logicity.utils.pred_converter.z3.IsTiro'}, 'IsAtInter': {'instance': IsAtInter, 'arity': 1, 'method': 'IsAtInter(Entity)', 'function': 'logicity.utils.pred_converter.z3.IsAtInter'}, 'IsInInter': {'instance': IsInInter, 'arity': 1, 'method': 'IsInInter(Entity)', 'function': 'logicity.utils.pred_converter.z3.IsInInter'}, 'HigherPri': {'instance': HigherPri, 'arity': 2, 'method': 'HigherPri(Entity, Entity)', 'function': 'logicity.utils.pred_converter.z3.HigherPri'}, 'CollidingClose': {'instance': CollidingClose, 'arity': 2, 'method': 'CollidingClose(Entity, Entity)', 'function': 'logicity.utils.pred_converter.z3.CollidingClose'}, 'Stop': {'instance': Stop, 'arity': 1, 'method': 'Stop(Entity)', 'function': 'None'}, 'Fast': {'instance': Fast, 'arity': 1, 'method': 'Fast(Entity)', 'function': 'None'}, 'Normal': {'instance': Normal, 'arity': 1, 'method': 'Normal(Entity)', 'function': 'None'}, 'Slow': {'instance': Slow, 'arity': 1, 'method': 'Slow(Entity)', 'function': 'None'}}, the FOV entities {'Entity': 3}, The logic grounding shape is: 39
2026-05-26 03:21:24 [INFO]: Local planner constructed!
2026-05-26 03:21:24 [INFO]: Constructing 22 streets
2026-05-26 03:21:25 [INFO]: Constructing 16 buildings
2026-05-26 03:21:26 [INFO]: Adding 4 agents, they are constrained in 103 region
2026-05-26 03:21:27 [INFO]: Car_1 initialization done!
2026-05-26 03:21:27 [INFO]: Pedestrian_1 initialization done!
2026-05-26 03:21:27 [INFO]: Car_2 initialization done!
2026-05-26 03:21:28 [INFO]: Car_3 initialization done!
2026-05-26 03:21:28 [INFO]: Done!
2026-05-26 03:21:28 [INFO]: ***Init RL Agent in Env***
2026-05-26 03:21:32 [INFO]: will reset agent by success
2026-05-26 03:21:32 [INFO]: ***Reset RL Agent in Env***
2026-05-26 03:21:33 [INFO]: Car_1 initialization done!
2026-05-26 03:21:33 [INFO]: Pedestrian_1 initialization done!
2026-05-26 03:21:33 [INFO]: Car_2 initialization done!
2026-05-26 03:21:34 [INFO]: Car_3 initialization done!
2026-05-26 03:21:34 [INFO]: Agent reset priority to 3/4
2026-05-26 03:21:34 [INFO]: Agent reset concepts to {'type': 'Car', 'priority': 3}
2026-05-26 03:21:34 [INFO]: Episode 0 success.
2026-05-26 03:21:34 [INFO]: Episode 0 achieved a score of 2.66
2026-05-26 03:21:34 [INFO]: Episode 0 Success: 1
2026-05-26 03:21:34 [INFO]: Episode 0 Decision Step: {3: 0}
2026-05-26 03:21:34 [INFO]: Episode 0 Success Decision: {3: 0}
2026-05-26 03:21:34 [INFO]: Evaluating episode 1...
2026-05-26 03:21:34 [INFO]: Episode label: {'oracle_step': 70, 'stop_count': 0, 'has_stop': False, 'ego_crosses': True, 'ego_eta': 62, 'ego_direction': 'up', 'other_crosses': 3, 'close_other_count': 0, 'pedestrian_close': None, 'conflicting_approach': False, 'total_crosses': 4}
2026-05-26 03:21:34 [INFO]: Get map info from config/maps/square_2x2.yaml
2026-05-26 03:21:34 [INFO]: Get agent info from config/agents/easy_lite/val.yaml
2026-05-26 03:21:34 [INFO]: Get onology and rules info from config/rules/ontology_easy.yaml, config/rules/Nav/easy/expert.yaml
2026-05-26 03:21:34 [INFO]: Number of Entity Types: 1
Entity Types:
- Entity
2026-05-26 03:21:34 [INFO]: Number of Predicates: 13
Predicates:
- IsPedestrian: {'instance': "Function('IsPed', entity_sorts['Entity'], BoolSort())", 'arity': 1, 'method': 'IsPed(Entity)', 'function': 'logicity.utils.pred_converter.z3.IsPed'}
- IsCar: {'instance': "Function('IsCar', entity_sorts['Entity'], BoolSort())", 'arity': 1, 'method': 'IsCar(Entity)', 'function': 'logicity.utils.pred_converter.z3.IsCar'}
- IsAmbulance: {'instance': "Function('IsAmb', entity_sorts['Entity'], BoolSort())", 'arity': 1, 'method': 'IsAmb(Entity)', 'function': 'logicity.utils.pred_converter.z3.IsAmb'}
- IsOld: {'instance': "Function('IsOld', entity_sorts['Entity'], BoolSort())", 'arity': 1, 'method': 'IsOld(Entity)', 'function': 'logicity.utils.pred_converter.z3.IsOld'}
- IsTiro: {'instance': "Function('IsTiro', entity_sorts['Entity'], BoolSort())", 'arity': 1, 'method': 'IsTiro(Entity)', 'function': 'logicity.utils.pred_converter.z3.IsTiro'}
- IsAtInter: {'instance': "Function('IsAtInter', entity_sorts['Entity'], BoolSort())", 'arity': 1, 'method': 'IsAtInter(Entity)', 'function': 'logicity.utils.pred_converter.z3.IsAtInter'}
- IsInInter: {'instance': "Function('IsInInter', entity_sorts['Entity'], BoolSort())", 'arity': 1, 'method': 'IsInInter(Entity)', 'function': 'logicity.utils.pred_converter.z3.IsInInter'}
- HigherPri: {'instance': "Function('HigherPri', entity_sorts['Entity'], entity_sorts['Entity'], BoolSort())", 'arity': 2, 'method': 'HigherPri(Entity, Entity)', 'function': 'logicity.utils.pred_converter.z3.HigherPri'}
- CollidingClose: {'instance': "Function('CollidingClose', entity_sorts['Entity'], entity_sorts['Entity'], BoolSort())", 'arity': 2, 'method': 'CollidingClose(Entity, Entity)', 'function': 'logicity.utils.pred_converter.z3.CollidingClose'}
- Stop: {'instance': "Function('Stop', entity_sorts['Entity'], BoolSort())", 'arity': 1, 'method': 'Stop(Entity)', 'function': 'None'}
- Fast: {'instance': "Function('Fast', entity_sorts['Entity'], BoolSort())", 'arity': 1, 'method': 'Fast(Entity)', 'function': 'None'}
- Normal: {'instance': "Function('Normal', entity_sorts['Entity'], BoolSort())", 'arity': 1, 'method': 'Normal(Entity)', 'function': 'None'}
- Slow: {'instance': "Function('Slow', entity_sorts['Entity'], BoolSort())", 'arity': 1, 'method': 'Slow(Entity)', 'function': 'None'}
2026-05-26 03:21:34 [INFO]: *** Sim Rule ***: Stop -> 
 Stop(entity) == Exists(
  [dummyEntity], 
  Or(
    And(
      IsAtInter(entity), 
      IsInInter(dummyEntity), 
    ),
    And(
      IsAtInter(entity), 
      IsAtInter(dummyEntity), 
      HigherPri(dummyEntity, entity),
    ),
    CollidingClose(entity, dummyEntity)
  )
)

2026-05-26 03:21:34 [INFO]: *** Task Rule ***: Collision and Intersection -> 
 Implies(Exists(
  [dummyEntity], 
    Or(
      And(
        IsAtInter(entity), 
        IsInInter(dummyEntity), 
      ),
      And(
        IsAtInter(entity), 
        IsAtInter(dummyEntity), 
        HigherPri(dummyEntity, entity),
      ),
      CollidingClose(entity, dummyEntity)
    )
  ),
  Stop(entity)
)

2026-05-26 03:21:34 [INFO]: *** Expert Rule ***: Stop -> 
 Stop(entity) == Exists(
[dummyEntity], 
  Or(
    And(
      IsAtInter(entity), 
      IsInInter(dummyEntity), 
    ),
    And(
      IsAtInter(entity), 
      IsAtInter(dummyEntity), 
      HigherPri(dummyEntity, entity),
    ),
    CollidingClose(entity, dummyEntity)
  )
)

2026-05-26 03:21:34 [INFO]: *** Expert Rule ***: Slow -> 
 Not(Slow(entity))

2026-05-26 03:21:34 [INFO]: *** Expert Rule ***: Fast -> 
 Not(Fast(entity))

2026-05-26 03:21:34 [INFO]: *** Expert Rule ***: Normal -> 
 Normal(entity) == Not(Stop(entity))
2026-05-26 03:21:34 [INFO]: Rules created successfully
2026-05-26 03:21:34 [INFO]: Rules will be grounded later...
2026-05-26 03:21:34 [INFO]: Given Predicates {'IsPedestrian': {'instance': IsPed, 'arity': 1, 'method': 'IsPed(Entity)', 'function': 'logicity.utils.pred_converter.z3.IsPed'}, 'IsCar': {'instance': IsCar, 'arity': 1, 'method': 'IsCar(Entity)', 'function': 'logicity.utils.pred_converter.z3.IsCar'}, 'IsAmbulance': {'instance': IsAmb, 'arity': 1, 'method': 'IsAmb(Entity)', 'function': 'logicity.utils.pred_converter.z3.IsAmb'}, 'IsOld': {'instance': IsOld, 'arity': 1, 'method': 'IsOld(Entity)', 'function': 'logicity.utils.pred_converter.z3.IsOld'}, 'IsTiro': {'instance': IsTiro, 'arity': 1, 'method': 'IsTiro(Entity)', 'function': 'logicity.utils.pred_converter.z3.IsTiro'}, 'IsAtInter': {'instance': IsAtInter, 'arity': 1, 'method': 'IsAtInter(Entity)', 'function': 'logicity.utils.pred_converter.z3.IsAtInter'}, 'IsInInter': {'instance': IsInInter, 'arity': 1, 'method': 'IsInInter(Entity)', 'function': 'logicity.utils.pred_converter.z3.IsInInter'}, 'HigherPri': {'instance': HigherPri, 'arity': 2, 'method': 'HigherPri(Entity, Entity)', 'function': 'logicity.utils.pred_converter.z3.HigherPri'}, 'CollidingClose': {'instance': CollidingClose, 'arity': 2, 'method': 'CollidingClose(Entity, Entity)', 'function': 'logicity.utils.pred_converter.z3.CollidingClose'}, 'Stop': {'instance': Stop, 'arity': 1, 'method': 'Stop(Entity)', 'function': 'None'}, 'Fast': {'instance': Fast, 'arity': 1, 'method': 'Fast(Entity)', 'function': 'None'}, 'Normal': {'instance': Normal, 'arity': 1, 'method': 'Normal(Entity)', 'function': 'None'}, 'Slow': {'instance': Slow, 'arity': 1, 'method': 'Slow(Entity)', 'function': 'None'}}, the FOV entities {'Entity': 3}, The logic grounding shape is: 39
2026-05-26 03:21:34 [INFO]: Local planner constructed!
2026-05-26 03:21:34 [INFO]: Constructing 22 streets
2026-05-26 03:21:35 [INFO]: Constructing 16 buildings
2026-05-26 03:21:36 [INFO]: Adding 4 agents, they are constrained in 103 region
2026-05-26 03:21:37 [INFO]: Car_1 initialization done!
2026-05-26 03:21:37 [INFO]: Pedestrian_1 initialization done!
2026-05-26 03:21:37 [INFO]: Car_2 initialization done!
2026-05-26 03:21:38 [INFO]: Car_3 initialization done!
2026-05-26 03:21:38 [INFO]: Done!
2026-05-26 03:21:38 [INFO]: ***Init RL Agent in Env***
2026-05-26 03:21:54 [INFO]: will reset agent by success
2026-05-26 03:21:54 [INFO]: ***Reset RL Agent in Env***
2026-05-26 03:21:54 [INFO]: Car_1 initialization done!
2026-05-26 03:21:54 [INFO]: Pedestrian_1 initialization done!
2026-05-26 03:21:55 [INFO]: Car_2 initialization done!
2026-05-26 03:21:56 [INFO]: Car_3 initialization done!
2026-05-26 03:21:56 [INFO]: Agent reset priority to 1/4
2026-05-26 03:21:56 [INFO]: Agent reset concepts to {'type': 'Car', 'priority': 1}
2026-05-26 03:21:56 [INFO]: Episode 1 success.
2026-05-26 03:21:56 [INFO]: Episode 1 achieved a score of 7.030000000000003
2026-05-26 03:21:56 [INFO]: Episode 1 Success: 1
2026-05-26 03:21:56 [INFO]: Episode 1 Decision Step: {3: 0}
2026-05-26 03:21:56 [INFO]: Episode 1 Success Decision: {3: 0}
2026-05-26 03:21:56 [INFO]: Evaluating episode 2...
2026-05-26 03:21:56 [INFO]: Episode label: {'oracle_step': 137, 'stop_count': 52, 'has_stop': True, 'ego_crosses': True, 'ego_eta': 91, 'ego_direction': 'up', 'other_crosses': 3, 'close_other_count': 0, 'pedestrian_close': None, 'conflicting_approach': False, 'total_crosses': 4}
2026-05-26 03:21:56 [INFO]: Get map info from config/maps/square_2x2.yaml
2026-05-26 03:21:56 [INFO]: Get agent info from config/agents/easy_lite/val.yaml
2026-05-26 03:21:56 [INFO]: Get onology and rules info from config/rules/ontology_easy.yaml, config/rules/Nav/easy/expert.yaml
2026-05-26 03:21:56 [INFO]: Number of Entity Types: 1
Entity Types:
- Entity
2026-05-26 03:21:56 [INFO]: Number of Predicates: 13
Predicates:
- IsPedestrian: {'instance': "Function('IsPed', entity_sorts['Entity'], BoolSort())", 'arity': 1, 'method': 'IsPed(Entity)', 'function': 'logicity.utils.pred_converter.z3.IsPed'}
- IsCar: {'instance': "Function('IsCar', entity_sorts['Entity'], BoolSort())", 'arity': 1, 'method': 'IsCar(Entity)', 'function': 'logicity.utils.pred_converter.z3.IsCar'}
- IsAmbulance: {'instance': "Function('IsAmb', entity_sorts['Entity'], BoolSort())", 'arity': 1, 'method': 'IsAmb(Entity)', 'function': 'logicity.utils.pred_converter.z3.IsAmb'}
- IsOld: {'instance': "Function('IsOld', entity_sorts['Entity'], BoolSort())", 'arity': 1, 'method': 'IsOld(Entity)', 'function': 'logicity.utils.pred_converter.z3.IsOld'}
- IsTiro: {'instance': "Function('IsTiro', entity_sorts['Entity'], BoolSort())", 'arity': 1, 'method': 'IsTiro(Entity)', 'function': 'logicity.utils.pred_converter.z3.IsTiro'}
- IsAtInter: {'instance': "Function('IsAtInter', entity_sorts['Entity'], BoolSort())", 'arity': 1, 'method': 'IsAtInter(Entity)', 'function': 'logicity.utils.pred_converter.z3.IsAtInter'}
- IsInInter: {'instance': "Function('IsInInter', entity_sorts['Entity'], BoolSort())", 'arity': 1, 'method': 'IsInInter(Entity)', 'function': 'logicity.utils.pred_converter.z3.IsInInter'}
- HigherPri: {'instance': "Function('HigherPri', entity_sorts['Entity'], entity_sorts['Entity'], BoolSort())", 'arity': 2, 'method': 'HigherPri(Entity, Entity)', 'function': 'logicity.utils.pred_converter.z3.HigherPri'}
- CollidingClose: {'instance': "Function('CollidingClose', entity_sorts['Entity'], entity_sorts['Entity'], BoolSort())", 'arity': 2, 'method': 'CollidingClose(Entity, Entity)', 'function': 'logicity.utils.pred_converter.z3.CollidingClose'}
- Stop: {'instance': "Function('Stop', entity_sorts['Entity'], BoolSort())", 'arity': 1, 'method': 'Stop(Entity)', 'function': 'None'}
- Fast: {'instance': "Function('Fast', entity_sorts['Entity'], BoolSort())", 'arity': 1, 'method': 'Fast(Entity)', 'function': 'None'}
- Normal: {'instance': "Function('Normal', entity_sorts['Entity'], BoolSort())", 'arity': 1, 'method': 'Normal(Entity)', 'function': 'None'}
- Slow: {'instance': "Function('Slow', entity_sorts['Entity'], BoolSort())", 'arity': 1, 'method': 'Slow(Entity)', 'function': 'None'}
2026-05-26 03:21:56 [INFO]: *** Sim Rule ***: Stop -> 
 Stop(entity) == Exists(
  [dummyEntity], 
  Or(
    And(
      IsAtInter(entity), 
      IsInInter(dummyEntity), 
    ),
    And(
      IsAtInter(entity), 
      IsAtInter(dummyEntity), 
      HigherPri(dummyEntity, entity),
    ),
    CollidingClose(entity, dummyEntity)
  )
)

2026-05-26 03:21:56 [INFO]: *** Task Rule ***: Collision and Intersection -> 
 Implies(Exists(
  [dummyEntity], 
    Or(
      And(
        IsAtInter(entity), 
        IsInInter(dummyEntity), 
      ),
      And(
        IsAtInter(entity), 
        IsAtInter(dummyEntity), 
        HigherPri(dummyEntity, entity),
      ),
      CollidingClose(entity, dummyEntity)
    )
  ),
  Stop(entity)
)

2026-05-26 03:21:56 [INFO]: *** Expert Rule ***: Stop -> 
 Stop(entity) == Exists(
[dummyEntity], 
  Or(
    And(
      IsAtInter(entity), 
      IsInInter(dummyEntity), 
    ),
    And(
      IsAtInter(entity), 
      IsAtInter(dummyEntity), 
      HigherPri(dummyEntity, entity),
    ),
    CollidingClose(entity, dummyEntity)
  )
)

2026-05-26 03:21:56 [INFO]: *** Expert Rule ***: Slow -> 
 Not(Slow(entity))

2026-05-26 03:21:56 [INFO]: *** Expert Rule ***: Fast -> 
 Not(Fast(entity))

2026-05-26 03:21:56 [INFO]: *** Expert Rule ***: Normal -> 
 Normal(entity) == Not(Stop(entity))
2026-05-26 03:21:56 [INFO]: Rules created successfully
2026-05-26 03:21:56 [INFO]: Rules will be grounded later...
2026-05-26 03:21:56 [INFO]: Given Predicates {'IsPedestrian': {'instance': IsPed, 'arity': 1, 'method': 'IsPed(Entity)', 'function': 'logicity.utils.pred_converter.z3.IsPed'}, 'IsCar': {'instance': IsCar, 'arity': 1, 'method': 'IsCar(Entity)', 'function': 'logicity.utils.pred_converter.z3.IsCar'}, 'IsAmbulance': {'instance': IsAmb, 'arity': 1, 'method': 'IsAmb(Entity)', 'function': 'logicity.utils.pred_converter.z3.IsAmb'}, 'IsOld': {'instance': IsOld, 'arity': 1, 'method': 'IsOld(Entity)', 'function': 'logicity.utils.pred_converter.z3.IsOld'}, 'IsTiro': {'instance': IsTiro, 'arity': 1, 'method': 'IsTiro(Entity)', 'function': 'logicity.utils.pred_converter.z3.IsTiro'}, 'IsAtInter': {'instance': IsAtInter, 'arity': 1, 'method': 'IsAtInter(Entity)', 'function': 'logicity.utils.pred_converter.z3.IsAtInter'}, 'IsInInter': {'instance': IsInInter, 'arity': 1, 'method': 'IsInInter(Entity)', 'function': 'logicity.utils.pred_converter.z3.IsInInter'}, 'HigherPri': {'instance': HigherPri, 'arity': 2, 'method': 'HigherPri(Entity, Entity)', 'function': 'logicity.utils.pred_converter.z3.HigherPri'}, 'CollidingClose': {'instance': CollidingClose, 'arity': 2, 'method': 'CollidingClose(Entity, Entity)', 'function': 'logicity.utils.pred_converter.z3.CollidingClose'}, 'Stop': {'instance': Stop, 'arity': 1, 'method': 'Stop(Entity)', 'function': 'None'}, 'Fast': {'instance': Fast, 'arity': 1, 'method': 'Fast(Entity)', 'function': 'None'}, 'Normal': {'instance': Normal, 'arity': 1, 'method': 'Normal(Entity)', 'function': 'None'}, 'Slow': {'instance': Slow, 'arity': 1, 'method': 'Slow(Entity)', 'function': 'None'}}, the FOV entities {'Entity': 3}, The logic grounding shape is: 39
2026-05-26 03:21:56 [INFO]: Local planner constructed!
2026-05-26 03:21:56 [INFO]: Constructing 22 streets
2026-05-26 03:21:57 [INFO]: Constructing 16 buildings
2026-05-26 03:21:58 [INFO]: Adding 4 agents, they are constrained in 103 region
2026-05-26 03:21:58 [INFO]: Car_1 initialization done!
2026-05-26 03:21:58 [INFO]: Pedestrian_1 initialization done!
2026-05-26 03:21:59 [INFO]: Car_2 initialization done!
2026-05-26 03:22:00 [INFO]: Car_3 initialization done!
2026-05-26 03:22:00 [INFO]: Done!
2026-05-26 03:22:00 [INFO]: ***Init RL Agent in Env***
2026-05-26 03:22:31 [INFO]: will reset agent by success
2026-05-26 03:22:31 [INFO]: ***Reset RL Agent in Env***
2026-05-26 03:22:32 [INFO]: Car_1 initialization done!
2026-05-26 03:22:32 [INFO]: Pedestrian_1 initialization done!
2026-05-26 03:22:32 [INFO]: Car_2 initialization done!
2026-05-26 03:22:33 [INFO]: Car_3 initialization done!
2026-05-26 03:22:33 [INFO]: Agent reset priority to 3/4
2026-05-26 03:22:33 [INFO]: Agent reset concepts to {'type': 'Car', 'priority': 3}
2026-05-26 03:22:33 [INFO]: Episode 2 success.
2026-05-26 03:22:33 [INFO]: Episode 2 achieved a score of 7.580000000000017
2026-05-26 03:22:33 [INFO]: Episode 2 Success: 1
2026-05-26 03:22:33 [INFO]: Episode 2 Decision Step: {3: 1}
2026-05-26 03:22:33 [INFO]: Episode 2 Success Decision: {3: 1}
2026-05-26 03:22:33 [INFO]: Evaluating episode 3...
2026-05-26 03:22:33 [INFO]: Episode label: {'oracle_step': 57, 'stop_count': 7, 'has_stop': True, 'ego_crosses': True, 'ego_eta': 13, 'ego_direction': 'up', 'other_crosses': 3, 'close_other_count': 0, 'pedestrian_close': None, 'conflicting_approach': False, 'total_crosses': 4}
2026-05-26 03:22:33 [INFO]: Get map info from config/maps/square_2x2.yaml
2026-05-26 03:22:33 [INFO]: Get agent info from config/agents/easy_lite/val.yaml
2026-05-26 03:22:33 [INFO]: Get onology and rules info from config/rules/ontology_easy.yaml, config/rules/Nav/easy/expert.yaml
2026-05-26 03:22:33 [INFO]: Number of Entity Types: 1
Entity Types:
- Entity
2026-05-26 03:22:33 [INFO]: Number of Predicates: 13
Predicates:
- IsPedestrian: {'instance': "Function('IsPed', entity_sorts['Entity'], BoolSort())", 'arity': 1, 'method': 'IsPed(Entity)', 'function': 'logicity.utils.pred_converter.z3.IsPed'}
- IsCar: {'instance': "Function('IsCar', entity_sorts['Entity'], BoolSort())", 'arity': 1, 'method': 'IsCar(Entity)', 'function': 'logicity.utils.pred_converter.z3.IsCar'}
- IsAmbulance: {'instance': "Function('IsAmb', entity_sorts['Entity'], BoolSort())", 'arity': 1, 'method': 'IsAmb(Entity)', 'function': 'logicity.utils.pred_converter.z3.IsAmb'}
- IsOld: {'instance': "Function('IsOld', entity_sorts['Entity'], BoolSort())", 'arity': 1, 'method': 'IsOld(Entity)', 'function': 'logicity.utils.pred_converter.z3.IsOld'}
- IsTiro: {'instance': "Function('IsTiro', entity_sorts['Entity'], BoolSort())", 'arity': 1, 'method': 'IsTiro(Entity)', 'function': 'logicity.utils.pred_converter.z3.IsTiro'}
- IsAtInter: {'instance': "Function('IsAtInter', entity_sorts['Entity'], BoolSort())", 'arity': 1, 'method': 'IsAtInter(Entity)', 'function': 'logicity.utils.pred_converter.z3.IsAtInter'}
- IsInInter: {'instance': "Function('IsInInter', entity_sorts['Entity'], BoolSort())", 'arity': 1, 'method': 'IsInInter(Entity)', 'function': 'logicity.utils.pred_converter.z3.IsInInter'}
- HigherPri: {'instance': "Function('HigherPri', entity_sorts['Entity'], entity_sorts['Entity'], BoolSort())", 'arity': 2, 'method': 'HigherPri(Entity, Entity)', 'function': 'logicity.utils.pred_converter.z3.HigherPri'}
- CollidingClose: {'instance': "Function('CollidingClose', entity_sorts['Entity'], entity_sorts['Entity'], BoolSort())", 'arity': 2, 'method': 'CollidingClose(Entity, Entity)', 'function': 'logicity.utils.pred_converter.z3.CollidingClose'}
- Stop: {'instance': "Function('Stop', entity_sorts['Entity'], BoolSort())", 'arity': 1, 'method': 'Stop(Entity)', 'function': 'None'}
- Fast: {'instance': "Function('Fast', entity_sorts['Entity'], BoolSort())", 'arity': 1, 'method': 'Fast(Entity)', 'function': 'None'}
- Normal: {'instance': "Function('Normal', entity_sorts['Entity'], BoolSort())", 'arity': 1, 'method': 'Normal(Entity)', 'function': 'None'}
- Slow: {'instance': "Function('Slow', entity_sorts['Entity'], BoolSort())", 'arity': 1, 'method': 'Slow(Entity)', 'function': 'None'}
2026-05-26 03:22:33 [INFO]: *** Sim Rule ***: Stop -> 
 Stop(entity) == Exists(
  [dummyEntity], 
  Or(
    And(
      IsAtInter(entity), 
      IsInInter(dummyEntity), 
    ),
    And(
      IsAtInter(entity), 
      IsAtInter(dummyEntity), 
      HigherPri(dummyEntity, entity),
    ),
    CollidingClose(entity, dummyEntity)
  )
)

2026-05-26 03:22:33 [INFO]: *** Task Rule ***: Collision and Intersection -> 
 Implies(Exists(
  [dummyEntity], 
    Or(
      And(
        IsAtInter(entity), 
        IsInInter(dummyEntity), 
      ),
      And(
        IsAtInter(entity), 
        IsAtInter(dummyEntity), 
        HigherPri(dummyEntity, entity),
      ),
      CollidingClose(entity, dummyEntity)
    )
  ),
  Stop(entity)
)

2026-05-26 03:22:33 [INFO]: *** Expert Rule ***: Stop -> 
 Stop(entity) == Exists(
[dummyEntity], 
  Or(
    And(
      IsAtInter(entity), 
      IsInInter(dummyEntity), 
    ),
    And(
      IsAtInter(entity), 
      IsAtInter(dummyEntity), 
      HigherPri(dummyEntity, entity),
    ),
    CollidingClose(entity, dummyEntity)
  )
)

2026-05-26 03:22:33 [INFO]: *** Expert Rule ***: Slow -> 
 Not(Slow(entity))

2026-05-26 03:22:33 [INFO]: *** Expert Rule ***: Fast -> 
 Not(Fast(entity))

2026-05-26 03:22:33 [INFO]: *** Expert Rule ***: Normal -> 
 Normal(entity) == Not(Stop(entity))
2026-05-26 03:22:33 [INFO]: Rules created successfully
2026-05-26 03:22:33 [INFO]: Rules will be grounded later...
2026-05-26 03:22:33 [INFO]: Given Predicates {'IsPedestrian': {'instance': IsPed, 'arity': 1, 'method': 'IsPed(Entity)', 'function': 'logicity.utils.pred_converter.z3.IsPed'}, 'IsCar': {'instance': IsCar, 'arity': 1, 'method': 'IsCar(Entity)', 'function': 'logicity.utils.pred_converter.z3.IsCar'}, 'IsAmbulance': {'instance': IsAmb, 'arity': 1, 'method': 'IsAmb(Entity)', 'function': 'logicity.utils.pred_converter.z3.IsAmb'}, 'IsOld': {'instance': IsOld, 'arity': 1, 'method': 'IsOld(Entity)', 'function': 'logicity.utils.pred_converter.z3.IsOld'}, 'IsTiro': {'instance': IsTiro, 'arity': 1, 'method': 'IsTiro(Entity)', 'function': 'logicity.utils.pred_converter.z3.IsTiro'}, 'IsAtInter': {'instance': IsAtInter, 'arity': 1, 'method': 'IsAtInter(Entity)', 'function': 'logicity.utils.pred_converter.z3.IsAtInter'}, 'IsInInter': {'instance': IsInInter, 'arity': 1, 'method': 'IsInInter(Entity)', 'function': 'logicity.utils.pred_converter.z3.IsInInter'}, 'HigherPri': {'instance': HigherPri, 'arity': 2, 'method': 'HigherPri(Entity, Entity)', 'function': 'logicity.utils.pred_converter.z3.HigherPri'}, 'CollidingClose': {'instance': CollidingClose, 'arity': 2, 'method': 'CollidingClose(Entity, Entity)', 'function': 'logicity.utils.pred_converter.z3.CollidingClose'}, 'Stop': {'instance': Stop, 'arity': 1, 'method': 'Stop(Entity)', 'function': 'None'}, 'Fast': {'instance': Fast, 'arity': 1, 'method': 'Fast(Entity)', 'function': 'None'}, 'Normal': {'instance': Normal, 'arity': 1, 'method': 'Normal(Entity)', 'function': 'None'}, 'Slow': {'instance': Slow, 'arity': 1, 'method': 'Slow(Entity)', 'function': 'None'}}, the FOV entities {'Entity': 3}, The logic grounding shape is: 39
2026-05-26 03:22:33 [INFO]: Local planner constructed!
2026-05-26 03:22:33 [INFO]: Constructing 22 streets
2026-05-26 03:22:34 [INFO]: Constructing 16 buildings
2026-05-26 03:22:35 [INFO]: Adding 4 agents, they are constrained in 103 region
2026-05-26 03:22:35 [INFO]: Car_1 initialization done!
2026-05-26 03:22:35 [INFO]: Pedestrian_1 initialization done!
2026-05-26 03:22:36 [INFO]: Car_2 initialization done!
2026-05-26 03:22:37 [INFO]: Car_3 initialization done!
2026-05-26 03:22:37 [INFO]: Done!
2026-05-26 03:22:37 [INFO]: ***Init RL Agent in Env***
2026-05-26 03:22:45 [INFO]: will reset agent by success
2026-05-26 03:22:45 [INFO]: ***Reset RL Agent in Env***
2026-05-26 03:22:45 [INFO]: Car_1 initialization done!
2026-05-26 03:22:45 [INFO]: Pedestrian_1 initialization done!
2026-05-26 03:22:46 [INFO]: Car_2 initialization done!
2026-05-26 03:22:47 [INFO]: Car_3 initialization done!
2026-05-26 03:22:47 [INFO]: Agent reset priority to 1/4
2026-05-26 03:22:47 [INFO]: Agent reset concepts to {'type': 'Car', 'priority': 1}
2026-05-26 03:22:47 [INFO]: Episode 3 success.
2026-05-26 03:22:47 [INFO]: Episode 3 achieved a score of 5.380000000000002
2026-05-26 03:22:47 [INFO]: Episode 3 Success: 1
2026-05-26 03:22:47 [INFO]: Episode 3 Decision Step: {3: 1}
2026-05-26 03:22:47 [INFO]: Episode 3 Success Decision: {3: 1}
2026-05-26 03:22:47 [INFO]: Evaluating episode 4...
2026-05-26 03:22:47 [INFO]: Episode label: {'oracle_step': 66, 'stop_count': 17, 'has_stop': True, 'ego_crosses': True, 'ego_eta': 26, 'ego_direction': 'down', 'other_crosses': 3, 'close_other_count': 0, 'pedestrian_close': None, 'conflicting_approach': False, 'total_crosses': 4}
2026-05-26 03:22:47 [INFO]: Get map info from config/maps/square_2x2.yaml
2026-05-26 03:22:47 [INFO]: Get agent info from config/agents/easy_lite/val.yaml
2026-05-26 03:22:47 [INFO]: Get onology and rules info from config/rules/ontology_easy.yaml, config/rules/Nav/easy/expert.yaml
2026-05-26 03:22:47 [INFO]: Number of Entity Types: 1
Entity Types:
- Entity
2026-05-26 03:22:47 [INFO]: Number of Predicates: 13
Predicates:
- IsPedestrian: {'instance': "Function('IsPed', entity_sorts['Entity'], BoolSort())", 'arity': 1, 'method': 'IsPed(Entity)', 'function': 'logicity.utils.pred_converter.z3.IsPed'}
- IsCar: {'instance': "Function('IsCar', entity_sorts['Entity'], BoolSort())", 'arity': 1, 'method': 'IsCar(Entity)', 'function': 'logicity.utils.pred_converter.z3.IsCar'}
- IsAmbulance: {'instance': "Function('IsAmb', entity_sorts['Entity'], BoolSort())", 'arity': 1, 'method': 'IsAmb(Entity)', 'function': 'logicity.utils.pred_converter.z3.IsAmb'}
- IsOld: {'instance': "Function('IsOld', entity_sorts['Entity'], BoolSort())", 'arity': 1, 'method': 'IsOld(Entity)', 'function': 'logicity.utils.pred_converter.z3.IsOld'}
- IsTiro: {'instance': "Function('IsTiro', entity_sorts['Entity'], BoolSort())", 'arity': 1, 'method': 'IsTiro(Entity)', 'function': 'logicity.utils.pred_converter.z3.IsTiro'}
- IsAtInter: {'instance': "Function('IsAtInter', entity_sorts['Entity'], BoolSort())", 'arity': 1, 'method': 'IsAtInter(Entity)', 'function': 'logicity.utils.pred_converter.z3.IsAtInter'}
- IsInInter: {'instance': "Function('IsInInter', entity_sorts['Entity'], BoolSort())", 'arity': 1, 'method': 'IsInInter(Entity)', 'function': 'logicity.utils.pred_converter.z3.IsInInter'}
- HigherPri: {'instance': "Function('HigherPri', entity_sorts['Entity'], entity_sorts['Entity'], BoolSort())", 'arity': 2, 'method': 'HigherPri(Entity, Entity)', 'function': 'logicity.utils.pred_converter.z3.HigherPri'}
- CollidingClose: {'instance': "Function('CollidingClose', entity_sorts['Entity'], entity_sorts['Entity'], BoolSort())", 'arity': 2, 'method': 'CollidingClose(Entity, Entity)', 'function': 'logicity.utils.pred_converter.z3.CollidingClose'}
- Stop: {'instance': "Function('Stop', entity_sorts['Entity'], BoolSort())", 'arity': 1, 'method': 'Stop(Entity)', 'function': 'None'}
- Fast: {'instance': "Function('Fast', entity_sorts['Entity'], BoolSort())", 'arity': 1, 'method': 'Fast(Entity)', 'function': 'None'}
- Normal: {'instance': "Function('Normal', entity_sorts['Entity'], BoolSort())", 'arity': 1, 'method': 'Normal(Entity)', 'function': 'None'}
- Slow: {'instance': "Function('Slow', entity_sorts['Entity'], BoolSort())", 'arity': 1, 'method': 'Slow(Entity)', 'function': 'None'}
2026-05-26 03:22:47 [INFO]: *** Sim Rule ***: Stop -> 
 Stop(entity) == Exists(
  [dummyEntity], 
  Or(
    And(
      IsAtInter(entity), 
      IsInInter(dummyEntity), 
    ),
    And(
      IsAtInter(entity), 
      IsAtInter(dummyEntity), 
      HigherPri(dummyEntity, entity),
    ),
    CollidingClose(entity, dummyEntity)
  )
)

2026-05-26 03:22:47 [INFO]: *** Task Rule ***: Collision and Intersection -> 
 Implies(Exists(
  [dummyEntity], 
    Or(
      And(
        IsAtInter(entity), 
        IsInInter(dummyEntity), 
      ),
      And(
        IsAtInter(entity), 
        IsAtInter(dummyEntity), 
        HigherPri(dummyEntity, entity),
      ),
      CollidingClose(entity, dummyEntity)
    )
  ),
  Stop(entity)
)

2026-05-26 03:22:47 [INFO]: *** Expert Rule ***: Stop -> 
 Stop(entity) == Exists(
[dummyEntity], 
  Or(
    And(
      IsAtInter(entity), 
      IsInInter(dummyEntity), 
    ),
    And(
      IsAtInter(entity), 
      IsAtInter(dummyEntity), 
      HigherPri(dummyEntity, entity),
    ),
    CollidingClose(entity, dummyEntity)
  )
)

2026-05-26 03:22:47 [INFO]: *** Expert Rule ***: Slow -> 
 Not(Slow(entity))

2026-05-26 03:22:47 [INFO]: *** Expert Rule ***: Fast -> 
 Not(Fast(entity))

2026-05-26 03:22:47 [INFO]: *** Expert Rule ***: Normal -> 
 Normal(entity) == Not(Stop(entity))
2026-05-26 03:22:47 [INFO]: Rules created successfully
2026-05-26 03:22:47 [INFO]: Rules will be grounded later...
2026-05-26 03:22:47 [INFO]: Given Predicates {'IsPedestrian': {'instance': IsPed, 'arity': 1, 'method': 'IsPed(Entity)', 'function': 'logicity.utils.pred_converter.z3.IsPed'}, 'IsCar': {'instance': IsCar, 'arity': 1, 'method': 'IsCar(Entity)', 'function': 'logicity.utils.pred_converter.z3.IsCar'}, 'IsAmbulance': {'instance': IsAmb, 'arity': 1, 'method': 'IsAmb(Entity)', 'function': 'logicity.utils.pred_converter.z3.IsAmb'}, 'IsOld': {'instance': IsOld, 'arity': 1, 'method': 'IsOld(Entity)', 'function': 'logicity.utils.pred_converter.z3.IsOld'}, 'IsTiro': {'instance': IsTiro, 'arity': 1, 'method': 'IsTiro(Entity)', 'function': 'logicity.utils.pred_converter.z3.IsTiro'}, 'IsAtInter': {'instance': IsAtInter, 'arity': 1, 'method': 'IsAtInter(Entity)', 'function': 'logicity.utils.pred_converter.z3.IsAtInter'}, 'IsInInter': {'instance': IsInInter, 'arity': 1, 'method': 'IsInInter(Entity)', 'function': 'logicity.utils.pred_converter.z3.IsInInter'}, 'HigherPri': {'instance': HigherPri, 'arity': 2, 'method': 'HigherPri(Entity, Entity)', 'function': 'logicity.utils.pred_converter.z3.HigherPri'}, 'CollidingClose': {'instance': CollidingClose, 'arity': 2, 'method': 'CollidingClose(Entity, Entity)', 'function': 'logicity.utils.pred_converter.z3.CollidingClose'}, 'Stop': {'instance': Stop, 'arity': 1, 'method': 'Stop(Entity)', 'function': 'None'}, 'Fast': {'instance': Fast, 'arity': 1, 'method': 'Fast(Entity)', 'function': 'None'}, 'Normal': {'instance': Normal, 'arity': 1, 'method': 'Normal(Entity)', 'function': 'None'}, 'Slow': {'instance': Slow, 'arity': 1, 'method': 'Slow(Entity)', 'function': 'None'}}, the FOV entities {'Entity': 3}, The logic grounding shape is: 39
2026-05-26 03:22:47 [INFO]: Local planner constructed!
2026-05-26 03:22:47 [INFO]: Constructing 22 streets
2026-05-26 03:22:48 [INFO]: Constructing 16 buildings
2026-05-26 03:22:49 [INFO]: Adding 4 agents, they are constrained in 103 region
2026-05-26 03:22:49 [INFO]: Car_1 initialization done!
2026-05-26 03:22:49 [INFO]: Pedestrian_1 initialization done!
2026-05-26 03:22:50 [INFO]: Car_2 initialization done!
2026-05-26 03:22:50 [INFO]: Car_3 initialization done!
2026-05-26 03:22:50 [INFO]: Done!
2026-05-26 03:22:50 [INFO]: ***Init RL Agent in Env***
2026-05-26 03:23:05 [INFO]: will reset agent by success
2026-05-26 03:23:05 [INFO]: ***Reset RL Agent in Env***
2026-05-26 03:23:05 [INFO]: Car_1 initialization done!
2026-05-26 03:23:05 [INFO]: Pedestrian_1 initialization done!
2026-05-26 03:23:05 [INFO]: Car_2 initialization done!
2026-05-26 03:23:06 [INFO]: Car_3 initialization done!
2026-05-26 03:23:06 [INFO]: Agent reset priority to 1/4
2026-05-26 03:23:06 [INFO]: Agent reset concepts to {'type': 'Car', 'priority': 1}
2026-05-26 03:23:06 [INFO]: Episode 4 success.
2026-05-26 03:23:06 [INFO]: Episode 4 achieved a score of 5.0400000000000045
2026-05-26 03:23:06 [INFO]: Episode 4 Success: 1
2026-05-26 03:23:06 [INFO]: Episode 4 Decision Step: {3: 1}
2026-05-26 03:23:06 [INFO]: Episode 4 Success Decision: {3: 1}
2026-05-26 03:23:06 [INFO]: Evaluating episode 5...
2026-05-26 03:23:06 [INFO]: Episode label: {'oracle_step': 62, 'stop_count': 0, 'has_stop': False, 'ego_crosses': True, 'ego_eta': 51, 'ego_direction': 'down', 'other_crosses': 3, 'close_other_count': 0, 'pedestrian_close': None, 'conflicting_approach': False, 'total_crosses': 4}
2026-05-26 03:23:06 [INFO]: Get map info from config/maps/square_2x2.yaml
2026-05-26 03:23:06 [INFO]: Get agent info from config/agents/easy_lite/val.yaml
2026-05-26 03:23:06 [INFO]: Get onology and rules info from config/rules/ontology_easy.yaml, config/rules/Nav/easy/expert.yaml
2026-05-26 03:23:06 [INFO]: Number of Entity Types: 1
Entity Types:
- Entity
2026-05-26 03:23:06 [INFO]: Number of Predicates: 13
Predicates:
- IsPedestrian: {'instance': "Function('IsPed', entity_sorts['Entity'], BoolSort())", 'arity': 1, 'method': 'IsPed(Entity)', 'function': 'logicity.utils.pred_converter.z3.IsPed'}
- IsCar: {'instance': "Function('IsCar', entity_sorts['Entity'], BoolSort())", 'arity': 1, 'method': 'IsCar(Entity)', 'function': 'logicity.utils.pred_converter.z3.IsCar'}
- IsAmbulance: {'instance': "Function('IsAmb', entity_sorts['Entity'], BoolSort())", 'arity': 1, 'method': 'IsAmb(Entity)', 'function': 'logicity.utils.pred_converter.z3.IsAmb'}
- IsOld: {'instance': "Function('IsOld', entity_sorts['Entity'], BoolSort())", 'arity': 1, 'method': 'IsOld(Entity)', 'function': 'logicity.utils.pred_converter.z3.IsOld'}
- IsTiro: {'instance': "Function('IsTiro', entity_sorts['Entity'], BoolSort())", 'arity': 1, 'method': 'IsTiro(Entity)', 'function': 'logicity.utils.pred_converter.z3.IsTiro'}
- IsAtInter: {'instance': "Function('IsAtInter', entity_sorts['Entity'], BoolSort())", 'arity': 1, 'method': 'IsAtInter(Entity)', 'function': 'logicity.utils.pred_converter.z3.IsAtInter'}
- IsInInter: {'instance': "Function('IsInInter', entity_sorts['Entity'], BoolSort())", 'arity': 1, 'method': 'IsInInter(Entity)', 'function': 'logicity.utils.pred_converter.z3.IsInInter'}
- HigherPri: {'instance': "Function('HigherPri', entity_sorts['Entity'], entity_sorts['Entity'], BoolSort())", 'arity': 2, 'method': 'HigherPri(Entity, Entity)', 'function': 'logicity.utils.pred_converter.z3.HigherPri'}
- CollidingClose: {'instance': "Function('CollidingClose', entity_sorts['Entity'], entity_sorts['Entity'], BoolSort())", 'arity': 2, 'method': 'CollidingClose(Entity, Entity)', 'function': 'logicity.utils.pred_converter.z3.CollidingClose'}
- Stop: {'instance': "Function('Stop', entity_sorts['Entity'], BoolSort())", 'arity': 1, 'method': 'Stop(Entity)', 'function': 'None'}
- Fast: {'instance': "Function('Fast', entity_sorts['Entity'], BoolSort())", 'arity': 1, 'method': 'Fast(Entity)', 'function': 'None'}
- Normal: {'instance': "Function('Normal', entity_sorts['Entity'], BoolSort())", 'arity': 1, 'method': 'Normal(Entity)', 'function': 'None'}
- Slow: {'instance': "Function('Slow', entity_sorts['Entity'], BoolSort())", 'arity': 1, 'method': 'Slow(Entity)', 'function': 'None'}
2026-05-26 03:23:06 [INFO]: *** Sim Rule ***: Stop -> 
 Stop(entity) == Exists(
  [dummyEntity], 
  Or(
    And(
      IsAtInter(entity), 
      IsInInter(dummyEntity), 
    ),
    And(
      IsAtInter(entity), 
      IsAtInter(dummyEntity), 
      HigherPri(dummyEntity, entity),
    ),
    CollidingClose(entity, dummyEntity)
  )
)

2026-05-26 03:23:06 [INFO]: *** Task Rule ***: Collision and Intersection -> 
 Implies(Exists(
  [dummyEntity], 
    Or(
      And(
        IsAtInter(entity), 
        IsInInter(dummyEntity), 
      ),
      And(
        IsAtInter(entity), 
        IsAtInter(dummyEntity), 
        HigherPri(dummyEntity, entity),
      ),
      CollidingClose(entity, dummyEntity)
    )
  ),
  Stop(entity)
)

2026-05-26 03:23:06 [INFO]: *** Expert Rule ***: Stop -> 
 Stop(entity) == Exists(
[dummyEntity], 
  Or(
    And(
      IsAtInter(entity), 
      IsInInter(dummyEntity), 
    ),
    And(
      IsAtInter(entity), 
      IsAtInter(dummyEntity), 
      HigherPri(dummyEntity, entity),
    ),
    CollidingClose(entity, dummyEntity)
  )
)

2026-05-26 03:23:06 [INFO]: *** Expert Rule ***: Slow -> 
 Not(Slow(entity))

2026-05-26 03:23:06 [INFO]: *** Expert Rule ***: Fast -> 
 Not(Fast(entity))

2026-05-26 03:23:06 [INFO]: *** Expert Rule ***: Normal -> 
 Normal(entity) == Not(Stop(entity))
2026-05-26 03:23:06 [INFO]: Rules created successfully
2026-05-26 03:23:06 [INFO]: Rules will be grounded later...
2026-05-26 03:23:06 [INFO]: Given Predicates {'IsPedestrian': {'instance': IsPed, 'arity': 1, 'method': 'IsPed(Entity)', 'function': 'logicity.utils.pred_converter.z3.IsPed'}, 'IsCar': {'instance': IsCar, 'arity': 1, 'method': 'IsCar(Entity)', 'function': 'logicity.utils.pred_converter.z3.IsCar'}, 'IsAmbulance': {'instance': IsAmb, 'arity': 1, 'method': 'IsAmb(Entity)', 'function': 'logicity.utils.pred_converter.z3.IsAmb'}, 'IsOld': {'instance': IsOld, 'arity': 1, 'method': 'IsOld(Entity)', 'function': 'logicity.utils.pred_converter.z3.IsOld'}, 'IsTiro': {'instance': IsTiro, 'arity': 1, 'method': 'IsTiro(Entity)', 'function': 'logicity.utils.pred_converter.z3.IsTiro'}, 'IsAtInter': {'instance': IsAtInter, 'arity': 1, 'method': 'IsAtInter(Entity)', 'function': 'logicity.utils.pred_converter.z3.IsAtInter'}, 'IsInInter': {'instance': IsInInter, 'arity': 1, 'method': 'IsInInter(Entity)', 'function': 'logicity.utils.pred_converter.z3.IsInInter'}, 'HigherPri': {'instance': HigherPri, 'arity': 2, 'method': 'HigherPri(Entity, Entity)', 'function': 'logicity.utils.pred_converter.z3.HigherPri'}, 'CollidingClose': {'instance': CollidingClose, 'arity': 2, 'method': 'CollidingClose(Entity, Entity)', 'function': 'logicity.utils.pred_converter.z3.CollidingClose'}, 'Stop': {'instance': Stop, 'arity': 1, 'method': 'Stop(Entity)', 'function': 'None'}, 'Fast': {'instance': Fast, 'arity': 1, 'method': 'Fast(Entity)', 'function': 'None'}, 'Normal': {'instance': Normal, 'arity': 1, 'method': 'Normal(Entity)', 'function': 'None'}, 'Slow': {'instance': Slow, 'arity': 1, 'method': 'Slow(Entity)', 'function': 'None'}}, the FOV entities {'Entity': 3}, The logic grounding shape is: 39
2026-05-26 03:23:06 [INFO]: Local planner constructed!
2026-05-26 03:23:06 [INFO]: Constructing 22 streets
2026-05-26 03:23:07 [INFO]: Constructing 16 buildings
2026-05-26 03:23:07 [INFO]: Adding 4 agents, they are constrained in 103 region
2026-05-26 03:23:07 [INFO]: Car_1 initialization done!
2026-05-26 03:23:07 [INFO]: Pedestrian_1 initialization done!
2026-05-26 03:23:08 [INFO]: Car_2 initialization done!
2026-05-26 03:23:08 [INFO]: Car_3 initialization done!
2026-05-26 03:23:08 [INFO]: Done!
2026-05-26 03:23:08 [INFO]: ***Init RL Agent in Env***
2026-05-26 03:23:25 [INFO]: will reset agent by success
2026-05-26 03:23:25 [INFO]: ***Reset RL Agent in Env***
2026-05-26 03:23:26 [INFO]: Car_1 initialization done!
2026-05-26 03:23:26 [INFO]: Pedestrian_1 initialization done!
2026-05-26 03:23:26 [INFO]: Car_2 initialization done!
2026-05-26 03:23:27 [INFO]: Car_3 initialization done!
2026-05-26 03:23:27 [INFO]: Agent reset priority to 1/4
2026-05-26 03:23:27 [INFO]: Agent reset concepts to {'type': 'Car', 'priority': 1}
2026-05-26 03:23:27 [INFO]: Episode 5 success.
2026-05-26 03:23:27 [INFO]: Episode 5 achieved a score of 6.080000000000006
2026-05-26 03:23:27 [INFO]: Episode 5 Success: 1
2026-05-26 03:23:27 [INFO]: Episode 5 Decision Step: {3: 0}
2026-05-26 03:23:27 [INFO]: Episode 5 Success Decision: {3: 0}
2026-05-26 03:23:27 [INFO]: Evaluating episode 6...
2026-05-26 03:23:27 [INFO]: Episode label: {'oracle_step': 53, 'stop_count': 10, 'has_stop': True, 'ego_crosses': True, 'ego_eta': 9, 'ego_direction': 'right', 'other_crosses': 3, 'close_other_count': 0, 'pedestrian_close': None, 'conflicting_approach': False, 'total_crosses': 4}
2026-05-26 03:23:27 [INFO]: Get map info from config/maps/square_2x2.yaml
2026-05-26 03:23:27 [INFO]: Get agent info from config/agents/easy_lite/val.yaml
2026-05-26 03:23:27 [INFO]: Get onology and rules info from config/rules/ontology_easy.yaml, config/rules/Nav/easy/expert.yaml
2026-05-26 03:23:27 [INFO]: Number of Entity Types: 1
Entity Types:
- Entity
2026-05-26 03:23:27 [INFO]: Number of Predicates: 13
Predicates:
- IsPedestrian: {'instance': "Function('IsPed', entity_sorts['Entity'], BoolSort())", 'arity': 1, 'method': 'IsPed(Entity)', 'function': 'logicity.utils.pred_converter.z3.IsPed'}
- IsCar: {'instance': "Function('IsCar', entity_sorts['Entity'], BoolSort())", 'arity': 1, 'method': 'IsCar(Entity)', 'function': 'logicity.utils.pred_converter.z3.IsCar'}
- IsAmbulance: {'instance': "Function('IsAmb', entity_sorts['Entity'], BoolSort())", 'arity': 1, 'method': 'IsAmb(Entity)', 'function': 'logicity.utils.pred_converter.z3.IsAmb'}
- IsOld: {'instance': "Function('IsOld', entity_sorts['Entity'], BoolSort())", 'arity': 1, 'method': 'IsOld(Entity)', 'function': 'logicity.utils.pred_converter.z3.IsOld'}
- IsTiro: {'instance': "Function('IsTiro', entity_sorts['Entity'], BoolSort())", 'arity': 1, 'method': 'IsTiro(Entity)', 'function': 'logicity.utils.pred_converter.z3.IsTiro'}
- IsAtInter: {'instance': "Function('IsAtInter', entity_sorts['Entity'], BoolSort())", 'arity': 1, 'method': 'IsAtInter(Entity)', 'function': 'logicity.utils.pred_converter.z3.IsAtInter'}
- IsInInter: {'instance': "Function('IsInInter', entity_sorts['Entity'], BoolSort())", 'arity': 1, 'method': 'IsInInter(Entity)', 'function': 'logicity.utils.pred_converter.z3.IsInInter'}
- HigherPri: {'instance': "Function('HigherPri', entity_sorts['Entity'], entity_sorts['Entity'], BoolSort())", 'arity': 2, 'method': 'HigherPri(Entity, Entity)', 'function': 'logicity.utils.pred_converter.z3.HigherPri'}
- CollidingClose: {'instance': "Function('CollidingClose', entity_sorts['Entity'], entity_sorts['Entity'], BoolSort())", 'arity': 2, 'method': 'CollidingClose(Entity, Entity)', 'function': 'logicity.utils.pred_converter.z3.CollidingClose'}
- Stop: {'instance': "Function('Stop', entity_sorts['Entity'], BoolSort())", 'arity': 1, 'method': 'Stop(Entity)', 'function': 'None'}
- Fast: {'instance': "Function('Fast', entity_sorts['Entity'], BoolSort())", 'arity': 1, 'method': 'Fast(Entity)', 'function': 'None'}
- Normal: {'instance': "Function('Normal', entity_sorts['Entity'], BoolSort())", 'arity': 1, 'method': 'Normal(Entity)', 'function': 'None'}
- Slow: {'instance': "Function('Slow', entity_sorts['Entity'], BoolSort())", 'arity': 1, 'method': 'Slow(Entity)', 'function': 'None'}
2026-05-26 03:23:27 [INFO]: *** Sim Rule ***: Stop -> 
 Stop(entity) == Exists(
  [dummyEntity], 
  Or(
    And(
      IsAtInter(entity), 
      IsInInter(dummyEntity), 
    ),
    And(
      IsAtInter(entity), 
      IsAtInter(dummyEntity), 
      HigherPri(dummyEntity, entity),
    ),
    CollidingClose(entity, dummyEntity)
  )
)

2026-05-26 03:23:27 [INFO]: *** Task Rule ***: Collision and Intersection -> 
 Implies(Exists(
  [dummyEntity], 
    Or(
      And(
        IsAtInter(entity), 
        IsInInter(dummyEntity), 
      ),
      And(
        IsAtInter(entity), 
        IsAtInter(dummyEntity), 
        HigherPri(dummyEntity, entity),
      ),
      CollidingClose(entity, dummyEntity)
    )
  ),
  Stop(entity)
)

2026-05-26 03:23:27 [INFO]: *** Expert Rule ***: Stop -> 
 Stop(entity) == Exists(
[dummyEntity], 
  Or(
    And(
      IsAtInter(entity), 
      IsInInter(dummyEntity), 
    ),
    And(
      IsAtInter(entity), 
      IsAtInter(dummyEntity), 
      HigherPri(dummyEntity, entity),
    ),
    CollidingClose(entity, dummyEntity)
  )
)

2026-05-26 03:23:27 [INFO]: *** Expert Rule ***: Slow -> 
 Not(Slow(entity))

2026-05-26 03:23:27 [INFO]: *** Expert Rule ***: Fast -> 
 Not(Fast(entity))

2026-05-26 03:23:27 [INFO]: *** Expert Rule ***: Normal -> 
 Normal(entity) == Not(Stop(entity))
2026-05-26 03:23:27 [INFO]: Rules created successfully
2026-05-26 03:23:27 [INFO]: Rules will be grounded later...
2026-05-26 03:23:27 [INFO]: Given Predicates {'IsPedestrian': {'instance': IsPed, 'arity': 1, 'method': 'IsPed(Entity)', 'function': 'logicity.utils.pred_converter.z3.IsPed'}, 'IsCar': {'instance': IsCar, 'arity': 1, 'method': 'IsCar(Entity)', 'function': 'logicity.utils.pred_converter.z3.IsCar'}, 'IsAmbulance': {'instance': IsAmb, 'arity': 1, 'method': 'IsAmb(Entity)', 'function': 'logicity.utils.pred_converter.z3.IsAmb'}, 'IsOld': {'instance': IsOld, 'arity': 1, 'method': 'IsOld(Entity)', 'function': 'logicity.utils.pred_converter.z3.IsOld'}, 'IsTiro': {'instance': IsTiro, 'arity': 1, 'method': 'IsTiro(Entity)', 'function': 'logicity.utils.pred_converter.z3.IsTiro'}, 'IsAtInter': {'instance': IsAtInter, 'arity': 1, 'method': 'IsAtInter(Entity)', 'function': 'logicity.utils.pred_converter.z3.IsAtInter'}, 'IsInInter': {'instance': IsInInter, 'arity': 1, 'method': 'IsInInter(Entity)', 'function': 'logicity.utils.pred_converter.z3.IsInInter'}, 'HigherPri': {'instance': HigherPri, 'arity': 2, 'method': 'HigherPri(Entity, Entity)', 'function': 'logicity.utils.pred_converter.z3.HigherPri'}, 'CollidingClose': {'instance': CollidingClose, 'arity': 2, 'method': 'CollidingClose(Entity, Entity)', 'function': 'logicity.utils.pred_converter.z3.CollidingClose'}, 'Stop': {'instance': Stop, 'arity': 1, 'method': 'Stop(Entity)', 'function': 'None'}, 'Fast': {'instance': Fast, 'arity': 1, 'method': 'Fast(Entity)', 'function': 'None'}, 'Normal': {'instance': Normal, 'arity': 1, 'method': 'Normal(Entity)', 'function': 'None'}, 'Slow': {'instance': Slow, 'arity': 1, 'method': 'Slow(Entity)', 'function': 'None'}}, the FOV entities {'Entity': 3}, The logic grounding shape is: 39
2026-05-26 03:23:27 [INFO]: Local planner constructed!
2026-05-26 03:23:27 [INFO]: Constructing 22 streets
2026-05-26 03:23:28 [INFO]: Constructing 16 buildings
2026-05-26 03:23:28 [INFO]: Adding 4 agents, they are constrained in 103 region
2026-05-26 03:23:28 [INFO]: Car_1 initialization done!
2026-05-26 03:23:28 [INFO]: Pedestrian_1 initialization done!
2026-05-26 03:23:29 [INFO]: Car_2 initialization done!
2026-05-26 03:23:29 [INFO]: Car_3 initialization done!
2026-05-26 03:23:29 [INFO]: Done!
2026-05-26 03:23:29 [INFO]: ***Init RL Agent in Env***
2026-05-26 03:23:38 [INFO]: will reset agent by success
2026-05-26 03:23:38 [INFO]: ***Reset RL Agent in Env***
2026-05-26 03:23:39 [INFO]: Car_1 initialization done!
2026-05-26 03:23:39 [INFO]: Pedestrian_1 initialization done!
2026-05-26 03:23:39 [INFO]: Car_2 initialization done!
2026-05-26 03:23:39 [INFO]: Car_3 initialization done!
2026-05-26 03:23:39 [INFO]: Agent reset priority to 1/4
2026-05-26 03:23:39 [INFO]: Agent reset concepts to {'type': 'Car', 'priority': 1}
2026-05-26 03:23:40 [INFO]: Episode 6 success.
2026-05-26 03:23:40 [INFO]: Episode 6 achieved a score of 4.600000000000002
2026-05-26 03:23:40 [INFO]: Episode 6 Success: 1
2026-05-26 03:23:40 [INFO]: Episode 6 Decision Step: {3: 1}
2026-05-26 03:23:40 [INFO]: Episode 6 Success Decision: {3: 1}
2026-05-26 03:23:40 [INFO]: Evaluating episode 7...
2026-05-26 03:23:40 [INFO]: Episode label: {'oracle_step': 76, 'stop_count': 10, 'has_stop': True, 'ego_crosses': True, 'ego_eta': 13, 'ego_direction': 'down', 'other_crosses': 3, 'close_other_count': 0, 'pedestrian_close': None, 'conflicting_approach': False, 'total_crosses': 4}
2026-05-26 03:23:40 [INFO]: Get map info from config/maps/square_2x2.yaml
2026-05-26 03:23:40 [INFO]: Get agent info from config/agents/easy_lite/val.yaml
2026-05-26 03:23:40 [INFO]: Get onology and rules info from config/rules/ontology_easy.yaml, config/rules/Nav/easy/expert.yaml
2026-05-26 03:23:40 [INFO]: Number of Entity Types: 1
Entity Types:
- Entity
2026-05-26 03:23:40 [INFO]: Number of Predicates: 13
Predicates:
- IsPedestrian: {'instance': "Function('IsPed', entity_sorts['Entity'], BoolSort())", 'arity': 1, 'method': 'IsPed(Entity)', 'function': 'logicity.utils.pred_converter.z3.IsPed'}
- IsCar: {'instance': "Function('IsCar', entity_sorts['Entity'], BoolSort())", 'arity': 1, 'method': 'IsCar(Entity)', 'function': 'logicity.utils.pred_converter.z3.IsCar'}
- IsAmbulance: {'instance': "Function('IsAmb', entity_sorts['Entity'], BoolSort())", 'arity': 1, 'method': 'IsAmb(Entity)', 'function': 'logicity.utils.pred_converter.z3.IsAmb'}
- IsOld: {'instance': "Function('IsOld', entity_sorts['Entity'], BoolSort())", 'arity': 1, 'method': 'IsOld(Entity)', 'function': 'logicity.utils.pred_converter.z3.IsOld'}
- IsTiro: {'instance': "Function('IsTiro', entity_sorts['Entity'], BoolSort())", 'arity': 1, 'method': 'IsTiro(Entity)', 'function': 'logicity.utils.pred_converter.z3.IsTiro'}
- IsAtInter: {'instance': "Function('IsAtInter', entity_sorts['Entity'], BoolSort())", 'arity': 1, 'method': 'IsAtInter(Entity)', 'function': 'logicity.utils.pred_converter.z3.IsAtInter'}
- IsInInter: {'instance': "Function('IsInInter', entity_sorts['Entity'], BoolSort())", 'arity': 1, 'method': 'IsInInter(Entity)', 'function': 'logicity.utils.pred_converter.z3.IsInInter'}
- HigherPri: {'instance': "Function('HigherPri', entity_sorts['Entity'], entity_sorts['Entity'], BoolSort())", 'arity': 2, 'method': 'HigherPri(Entity, Entity)', 'function': 'logicity.utils.pred_converter.z3.HigherPri'}
- CollidingClose: {'instance': "Function('CollidingClose', entity_sorts['Entity'], entity_sorts['Entity'], BoolSort())", 'arity': 2, 'method': 'CollidingClose(Entity, Entity)', 'function': 'logicity.utils.pred_converter.z3.CollidingClose'}
- Stop: {'instance': "Function('Stop', entity_sorts['Entity'], BoolSort())", 'arity': 1, 'method': 'Stop(Entity)', 'function': 'None'}
- Fast: {'instance': "Function('Fast', entity_sorts['Entity'], BoolSort())", 'arity': 1, 'method': 'Fast(Entity)', 'function': 'None'}
- Normal: {'instance': "Function('Normal', entity_sorts['Entity'], BoolSort())", 'arity': 1, 'method': 'Normal(Entity)', 'function': 'None'}
- Slow: {'instance': "Function('Slow', entity_sorts['Entity'], BoolSort())", 'arity': 1, 'method': 'Slow(Entity)', 'function': 'None'}
2026-05-26 03:23:40 [INFO]: *** Sim Rule ***: Stop -> 
 Stop(entity) == Exists(
  [dummyEntity], 
  Or(
    And(
      IsAtInter(entity), 
      IsInInter(dummyEntity), 
    ),
    And(
      IsAtInter(entity), 
      IsAtInter(dummyEntity), 
      HigherPri(dummyEntity, entity),
    ),
    CollidingClose(entity, dummyEntity)
  )
)

2026-05-26 03:23:40 [INFO]: *** Task Rule ***: Collision and Intersection -> 
 Implies(Exists(
  [dummyEntity], 
    Or(
      And(
        IsAtInter(entity), 
        IsInInter(dummyEntity), 
      ),
      And(
        IsAtInter(entity), 
        IsAtInter(dummyEntity), 
        HigherPri(dummyEntity, entity),
      ),
      CollidingClose(entity, dummyEntity)
    )
  ),
  Stop(entity)
)

2026-05-26 03:23:40 [INFO]: *** Expert Rule ***: Stop -> 
 Stop(entity) == Exists(
[dummyEntity], 
  Or(
    And(
      IsAtInter(entity), 
      IsInInter(dummyEntity), 
    ),
    And(
      IsAtInter(entity), 
      IsAtInter(dummyEntity), 
      HigherPri(dummyEntity, entity),
    ),
    CollidingClose(entity, dummyEntity)
  )
)

2026-05-26 03:23:40 [INFO]: *** Expert Rule ***: Slow -> 
 Not(Slow(entity))

2026-05-26 03:23:40 [INFO]: *** Expert Rule ***: Fast -> 
 Not(Fast(entity))

2026-05-26 03:23:40 [INFO]: *** Expert Rule ***: Normal -> 
 Normal(entity) == Not(Stop(entity))
2026-05-26 03:23:40 [INFO]: Rules created successfully
2026-05-26 03:23:40 [INFO]: Rules will be grounded later...
2026-05-26 03:23:40 [INFO]: Given Predicates {'IsPedestrian': {'instance': IsPed, 'arity': 1, 'method': 'IsPed(Entity)', 'function': 'logicity.utils.pred_converter.z3.IsPed'}, 'IsCar': {'instance': IsCar, 'arity': 1, 'method': 'IsCar(Entity)', 'function': 'logicity.utils.pred_converter.z3.IsCar'}, 'IsAmbulance': {'instance': IsAmb, 'arity': 1, 'method': 'IsAmb(Entity)', 'function': 'logicity.utils.pred_converter.z3.IsAmb'}, 'IsOld': {'instance': IsOld, 'arity': 1, 'method': 'IsOld(Entity)', 'function': 'logicity.utils.pred_converter.z3.IsOld'}, 'IsTiro': {'instance': IsTiro, 'arity': 1, 'method': 'IsTiro(Entity)', 'function': 'logicity.utils.pred_converter.z3.IsTiro'}, 'IsAtInter': {'instance': IsAtInter, 'arity': 1, 'method': 'IsAtInter(Entity)', 'function': 'logicity.utils.pred_converter.z3.IsAtInter'}, 'IsInInter': {'instance': IsInInter, 'arity': 1, 'method': 'IsInInter(Entity)', 'function': 'logicity.utils.pred_converter.z3.IsInInter'}, 'HigherPri': {'instance': HigherPri, 'arity': 2, 'method': 'HigherPri(Entity, Entity)', 'function': 'logicity.utils.pred_converter.z3.HigherPri'}, 'CollidingClose': {'instance': CollidingClose, 'arity': 2, 'method': 'CollidingClose(Entity, Entity)', 'function': 'logicity.utils.pred_converter.z3.CollidingClose'}, 'Stop': {'instance': Stop, 'arity': 1, 'method': 'Stop(Entity)', 'function': 'None'}, 'Fast': {'instance': Fast, 'arity': 1, 'method': 'Fast(Entity)', 'function': 'None'}, 'Normal': {'instance': Normal, 'arity': 1, 'method': 'Normal(Entity)', 'function': 'None'}, 'Slow': {'instance': Slow, 'arity': 1, 'method': 'Slow(Entity)', 'function': 'None'}}, the FOV entities {'Entity': 3}, The logic grounding shape is: 39
2026-05-26 03:23:40 [INFO]: Local planner constructed!
2026-05-26 03:23:40 [INFO]: Constructing 22 streets
2026-05-26 03:23:40 [INFO]: Constructing 16 buildings
2026-05-26 03:23:41 [INFO]: Adding 4 agents, they are constrained in 103 region
2026-05-26 03:23:41 [INFO]: Car_1 initialization done!
2026-05-26 03:23:41 [INFO]: Pedestrian_1 initialization done!
2026-05-26 03:23:42 [INFO]: Car_2 initialization done!
2026-05-26 03:23:42 [INFO]: Car_3 initialization done!
2026-05-26 03:23:42 [INFO]: Done!
2026-05-26 03:23:42 [INFO]: ***Init RL Agent in Env***
2026-05-26 03:23:53 [INFO]: will reset agent by success
2026-05-26 03:23:53 [INFO]: ***Reset RL Agent in Env***
2026-05-26 03:23:53 [INFO]: Car_1 initialization done!
2026-05-26 03:23:53 [INFO]: Pedestrian_1 initialization done!
2026-05-26 03:23:54 [INFO]: Car_2 initialization done!
2026-05-26 03:23:55 [INFO]: Car_3 initialization done!
2026-05-26 03:23:55 [INFO]: Agent reset priority to 3/4
2026-05-26 03:23:55 [INFO]: Agent reset concepts to {'type': 'Car', 'priority': 3}
2026-05-26 03:23:55 [INFO]: Episode 7 success.
2026-05-26 03:23:55 [INFO]: Episode 7 achieved a score of 6.809999999999999
2026-05-26 03:23:55 [INFO]: Episode 7 Success: 1
2026-05-26 03:23:55 [INFO]: Episode 7 Decision Step: {3: 0}
2026-05-26 03:23:55 [INFO]: Episode 7 Success Decision: {3: 0}
2026-05-26 03:23:55 [INFO]: Evaluating episode 8...
2026-05-26 03:23:55 [INFO]: Episode label: {'oracle_step': 49, 'stop_count': 0, 'has_stop': False, 'ego_crosses': True, 'ego_eta': 29, 'ego_direction': 'right', 'other_crosses': 3, 'close_other_count': 0, 'pedestrian_close': None, 'conflicting_approach': False, 'total_crosses': 4}
2026-05-26 03:23:55 [INFO]: Get map info from config/maps/square_2x2.yaml
2026-05-26 03:23:55 [INFO]: Get agent info from config/agents/easy_lite/val.yaml
2026-05-26 03:23:55 [INFO]: Get onology and rules info from config/rules/ontology_easy.yaml, config/rules/Nav/easy/expert.yaml
2026-05-26 03:23:55 [INFO]: Number of Entity Types: 1
Entity Types:
- Entity
2026-05-26 03:23:55 [INFO]: Number of Predicates: 13
Predicates:
- IsPedestrian: {'instance': "Function('IsPed', entity_sorts['Entity'], BoolSort())", 'arity': 1, 'method': 'IsPed(Entity)', 'function': 'logicity.utils.pred_converter.z3.IsPed'}
- IsCar: {'instance': "Function('IsCar', entity_sorts['Entity'], BoolSort())", 'arity': 1, 'method': 'IsCar(Entity)', 'function': 'logicity.utils.pred_converter.z3.IsCar'}
- IsAmbulance: {'instance': "Function('IsAmb', entity_sorts['Entity'], BoolSort())", 'arity': 1, 'method': 'IsAmb(Entity)', 'function': 'logicity.utils.pred_converter.z3.IsAmb'}
- IsOld: {'instance': "Function('IsOld', entity_sorts['Entity'], BoolSort())", 'arity': 1, 'method': 'IsOld(Entity)', 'function': 'logicity.utils.pred_converter.z3.IsOld'}
- IsTiro: {'instance': "Function('IsTiro', entity_sorts['Entity'], BoolSort())", 'arity': 1, 'method': 'IsTiro(Entity)', 'function': 'logicity.utils.pred_converter.z3.IsTiro'}
- IsAtInter: {'instance': "Function('IsAtInter', entity_sorts['Entity'], BoolSort())", 'arity': 1, 'method': 'IsAtInter(Entity)', 'function': 'logicity.utils.pred_converter.z3.IsAtInter'}
- IsInInter: {'instance': "Function('IsInInter', entity_sorts['Entity'], BoolSort())", 'arity': 1, 'method': 'IsInInter(Entity)', 'function': 'logicity.utils.pred_converter.z3.IsInInter'}
- HigherPri: {'instance': "Function('HigherPri', entity_sorts['Entity'], entity_sorts['Entity'], BoolSort())", 'arity': 2, 'method': 'HigherPri(Entity, Entity)', 'function': 'logicity.utils.pred_converter.z3.HigherPri'}
- CollidingClose: {'instance': "Function('CollidingClose', entity_sorts['Entity'], entity_sorts['Entity'], BoolSort())", 'arity': 2, 'method': 'CollidingClose(Entity, Entity)', 'function': 'logicity.utils.pred_converter.z3.CollidingClose'}
- Stop: {'instance': "Function('Stop', entity_sorts['Entity'], BoolSort())", 'arity': 1, 'method': 'Stop(Entity)', 'function': 'None'}
- Fast: {'instance': "Function('Fast', entity_sorts['Entity'], BoolSort())", 'arity': 1, 'method': 'Fast(Entity)', 'function': 'None'}
- Normal: {'instance': "Function('Normal', entity_sorts['Entity'], BoolSort())", 'arity': 1, 'method': 'Normal(Entity)', 'function': 'None'}
- Slow: {'instance': "Function('Slow', entity_sorts['Entity'], BoolSort())", 'arity': 1, 'method': 'Slow(Entity)', 'function': 'None'}
2026-05-26 03:23:55 [INFO]: *** Sim Rule ***: Stop -> 
 Stop(entity) == Exists(
  [dummyEntity], 
  Or(
    And(
      IsAtInter(entity), 
      IsInInter(dummyEntity), 
    ),
    And(
      IsAtInter(entity), 
      IsAtInter(dummyEntity), 
      HigherPri(dummyEntity, entity),
    ),
    CollidingClose(entity, dummyEntity)
  )
)

2026-05-26 03:23:55 [INFO]: *** Task Rule ***: Collision and Intersection -> 
 Implies(Exists(
  [dummyEntity], 
    Or(
      And(
        IsAtInter(entity), 
        IsInInter(dummyEntity), 
      ),
      And(
        IsAtInter(entity), 
        IsAtInter(dummyEntity), 
        HigherPri(dummyEntity, entity),
      ),
      CollidingClose(entity, dummyEntity)
    )
  ),
  Stop(entity)
)

2026-05-26 03:23:55 [INFO]: *** Expert Rule ***: Stop -> 
 Stop(entity) == Exists(
[dummyEntity], 
  Or(
    And(
      IsAtInter(entity), 
      IsInInter(dummyEntity), 
    ),
    And(
      IsAtInter(entity), 
      IsAtInter(dummyEntity), 
      HigherPri(dummyEntity, entity),
    ),
    CollidingClose(entity, dummyEntity)
  )
)

2026-05-26 03:23:55 [INFO]: *** Expert Rule ***: Slow -> 
 Not(Slow(entity))

2026-05-26 03:23:55 [INFO]: *** Expert Rule ***: Fast -> 
 Not(Fast(entity))

2026-05-26 03:23:55 [INFO]: *** Expert Rule ***: Normal -> 
 Normal(entity) == Not(Stop(entity))
2026-05-26 03:23:55 [INFO]: Rules created successfully
2026-05-26 03:23:55 [INFO]: Rules will be grounded later...
2026-05-26 03:23:55 [INFO]: Given Predicates {'IsPedestrian': {'instance': IsPed, 'arity': 1, 'method': 'IsPed(Entity)', 'function': 'logicity.utils.pred_converter.z3.IsPed'}, 'IsCar': {'instance': IsCar, 'arity': 1, 'method': 'IsCar(Entity)', 'function': 'logicity.utils.pred_converter.z3.IsCar'}, 'IsAmbulance': {'instance': IsAmb, 'arity': 1, 'method': 'IsAmb(Entity)', 'function': 'logicity.utils.pred_converter.z3.IsAmb'}, 'IsOld': {'instance': IsOld, 'arity': 1, 'method': 'IsOld(Entity)', 'function': 'logicity.utils.pred_converter.z3.IsOld'}, 'IsTiro': {'instance': IsTiro, 'arity': 1, 'method': 'IsTiro(Entity)', 'function': 'logicity.utils.pred_converter.z3.IsTiro'}, 'IsAtInter': {'instance': IsAtInter, 'arity': 1, 'method': 'IsAtInter(Entity)', 'function': 'logicity.utils.pred_converter.z3.IsAtInter'}, 'IsInInter': {'instance': IsInInter, 'arity': 1, 'method': 'IsInInter(Entity)', 'function': 'logicity.utils.pred_converter.z3.IsInInter'}, 'HigherPri': {'instance': HigherPri, 'arity': 2, 'method': 'HigherPri(Entity, Entity)', 'function': 'logicity.utils.pred_converter.z3.HigherPri'}, 'CollidingClose': {'instance': CollidingClose, 'arity': 2, 'method': 'CollidingClose(Entity, Entity)', 'function': 'logicity.utils.pred_converter.z3.CollidingClose'}, 'Stop': {'instance': Stop, 'arity': 1, 'method': 'Stop(Entity)', 'function': 'None'}, 'Fast': {'instance': Fast, 'arity': 1, 'method': 'Fast(Entity)', 'function': 'None'}, 'Normal': {'instance': Normal, 'arity': 1, 'method': 'Normal(Entity)', 'function': 'None'}, 'Slow': {'instance': Slow, 'arity': 1, 'method': 'Slow(Entity)', 'function': 'None'}}, the FOV entities {'Entity': 3}, The logic grounding shape is: 39
2026-05-26 03:23:55 [INFO]: Local planner constructed!
2026-05-26 03:23:55 [INFO]: Constructing 22 streets
2026-05-26 03:23:56 [INFO]: Constructing 16 buildings
2026-05-26 03:23:57 [INFO]: Adding 4 agents, they are constrained in 103 region
2026-05-26 03:23:58 [INFO]: Car_1 initialization done!
2026-05-26 03:23:58 [INFO]: Pedestrian_1 initialization done!
2026-05-26 03:23:58 [INFO]: Car_2 initialization done!
2026-05-26 03:23:59 [INFO]: Car_3 initialization done!
2026-05-26 03:23:59 [INFO]: Done!
2026-05-26 03:23:59 [INFO]: ***Init RL Agent in Env***
2026-05-26 03:24:17 [INFO]: will reset agent by success
2026-05-26 03:24:17 [INFO]: ***Reset RL Agent in Env***
2026-05-26 03:24:18 [INFO]: Car_1 initialization done!
2026-05-26 03:24:18 [INFO]: Pedestrian_1 initialization done!
2026-05-26 03:24:19 [INFO]: Car_2 initialization done!
2026-05-26 03:24:19 [INFO]: Car_3 initialization done!
2026-05-26 03:24:19 [INFO]: Agent reset priority to 2/4
2026-05-26 03:24:19 [INFO]: Agent reset concepts to {'type': 'Car', 'priority': 2}
2026-05-26 03:24:20 [INFO]: Episode 8 success.
2026-05-26 03:24:20 [INFO]: Episode 8 achieved a score of 4.88000000000001
2026-05-26 03:24:20 [INFO]: Episode 8 Success: 1
2026-05-26 03:24:20 [INFO]: Episode 8 Decision Step: {3: 0}
2026-05-26 03:24:20 [INFO]: Episode 8 Success Decision: {3: 0}
2026-05-26 03:24:20 [INFO]: Evaluating episode 9...
2026-05-26 03:24:20 [INFO]: Episode label: {'oracle_step': 48, 'stop_count': 6, 'has_stop': True, 'ego_crosses': True, 'ego_eta': 9, 'ego_direction': 'down', 'other_crosses': 3, 'close_other_count': 0, 'pedestrian_close': None, 'conflicting_approach': False, 'total_crosses': 4}
2026-05-26 03:24:20 [INFO]: Get map info from config/maps/square_2x2.yaml
2026-05-26 03:24:20 [INFO]: Get agent info from config/agents/easy_lite/val.yaml
2026-05-26 03:24:20 [INFO]: Get onology and rules info from config/rules/ontology_easy.yaml, config/rules/Nav/easy/expert.yaml
2026-05-26 03:24:20 [INFO]: Number of Entity Types: 1
Entity Types:
- Entity
2026-05-26 03:24:20 [INFO]: Number of Predicates: 13
Predicates:
- IsPedestrian: {'instance': "Function('IsPed', entity_sorts['Entity'], BoolSort())", 'arity': 1, 'method': 'IsPed(Entity)', 'function': 'logicity.utils.pred_converter.z3.IsPed'}
- IsCar: {'instance': "Function('IsCar', entity_sorts['Entity'], BoolSort())", 'arity': 1, 'method': 'IsCar(Entity)', 'function': 'logicity.utils.pred_converter.z3.IsCar'}
- IsAmbulance: {'instance': "Function('IsAmb', entity_sorts['Entity'], BoolSort())", 'arity': 1, 'method': 'IsAmb(Entity)', 'function': 'logicity.utils.pred_converter.z3.IsAmb'}
- IsOld: {'instance': "Function('IsOld', entity_sorts['Entity'], BoolSort())", 'arity': 1, 'method': 'IsOld(Entity)', 'function': 'logicity.utils.pred_converter.z3.IsOld'}
- IsTiro: {'instance': "Function('IsTiro', entity_sorts['Entity'], BoolSort())", 'arity': 1, 'method': 'IsTiro(Entity)', 'function': 'logicity.utils.pred_converter.z3.IsTiro'}
- IsAtInter: {'instance': "Function('IsAtInter', entity_sorts['Entity'], BoolSort())", 'arity': 1, 'method': 'IsAtInter(Entity)', 'function': 'logicity.utils.pred_converter.z3.IsAtInter'}
- IsInInter: {'instance': "Function('IsInInter', entity_sorts['Entity'], BoolSort())", 'arity': 1, 'method': 'IsInInter(Entity)', 'function': 'logicity.utils.pred_converter.z3.IsInInter'}
- HigherPri: {'instance': "Function('HigherPri', entity_sorts['Entity'], entity_sorts['Entity'], BoolSort())", 'arity': 2, 'method': 'HigherPri(Entity, Entity)', 'function': 'logicity.utils.pred_converter.z3.HigherPri'}
- CollidingClose: {'instance': "Function('CollidingClose', entity_sorts['Entity'], entity_sorts['Entity'], BoolSort())", 'arity': 2, 'method': 'CollidingClose(Entity, Entity)', 'function': 'logicity.utils.pred_converter.z3.CollidingClose'}
- Stop: {'instance': "Function('Stop', entity_sorts['Entity'], BoolSort())", 'arity': 1, 'method': 'Stop(Entity)', 'function': 'None'}
- Fast: {'instance': "Function('Fast', entity_sorts['Entity'], BoolSort())", 'arity': 1, 'method': 'Fast(Entity)', 'function': 'None'}
- Normal: {'instance': "Function('Normal', entity_sorts['Entity'], BoolSort())", 'arity': 1, 'method': 'Normal(Entity)', 'function': 'None'}
- Slow: {'instance': "Function('Slow', entity_sorts['Entity'], BoolSort())", 'arity': 1, 'method': 'Slow(Entity)', 'function': 'None'}
2026-05-26 03:24:20 [INFO]: *** Sim Rule ***: Stop -> 
 Stop(entity) == Exists(
  [dummyEntity], 
  Or(
    And(
      IsAtInter(entity), 
      IsInInter(dummyEntity), 
    ),
    And(
      IsAtInter(entity), 
      IsAtInter(dummyEntity), 
      HigherPri(dummyEntity, entity),
    ),
    CollidingClose(entity, dummyEntity)
  )
)

2026-05-26 03:24:20 [INFO]: *** Task Rule ***: Collision and Intersection -> 
 Implies(Exists(
  [dummyEntity], 
    Or(
      And(
        IsAtInter(entity), 
        IsInInter(dummyEntity), 
      ),
      And(
        IsAtInter(entity), 
        IsAtInter(dummyEntity), 
        HigherPri(dummyEntity, entity),
      ),
      CollidingClose(entity, dummyEntity)
    )
  ),
  Stop(entity)
)

2026-05-26 03:24:20 [INFO]: *** Expert Rule ***: Stop -> 
 Stop(entity) == Exists(
[dummyEntity], 
  Or(
    And(
      IsAtInter(entity), 
      IsInInter(dummyEntity), 
    ),
    And(
      IsAtInter(entity), 
      IsAtInter(dummyEntity), 
      HigherPri(dummyEntity, entity),
    ),
    CollidingClose(entity, dummyEntity)
  )
)

2026-05-26 03:24:20 [INFO]: *** Expert Rule ***: Slow -> 
 Not(Slow(entity))

2026-05-26 03:24:20 [INFO]: *** Expert Rule ***: Fast -> 
 Not(Fast(entity))

2026-05-26 03:24:20 [INFO]: *** Expert Rule ***: Normal -> 
 Normal(entity) == Not(Stop(entity))
2026-05-26 03:24:20 [INFO]: Rules created successfully
2026-05-26 03:24:20 [INFO]: Rules will be grounded later...
2026-05-26 03:24:20 [INFO]: Given Predicates {'IsPedestrian': {'instance': IsPed, 'arity': 1, 'method': 'IsPed(Entity)', 'function': 'logicity.utils.pred_converter.z3.IsPed'}, 'IsCar': {'instance': IsCar, 'arity': 1, 'method': 'IsCar(Entity)', 'function': 'logicity.utils.pred_converter.z3.IsCar'}, 'IsAmbulance': {'instance': IsAmb, 'arity': 1, 'method': 'IsAmb(Entity)', 'function': 'logicity.utils.pred_converter.z3.IsAmb'}, 'IsOld': {'instance': IsOld, 'arity': 1, 'method': 'IsOld(Entity)', 'function': 'logicity.utils.pred_converter.z3.IsOld'}, 'IsTiro': {'instance': IsTiro, 'arity': 1, 'method': 'IsTiro(Entity)', 'function': 'logicity.utils.pred_converter.z3.IsTiro'}, 'IsAtInter': {'instance': IsAtInter, 'arity': 1, 'method': 'IsAtInter(Entity)', 'function': 'logicity.utils.pred_converter.z3.IsAtInter'}, 'IsInInter': {'instance': IsInInter, 'arity': 1, 'method': 'IsInInter(Entity)', 'function': 'logicity.utils.pred_converter.z3.IsInInter'}, 'HigherPri': {'instance': HigherPri, 'arity': 2, 'method': 'HigherPri(Entity, Entity)', 'function': 'logicity.utils.pred_converter.z3.HigherPri'}, 'CollidingClose': {'instance': CollidingClose, 'arity': 2, 'method': 'CollidingClose(Entity, Entity)', 'function': 'logicity.utils.pred_converter.z3.CollidingClose'}, 'Stop': {'instance': Stop, 'arity': 1, 'method': 'Stop(Entity)', 'function': 'None'}, 'Fast': {'instance': Fast, 'arity': 1, 'method': 'Fast(Entity)', 'function': 'None'}, 'Normal': {'instance': Normal, 'arity': 1, 'method': 'Normal(Entity)', 'function': 'None'}, 'Slow': {'instance': Slow, 'arity': 1, 'method': 'Slow(Entity)', 'function': 'None'}}, the FOV entities {'Entity': 3}, The logic grounding shape is: 39
2026-05-26 03:24:20 [INFO]: Local planner constructed!
2026-05-26 03:24:20 [INFO]: Constructing 22 streets
2026-05-26 03:24:21 [INFO]: Constructing 16 buildings
2026-05-26 03:24:21 [INFO]: Adding 4 agents, they are constrained in 103 region
2026-05-26 03:24:22 [INFO]: Car_1 initialization done!
2026-05-26 03:24:22 [INFO]: Pedestrian_1 initialization done!
2026-05-26 03:24:23 [INFO]: Car_2 initialization done!
2026-05-26 03:24:23 [INFO]: Car_3 initialization done!
2026-05-26 03:24:23 [INFO]: Done!
2026-05-26 03:24:23 [INFO]: ***Init RL Agent in Env***
2026-05-26 03:24:37 [INFO]: will reset agent by success
2026-05-26 03:24:37 [INFO]: ***Reset RL Agent in Env***
2026-05-26 03:24:38 [INFO]: Car_1 initialization done!
2026-05-26 03:24:38 [INFO]: Pedestrian_1 initialization done!
2026-05-26 03:24:38 [INFO]: Car_2 initialization done!
2026-05-26 03:24:38 [INFO]: Car_3 initialization done!
2026-05-26 03:24:38 [INFO]: Agent reset priority to 2/4
2026-05-26 03:24:38 [INFO]: Agent reset concepts to {'type': 'Car', 'priority': 2}
2026-05-26 03:24:39 [INFO]: Episode 9 success.
2026-05-26 03:24:39 [INFO]: Episode 9 achieved a score of 4.28000000000001
2026-05-26 03:24:39 [INFO]: Episode 9 Success: 1
2026-05-26 03:24:39 [INFO]: Episode 9 Decision Step: {3: 0}
2026-05-26 03:24:39 [INFO]: Episode 9 Success Decision: {3: 0}
2026-05-26 03:24:39 [INFO]: Evaluating episode 10...
2026-05-26 03:24:39 [INFO]: Episode label: {'oracle_step': 98, 'stop_count': 39, 'has_stop': True, 'ego_crosses': True, 'ego_eta': 59, 'ego_direction': 'left', 'other_crosses': 3, 'close_other_count': 0, 'pedestrian_close': None, 'conflicting_approach': False, 'total_crosses': 4}
2026-05-26 03:24:39 [INFO]: Get map info from config/maps/square_2x2.yaml
2026-05-26 03:24:39 [INFO]: Get agent info from config/agents/easy_lite/val.yaml
2026-05-26 03:24:39 [INFO]: Get onology and rules info from config/rules/ontology_easy.yaml, config/rules/Nav/easy/expert.yaml
2026-05-26 03:24:39 [INFO]: Number of Entity Types: 1
Entity Types:
- Entity
2026-05-26 03:24:39 [INFO]: Number of Predicates: 13
Predicates:
- IsPedestrian: {'instance': "Function('IsPed', entity_sorts['Entity'], BoolSort())", 'arity': 1, 'method': 'IsPed(Entity)', 'function': 'logicity.utils.pred_converter.z3.IsPed'}
- IsCar: {'instance': "Function('IsCar', entity_sorts['Entity'], BoolSort())", 'arity': 1, 'method': 'IsCar(Entity)', 'function': 'logicity.utils.pred_converter.z3.IsCar'}
- IsAmbulance: {'instance': "Function('IsAmb', entity_sorts['Entity'], BoolSort())", 'arity': 1, 'method': 'IsAmb(Entity)', 'function': 'logicity.utils.pred_converter.z3.IsAmb'}
- IsOld: {'instance': "Function('IsOld', entity_sorts['Entity'], BoolSort())", 'arity': 1, 'method': 'IsOld(Entity)', 'function': 'logicity.utils.pred_converter.z3.IsOld'}
- IsTiro: {'instance': "Function('IsTiro', entity_sorts['Entity'], BoolSort())", 'arity': 1, 'method': 'IsTiro(Entity)', 'function': 'logicity.utils.pred_converter.z3.IsTiro'}
- IsAtInter: {'instance': "Function('IsAtInter', entity_sorts['Entity'], BoolSort())", 'arity': 1, 'method': 'IsAtInter(Entity)', 'function': 'logicity.utils.pred_converter.z3.IsAtInter'}
- IsInInter: {'instance': "Function('IsInInter', entity_sorts['Entity'], BoolSort())", 'arity': 1, 'method': 'IsInInter(Entity)', 'function': 'logicity.utils.pred_converter.z3.IsInInter'}
- HigherPri: {'instance': "Function('HigherPri', entity_sorts['Entity'], entity_sorts['Entity'], BoolSort())", 'arity': 2, 'method': 'HigherPri(Entity, Entity)', 'function': 'logicity.utils.pred_converter.z3.HigherPri'}
- CollidingClose: {'instance': "Function('CollidingClose', entity_sorts['Entity'], entity_sorts['Entity'], BoolSort())", 'arity': 2, 'method': 'CollidingClose(Entity, Entity)', 'function': 'logicity.utils.pred_converter.z3.CollidingClose'}
- Stop: {'instance': "Function('Stop', entity_sorts['Entity'], BoolSort())", 'arity': 1, 'method': 'Stop(Entity)', 'function': 'None'}
- Fast: {'instance': "Function('Fast', entity_sorts['Entity'], BoolSort())", 'arity': 1, 'method': 'Fast(Entity)', 'function': 'None'}
- Normal: {'instance': "Function('Normal', entity_sorts['Entity'], BoolSort())", 'arity': 1, 'method': 'Normal(Entity)', 'function': 'None'}
- Slow: {'instance': "Function('Slow', entity_sorts['Entity'], BoolSort())", 'arity': 1, 'method': 'Slow(Entity)', 'function': 'None'}
2026-05-26 03:24:39 [INFO]: *** Sim Rule ***: Stop -> 
 Stop(entity) == Exists(
  [dummyEntity], 
  Or(
    And(
      IsAtInter(entity), 
      IsInInter(dummyEntity), 
    ),
    And(
      IsAtInter(entity), 
      IsAtInter(dummyEntity), 
      HigherPri(dummyEntity, entity),
    ),
    CollidingClose(entity, dummyEntity)
  )
)

2026-05-26 03:24:39 [INFO]: *** Task Rule ***: Collision and Intersection -> 
 Implies(Exists(
  [dummyEntity], 
    Or(
      And(
        IsAtInter(entity), 
        IsInInter(dummyEntity), 
      ),
      And(
        IsAtInter(entity), 
        IsAtInter(dummyEntity), 
        HigherPri(dummyEntity, entity),
      ),
      CollidingClose(entity, dummyEntity)
    )
  ),
  Stop(entity)
)

2026-05-26 03:24:39 [INFO]: *** Expert Rule ***: Stop -> 
 Stop(entity) == Exists(
[dummyEntity], 
  Or(
    And(
      IsAtInter(entity), 
      IsInInter(dummyEntity), 
    ),
    And(
      IsAtInter(entity), 
      IsAtInter(dummyEntity), 
      HigherPri(dummyEntity, entity),
    ),
    CollidingClose(entity, dummyEntity)
  )
)

2026-05-26 03:24:39 [INFO]: *** Expert Rule ***: Slow -> 
 Not(Slow(entity))

2026-05-26 03:24:39 [INFO]: *** Expert Rule ***: Fast -> 
 Not(Fast(entity))

2026-05-26 03:24:39 [INFO]: *** Expert Rule ***: Normal -> 
 Normal(entity) == Not(Stop(entity))
2026-05-26 03:24:39 [INFO]: Rules created successfully
2026-05-26 03:24:39 [INFO]: Rules will be grounded later...
2026-05-26 03:24:39 [INFO]: Given Predicates {'IsPedestrian': {'instance': IsPed, 'arity': 1, 'method': 'IsPed(Entity)', 'function': 'logicity.utils.pred_converter.z3.IsPed'}, 'IsCar': {'instance': IsCar, 'arity': 1, 'method': 'IsCar(Entity)', 'function': 'logicity.utils.pred_converter.z3.IsCar'}, 'IsAmbulance': {'instance': IsAmb, 'arity': 1, 'method': 'IsAmb(Entity)', 'function': 'logicity.utils.pred_converter.z3.IsAmb'}, 'IsOld': {'instance': IsOld, 'arity': 1, 'method': 'IsOld(Entity)', 'function': 'logicity.utils.pred_converter.z3.IsOld'}, 'IsTiro': {'instance': IsTiro, 'arity': 1, 'method': 'IsTiro(Entity)', 'function': 'logicity.utils.pred_converter.z3.IsTiro'}, 'IsAtInter': {'instance': IsAtInter, 'arity': 1, 'method': 'IsAtInter(Entity)', 'function': 'logicity.utils.pred_converter.z3.IsAtInter'}, 'IsInInter': {'instance': IsInInter, 'arity': 1, 'method': 'IsInInter(Entity)', 'function': 'logicity.utils.pred_converter.z3.IsInInter'}, 'HigherPri': {'instance': HigherPri, 'arity': 2, 'method': 'HigherPri(Entity, Entity)', 'function': 'logicity.utils.pred_converter.z3.HigherPri'}, 'CollidingClose': {'instance': CollidingClose, 'arity': 2, 'method': 'CollidingClose(Entity, Entity)', 'function': 'logicity.utils.pred_converter.z3.CollidingClose'}, 'Stop': {'instance': Stop, 'arity': 1, 'method': 'Stop(Entity)', 'function': 'None'}, 'Fast': {'instance': Fast, 'arity': 1, 'method': 'Fast(Entity)', 'function': 'None'}, 'Normal': {'instance': Normal, 'arity': 1, 'method': 'Normal(Entity)', 'function': 'None'}, 'Slow': {'instance': Slow, 'arity': 1, 'method': 'Slow(Entity)', 'function': 'None'}}, the FOV entities {'Entity': 3}, The logic grounding shape is: 39
2026-05-26 03:24:39 [INFO]: Local planner constructed!
2026-05-26 03:24:39 [INFO]: Constructing 22 streets
2026-05-26 03:24:39 [INFO]: Constructing 16 buildings
2026-05-26 03:24:39 [INFO]: Adding 4 agents, they are constrained in 103 region
2026-05-26 03:24:40 [INFO]: Car_1 initialization done!
2026-05-26 03:24:40 [INFO]: Pedestrian_1 initialization done!
2026-05-26 03:24:40 [INFO]: Car_2 initialization done!
2026-05-26 03:24:41 [INFO]: Car_3 initialization done!
2026-05-26 03:24:41 [INFO]: Done!
2026-05-26 03:24:41 [INFO]: ***Init RL Agent in Env***
2026-05-26 03:25:00 [INFO]: will reset agent by success
2026-05-26 03:25:00 [INFO]: ***Reset RL Agent in Env***
2026-05-26 03:25:01 [INFO]: Car_1 initialization done!
2026-05-26 03:25:01 [INFO]: Pedestrian_1 initialization done!
2026-05-26 03:25:02 [INFO]: Car_2 initialization done!
2026-05-26 03:25:02 [INFO]: Car_3 initialization done!
2026-05-26 03:25:02 [INFO]: Agent reset priority to 2/4
2026-05-26 03:25:02 [INFO]: Agent reset concepts to {'type': 'Car', 'priority': 2}
2026-05-26 03:25:03 [INFO]: Episode 10 success.
2026-05-26 03:25:03 [INFO]: Episode 10 achieved a score of 5.690000000000012
2026-05-26 03:25:03 [INFO]: Episode 10 Success: 1
2026-05-26 03:25:03 [INFO]: Episode 10 Decision Step: {3: 1}
2026-05-26 03:25:03 [INFO]: Episode 10 Success Decision: {3: 1}
2026-05-26 03:25:03 [INFO]: Evaluating episode 11...
2026-05-26 03:25:03 [INFO]: Episode label: {'oracle_step': 69, 'stop_count': 0, 'has_stop': False, 'ego_crosses': True, 'ego_eta': 53, 'ego_direction': 'right', 'other_crosses': 3, 'close_other_count': 0, 'pedestrian_close': None, 'conflicting_approach': False, 'total_crosses': 4}
2026-05-26 03:25:03 [INFO]: Get map info from config/maps/square_2x2.yaml
2026-05-26 03:25:03 [INFO]: Get agent info from config/agents/easy_lite/val.yaml
2026-05-26 03:25:03 [INFO]: Get onology and rules info from config/rules/ontology_easy.yaml, config/rules/Nav/easy/expert.yaml
2026-05-26 03:25:03 [INFO]: Number of Entity Types: 1
Entity Types:
- Entity
2026-05-26 03:25:03 [INFO]: Number of Predicates: 13
Predicates:
- IsPedestrian: {'instance': "Function('IsPed', entity_sorts['Entity'], BoolSort())", 'arity': 1, 'method': 'IsPed(Entity)', 'function': 'logicity.utils.pred_converter.z3.IsPed'}
- IsCar: {'instance': "Function('IsCar', entity_sorts['Entity'], BoolSort())", 'arity': 1, 'method': 'IsCar(Entity)', 'function': 'logicity.utils.pred_converter.z3.IsCar'}
- IsAmbulance: {'instance': "Function('IsAmb', entity_sorts['Entity'], BoolSort())", 'arity': 1, 'method': 'IsAmb(Entity)', 'function': 'logicity.utils.pred_converter.z3.IsAmb'}
- IsOld: {'instance': "Function('IsOld', entity_sorts['Entity'], BoolSort())", 'arity': 1, 'method': 'IsOld(Entity)', 'function': 'logicity.utils.pred_converter.z3.IsOld'}
- IsTiro: {'instance': "Function('IsTiro', entity_sorts['Entity'], BoolSort())", 'arity': 1, 'method': 'IsTiro(Entity)', 'function': 'logicity.utils.pred_converter.z3.IsTiro'}
- IsAtInter: {'instance': "Function('IsAtInter', entity_sorts['Entity'], BoolSort())", 'arity': 1, 'method': 'IsAtInter(Entity)', 'function': 'logicity.utils.pred_converter.z3.IsAtInter'}
- IsInInter: {'instance': "Function('IsInInter', entity_sorts['Entity'], BoolSort())", 'arity': 1, 'method': 'IsInInter(Entity)', 'function': 'logicity.utils.pred_converter.z3.IsInInter'}
- HigherPri: {'instance': "Function('HigherPri', entity_sorts['Entity'], entity_sorts['Entity'], BoolSort())", 'arity': 2, 'method': 'HigherPri(Entity, Entity)', 'function': 'logicity.utils.pred_converter.z3.HigherPri'}
- CollidingClose: {'instance': "Function('CollidingClose', entity_sorts['Entity'], entity_sorts['Entity'], BoolSort())", 'arity': 2, 'method': 'CollidingClose(Entity, Entity)', 'function': 'logicity.utils.pred_converter.z3.CollidingClose'}
- Stop: {'instance': "Function('Stop', entity_sorts['Entity'], BoolSort())", 'arity': 1, 'method': 'Stop(Entity)', 'function': 'None'}
- Fast: {'instance': "Function('Fast', entity_sorts['Entity'], BoolSort())", 'arity': 1, 'method': 'Fast(Entity)', 'function': 'None'}
- Normal: {'instance': "Function('Normal', entity_sorts['Entity'], BoolSort())", 'arity': 1, 'method': 'Normal(Entity)', 'function': 'None'}
- Slow: {'instance': "Function('Slow', entity_sorts['Entity'], BoolSort())", 'arity': 1, 'method': 'Slow(Entity)', 'function': 'None'}
2026-05-26 03:25:03 [INFO]: *** Sim Rule ***: Stop -> 
 Stop(entity) == Exists(
  [dummyEntity], 
  Or(
    And(
      IsAtInter(entity), 
      IsInInter(dummyEntity), 
    ),
    And(
      IsAtInter(entity), 
      IsAtInter(dummyEntity), 
      HigherPri(dummyEntity, entity),
    ),
    CollidingClose(entity, dummyEntity)
  )
)

2026-05-26 03:25:03 [INFO]: *** Task Rule ***: Collision and Intersection -> 
 Implies(Exists(
  [dummyEntity], 
    Or(
      And(
        IsAtInter(entity), 
        IsInInter(dummyEntity), 
      ),
      And(
        IsAtInter(entity), 
        IsAtInter(dummyEntity), 
        HigherPri(dummyEntity, entity),
      ),
      CollidingClose(entity, dummyEntity)
    )
  ),
  Stop(entity)
)

2026-05-26 03:25:03 [INFO]: *** Expert Rule ***: Stop -> 
 Stop(entity) == Exists(
[dummyEntity], 
  Or(
    And(
      IsAtInter(entity), 
      IsInInter(dummyEntity), 
    ),
    And(
      IsAtInter(entity), 
      IsAtInter(dummyEntity), 
      HigherPri(dummyEntity, entity),
    ),
    CollidingClose(entity, dummyEntity)
  )
)

2026-05-26 03:25:03 [INFO]: *** Expert Rule ***: Slow -> 
 Not(Slow(entity))

2026-05-26 03:25:03 [INFO]: *** Expert Rule ***: Fast -> 
 Not(Fast(entity))

2026-05-26 03:25:03 [INFO]: *** Expert Rule ***: Normal -> 
 Normal(entity) == Not(Stop(entity))
2026-05-26 03:25:03 [INFO]: Rules created successfully
2026-05-26 03:25:03 [INFO]: Rules will be grounded later...
2026-05-26 03:25:03 [INFO]: Given Predicates {'IsPedestrian': {'instance': IsPed, 'arity': 1, 'method': 'IsPed(Entity)', 'function': 'logicity.utils.pred_converter.z3.IsPed'}, 'IsCar': {'instance': IsCar, 'arity': 1, 'method': 'IsCar(Entity)', 'function': 'logicity.utils.pred_converter.z3.IsCar'}, 'IsAmbulance': {'instance': IsAmb, 'arity': 1, 'method': 'IsAmb(Entity)', 'function': 'logicity.utils.pred_converter.z3.IsAmb'}, 'IsOld': {'instance': IsOld, 'arity': 1, 'method': 'IsOld(Entity)', 'function': 'logicity.utils.pred_converter.z3.IsOld'}, 'IsTiro': {'instance': IsTiro, 'arity': 1, 'method': 'IsTiro(Entity)', 'function': 'logicity.utils.pred_converter.z3.IsTiro'}, 'IsAtInter': {'instance': IsAtInter, 'arity': 1, 'method': 'IsAtInter(Entity)', 'function': 'logicity.utils.pred_converter.z3.IsAtInter'}, 'IsInInter': {'instance': IsInInter, 'arity': 1, 'method': 'IsInInter(Entity)', 'function': 'logicity.utils.pred_converter.z3.IsInInter'}, 'HigherPri': {'instance': HigherPri, 'arity': 2, 'method': 'HigherPri(Entity, Entity)', 'function': 'logicity.utils.pred_converter.z3.HigherPri'}, 'CollidingClose': {'instance': CollidingClose, 'arity': 2, 'method': 'CollidingClose(Entity, Entity)', 'function': 'logicity.utils.pred_converter.z3.CollidingClose'}, 'Stop': {'instance': Stop, 'arity': 1, 'method': 'Stop(Entity)', 'function': 'None'}, 'Fast': {'instance': Fast, 'arity': 1, 'method': 'Fast(Entity)', 'function': 'None'}, 'Normal': {'instance': Normal, 'arity': 1, 'method': 'Normal(Entity)', 'function': 'None'}, 'Slow': {'instance': Slow, 'arity': 1, 'method': 'Slow(Entity)', 'function': 'None'}}, the FOV entities {'Entity': 3}, The logic grounding shape is: 39
2026-05-26 03:25:03 [INFO]: Local planner constructed!
2026-05-26 03:25:03 [INFO]: Constructing 22 streets
2026-05-26 03:25:04 [INFO]: Constructing 16 buildings
2026-05-26 03:25:04 [INFO]: Adding 4 agents, they are constrained in 103 region
2026-05-26 03:25:05 [INFO]: Car_1 initialization done!
2026-05-26 03:25:05 [INFO]: Pedestrian_1 initialization done!
2026-05-26 03:25:06 [INFO]: Car_2 initialization done!
2026-05-26 03:25:07 [INFO]: Car_3 initialization done!
2026-05-26 03:25:07 [INFO]: Done!
2026-05-26 03:25:07 [INFO]: ***Init RL Agent in Env***
2026-05-26 03:25:18 [INFO]: will reset agent by success
2026-05-26 03:25:18 [INFO]: ***Reset RL Agent in Env***
2026-05-26 03:25:19 [INFO]: Car_1 initialization done!
2026-05-26 03:25:19 [INFO]: Pedestrian_1 initialization done!
2026-05-26 03:25:19 [INFO]: Car_2 initialization done!
2026-05-26 03:25:20 [INFO]: Car_3 initialization done!
2026-05-26 03:25:20 [INFO]: Agent reset priority to 1/4
2026-05-26 03:25:20 [INFO]: Agent reset concepts to {'type': 'Car', 'priority': 1}
2026-05-26 03:25:20 [INFO]: Episode 11 success.
2026-05-26 03:25:20 [INFO]: Episode 11 achieved a score of 7.049999999999999
2026-05-26 03:25:20 [INFO]: Episode 11 Success: 1
2026-05-26 03:25:20 [INFO]: Episode 11 Decision Step: {3: 0}
2026-05-26 03:25:20 [INFO]: Episode 11 Success Decision: {3: 0}
2026-05-26 03:25:20 [INFO]: Evaluating episode 12...
2026-05-26 03:25:20 [INFO]: Episode label: {'oracle_step': 46, 'stop_count': 0, 'has_stop': False, 'ego_crosses': True, 'ego_eta': 10, 'ego_direction': 'left', 'other_crosses': 3, 'close_other_count': 0, 'pedestrian_close': None, 'conflicting_approach': False, 'total_crosses': 4}
2026-05-26 03:25:20 [INFO]: Get map info from config/maps/square_2x2.yaml
2026-05-26 03:25:20 [INFO]: Get agent info from config/agents/easy_lite/val.yaml
2026-05-26 03:25:20 [INFO]: Get onology and rules info from config/rules/ontology_easy.yaml, config/rules/Nav/easy/expert.yaml
2026-05-26 03:25:20 [INFO]: Number of Entity Types: 1
Entity Types:
- Entity
2026-05-26 03:25:20 [INFO]: Number of Predicates: 13
Predicates:
- IsPedestrian: {'instance': "Function('IsPed', entity_sorts['Entity'], BoolSort())", 'arity': 1, 'method': 'IsPed(Entity)', 'function': 'logicity.utils.pred_converter.z3.IsPed'}
- IsCar: {'instance': "Function('IsCar', entity_sorts['Entity'], BoolSort())", 'arity': 1, 'method': 'IsCar(Entity)', 'function': 'logicity.utils.pred_converter.z3.IsCar'}
- IsAmbulance: {'instance': "Function('IsAmb', entity_sorts['Entity'], BoolSort())", 'arity': 1, 'method': 'IsAmb(Entity)', 'function': 'logicity.utils.pred_converter.z3.IsAmb'}
- IsOld: {'instance': "Function('IsOld', entity_sorts['Entity'], BoolSort())", 'arity': 1, 'method': 'IsOld(Entity)', 'function': 'logicity.utils.pred_converter.z3.IsOld'}
- IsTiro: {'instance': "Function('IsTiro', entity_sorts['Entity'], BoolSort())", 'arity': 1, 'method': 'IsTiro(Entity)', 'function': 'logicity.utils.pred_converter.z3.IsTiro'}
- IsAtInter: {'instance': "Function('IsAtInter', entity_sorts['Entity'], BoolSort())", 'arity': 1, 'method': 'IsAtInter(Entity)', 'function': 'logicity.utils.pred_converter.z3.IsAtInter'}
- IsInInter: {'instance': "Function('IsInInter', entity_sorts['Entity'], BoolSort())", 'arity': 1, 'method': 'IsInInter(Entity)', 'function': 'logicity.utils.pred_converter.z3.IsInInter'}
- HigherPri: {'instance': "Function('HigherPri', entity_sorts['Entity'], entity_sorts['Entity'], BoolSort())", 'arity': 2, 'method': 'HigherPri(Entity, Entity)', 'function': 'logicity.utils.pred_converter.z3.HigherPri'}
- CollidingClose: {'instance': "Function('CollidingClose', entity_sorts['Entity'], entity_sorts['Entity'], BoolSort())", 'arity': 2, 'method': 'CollidingClose(Entity, Entity)', 'function': 'logicity.utils.pred_converter.z3.CollidingClose'}
- Stop: {'instance': "Function('Stop', entity_sorts['Entity'], BoolSort())", 'arity': 1, 'method': 'Stop(Entity)', 'function': 'None'}
- Fast: {'instance': "Function('Fast', entity_sorts['Entity'], BoolSort())", 'arity': 1, 'method': 'Fast(Entity)', 'function': 'None'}
- Normal: {'instance': "Function('Normal', entity_sorts['Entity'], BoolSort())", 'arity': 1, 'method': 'Normal(Entity)', 'function': 'None'}
- Slow: {'instance': "Function('Slow', entity_sorts['Entity'], BoolSort())", 'arity': 1, 'method': 'Slow(Entity)', 'function': 'None'}
2026-05-26 03:25:20 [INFO]: *** Sim Rule ***: Stop -> 
 Stop(entity) == Exists(
  [dummyEntity], 
  Or(
    And(
      IsAtInter(entity), 
      IsInInter(dummyEntity), 
    ),
    And(
      IsAtInter(entity), 
      IsAtInter(dummyEntity), 
      HigherPri(dummyEntity, entity),
    ),
    CollidingClose(entity, dummyEntity)
  )
)

2026-05-26 03:25:20 [INFO]: *** Task Rule ***: Collision and Intersection -> 
 Implies(Exists(
  [dummyEntity], 
    Or(
      And(
        IsAtInter(entity), 
        IsInInter(dummyEntity), 
      ),
      And(
        IsAtInter(entity), 
        IsAtInter(dummyEntity), 
        HigherPri(dummyEntity, entity),
      ),
      CollidingClose(entity, dummyEntity)
    )
  ),
  Stop(entity)
)

2026-05-26 03:25:20 [INFO]: *** Expert Rule ***: Stop -> 
 Stop(entity) == Exists(
[dummyEntity], 
  Or(
    And(
      IsAtInter(entity), 
      IsInInter(dummyEntity), 
    ),
    And(
      IsAtInter(entity), 
      IsAtInter(dummyEntity), 
      HigherPri(dummyEntity, entity),
    ),
    CollidingClose(entity, dummyEntity)
  )
)

2026-05-26 03:25:20 [INFO]: *** Expert Rule ***: Slow -> 
 Not(Slow(entity))

2026-05-26 03:25:20 [INFO]: *** Expert Rule ***: Fast -> 
 Not(Fast(entity))

2026-05-26 03:25:20 [INFO]: *** Expert Rule ***: Normal -> 
 Normal(entity) == Not(Stop(entity))
2026-05-26 03:25:20 [INFO]: Rules created successfully
2026-05-26 03:25:20 [INFO]: Rules will be grounded later...
2026-05-26 03:25:20 [INFO]: Given Predicates {'IsPedestrian': {'instance': IsPed, 'arity': 1, 'method': 'IsPed(Entity)', 'function': 'logicity.utils.pred_converter.z3.IsPed'}, 'IsCar': {'instance': IsCar, 'arity': 1, 'method': 'IsCar(Entity)', 'function': 'logicity.utils.pred_converter.z3.IsCar'}, 'IsAmbulance': {'instance': IsAmb, 'arity': 1, 'method': 'IsAmb(Entity)', 'function': 'logicity.utils.pred_converter.z3.IsAmb'}, 'IsOld': {'instance': IsOld, 'arity': 1, 'method': 'IsOld(Entity)', 'function': 'logicity.utils.pred_converter.z3.IsOld'}, 'IsTiro': {'instance': IsTiro, 'arity': 1, 'method': 'IsTiro(Entity)', 'function': 'logicity.utils.pred_converter.z3.IsTiro'}, 'IsAtInter': {'instance': IsAtInter, 'arity': 1, 'method': 'IsAtInter(Entity)', 'function': 'logicity.utils.pred_converter.z3.IsAtInter'}, 'IsInInter': {'instance': IsInInter, 'arity': 1, 'method': 'IsInInter(Entity)', 'function': 'logicity.utils.pred_converter.z3.IsInInter'}, 'HigherPri': {'instance': HigherPri, 'arity': 2, 'method': 'HigherPri(Entity, Entity)', 'function': 'logicity.utils.pred_converter.z3.HigherPri'}, 'CollidingClose': {'instance': CollidingClose, 'arity': 2, 'method': 'CollidingClose(Entity, Entity)', 'function': 'logicity.utils.pred_converter.z3.CollidingClose'}, 'Stop': {'instance': Stop, 'arity': 1, 'method': 'Stop(Entity)', 'function': 'None'}, 'Fast': {'instance': Fast, 'arity': 1, 'method': 'Fast(Entity)', 'function': 'None'}, 'Normal': {'instance': Normal, 'arity': 1, 'method': 'Normal(Entity)', 'function': 'None'}, 'Slow': {'instance': Slow, 'arity': 1, 'method': 'Slow(Entity)', 'function': 'None'}}, the FOV entities {'Entity': 3}, The logic grounding shape is: 39
2026-05-26 03:25:20 [INFO]: Local planner constructed!
2026-05-26 03:25:20 [INFO]: Constructing 22 streets
2026-05-26 03:25:21 [INFO]: Constructing 16 buildings
2026-05-26 03:25:21 [INFO]: Adding 4 agents, they are constrained in 103 region
2026-05-26 03:25:22 [INFO]: Car_1 initialization done!
2026-05-26 03:25:22 [INFO]: Pedestrian_1 initialization done!
2026-05-26 03:25:22 [INFO]: Car_2 initialization done!
2026-05-26 03:25:23 [INFO]: Car_3 initialization done!
2026-05-26 03:25:23 [INFO]: Done!
2026-05-26 03:25:23 [INFO]: ***Init RL Agent in Env***
2026-05-26 03:25:38 [INFO]: will reset agent by success
2026-05-26 03:25:38 [INFO]: ***Reset RL Agent in Env***
2026-05-26 03:25:38 [INFO]: Car_1 initialization done!
2026-05-26 03:25:38 [INFO]: Pedestrian_1 initialization done!
2026-05-26 03:25:38 [INFO]: Car_2 initialization done!
2026-05-26 03:25:39 [INFO]: Car_3 initialization done!
2026-05-26 03:25:39 [INFO]: Agent reset priority to 2/4
2026-05-26 03:25:39 [INFO]: Agent reset concepts to {'type': 'Car', 'priority': 2}
2026-05-26 03:25:39 [INFO]: Episode 12 success.
2026-05-26 03:25:39 [INFO]: Episode 12 achieved a score of 4.720000000000009
2026-05-26 03:25:39 [INFO]: Episode 12 Success: 1
2026-05-26 03:25:39 [INFO]: Episode 12 Decision Step: {3: 0}
2026-05-26 03:25:39 [INFO]: Episode 12 Success Decision: {3: 0}
2026-05-26 03:25:39 [INFO]: Evaluating episode 13...
2026-05-26 03:25:39 [INFO]: Episode label: {'oracle_step': 70, 'stop_count': 10, 'has_stop': True, 'ego_crosses': True, 'ego_eta': 49, 'ego_direction': 'down', 'other_crosses': 3, 'close_other_count': 0, 'pedestrian_close': None, 'conflicting_approach': False, 'total_crosses': 4}
2026-05-26 03:25:39 [INFO]: Get map info from config/maps/square_2x2.yaml
2026-05-26 03:25:39 [INFO]: Get agent info from config/agents/easy_lite/val.yaml
2026-05-26 03:25:39 [INFO]: Get onology and rules info from config/rules/ontology_easy.yaml, config/rules/Nav/easy/expert.yaml
2026-05-26 03:25:39 [INFO]: Number of Entity Types: 1
Entity Types:
- Entity
2026-05-26 03:25:39 [INFO]: Number of Predicates: 13
Predicates:
- IsPedestrian: {'instance': "Function('IsPed', entity_sorts['Entity'], BoolSort())", 'arity': 1, 'method': 'IsPed(Entity)', 'function': 'logicity.utils.pred_converter.z3.IsPed'}
- IsCar: {'instance': "Function('IsCar', entity_sorts['Entity'], BoolSort())", 'arity': 1, 'method': 'IsCar(Entity)', 'function': 'logicity.utils.pred_converter.z3.IsCar'}
- IsAmbulance: {'instance': "Function('IsAmb', entity_sorts['Entity'], BoolSort())", 'arity': 1, 'method': 'IsAmb(Entity)', 'function': 'logicity.utils.pred_converter.z3.IsAmb'}
- IsOld: {'instance': "Function('IsOld', entity_sorts['Entity'], BoolSort())", 'arity': 1, 'method': 'IsOld(Entity)', 'function': 'logicity.utils.pred_converter.z3.IsOld'}
- IsTiro: {'instance': "Function('IsTiro', entity_sorts['Entity'], BoolSort())", 'arity': 1, 'method': 'IsTiro(Entity)', 'function': 'logicity.utils.pred_converter.z3.IsTiro'}
- IsAtInter: {'instance': "Function('IsAtInter', entity_sorts['Entity'], BoolSort())", 'arity': 1, 'method': 'IsAtInter(Entity)', 'function': 'logicity.utils.pred_converter.z3.IsAtInter'}
- IsInInter: {'instance': "Function('IsInInter', entity_sorts['Entity'], BoolSort())", 'arity': 1, 'method': 'IsInInter(Entity)', 'function': 'logicity.utils.pred_converter.z3.IsInInter'}
- HigherPri: {'instance': "Function('HigherPri', entity_sorts['Entity'], entity_sorts['Entity'], BoolSort())", 'arity': 2, 'method': 'HigherPri(Entity, Entity)', 'function': 'logicity.utils.pred_converter.z3.HigherPri'}
- CollidingClose: {'instance': "Function('CollidingClose', entity_sorts['Entity'], entity_sorts['Entity'], BoolSort())", 'arity': 2, 'method': 'CollidingClose(Entity, Entity)', 'function': 'logicity.utils.pred_converter.z3.CollidingClose'}
- Stop: {'instance': "Function('Stop', entity_sorts['Entity'], BoolSort())", 'arity': 1, 'method': 'Stop(Entity)', 'function': 'None'}
- Fast: {'instance': "Function('Fast', entity_sorts['Entity'], BoolSort())", 'arity': 1, 'method': 'Fast(Entity)', 'function': 'None'}
- Normal: {'instance': "Function('Normal', entity_sorts['Entity'], BoolSort())", 'arity': 1, 'method': 'Normal(Entity)', 'function': 'None'}
- Slow: {'instance': "Function('Slow', entity_sorts['Entity'], BoolSort())", 'arity': 1, 'method': 'Slow(Entity)', 'function': 'None'}
2026-05-26 03:25:39 [INFO]: *** Sim Rule ***: Stop -> 
 Stop(entity) == Exists(
  [dummyEntity], 
  Or(
    And(
      IsAtInter(entity), 
      IsInInter(dummyEntity), 
    ),
    And(
      IsAtInter(entity), 
      IsAtInter(dummyEntity), 
      HigherPri(dummyEntity, entity),
    ),
    CollidingClose(entity, dummyEntity)
  )
)

2026-05-26 03:25:39 [INFO]: *** Task Rule ***: Collision and Intersection -> 
 Implies(Exists(
  [dummyEntity], 
    Or(
      And(
        IsAtInter(entity), 
        IsInInter(dummyEntity), 
      ),
      And(
        IsAtInter(entity), 
        IsAtInter(dummyEntity), 
        HigherPri(dummyEntity, entity),
      ),
      CollidingClose(entity, dummyEntity)
    )
  ),
  Stop(entity)
)

2026-05-26 03:25:39 [INFO]: *** Expert Rule ***: Stop -> 
 Stop(entity) == Exists(
[dummyEntity], 
  Or(
    And(
      IsAtInter(entity), 
      IsInInter(dummyEntity), 
    ),
    And(
      IsAtInter(entity), 
      IsAtInter(dummyEntity), 
      HigherPri(dummyEntity, entity),
    ),
    CollidingClose(entity, dummyEntity)
  )
)

2026-05-26 03:25:39 [INFO]: *** Expert Rule ***: Slow -> 
 Not(Slow(entity))

2026-05-26 03:25:39 [INFO]: *** Expert Rule ***: Fast -> 
 Not(Fast(entity))

2026-05-26 03:25:39 [INFO]: *** Expert Rule ***: Normal -> 
 Normal(entity) == Not(Stop(entity))
2026-05-26 03:25:39 [INFO]: Rules created successfully
2026-05-26 03:25:39 [INFO]: Rules will be grounded later...
2026-05-26 03:25:39 [INFO]: Given Predicates {'IsPedestrian': {'instance': IsPed, 'arity': 1, 'method': 'IsPed(Entity)', 'function': 'logicity.utils.pred_converter.z3.IsPed'}, 'IsCar': {'instance': IsCar, 'arity': 1, 'method': 'IsCar(Entity)', 'function': 'logicity.utils.pred_converter.z3.IsCar'}, 'IsAmbulance': {'instance': IsAmb, 'arity': 1, 'method': 'IsAmb(Entity)', 'function': 'logicity.utils.pred_converter.z3.IsAmb'}, 'IsOld': {'instance': IsOld, 'arity': 1, 'method': 'IsOld(Entity)', 'function': 'logicity.utils.pred_converter.z3.IsOld'}, 'IsTiro': {'instance': IsTiro, 'arity': 1, 'method': 'IsTiro(Entity)', 'function': 'logicity.utils.pred_converter.z3.IsTiro'}, 'IsAtInter': {'instance': IsAtInter, 'arity': 1, 'method': 'IsAtInter(Entity)', 'function': 'logicity.utils.pred_converter.z3.IsAtInter'}, 'IsInInter': {'instance': IsInInter, 'arity': 1, 'method': 'IsInInter(Entity)', 'function': 'logicity.utils.pred_converter.z3.IsInInter'}, 'HigherPri': {'instance': HigherPri, 'arity': 2, 'method': 'HigherPri(Entity, Entity)', 'function': 'logicity.utils.pred_converter.z3.HigherPri'}, 'CollidingClose': {'instance': CollidingClose, 'arity': 2, 'method': 'CollidingClose(Entity, Entity)', 'function': 'logicity.utils.pred_converter.z3.CollidingClose'}, 'Stop': {'instance': Stop, 'arity': 1, 'method': 'Stop(Entity)', 'function': 'None'}, 'Fast': {'instance': Fast, 'arity': 1, 'method': 'Fast(Entity)', 'function': 'None'}, 'Normal': {'instance': Normal, 'arity': 1, 'method': 'Normal(Entity)', 'function': 'None'}, 'Slow': {'instance': Slow, 'arity': 1, 'method': 'Slow(Entity)', 'function': 'None'}}, the FOV entities {'Entity': 3}, The logic grounding shape is: 39
2026-05-26 03:25:39 [INFO]: Local planner constructed!
2026-05-26 03:25:39 [INFO]: Constructing 22 streets
2026-05-26 03:25:40 [INFO]: Constructing 16 buildings
2026-05-26 03:25:40 [INFO]: Adding 4 agents, they are constrained in 103 region
2026-05-26 03:25:41 [INFO]: Car_1 initialization done!
2026-05-26 03:25:41 [INFO]: Pedestrian_1 initialization done!
2026-05-26 03:25:41 [INFO]: Car_2 initialization done!
2026-05-26 03:25:41 [INFO]: Car_3 initialization done!
2026-05-26 03:25:41 [INFO]: Done!
2026-05-26 03:25:41 [INFO]: ***Init RL Agent in Env***
2026-05-26 03:25:46 [INFO]: Reset agent by failing
2026-05-26 03:25:46 [INFO]: ***Reset RL Agent in Env***
2026-05-26 03:25:47 [INFO]: Car_1 initialization done!
2026-05-26 03:25:47 [INFO]: Pedestrian_1 initialization done!
2026-05-26 03:25:47 [INFO]: Car_2 initialization done!
2026-05-26 03:25:48 [INFO]: Car_3 initialization done!
2026-05-26 03:25:48 [INFO]: Agent reset priority to 2/4
2026-05-26 03:25:48 [INFO]: Agent reset concepts to {'type': 'Car', 'priority': 2}
2026-05-26 03:25:48 [INFO]: Episode 13 failed.
2026-05-26 03:25:48 [INFO]: Episode 13 achieved a score of -7.83
2026-05-26 03:25:48 [INFO]: Episode 13 Success: 0
2026-05-26 03:25:48 [INFO]: Episode 13 Decision Step: {3: 1}
2026-05-26 03:25:48 [INFO]: Episode 13 Success Decision: {3: 0}
2026-05-26 03:25:48 [INFO]: Evaluating episode 14...
2026-05-26 03:25:48 [INFO]: Episode label: {'oracle_step': 57, 'stop_count': 7, 'has_stop': True, 'ego_crosses': True, 'ego_eta': 27, 'ego_direction': 'down', 'other_crosses': 3, 'close_other_count': 0, 'pedestrian_close': None, 'conflicting_approach': False, 'total_crosses': 4}
2026-05-26 03:25:48 [INFO]: Get map info from config/maps/square_2x2.yaml
2026-05-26 03:25:48 [INFO]: Get agent info from config/agents/easy_lite/val.yaml
2026-05-26 03:25:48 [INFO]: Get onology and rules info from config/rules/ontology_easy.yaml, config/rules/Nav/easy/expert.yaml
2026-05-26 03:25:48 [INFO]: Number of Entity Types: 1
Entity Types:
- Entity
2026-05-26 03:25:48 [INFO]: Number of Predicates: 13
Predicates:
- IsPedestrian: {'instance': "Function('IsPed', entity_sorts['Entity'], BoolSort())", 'arity': 1, 'method': 'IsPed(Entity)', 'function': 'logicity.utils.pred_converter.z3.IsPed'}
- IsCar: {'instance': "Function('IsCar', entity_sorts['Entity'], BoolSort())", 'arity': 1, 'method': 'IsCar(Entity)', 'function': 'logicity.utils.pred_converter.z3.IsCar'}
- IsAmbulance: {'instance': "Function('IsAmb', entity_sorts['Entity'], BoolSort())", 'arity': 1, 'method': 'IsAmb(Entity)', 'function': 'logicity.utils.pred_converter.z3.IsAmb'}
- IsOld: {'instance': "Function('IsOld', entity_sorts['Entity'], BoolSort())", 'arity': 1, 'method': 'IsOld(Entity)', 'function': 'logicity.utils.pred_converter.z3.IsOld'}
- IsTiro: {'instance': "Function('IsTiro', entity_sorts['Entity'], BoolSort())", 'arity': 1, 'method': 'IsTiro(Entity)', 'function': 'logicity.utils.pred_converter.z3.IsTiro'}
- IsAtInter: {'instance': "Function('IsAtInter', entity_sorts['Entity'], BoolSort())", 'arity': 1, 'method': 'IsAtInter(Entity)', 'function': 'logicity.utils.pred_converter.z3.IsAtInter'}
- IsInInter: {'instance': "Function('IsInInter', entity_sorts['Entity'], BoolSort())", 'arity': 1, 'method': 'IsInInter(Entity)', 'function': 'logicity.utils.pred_converter.z3.IsInInter'}
- HigherPri: {'instance': "Function('HigherPri', entity_sorts['Entity'], entity_sorts['Entity'], BoolSort())", 'arity': 2, 'method': 'HigherPri(Entity, Entity)', 'function': 'logicity.utils.pred_converter.z3.HigherPri'}
- CollidingClose: {'instance': "Function('CollidingClose', entity_sorts['Entity'], entity_sorts['Entity'], BoolSort())", 'arity': 2, 'method': 'CollidingClose(Entity, Entity)', 'function': 'logicity.utils.pred_converter.z3.CollidingClose'}
- Stop: {'instance': "Function('Stop', entity_sorts['Entity'], BoolSort())", 'arity': 1, 'method': 'Stop(Entity)', 'function': 'None'}
- Fast: {'instance': "Function('Fast', entity_sorts['Entity'], BoolSort())", 'arity': 1, 'method': 'Fast(Entity)', 'function': 'None'}
- Normal: {'instance': "Function('Normal', entity_sorts['Entity'], BoolSort())", 'arity': 1, 'method': 'Normal(Entity)', 'function': 'None'}
- Slow: {'instance': "Function('Slow', entity_sorts['Entity'], BoolSort())", 'arity': 1, 'method': 'Slow(Entity)', 'function': 'None'}
2026-05-26 03:25:48 [INFO]: *** Sim Rule ***: Stop -> 
 Stop(entity) == Exists(
  [dummyEntity], 
  Or(
    And(
      IsAtInter(entity), 
      IsInInter(dummyEntity), 
    ),
    And(
      IsAtInter(entity), 
      IsAtInter(dummyEntity), 
      HigherPri(dummyEntity, entity),
    ),
    CollidingClose(entity, dummyEntity)
  )
)

2026-05-26 03:25:48 [INFO]: *** Task Rule ***: Collision and Intersection -> 
 Implies(Exists(
  [dummyEntity], 
    Or(
      And(
        IsAtInter(entity), 
        IsInInter(dummyEntity), 
      ),
      And(
        IsAtInter(entity), 
        IsAtInter(dummyEntity), 
        HigherPri(dummyEntity, entity),
      ),
      CollidingClose(entity, dummyEntity)
    )
  ),
  Stop(entity)
)

2026-05-26 03:25:48 [INFO]: *** Expert Rule ***: Stop -> 
 Stop(entity) == Exists(
[dummyEntity], 
  Or(
    And(
      IsAtInter(entity), 
      IsInInter(dummyEntity), 
    ),
    And(
      IsAtInter(entity), 
      IsAtInter(dummyEntity), 
      HigherPri(dummyEntity, entity),
    ),
    CollidingClose(entity, dummyEntity)
  )
)

2026-05-26 03:25:48 [INFO]: *** Expert Rule ***: Slow -> 
 Not(Slow(entity))

2026-05-26 03:25:48 [INFO]: *** Expert Rule ***: Fast -> 
 Not(Fast(entity))

2026-05-26 03:25:48 [INFO]: *** Expert Rule ***: Normal -> 
 Normal(entity) == Not(Stop(entity))
2026-05-26 03:25:48 [INFO]: Rules created successfully
2026-05-26 03:25:48 [INFO]: Rules will be grounded later...
2026-05-26 03:25:48 [INFO]: Given Predicates {'IsPedestrian': {'instance': IsPed, 'arity': 1, 'method': 'IsPed(Entity)', 'function': 'logicity.utils.pred_converter.z3.IsPed'}, 'IsCar': {'instance': IsCar, 'arity': 1, 'method': 'IsCar(Entity)', 'function': 'logicity.utils.pred_converter.z3.IsCar'}, 'IsAmbulance': {'instance': IsAmb, 'arity': 1, 'method': 'IsAmb(Entity)', 'function': 'logicity.utils.pred_converter.z3.IsAmb'}, 'IsOld': {'instance': IsOld, 'arity': 1, 'method': 'IsOld(Entity)', 'function': 'logicity.utils.pred_converter.z3.IsOld'}, 'IsTiro': {'instance': IsTiro, 'arity': 1, 'method': 'IsTiro(Entity)', 'function': 'logicity.utils.pred_converter.z3.IsTiro'}, 'IsAtInter': {'instance': IsAtInter, 'arity': 1, 'method': 'IsAtInter(Entity)', 'function': 'logicity.utils.pred_converter.z3.IsAtInter'}, 'IsInInter': {'instance': IsInInter, 'arity': 1, 'method': 'IsInInter(Entity)', 'function': 'logicity.utils.pred_converter.z3.IsInInter'}, 'HigherPri': {'instance': HigherPri, 'arity': 2, 'method': 'HigherPri(Entity, Entity)', 'function': 'logicity.utils.pred_converter.z3.HigherPri'}, 'CollidingClose': {'instance': CollidingClose, 'arity': 2, 'method': 'CollidingClose(Entity, Entity)', 'function': 'logicity.utils.pred_converter.z3.CollidingClose'}, 'Stop': {'instance': Stop, 'arity': 1, 'method': 'Stop(Entity)', 'function': 'None'}, 'Fast': {'instance': Fast, 'arity': 1, 'method': 'Fast(Entity)', 'function': 'None'}, 'Normal': {'instance': Normal, 'arity': 1, 'method': 'Normal(Entity)', 'function': 'None'}, 'Slow': {'instance': Slow, 'arity': 1, 'method': 'Slow(Entity)', 'function': 'None'}}, the FOV entities {'Entity': 3}, The logic grounding shape is: 39
2026-05-26 03:25:48 [INFO]: Local planner constructed!
2026-05-26 03:25:48 [INFO]: Constructing 22 streets
2026-05-26 03:25:49 [INFO]: Constructing 16 buildings
2026-05-26 03:25:49 [INFO]: Adding 4 agents, they are constrained in 103 region
2026-05-26 03:25:50 [INFO]: Car_1 initialization done!
2026-05-26 03:25:50 [INFO]: Pedestrian_1 initialization done!
2026-05-26 03:25:50 [INFO]: Car_2 initialization done!
2026-05-26 03:25:51 [INFO]: Car_3 initialization done!
2026-05-26 03:25:51 [INFO]: Done!
2026-05-26 03:25:51 [INFO]: ***Init RL Agent in Env***
2026-05-26 03:26:07 [INFO]: will reset agent by success
2026-05-26 03:26:07 [INFO]: ***Reset RL Agent in Env***
2026-05-26 03:26:08 [INFO]: Car_1 initialization done!
2026-05-26 03:26:08 [INFO]: Pedestrian_1 initialization done!
2026-05-26 03:26:08 [INFO]: Car_2 initialization done!
2026-05-26 03:26:09 [INFO]: Car_3 initialization done!
2026-05-26 03:26:09 [INFO]: Agent reset priority to 3/4
2026-05-26 03:26:09 [INFO]: Agent reset concepts to {'type': 'Car', 'priority': 3}
2026-05-26 03:26:09 [INFO]: Episode 14 success.
2026-05-26 03:26:09 [INFO]: Episode 14 achieved a score of 4.920000000000008
2026-05-26 03:26:09 [INFO]: Episode 14 Success: 1
2026-05-26 03:26:09 [INFO]: Episode 14 Decision Step: {3: 1}
2026-05-26 03:26:09 [INFO]: Episode 14 Success Decision: {3: 1}
2026-05-26 03:26:09 [INFO]: Evaluating episode 15...
2026-05-26 03:26:09 [INFO]: Episode label: {'oracle_step': 77, 'stop_count': 6, 'has_stop': True, 'ego_crosses': True, 'ego_eta': 14, 'ego_direction': 'down', 'other_crosses': 3, 'close_other_count': 0, 'pedestrian_close': None, 'conflicting_approach': False, 'total_crosses': 4}
2026-05-26 03:26:09 [INFO]: Get map info from config/maps/square_2x2.yaml
2026-05-26 03:26:09 [INFO]: Get agent info from config/agents/easy_lite/val.yaml
2026-05-26 03:26:09 [INFO]: Get onology and rules info from config/rules/ontology_easy.yaml, config/rules/Nav/easy/expert.yaml
2026-05-26 03:26:09 [INFO]: Number of Entity Types: 1
Entity Types:
- Entity
2026-05-26 03:26:09 [INFO]: Number of Predicates: 13
Predicates:
- IsPedestrian: {'instance': "Function('IsPed', entity_sorts['Entity'], BoolSort())", 'arity': 1, 'method': 'IsPed(Entity)', 'function': 'logicity.utils.pred_converter.z3.IsPed'}
- IsCar: {'instance': "Function('IsCar', entity_sorts['Entity'], BoolSort())", 'arity': 1, 'method': 'IsCar(Entity)', 'function': 'logicity.utils.pred_converter.z3.IsCar'}
- IsAmbulance: {'instance': "Function('IsAmb', entity_sorts['Entity'], BoolSort())", 'arity': 1, 'method': 'IsAmb(Entity)', 'function': 'logicity.utils.pred_converter.z3.IsAmb'}
- IsOld: {'instance': "Function('IsOld', entity_sorts['Entity'], BoolSort())", 'arity': 1, 'method': 'IsOld(Entity)', 'function': 'logicity.utils.pred_converter.z3.IsOld'}
- IsTiro: {'instance': "Function('IsTiro', entity_sorts['Entity'], BoolSort())", 'arity': 1, 'method': 'IsTiro(Entity)', 'function': 'logicity.utils.pred_converter.z3.IsTiro'}
- IsAtInter: {'instance': "Function('IsAtInter', entity_sorts['Entity'], BoolSort())", 'arity': 1, 'method': 'IsAtInter(Entity)', 'function': 'logicity.utils.pred_converter.z3.IsAtInter'}
- IsInInter: {'instance': "Function('IsInInter', entity_sorts['Entity'], BoolSort())", 'arity': 1, 'method': 'IsInInter(Entity)', 'function': 'logicity.utils.pred_converter.z3.IsInInter'}
- HigherPri: {'instance': "Function('HigherPri', entity_sorts['Entity'], entity_sorts['Entity'], BoolSort())", 'arity': 2, 'method': 'HigherPri(Entity, Entity)', 'function': 'logicity.utils.pred_converter.z3.HigherPri'}
- CollidingClose: {'instance': "Function('CollidingClose', entity_sorts['Entity'], entity_sorts['Entity'], BoolSort())", 'arity': 2, 'method': 'CollidingClose(Entity, Entity)', 'function': 'logicity.utils.pred_converter.z3.CollidingClose'}
- Stop: {'instance': "Function('Stop', entity_sorts['Entity'], BoolSort())", 'arity': 1, 'method': 'Stop(Entity)', 'function': 'None'}
- Fast: {'instance': "Function('Fast', entity_sorts['Entity'], BoolSort())", 'arity': 1, 'method': 'Fast(Entity)', 'function': 'None'}
- Normal: {'instance': "Function('Normal', entity_sorts['Entity'], BoolSort())", 'arity': 1, 'method': 'Normal(Entity)', 'function': 'None'}
- Slow: {'instance': "Function('Slow', entity_sorts['Entity'], BoolSort())", 'arity': 1, 'method': 'Slow(Entity)', 'function': 'None'}
2026-05-26 03:26:09 [INFO]: *** Sim Rule ***: Stop -> 
 Stop(entity) == Exists(
  [dummyEntity], 
  Or(
    And(
      IsAtInter(entity), 
      IsInInter(dummyEntity), 
    ),
    And(
      IsAtInter(entity), 
      IsAtInter(dummyEntity), 
      HigherPri(dummyEntity, entity),
    ),
    CollidingClose(entity, dummyEntity)
  )
)

2026-05-26 03:26:09 [INFO]: *** Task Rule ***: Collision and Intersection -> 
 Implies(Exists(
  [dummyEntity], 
    Or(
      And(
        IsAtInter(entity), 
        IsInInter(dummyEntity), 
      ),
      And(
        IsAtInter(entity), 
        IsAtInter(dummyEntity), 
        HigherPri(dummyEntity, entity),
      ),
      CollidingClose(entity, dummyEntity)
    )
  ),
  Stop(entity)
)

2026-05-26 03:26:09 [INFO]: *** Expert Rule ***: Stop -> 
 Stop(entity) == Exists(
[dummyEntity], 
  Or(
    And(
      IsAtInter(entity), 
      IsInInter(dummyEntity), 
    ),
    And(
      IsAtInter(entity), 
      IsAtInter(dummyEntity), 
      HigherPri(dummyEntity, entity),
    ),
    CollidingClose(entity, dummyEntity)
  )
)

2026-05-26 03:26:09 [INFO]: *** Expert Rule ***: Slow -> 
 Not(Slow(entity))

2026-05-26 03:26:09 [INFO]: *** Expert Rule ***: Fast -> 
 Not(Fast(entity))

2026-05-26 03:26:09 [INFO]: *** Expert Rule ***: Normal -> 
 Normal(entity) == Not(Stop(entity))
2026-05-26 03:26:09 [INFO]: Rules created successfully
2026-05-26 03:26:09 [INFO]: Rules will be grounded later...
2026-05-26 03:26:09 [INFO]: Given Predicates {'IsPedestrian': {'instance': IsPed, 'arity': 1, 'method': 'IsPed(Entity)', 'function': 'logicity.utils.pred_converter.z3.IsPed'}, 'IsCar': {'instance': IsCar, 'arity': 1, 'method': 'IsCar(Entity)', 'function': 'logicity.utils.pred_converter.z3.IsCar'}, 'IsAmbulance': {'instance': IsAmb, 'arity': 1, 'method': 'IsAmb(Entity)', 'function': 'logicity.utils.pred_converter.z3.IsAmb'}, 'IsOld': {'instance': IsOld, 'arity': 1, 'method': 'IsOld(Entity)', 'function': 'logicity.utils.pred_converter.z3.IsOld'}, 'IsTiro': {'instance': IsTiro, 'arity': 1, 'method': 'IsTiro(Entity)', 'function': 'logicity.utils.pred_converter.z3.IsTiro'}, 'IsAtInter': {'instance': IsAtInter, 'arity': 1, 'method': 'IsAtInter(Entity)', 'function': 'logicity.utils.pred_converter.z3.IsAtInter'}, 'IsInInter': {'instance': IsInInter, 'arity': 1, 'method': 'IsInInter(Entity)', 'function': 'logicity.utils.pred_converter.z3.IsInInter'}, 'HigherPri': {'instance': HigherPri, 'arity': 2, 'method': 'HigherPri(Entity, Entity)', 'function': 'logicity.utils.pred_converter.z3.HigherPri'}, 'CollidingClose': {'instance': CollidingClose, 'arity': 2, 'method': 'CollidingClose(Entity, Entity)', 'function': 'logicity.utils.pred_converter.z3.CollidingClose'}, 'Stop': {'instance': Stop, 'arity': 1, 'method': 'Stop(Entity)', 'function': 'None'}, 'Fast': {'instance': Fast, 'arity': 1, 'method': 'Fast(Entity)', 'function': 'None'}, 'Normal': {'instance': Normal, 'arity': 1, 'method': 'Normal(Entity)', 'function': 'None'}, 'Slow': {'instance': Slow, 'arity': 1, 'method': 'Slow(Entity)', 'function': 'None'}}, the FOV entities {'Entity': 3}, The logic grounding shape is: 39
2026-05-26 03:26:09 [INFO]: Local planner constructed!
2026-05-26 03:26:09 [INFO]: Constructing 22 streets
2026-05-26 03:26:09 [INFO]: Constructing 16 buildings
2026-05-26 03:26:10 [INFO]: Adding 4 agents, they are constrained in 103 region
2026-05-26 03:26:10 [INFO]: Car_1 initialization done!
2026-05-26 03:26:10 [INFO]: Pedestrian_1 initialization done!
2026-05-26 03:26:11 [INFO]: Car_2 initialization done!
2026-05-26 03:26:11 [INFO]: Car_3 initialization done!
2026-05-26 03:26:11 [INFO]: Done!
2026-05-26 03:26:11 [INFO]: ***Init RL Agent in Env***
2026-05-26 03:26:24 [INFO]: will reset agent by success
2026-05-26 03:26:24 [INFO]: ***Reset RL Agent in Env***
2026-05-26 03:26:25 [INFO]: Car_1 initialization done!
2026-05-26 03:26:25 [INFO]: Pedestrian_1 initialization done!
2026-05-26 03:26:26 [INFO]: Car_2 initialization done!
2026-05-26 03:26:27 [INFO]: Car_3 initialization done!
2026-05-26 03:26:27 [INFO]: Agent reset priority to 3/4
2026-05-26 03:26:27 [INFO]: Agent reset concepts to {'type': 'Car', 'priority': 3}
2026-05-26 03:26:27 [INFO]: Episode 15 success.
2026-05-26 03:26:27 [INFO]: Episode 15 achieved a score of 7.279999999999998
2026-05-26 03:26:27 [INFO]: Episode 15 Success: 1
2026-05-26 03:26:27 [INFO]: Episode 15 Decision Step: {3: 1}
2026-05-26 03:26:27 [INFO]: Episode 15 Success Decision: {3: 1}
2026-05-26 03:26:27 [INFO]: Evaluating episode 16...
2026-05-26 03:26:27 [INFO]: Episode label: {'oracle_step': 110, 'stop_count': 38, 'has_stop': True, 'ego_crosses': True, 'ego_eta': 70, 'ego_direction': 'up', 'other_crosses': 3, 'close_other_count': 0, 'pedestrian_close': None, 'conflicting_approach': False, 'total_crosses': 4}
2026-05-26 03:26:27 [INFO]: Get map info from config/maps/square_2x2.yaml
2026-05-26 03:26:27 [INFO]: Get agent info from config/agents/easy_lite/val.yaml
2026-05-26 03:26:27 [INFO]: Get onology and rules info from config/rules/ontology_easy.yaml, config/rules/Nav/easy/expert.yaml
2026-05-26 03:26:27 [INFO]: Number of Entity Types: 1
Entity Types:
- Entity
2026-05-26 03:26:27 [INFO]: Number of Predicates: 13
Predicates:
- IsPedestrian: {'instance': "Function('IsPed', entity_sorts['Entity'], BoolSort())", 'arity': 1, 'method': 'IsPed(Entity)', 'function': 'logicity.utils.pred_converter.z3.IsPed'}
- IsCar: {'instance': "Function('IsCar', entity_sorts['Entity'], BoolSort())", 'arity': 1, 'method': 'IsCar(Entity)', 'function': 'logicity.utils.pred_converter.z3.IsCar'}
- IsAmbulance: {'instance': "Function('IsAmb', entity_sorts['Entity'], BoolSort())", 'arity': 1, 'method': 'IsAmb(Entity)', 'function': 'logicity.utils.pred_converter.z3.IsAmb'}
- IsOld: {'instance': "Function('IsOld', entity_sorts['Entity'], BoolSort())", 'arity': 1, 'method': 'IsOld(Entity)', 'function': 'logicity.utils.pred_converter.z3.IsOld'}
- IsTiro: {'instance': "Function('IsTiro', entity_sorts['Entity'], BoolSort())", 'arity': 1, 'method': 'IsTiro(Entity)', 'function': 'logicity.utils.pred_converter.z3.IsTiro'}
- IsAtInter: {'instance': "Function('IsAtInter', entity_sorts['Entity'], BoolSort())", 'arity': 1, 'method': 'IsAtInter(Entity)', 'function': 'logicity.utils.pred_converter.z3.IsAtInter'}
- IsInInter: {'instance': "Function('IsInInter', entity_sorts['Entity'], BoolSort())", 'arity': 1, 'method': 'IsInInter(Entity)', 'function': 'logicity.utils.pred_converter.z3.IsInInter'}
- HigherPri: {'instance': "Function('HigherPri', entity_sorts['Entity'], entity_sorts['Entity'], BoolSort())", 'arity': 2, 'method': 'HigherPri(Entity, Entity)', 'function': 'logicity.utils.pred_converter.z3.HigherPri'}
- CollidingClose: {'instance': "Function('CollidingClose', entity_sorts['Entity'], entity_sorts['Entity'], BoolSort())", 'arity': 2, 'method': 'CollidingClose(Entity, Entity)', 'function': 'logicity.utils.pred_converter.z3.CollidingClose'}
- Stop: {'instance': "Function('Stop', entity_sorts['Entity'], BoolSort())", 'arity': 1, 'method': 'Stop(Entity)', 'function': 'None'}
- Fast: {'instance': "Function('Fast', entity_sorts['Entity'], BoolSort())", 'arity': 1, 'method': 'Fast(Entity)', 'function': 'None'}
- Normal: {'instance': "Function('Normal', entity_sorts['Entity'], BoolSort())", 'arity': 1, 'method': 'Normal(Entity)', 'function': 'None'}
- Slow: {'instance': "Function('Slow', entity_sorts['Entity'], BoolSort())", 'arity': 1, 'method': 'Slow(Entity)', 'function': 'None'}
2026-05-26 03:26:27 [INFO]: *** Sim Rule ***: Stop -> 
 Stop(entity) == Exists(
  [dummyEntity], 
  Or(
    And(
      IsAtInter(entity), 
      IsInInter(dummyEntity), 
    ),
    And(
      IsAtInter(entity), 
      IsAtInter(dummyEntity), 
      HigherPri(dummyEntity, entity),
    ),
    CollidingClose(entity, dummyEntity)
  )
)

2026-05-26 03:26:27 [INFO]: *** Task Rule ***: Collision and Intersection -> 
 Implies(Exists(
  [dummyEntity], 
    Or(
      And(
        IsAtInter(entity), 
        IsInInter(dummyEntity), 
      ),
      And(
        IsAtInter(entity), 
        IsAtInter(dummyEntity), 
        HigherPri(dummyEntity, entity),
      ),
      CollidingClose(entity, dummyEntity)
    )
  ),
  Stop(entity)
)

2026-05-26 03:26:27 [INFO]: *** Expert Rule ***: Stop -> 
 Stop(entity) == Exists(
[dummyEntity], 
  Or(
    And(
      IsAtInter(entity), 
      IsInInter(dummyEntity), 
    ),
    And(
      IsAtInter(entity), 
      IsAtInter(dummyEntity), 
      HigherPri(dummyEntity, entity),
    ),
    CollidingClose(entity, dummyEntity)
  )
)

2026-05-26 03:26:27 [INFO]: *** Expert Rule ***: Slow -> 
 Not(Slow(entity))

2026-05-26 03:26:27 [INFO]: *** Expert Rule ***: Fast -> 
 Not(Fast(entity))

2026-05-26 03:26:27 [INFO]: *** Expert Rule ***: Normal -> 
 Normal(entity) == Not(Stop(entity))
2026-05-26 03:26:27 [INFO]: Rules created successfully
2026-05-26 03:26:27 [INFO]: Rules will be grounded later...
2026-05-26 03:26:27 [INFO]: Given Predicates {'IsPedestrian': {'instance': IsPed, 'arity': 1, 'method': 'IsPed(Entity)', 'function': 'logicity.utils.pred_converter.z3.IsPed'}, 'IsCar': {'instance': IsCar, 'arity': 1, 'method': 'IsCar(Entity)', 'function': 'logicity.utils.pred_converter.z3.IsCar'}, 'IsAmbulance': {'instance': IsAmb, 'arity': 1, 'method': 'IsAmb(Entity)', 'function': 'logicity.utils.pred_converter.z3.IsAmb'}, 'IsOld': {'instance': IsOld, 'arity': 1, 'method': 'IsOld(Entity)', 'function': 'logicity.utils.pred_converter.z3.IsOld'}, 'IsTiro': {'instance': IsTiro, 'arity': 1, 'method': 'IsTiro(Entity)', 'function': 'logicity.utils.pred_converter.z3.IsTiro'}, 'IsAtInter': {'instance': IsAtInter, 'arity': 1, 'method': 'IsAtInter(Entity)', 'function': 'logicity.utils.pred_converter.z3.IsAtInter'}, 'IsInInter': {'instance': IsInInter, 'arity': 1, 'method': 'IsInInter(Entity)', 'function': 'logicity.utils.pred_converter.z3.IsInInter'}, 'HigherPri': {'instance': HigherPri, 'arity': 2, 'method': 'HigherPri(Entity, Entity)', 'function': 'logicity.utils.pred_converter.z3.HigherPri'}, 'CollidingClose': {'instance': CollidingClose, 'arity': 2, 'method': 'CollidingClose(Entity, Entity)', 'function': 'logicity.utils.pred_converter.z3.CollidingClose'}, 'Stop': {'instance': Stop, 'arity': 1, 'method': 'Stop(Entity)', 'function': 'None'}, 'Fast': {'instance': Fast, 'arity': 1, 'method': 'Fast(Entity)', 'function': 'None'}, 'Normal': {'instance': Normal, 'arity': 1, 'method': 'Normal(Entity)', 'function': 'None'}, 'Slow': {'instance': Slow, 'arity': 1, 'method': 'Slow(Entity)', 'function': 'None'}}, the FOV entities {'Entity': 3}, The logic grounding shape is: 39
2026-05-26 03:26:27 [INFO]: Local planner constructed!
2026-05-26 03:26:27 [INFO]: Constructing 22 streets
2026-05-26 03:26:28 [INFO]: Constructing 16 buildings
2026-05-26 03:26:29 [INFO]: Adding 4 agents, they are constrained in 103 region
2026-05-26 03:26:29 [INFO]: Car_1 initialization done!
2026-05-26 03:26:29 [INFO]: Pedestrian_1 initialization done!
2026-05-26 03:26:30 [INFO]: Car_2 initialization done!
2026-05-26 03:26:31 [INFO]: Car_3 initialization done!
2026-05-26 03:26:31 [INFO]: Done!
2026-05-26 03:26:31 [INFO]: ***Init RL Agent in Env***
2026-05-26 03:26:51 [INFO]: will reset agent by success
2026-05-26 03:26:51 [INFO]: ***Reset RL Agent in Env***
2026-05-26 03:26:52 [INFO]: Car_1 initialization done!
2026-05-26 03:26:52 [INFO]: Pedestrian_1 initialization done!
2026-05-26 03:26:53 [INFO]: Car_2 initialization done!
2026-05-26 03:26:53 [INFO]: Car_3 initialization done!
2026-05-26 03:26:53 [INFO]: Agent reset priority to 3/4
2026-05-26 03:26:53 [INFO]: Agent reset concepts to {'type': 'Car', 'priority': 3}
2026-05-26 03:26:54 [INFO]: Episode 16 success.
2026-05-26 03:26:54 [INFO]: Episode 16 achieved a score of 6.900000000000007
2026-05-26 03:26:54 [INFO]: Episode 16 Success: 1
2026-05-26 03:26:54 [INFO]: Episode 16 Decision Step: {3: 1}
2026-05-26 03:26:54 [INFO]: Episode 16 Success Decision: {3: 1}
2026-05-26 03:26:54 [INFO]: Evaluating episode 17...
2026-05-26 03:26:54 [INFO]: Episode label: {'oracle_step': 57, 'stop_count': 0, 'has_stop': False, 'ego_crosses': True, 'ego_eta': 28, 'ego_direction': 'right', 'other_crosses': 3, 'close_other_count': 0, 'pedestrian_close': None, 'conflicting_approach': False, 'total_crosses': 4}
2026-05-26 03:26:54 [INFO]: Get map info from config/maps/square_2x2.yaml
2026-05-26 03:26:54 [INFO]: Get agent info from config/agents/easy_lite/val.yaml
2026-05-26 03:26:54 [INFO]: Get onology and rules info from config/rules/ontology_easy.yaml, config/rules/Nav/easy/expert.yaml
2026-05-26 03:26:54 [INFO]: Number of Entity Types: 1
Entity Types:
- Entity
2026-05-26 03:26:54 [INFO]: Number of Predicates: 13
Predicates:
- IsPedestrian: {'instance': "Function('IsPed', entity_sorts['Entity'], BoolSort())", 'arity': 1, 'method': 'IsPed(Entity)', 'function': 'logicity.utils.pred_converter.z3.IsPed'}
- IsCar: {'instance': "Function('IsCar', entity_sorts['Entity'], BoolSort())", 'arity': 1, 'method': 'IsCar(Entity)', 'function': 'logicity.utils.pred_converter.z3.IsCar'}
- IsAmbulance: {'instance': "Function('IsAmb', entity_sorts['Entity'], BoolSort())", 'arity': 1, 'method': 'IsAmb(Entity)', 'function': 'logicity.utils.pred_converter.z3.IsAmb'}
- IsOld: {'instance': "Function('IsOld', entity_sorts['Entity'], BoolSort())", 'arity': 1, 'method': 'IsOld(Entity)', 'function': 'logicity.utils.pred_converter.z3.IsOld'}
- IsTiro: {'instance': "Function('IsTiro', entity_sorts['Entity'], BoolSort())", 'arity': 1, 'method': 'IsTiro(Entity)', 'function': 'logicity.utils.pred_converter.z3.IsTiro'}
- IsAtInter: {'instance': "Function('IsAtInter', entity_sorts['Entity'], BoolSort())", 'arity': 1, 'method': 'IsAtInter(Entity)', 'function': 'logicity.utils.pred_converter.z3.IsAtInter'}
- IsInInter: {'instance': "Function('IsInInter', entity_sorts['Entity'], BoolSort())", 'arity': 1, 'method': 'IsInInter(Entity)', 'function': 'logicity.utils.pred_converter.z3.IsInInter'}
- HigherPri: {'instance': "Function('HigherPri', entity_sorts['Entity'], entity_sorts['Entity'], BoolSort())", 'arity': 2, 'method': 'HigherPri(Entity, Entity)', 'function': 'logicity.utils.pred_converter.z3.HigherPri'}
- CollidingClose: {'instance': "Function('CollidingClose', entity_sorts['Entity'], entity_sorts['Entity'], BoolSort())", 'arity': 2, 'method': 'CollidingClose(Entity, Entity)', 'function': 'logicity.utils.pred_converter.z3.CollidingClose'}
- Stop: {'instance': "Function('Stop', entity_sorts['Entity'], BoolSort())", 'arity': 1, 'method': 'Stop(Entity)', 'function': 'None'}
- Fast: {'instance': "Function('Fast', entity_sorts['Entity'], BoolSort())", 'arity': 1, 'method': 'Fast(Entity)', 'function': 'None'}
- Normal: {'instance': "Function('Normal', entity_sorts['Entity'], BoolSort())", 'arity': 1, 'method': 'Normal(Entity)', 'function': 'None'}
- Slow: {'instance': "Function('Slow', entity_sorts['Entity'], BoolSort())", 'arity': 1, 'method': 'Slow(Entity)', 'function': 'None'}
2026-05-26 03:26:54 [INFO]: *** Sim Rule ***: Stop -> 
 Stop(entity) == Exists(
  [dummyEntity], 
  Or(
    And(
      IsAtInter(entity), 
      IsInInter(dummyEntity), 
    ),
    And(
      IsAtInter(entity), 
      IsAtInter(dummyEntity), 
      HigherPri(dummyEntity, entity),
    ),
    CollidingClose(entity, dummyEntity)
  )
)

2026-05-26 03:26:54 [INFO]: *** Task Rule ***: Collision and Intersection -> 
 Implies(Exists(
  [dummyEntity], 
    Or(
      And(
        IsAtInter(entity), 
        IsInInter(dummyEntity), 
      ),
      And(
        IsAtInter(entity), 
        IsAtInter(dummyEntity), 
        HigherPri(dummyEntity, entity),
      ),
      CollidingClose(entity, dummyEntity)
    )
  ),
  Stop(entity)
)

2026-05-26 03:26:54 [INFO]: *** Expert Rule ***: Stop -> 
 Stop(entity) == Exists(
[dummyEntity], 
  Or(
    And(
      IsAtInter(entity), 
      IsInInter(dummyEntity), 
    ),
    And(
      IsAtInter(entity), 
      IsAtInter(dummyEntity), 
      HigherPri(dummyEntity, entity),
    ),
    CollidingClose(entity, dummyEntity)
  )
)

2026-05-26 03:26:54 [INFO]: *** Expert Rule ***: Slow -> 
 Not(Slow(entity))

2026-05-26 03:26:54 [INFO]: *** Expert Rule ***: Fast -> 
 Not(Fast(entity))

2026-05-26 03:26:54 [INFO]: *** Expert Rule ***: Normal -> 
 Normal(entity) == Not(Stop(entity))
2026-05-26 03:26:54 [INFO]: Rules created successfully
2026-05-26 03:26:54 [INFO]: Rules will be grounded later...
2026-05-26 03:26:54 [INFO]: Given Predicates {'IsPedestrian': {'instance': IsPed, 'arity': 1, 'method': 'IsPed(Entity)', 'function': 'logicity.utils.pred_converter.z3.IsPed'}, 'IsCar': {'instance': IsCar, 'arity': 1, 'method': 'IsCar(Entity)', 'function': 'logicity.utils.pred_converter.z3.IsCar'}, 'IsAmbulance': {'instance': IsAmb, 'arity': 1, 'method': 'IsAmb(Entity)', 'function': 'logicity.utils.pred_converter.z3.IsAmb'}, 'IsOld': {'instance': IsOld, 'arity': 1, 'method': 'IsOld(Entity)', 'function': 'logicity.utils.pred_converter.z3.IsOld'}, 'IsTiro': {'instance': IsTiro, 'arity': 1, 'method': 'IsTiro(Entity)', 'function': 'logicity.utils.pred_converter.z3.IsTiro'}, 'IsAtInter': {'instance': IsAtInter, 'arity': 1, 'method': 'IsAtInter(Entity)', 'function': 'logicity.utils.pred_converter.z3.IsAtInter'}, 'IsInInter': {'instance': IsInInter, 'arity': 1, 'method': 'IsInInter(Entity)', 'function': 'logicity.utils.pred_converter.z3.IsInInter'}, 'HigherPri': {'instance': HigherPri, 'arity': 2, 'method': 'HigherPri(Entity, Entity)', 'function': 'logicity.utils.pred_converter.z3.HigherPri'}, 'CollidingClose': {'instance': CollidingClose, 'arity': 2, 'method': 'CollidingClose(Entity, Entity)', 'function': 'logicity.utils.pred_converter.z3.CollidingClose'}, 'Stop': {'instance': Stop, 'arity': 1, 'method': 'Stop(Entity)', 'function': 'None'}, 'Fast': {'instance': Fast, 'arity': 1, 'method': 'Fast(Entity)', 'function': 'None'}, 'Normal': {'instance': Normal, 'arity': 1, 'method': 'Normal(Entity)', 'function': 'None'}, 'Slow': {'instance': Slow, 'arity': 1, 'method': 'Slow(Entity)', 'function': 'None'}}, the FOV entities {'Entity': 3}, The logic grounding shape is: 39
2026-05-26 03:26:54 [INFO]: Local planner constructed!
2026-05-26 03:26:54 [INFO]: Constructing 22 streets
2026-05-26 03:26:54 [INFO]: Constructing 16 buildings
2026-05-26 03:26:55 [INFO]: Adding 4 agents, they are constrained in 103 region
2026-05-26 03:26:56 [INFO]: Car_1 initialization done!
2026-05-26 03:26:56 [INFO]: Pedestrian_1 initialization done!
2026-05-26 03:26:56 [INFO]: Car_2 initialization done!
2026-05-26 03:26:57 [INFO]: Car_3 initialization done!
2026-05-26 03:26:57 [INFO]: Done!
2026-05-26 03:26:57 [INFO]: ***Init RL Agent in Env***
2026-05-26 03:27:05 [INFO]: will reset agent by success
2026-05-26 03:27:05 [INFO]: ***Reset RL Agent in Env***
2026-05-26 03:27:05 [INFO]: Car_1 initialization done!
2026-05-26 03:27:05 [INFO]: Pedestrian_1 initialization done!
2026-05-26 03:27:06 [INFO]: Car_2 initialization done!
2026-05-26 03:27:06 [INFO]: Car_3 initialization done!
2026-05-26 03:27:06 [INFO]: Agent reset priority to 1/4
2026-05-26 03:27:06 [INFO]: Agent reset concepts to {'type': 'Car', 'priority': 1}
2026-05-26 03:27:07 [INFO]: Episode 17 success.
2026-05-26 03:27:07 [INFO]: Episode 17 achieved a score of 6.09
2026-05-26 03:27:07 [INFO]: Episode 17 Success: 1
2026-05-26 03:27:07 [INFO]: Episode 17 Decision Step: {3: 0}
2026-05-26 03:27:07 [INFO]: Episode 17 Success Decision: {3: 0}
2026-05-26 03:27:07 [INFO]: Evaluating episode 18...
2026-05-26 03:27:07 [INFO]: Episode label: {'oracle_step': 25, 'stop_count': 7, 'has_stop': True, 'ego_crosses': True, 'ego_eta': 7, 'ego_direction': 'down', 'other_crosses': 3, 'close_other_count': 0, 'pedestrian_close': None, 'conflicting_approach': False, 'total_crosses': 4}
2026-05-26 03:27:07 [INFO]: Get map info from config/maps/square_2x2.yaml
2026-05-26 03:27:07 [INFO]: Get agent info from config/agents/easy_lite/val.yaml
2026-05-26 03:27:07 [INFO]: Get onology and rules info from config/rules/ontology_easy.yaml, config/rules/Nav/easy/expert.yaml
2026-05-26 03:27:07 [INFO]: Number of Entity Types: 1
Entity Types:
- Entity
2026-05-26 03:27:07 [INFO]: Number of Predicates: 13
Predicates:
- IsPedestrian: {'instance': "Function('IsPed', entity_sorts['Entity'], BoolSort())", 'arity': 1, 'method': 'IsPed(Entity)', 'function': 'logicity.utils.pred_converter.z3.IsPed'}
- IsCar: {'instance': "Function('IsCar', entity_sorts['Entity'], BoolSort())", 'arity': 1, 'method': 'IsCar(Entity)', 'function': 'logicity.utils.pred_converter.z3.IsCar'}
- IsAmbulance: {'instance': "Function('IsAmb', entity_sorts['Entity'], BoolSort())", 'arity': 1, 'method': 'IsAmb(Entity)', 'function': 'logicity.utils.pred_converter.z3.IsAmb'}
- IsOld: {'instance': "Function('IsOld', entity_sorts['Entity'], BoolSort())", 'arity': 1, 'method': 'IsOld(Entity)', 'function': 'logicity.utils.pred_converter.z3.IsOld'}
- IsTiro: {'instance': "Function('IsTiro', entity_sorts['Entity'], BoolSort())", 'arity': 1, 'method': 'IsTiro(Entity)', 'function': 'logicity.utils.pred_converter.z3.IsTiro'}
- IsAtInter: {'instance': "Function('IsAtInter', entity_sorts['Entity'], BoolSort())", 'arity': 1, 'method': 'IsAtInter(Entity)', 'function': 'logicity.utils.pred_converter.z3.IsAtInter'}
- IsInInter: {'instance': "Function('IsInInter', entity_sorts['Entity'], BoolSort())", 'arity': 1, 'method': 'IsInInter(Entity)', 'function': 'logicity.utils.pred_converter.z3.IsInInter'}
- HigherPri: {'instance': "Function('HigherPri', entity_sorts['Entity'], entity_sorts['Entity'], BoolSort())", 'arity': 2, 'method': 'HigherPri(Entity, Entity)', 'function': 'logicity.utils.pred_converter.z3.HigherPri'}
- CollidingClose: {'instance': "Function('CollidingClose', entity_sorts['Entity'], entity_sorts['Entity'], BoolSort())", 'arity': 2, 'method': 'CollidingClose(Entity, Entity)', 'function': 'logicity.utils.pred_converter.z3.CollidingClose'}
- Stop: {'instance': "Function('Stop', entity_sorts['Entity'], BoolSort())", 'arity': 1, 'method': 'Stop(Entity)', 'function': 'None'}
- Fast: {'instance': "Function('Fast', entity_sorts['Entity'], BoolSort())", 'arity': 1, 'method': 'Fast(Entity)', 'function': 'None'}
- Normal: {'instance': "Function('Normal', entity_sorts['Entity'], BoolSort())", 'arity': 1, 'method': 'Normal(Entity)', 'function': 'None'}
- Slow: {'instance': "Function('Slow', entity_sorts['Entity'], BoolSort())", 'arity': 1, 'method': 'Slow(Entity)', 'function': 'None'}
2026-05-26 03:27:07 [INFO]: *** Sim Rule ***: Stop -> 
 Stop(entity) == Exists(
  [dummyEntity], 
  Or(
    And(
      IsAtInter(entity), 
      IsInInter(dummyEntity), 
    ),
    And(
      IsAtInter(entity), 
      IsAtInter(dummyEntity), 
      HigherPri(dummyEntity, entity),
    ),
    CollidingClose(entity, dummyEntity)
  )
)

2026-05-26 03:27:07 [INFO]: *** Task Rule ***: Collision and Intersection -> 
 Implies(Exists(
  [dummyEntity], 
    Or(
      And(
        IsAtInter(entity), 
        IsInInter(dummyEntity), 
      ),
      And(
        IsAtInter(entity), 
        IsAtInter(dummyEntity), 
        HigherPri(dummyEntity, entity),
      ),
      CollidingClose(entity, dummyEntity)
    )
  ),
  Stop(entity)
)

2026-05-26 03:27:07 [INFO]: *** Expert Rule ***: Stop -> 
 Stop(entity) == Exists(
[dummyEntity], 
  Or(
    And(
      IsAtInter(entity), 
      IsInInter(dummyEntity), 
    ),
    And(
      IsAtInter(entity), 
      IsAtInter(dummyEntity), 
      HigherPri(dummyEntity, entity),
    ),
    CollidingClose(entity, dummyEntity)
  )
)

2026-05-26 03:27:07 [INFO]: *** Expert Rule ***: Slow -> 
 Not(Slow(entity))

2026-05-26 03:27:07 [INFO]: *** Expert Rule ***: Fast -> 
 Not(Fast(entity))

2026-05-26 03:27:07 [INFO]: *** Expert Rule ***: Normal -> 
 Normal(entity) == Not(Stop(entity))
2026-05-26 03:27:07 [INFO]: Rules created successfully
2026-05-26 03:27:07 [INFO]: Rules will be grounded later...
2026-05-26 03:27:07 [INFO]: Given Predicates {'IsPedestrian': {'instance': IsPed, 'arity': 1, 'method': 'IsPed(Entity)', 'function': 'logicity.utils.pred_converter.z3.IsPed'}, 'IsCar': {'instance': IsCar, 'arity': 1, 'method': 'IsCar(Entity)', 'function': 'logicity.utils.pred_converter.z3.IsCar'}, 'IsAmbulance': {'instance': IsAmb, 'arity': 1, 'method': 'IsAmb(Entity)', 'function': 'logicity.utils.pred_converter.z3.IsAmb'}, 'IsOld': {'instance': IsOld, 'arity': 1, 'method': 'IsOld(Entity)', 'function': 'logicity.utils.pred_converter.z3.IsOld'}, 'IsTiro': {'instance': IsTiro, 'arity': 1, 'method': 'IsTiro(Entity)', 'function': 'logicity.utils.pred_converter.z3.IsTiro'}, 'IsAtInter': {'instance': IsAtInter, 'arity': 1, 'method': 'IsAtInter(Entity)', 'function': 'logicity.utils.pred_converter.z3.IsAtInter'}, 'IsInInter': {'instance': IsInInter, 'arity': 1, 'method': 'IsInInter(Entity)', 'function': 'logicity.utils.pred_converter.z3.IsInInter'}, 'HigherPri': {'instance': HigherPri, 'arity': 2, 'method': 'HigherPri(Entity, Entity)', 'function': 'logicity.utils.pred_converter.z3.HigherPri'}, 'CollidingClose': {'instance': CollidingClose, 'arity': 2, 'method': 'CollidingClose(Entity, Entity)', 'function': 'logicity.utils.pred_converter.z3.CollidingClose'}, 'Stop': {'instance': Stop, 'arity': 1, 'method': 'Stop(Entity)', 'function': 'None'}, 'Fast': {'instance': Fast, 'arity': 1, 'method': 'Fast(Entity)', 'function': 'None'}, 'Normal': {'instance': Normal, 'arity': 1, 'method': 'Normal(Entity)', 'function': 'None'}, 'Slow': {'instance': Slow, 'arity': 1, 'method': 'Slow(Entity)', 'function': 'None'}}, the FOV entities {'Entity': 3}, The logic grounding shape is: 39
2026-05-26 03:27:07 [INFO]: Local planner constructed!
2026-05-26 03:27:07 [INFO]: Constructing 22 streets
2026-05-26 03:27:08 [INFO]: Constructing 16 buildings
2026-05-26 03:27:08 [INFO]: Adding 4 agents, they are constrained in 103 region
2026-05-26 03:27:09 [INFO]: Car_1 initialization done!
2026-05-26 03:27:09 [INFO]: Pedestrian_1 initialization done!
2026-05-26 03:27:10 [INFO]: Car_2 initialization done!
2026-05-26 03:27:10 [INFO]: Car_3 initialization done!
2026-05-26 03:27:10 [INFO]: Done!
2026-05-26 03:27:10 [INFO]: ***Init RL Agent in Env***
2026-05-26 03:27:13 [INFO]: will reset agent by success
2026-05-26 03:27:13 [INFO]: ***Reset RL Agent in Env***
2026-05-26 03:27:13 [INFO]: Car_1 initialization done!
2026-05-26 03:27:13 [INFO]: Pedestrian_1 initialization done!
2026-05-26 03:27:14 [INFO]: Car_2 initialization done!
2026-05-26 03:27:14 [INFO]: Car_3 initialization done!
2026-05-26 03:27:14 [INFO]: Agent reset priority to 2/4
2026-05-26 03:27:14 [INFO]: Agent reset concepts to {'type': 'Car', 'priority': 2}
2026-05-26 03:27:14 [INFO]: Episode 18 success.
2026-05-26 03:27:14 [INFO]: Episode 18 achieved a score of 2.3500000000000005
2026-05-26 03:27:14 [INFO]: Episode 18 Success: 1
2026-05-26 03:27:14 [INFO]: Episode 18 Decision Step: {3: 0}
2026-05-26 03:27:14 [INFO]: Episode 18 Success Decision: {3: 0}
2026-05-26 03:27:14 [INFO]: Evaluating episode 19...
2026-05-26 03:27:14 [INFO]: Episode label: {'oracle_step': 60, 'stop_count': 9, 'has_stop': True, 'ego_crosses': True, 'ego_eta': 23, 'ego_direction': 'down', 'other_crosses': 3, 'close_other_count': 0, 'pedestrian_close': None, 'conflicting_approach': False, 'total_crosses': 4}
2026-05-26 03:27:14 [INFO]: Get map info from config/maps/square_2x2.yaml
2026-05-26 03:27:14 [INFO]: Get agent info from config/agents/easy_lite/val.yaml
2026-05-26 03:27:14 [INFO]: Get onology and rules info from config/rules/ontology_easy.yaml, config/rules/Nav/easy/expert.yaml
2026-05-26 03:27:15 [INFO]: Number of Entity Types: 1
Entity Types:
- Entity
2026-05-26 03:27:15 [INFO]: Number of Predicates: 13
Predicates:
- IsPedestrian: {'instance': "Function('IsPed', entity_sorts['Entity'], BoolSort())", 'arity': 1, 'method': 'IsPed(Entity)', 'function': 'logicity.utils.pred_converter.z3.IsPed'}
- IsCar: {'instance': "Function('IsCar', entity_sorts['Entity'], BoolSort())", 'arity': 1, 'method': 'IsCar(Entity)', 'function': 'logicity.utils.pred_converter.z3.IsCar'}
- IsAmbulance: {'instance': "Function('IsAmb', entity_sorts['Entity'], BoolSort())", 'arity': 1, 'method': 'IsAmb(Entity)', 'function': 'logicity.utils.pred_converter.z3.IsAmb'}
- IsOld: {'instance': "Function('IsOld', entity_sorts['Entity'], BoolSort())", 'arity': 1, 'method': 'IsOld(Entity)', 'function': 'logicity.utils.pred_converter.z3.IsOld'}
- IsTiro: {'instance': "Function('IsTiro', entity_sorts['Entity'], BoolSort())", 'arity': 1, 'method': 'IsTiro(Entity)', 'function': 'logicity.utils.pred_converter.z3.IsTiro'}
- IsAtInter: {'instance': "Function('IsAtInter', entity_sorts['Entity'], BoolSort())", 'arity': 1, 'method': 'IsAtInter(Entity)', 'function': 'logicity.utils.pred_converter.z3.IsAtInter'}
- IsInInter: {'instance': "Function('IsInInter', entity_sorts['Entity'], BoolSort())", 'arity': 1, 'method': 'IsInInter(Entity)', 'function': 'logicity.utils.pred_converter.z3.IsInInter'}
- HigherPri: {'instance': "Function('HigherPri', entity_sorts['Entity'], entity_sorts['Entity'], BoolSort())", 'arity': 2, 'method': 'HigherPri(Entity, Entity)', 'function': 'logicity.utils.pred_converter.z3.HigherPri'}
- CollidingClose: {'instance': "Function('CollidingClose', entity_sorts['Entity'], entity_sorts['Entity'], BoolSort())", 'arity': 2, 'method': 'CollidingClose(Entity, Entity)', 'function': 'logicity.utils.pred_converter.z3.CollidingClose'}
- Stop: {'instance': "Function('Stop', entity_sorts['Entity'], BoolSort())", 'arity': 1, 'method': 'Stop(Entity)', 'function': 'None'}
- Fast: {'instance': "Function('Fast', entity_sorts['Entity'], BoolSort())", 'arity': 1, 'method': 'Fast(Entity)', 'function': 'None'}
- Normal: {'instance': "Function('Normal', entity_sorts['Entity'], BoolSort())", 'arity': 1, 'method': 'Normal(Entity)', 'function': 'None'}
- Slow: {'instance': "Function('Slow', entity_sorts['Entity'], BoolSort())", 'arity': 1, 'method': 'Slow(Entity)', 'function': 'None'}
2026-05-26 03:27:15 [INFO]: *** Sim Rule ***: Stop -> 
 Stop(entity) == Exists(
  [dummyEntity], 
  Or(
    And(
      IsAtInter(entity), 
      IsInInter(dummyEntity), 
    ),
    And(
      IsAtInter(entity), 
      IsAtInter(dummyEntity), 
      HigherPri(dummyEntity, entity),
    ),
    CollidingClose(entity, dummyEntity)
  )
)

2026-05-26 03:27:15 [INFO]: *** Task Rule ***: Collision and Intersection -> 
 Implies(Exists(
  [dummyEntity], 
    Or(
      And(
        IsAtInter(entity), 
        IsInInter(dummyEntity), 
      ),
      And(
        IsAtInter(entity), 
        IsAtInter(dummyEntity), 
        HigherPri(dummyEntity, entity),
      ),
      CollidingClose(entity, dummyEntity)
    )
  ),
  Stop(entity)
)

2026-05-26 03:27:15 [INFO]: *** Expert Rule ***: Stop -> 
 Stop(entity) == Exists(
[dummyEntity], 
  Or(
    And(
      IsAtInter(entity), 
      IsInInter(dummyEntity), 
    ),
    And(
      IsAtInter(entity), 
      IsAtInter(dummyEntity), 
      HigherPri(dummyEntity, entity),
    ),
    CollidingClose(entity, dummyEntity)
  )
)

2026-05-26 03:27:15 [INFO]: *** Expert Rule ***: Slow -> 
 Not(Slow(entity))

2026-05-26 03:27:15 [INFO]: *** Expert Rule ***: Fast -> 
 Not(Fast(entity))

2026-05-26 03:27:15 [INFO]: *** Expert Rule ***: Normal -> 
 Normal(entity) == Not(Stop(entity))
2026-05-26 03:27:15 [INFO]: Rules created successfully
2026-05-26 03:27:15 [INFO]: Rules will be grounded later...
2026-05-26 03:27:15 [INFO]: Given Predicates {'IsPedestrian': {'instance': IsPed, 'arity': 1, 'method': 'IsPed(Entity)', 'function': 'logicity.utils.pred_converter.z3.IsPed'}, 'IsCar': {'instance': IsCar, 'arity': 1, 'method': 'IsCar(Entity)', 'function': 'logicity.utils.pred_converter.z3.IsCar'}, 'IsAmbulance': {'instance': IsAmb, 'arity': 1, 'method': 'IsAmb(Entity)', 'function': 'logicity.utils.pred_converter.z3.IsAmb'}, 'IsOld': {'instance': IsOld, 'arity': 1, 'method': 'IsOld(Entity)', 'function': 'logicity.utils.pred_converter.z3.IsOld'}, 'IsTiro': {'instance': IsTiro, 'arity': 1, 'method': 'IsTiro(Entity)', 'function': 'logicity.utils.pred_converter.z3.IsTiro'}, 'IsAtInter': {'instance': IsAtInter, 'arity': 1, 'method': 'IsAtInter(Entity)', 'function': 'logicity.utils.pred_converter.z3.IsAtInter'}, 'IsInInter': {'instance': IsInInter, 'arity': 1, 'method': 'IsInInter(Entity)', 'function': 'logicity.utils.pred_converter.z3.IsInInter'}, 'HigherPri': {'instance': HigherPri, 'arity': 2, 'method': 'HigherPri(Entity, Entity)', 'function': 'logicity.utils.pred_converter.z3.HigherPri'}, 'CollidingClose': {'instance': CollidingClose, 'arity': 2, 'method': 'CollidingClose(Entity, Entity)', 'function': 'logicity.utils.pred_converter.z3.CollidingClose'}, 'Stop': {'instance': Stop, 'arity': 1, 'method': 'Stop(Entity)', 'function': 'None'}, 'Fast': {'instance': Fast, 'arity': 1, 'method': 'Fast(Entity)', 'function': 'None'}, 'Normal': {'instance': Normal, 'arity': 1, 'method': 'Normal(Entity)', 'function': 'None'}, 'Slow': {'instance': Slow, 'arity': 1, 'method': 'Slow(Entity)', 'function': 'None'}}, the FOV entities {'Entity': 3}, The logic grounding shape is: 39
2026-05-26 03:27:15 [INFO]: Local planner constructed!
2026-05-26 03:27:15 [INFO]: Constructing 22 streets
2026-05-26 03:27:15 [INFO]: Constructing 16 buildings
2026-05-26 03:27:16 [INFO]: Adding 4 agents, they are constrained in 103 region
2026-05-26 03:27:17 [INFO]: Car_1 initialization done!
2026-05-26 03:27:17 [INFO]: Pedestrian_1 initialization done!
2026-05-26 03:27:18 [INFO]: Car_2 initialization done!
2026-05-26 03:27:18 [INFO]: Car_3 initialization done!
2026-05-26 03:27:18 [INFO]: Done!
2026-05-26 03:27:18 [INFO]: ***Init RL Agent in Env***
2026-05-26 03:27:38 [INFO]: will reset agent by success
2026-05-26 03:27:38 [INFO]: ***Reset RL Agent in Env***
2026-05-26 03:27:38 [INFO]: Car_1 initialization done!
2026-05-26 03:27:38 [INFO]: Pedestrian_1 initialization done!
2026-05-26 03:27:39 [INFO]: Car_2 initialization done!
2026-05-26 03:27:39 [INFO]: Car_3 initialization done!
2026-05-26 03:27:39 [INFO]: Agent reset priority to 3/4
2026-05-26 03:27:39 [INFO]: Agent reset concepts to {'type': 'Car', 'priority': 3}
2026-05-26 03:27:39 [INFO]: Episode 19 success.
2026-05-26 03:27:39 [INFO]: Episode 19 achieved a score of 4.990000000000011
2026-05-26 03:27:39 [INFO]: Episode 19 Success: 1
2026-05-26 03:27:39 [INFO]: Episode 19 Decision Step: {3: 1}
2026-05-26 03:27:39 [INFO]: Episode 19 Success Decision: {3: 1}
2026-05-26 03:27:39 [INFO]: Timestep: 575000 - Elapsed Time (s): 173403.35 - Success Rate: 0.95 - Mean Reward: 4.825000000000005 

2026-05-26 03:27:39 [INFO]: Failure Rate: 0.05 - Timeout Rate: 0.0 - Mean Episode Length: 64.75
2026-05-26 03:27:39 [INFO]: Mean Decision Succ: 0.9
2026-05-26 03:27:39 [INFO]: Average Decision Succ: 0.9
2026-05-26 03:27:39 [INFO]: Decision Succ for each action: {3: 0.9}
2026-05-26 03:27:39 [INFO]: Action Histogram: {0: 0, 1: 0, 2: 777, 3: 519}
2026-05-26 03:27:39 [INFO]: Failure Rule Counts: {'Collision and Intersection': 1}
2026-05-26 03:27:39 [INFO]: Training Rollout Since Last Eval: failures=778 timeouts=0 successes=1472
2026-05-26 03:27:39 [INFO]: Eval Schedule Phase: fixed
2026-05-26 11:23:05 [INFO]: Evaluating episode 0...
2026-05-26 11:23:05 [INFO]: Episode label: {'oracle_step': 21, 'stop_count': 0, 'has_stop': False, 'ego_crosses': True, 'ego_eta': 5, 'ego_direction': 'down', 'other_crosses': 3, 'close_other_count': 0, 'pedestrian_close': None, 'conflicting_approach': False, 'total_crosses': 4}
2026-05-26 11:23:05 [INFO]: Get map info from config/maps/square_2x2.yaml
2026-05-26 11:23:05 [INFO]: Get agent info from config/agents/easy_lite/val.yaml
2026-05-26 11:23:05 [INFO]: Get onology and rules info from config/rules/ontology_easy.yaml, config/rules/Nav/easy/expert.yaml
2026-05-26 11:23:05 [INFO]: Number of Entity Types: 1
Entity Types:
- Entity
2026-05-26 11:23:05 [INFO]: Number of Predicates: 13
Predicates:
- IsPedestrian: {'instance': "Function('IsPed', entity_sorts['Entity'], BoolSort())", 'arity': 1, 'method': 'IsPed(Entity)', 'function': 'logicity.utils.pred_converter.z3.IsPed'}
- IsCar: {'instance': "Function('IsCar', entity_sorts['Entity'], BoolSort())", 'arity': 1, 'method': 'IsCar(Entity)', 'function': 'logicity.utils.pred_converter.z3.IsCar'}
- IsAmbulance: {'instance': "Function('IsAmb', entity_sorts['Entity'], BoolSort())", 'arity': 1, 'method': 'IsAmb(Entity)', 'function': 'logicity.utils.pred_converter.z3.IsAmb'}
- IsOld: {'instance': "Function('IsOld', entity_sorts['Entity'], BoolSort())", 'arity': 1, 'method': 'IsOld(Entity)', 'function': 'logicity.utils.pred_converter.z3.IsOld'}
- IsTiro: {'instance': "Function('IsTiro', entity_sorts['Entity'], BoolSort())", 'arity': 1, 'method': 'IsTiro(Entity)', 'function': 'logicity.utils.pred_converter.z3.IsTiro'}
- IsAtInter: {'instance': "Function('IsAtInter', entity_sorts['Entity'], BoolSort())", 'arity': 1, 'method': 'IsAtInter(Entity)', 'function': 'logicity.utils.pred_converter.z3.IsAtInter'}
- IsInInter: {'instance': "Function('IsInInter', entity_sorts['Entity'], BoolSort())", 'arity': 1, 'method': 'IsInInter(Entity)', 'function': 'logicity.utils.pred_converter.z3.IsInInter'}
- HigherPri: {'instance': "Function('HigherPri', entity_sorts['Entity'], entity_sorts['Entity'], BoolSort())", 'arity': 2, 'method': 'HigherPri(Entity, Entity)', 'function': 'logicity.utils.pred_converter.z3.HigherPri'}
- CollidingClose: {'instance': "Function('CollidingClose', entity_sorts['Entity'], entity_sorts['Entity'], BoolSort())", 'arity': 2, 'method': 'CollidingClose(Entity, Entity)', 'function': 'logicity.utils.pred_converter.z3.CollidingClose'}
- Stop: {'instance': "Function('Stop', entity_sorts['Entity'], BoolSort())", 'arity': 1, 'method': 'Stop(Entity)', 'function': 'None'}
- Fast: {'instance': "Function('Fast', entity_sorts['Entity'], BoolSort())", 'arity': 1, 'method': 'Fast(Entity)', 'function': 'None'}
- Normal: {'instance': "Function('Normal', entity_sorts['Entity'], BoolSort())", 'arity': 1, 'method': 'Normal(Entity)', 'function': 'None'}
- Slow: {'instance': "Function('Slow', entity_sorts['Entity'], BoolSort())", 'arity': 1, 'method': 'Slow(Entity)', 'function': 'None'}
2026-05-26 11:23:05 [INFO]: *** Sim Rule ***: Stop -> 
 Stop(entity) == Exists(
  [dummyEntity], 
  Or(
    And(
      IsAtInter(entity), 
      IsInInter(dummyEntity), 
    ),
    And(
      IsAtInter(entity), 
      IsAtInter(dummyEntity), 
      HigherPri(dummyEntity, entity),
    ),
    CollidingClose(entity, dummyEntity)
  )
)

2026-05-26 11:23:05 [INFO]: *** Task Rule ***: Collision and Intersection -> 
 Implies(Exists(
  [dummyEntity], 
    Or(
      And(
        IsAtInter(entity), 
        IsInInter(dummyEntity), 
      ),
      And(
        IsAtInter(entity), 
        IsAtInter(dummyEntity), 
        HigherPri(dummyEntity, entity),
      ),
      CollidingClose(entity, dummyEntity)
    )
  ),
  Stop(entity)
)

2026-05-26 11:23:05 [INFO]: *** Expert Rule ***: Stop -> 
 Stop(entity) == Exists(
[dummyEntity], 
  Or(
    And(
      IsAtInter(entity), 
      IsInInter(dummyEntity), 
    ),
    And(
      IsAtInter(entity), 
      IsAtInter(dummyEntity), 
      HigherPri(dummyEntity, entity),
    ),
    CollidingClose(entity, dummyEntity)
  )
)

2026-05-26 11:23:05 [INFO]: *** Expert Rule ***: Slow -> 
 Not(Slow(entity))

2026-05-26 11:23:05 [INFO]: *** Expert Rule ***: Fast -> 
 Not(Fast(entity))

2026-05-26 11:23:05 [INFO]: *** Expert Rule ***: Normal -> 
 Normal(entity) == Not(Stop(entity))
2026-05-26 11:23:05 [INFO]: Rules created successfully
2026-05-26 11:23:05 [INFO]: Rules will be grounded later...
2026-05-26 11:23:05 [INFO]: Given Predicates {'IsPedestrian': {'instance': IsPed, 'arity': 1, 'method': 'IsPed(Entity)', 'function': 'logicity.utils.pred_converter.z3.IsPed'}, 'IsCar': {'instance': IsCar, 'arity': 1, 'method': 'IsCar(Entity)', 'function': 'logicity.utils.pred_converter.z3.IsCar'}, 'IsAmbulance': {'instance': IsAmb, 'arity': 1, 'method': 'IsAmb(Entity)', 'function': 'logicity.utils.pred_converter.z3.IsAmb'}, 'IsOld': {'instance': IsOld, 'arity': 1, 'method': 'IsOld(Entity)', 'function': 'logicity.utils.pred_converter.z3.IsOld'}, 'IsTiro': {'instance': IsTiro, 'arity': 1, 'method': 'IsTiro(Entity)', 'function': 'logicity.utils.pred_converter.z3.IsTiro'}, 'IsAtInter': {'instance': IsAtInter, 'arity': 1, 'method': 'IsAtInter(Entity)', 'function': 'logicity.utils.pred_converter.z3.IsAtInter'}, 'IsInInter': {'instance': IsInInter, 'arity': 1, 'method': 'IsInInter(Entity)', 'function': 'logicity.utils.pred_converter.z3.IsInInter'}, 'HigherPri': {'instance': HigherPri, 'arity': 2, 'method': 'HigherPri(Entity, Entity)', 'function': 'logicity.utils.pred_converter.z3.HigherPri'}, 'CollidingClose': {'instance': CollidingClose, 'arity': 2, 'method': 'CollidingClose(Entity, Entity)', 'function': 'logicity.utils.pred_converter.z3.CollidingClose'}, 'Stop': {'instance': Stop, 'arity': 1, 'method': 'Stop(Entity)', 'function': 'None'}, 'Fast': {'instance': Fast, 'arity': 1, 'method': 'Fast(Entity)', 'function': 'None'}, 'Normal': {'instance': Normal, 'arity': 1, 'method': 'Normal(Entity)', 'function': 'None'}, 'Slow': {'instance': Slow, 'arity': 1, 'method': 'Slow(Entity)', 'function': 'None'}}, the FOV entities {'Entity': 3}, The logic grounding shape is: 39
2026-05-26 11:23:05 [INFO]: Local planner constructed!
2026-05-26 11:23:05 [INFO]: Constructing 22 streets
2026-05-26 11:23:05 [INFO]: Constructing 16 buildings
2026-05-26 11:23:06 [INFO]: Adding 4 agents, they are constrained in 103 region
2026-05-26 11:23:07 [INFO]: Car_1 initialization done!
2026-05-26 11:23:07 [INFO]: Pedestrian_1 initialization done!
2026-05-26 11:23:07 [INFO]: Car_2 initialization done!
2026-05-26 11:23:08 [INFO]: Car_3 initialization done!
2026-05-26 11:23:08 [INFO]: Done!
2026-05-26 11:23:08 [INFO]: ***Init RL Agent in Env***
2026-05-26 11:23:11 [INFO]: will reset agent by success
2026-05-26 11:23:11 [INFO]: ***Reset RL Agent in Env***
2026-05-26 11:23:11 [INFO]: Car_1 initialization done!
2026-05-26 11:23:11 [INFO]: Pedestrian_1 initialization done!
2026-05-26 11:23:12 [INFO]: Car_2 initialization done!
2026-05-26 11:23:12 [INFO]: Car_3 initialization done!
2026-05-26 11:23:12 [INFO]: Agent reset priority to 1/4
2026-05-26 11:23:12 [INFO]: Agent reset concepts to {'type': 'Car', 'priority': 1}
2026-05-26 11:23:13 [INFO]: Episode 0 success.
2026-05-26 11:23:13 [INFO]: Episode 0 achieved a score of 2.6500000000000004
2026-05-26 11:23:13 [INFO]: Episode 0 Success: 1
2026-05-26 11:23:13 [INFO]: Episode 0 Decision Step: {3: 0}
2026-05-26 11:23:13 [INFO]: Episode 0 Success Decision: {3: 0}
2026-05-26 11:23:13 [INFO]: Evaluating episode 1...
2026-05-26 11:23:13 [INFO]: Episode label: {'oracle_step': 70, 'stop_count': 0, 'has_stop': False, 'ego_crosses': True, 'ego_eta': 62, 'ego_direction': 'up', 'other_crosses': 3, 'close_other_count': 0, 'pedestrian_close': None, 'conflicting_approach': False, 'total_crosses': 4}
2026-05-26 11:23:13 [INFO]: Get map info from config/maps/square_2x2.yaml
2026-05-26 11:23:13 [INFO]: Get agent info from config/agents/easy_lite/val.yaml
2026-05-26 11:23:13 [INFO]: Get onology and rules info from config/rules/ontology_easy.yaml, config/rules/Nav/easy/expert.yaml
2026-05-26 11:23:13 [INFO]: Number of Entity Types: 1
Entity Types:
- Entity
2026-05-26 11:23:13 [INFO]: Number of Predicates: 13
Predicates:
- IsPedestrian: {'instance': "Function('IsPed', entity_sorts['Entity'], BoolSort())", 'arity': 1, 'method': 'IsPed(Entity)', 'function': 'logicity.utils.pred_converter.z3.IsPed'}
- IsCar: {'instance': "Function('IsCar', entity_sorts['Entity'], BoolSort())", 'arity': 1, 'method': 'IsCar(Entity)', 'function': 'logicity.utils.pred_converter.z3.IsCar'}
- IsAmbulance: {'instance': "Function('IsAmb', entity_sorts['Entity'], BoolSort())", 'arity': 1, 'method': 'IsAmb(Entity)', 'function': 'logicity.utils.pred_converter.z3.IsAmb'}
- IsOld: {'instance': "Function('IsOld', entity_sorts['Entity'], BoolSort())", 'arity': 1, 'method': 'IsOld(Entity)', 'function': 'logicity.utils.pred_converter.z3.IsOld'}
- IsTiro: {'instance': "Function('IsTiro', entity_sorts['Entity'], BoolSort())", 'arity': 1, 'method': 'IsTiro(Entity)', 'function': 'logicity.utils.pred_converter.z3.IsTiro'}
- IsAtInter: {'instance': "Function('IsAtInter', entity_sorts['Entity'], BoolSort())", 'arity': 1, 'method': 'IsAtInter(Entity)', 'function': 'logicity.utils.pred_converter.z3.IsAtInter'}
- IsInInter: {'instance': "Function('IsInInter', entity_sorts['Entity'], BoolSort())", 'arity': 1, 'method': 'IsInInter(Entity)', 'function': 'logicity.utils.pred_converter.z3.IsInInter'}
- HigherPri: {'instance': "Function('HigherPri', entity_sorts['Entity'], entity_sorts['Entity'], BoolSort())", 'arity': 2, 'method': 'HigherPri(Entity, Entity)', 'function': 'logicity.utils.pred_converter.z3.HigherPri'}
- CollidingClose: {'instance': "Function('CollidingClose', entity_sorts['Entity'], entity_sorts['Entity'], BoolSort())", 'arity': 2, 'method': 'CollidingClose(Entity, Entity)', 'function': 'logicity.utils.pred_converter.z3.CollidingClose'}
- Stop: {'instance': "Function('Stop', entity_sorts['Entity'], BoolSort())", 'arity': 1, 'method': 'Stop(Entity)', 'function': 'None'}
- Fast: {'instance': "Function('Fast', entity_sorts['Entity'], BoolSort())", 'arity': 1, 'method': 'Fast(Entity)', 'function': 'None'}
- Normal: {'instance': "Function('Normal', entity_sorts['Entity'], BoolSort())", 'arity': 1, 'method': 'Normal(Entity)', 'function': 'None'}
- Slow: {'instance': "Function('Slow', entity_sorts['Entity'], BoolSort())", 'arity': 1, 'method': 'Slow(Entity)', 'function': 'None'}
2026-05-26 11:23:13 [INFO]: *** Sim Rule ***: Stop -> 
 Stop(entity) == Exists(
  [dummyEntity], 
  Or(
    And(
      IsAtInter(entity), 
      IsInInter(dummyEntity), 
    ),
    And(
      IsAtInter(entity), 
      IsAtInter(dummyEntity), 
      HigherPri(dummyEntity, entity),
    ),
    CollidingClose(entity, dummyEntity)
  )
)

2026-05-26 11:23:13 [INFO]: *** Task Rule ***: Collision and Intersection -> 
 Implies(Exists(
  [dummyEntity], 
    Or(
      And(
        IsAtInter(entity), 
        IsInInter(dummyEntity), 
      ),
      And(
        IsAtInter(entity), 
        IsAtInter(dummyEntity), 
        HigherPri(dummyEntity, entity),
      ),
      CollidingClose(entity, dummyEntity)
    )
  ),
  Stop(entity)
)

2026-05-26 11:23:13 [INFO]: *** Expert Rule ***: Stop -> 
 Stop(entity) == Exists(
[dummyEntity], 
  Or(
    And(
      IsAtInter(entity), 
      IsInInter(dummyEntity), 
    ),
    And(
      IsAtInter(entity), 
      IsAtInter(dummyEntity), 
      HigherPri(dummyEntity, entity),
    ),
    CollidingClose(entity, dummyEntity)
  )
)

2026-05-26 11:23:13 [INFO]: *** Expert Rule ***: Slow -> 
 Not(Slow(entity))

2026-05-26 11:23:13 [INFO]: *** Expert Rule ***: Fast -> 
 Not(Fast(entity))

2026-05-26 11:23:13 [INFO]: *** Expert Rule ***: Normal -> 
 Normal(entity) == Not(Stop(entity))
2026-05-26 11:23:13 [INFO]: Rules created successfully
2026-05-26 11:23:13 [INFO]: Rules will be grounded later...
2026-05-26 11:23:13 [INFO]: Given Predicates {'IsPedestrian': {'instance': IsPed, 'arity': 1, 'method': 'IsPed(Entity)', 'function': 'logicity.utils.pred_converter.z3.IsPed'}, 'IsCar': {'instance': IsCar, 'arity': 1, 'method': 'IsCar(Entity)', 'function': 'logicity.utils.pred_converter.z3.IsCar'}, 'IsAmbulance': {'instance': IsAmb, 'arity': 1, 'method': 'IsAmb(Entity)', 'function': 'logicity.utils.pred_converter.z3.IsAmb'}, 'IsOld': {'instance': IsOld, 'arity': 1, 'method': 'IsOld(Entity)', 'function': 'logicity.utils.pred_converter.z3.IsOld'}, 'IsTiro': {'instance': IsTiro, 'arity': 1, 'method': 'IsTiro(Entity)', 'function': 'logicity.utils.pred_converter.z3.IsTiro'}, 'IsAtInter': {'instance': IsAtInter, 'arity': 1, 'method': 'IsAtInter(Entity)', 'function': 'logicity.utils.pred_converter.z3.IsAtInter'}, 'IsInInter': {'instance': IsInInter, 'arity': 1, 'method': 'IsInInter(Entity)', 'function': 'logicity.utils.pred_converter.z3.IsInInter'}, 'HigherPri': {'instance': HigherPri, 'arity': 2, 'method': 'HigherPri(Entity, Entity)', 'function': 'logicity.utils.pred_converter.z3.HigherPri'}, 'CollidingClose': {'instance': CollidingClose, 'arity': 2, 'method': 'CollidingClose(Entity, Entity)', 'function': 'logicity.utils.pred_converter.z3.CollidingClose'}, 'Stop': {'instance': Stop, 'arity': 1, 'method': 'Stop(Entity)', 'function': 'None'}, 'Fast': {'instance': Fast, 'arity': 1, 'method': 'Fast(Entity)', 'function': 'None'}, 'Normal': {'instance': Normal, 'arity': 1, 'method': 'Normal(Entity)', 'function': 'None'}, 'Slow': {'instance': Slow, 'arity': 1, 'method': 'Slow(Entity)', 'function': 'None'}}, the FOV entities {'Entity': 3}, The logic grounding shape is: 39
2026-05-26 11:23:13 [INFO]: Local planner constructed!
2026-05-26 11:23:13 [INFO]: Constructing 22 streets
2026-05-26 11:23:14 [INFO]: Constructing 16 buildings
2026-05-26 11:23:14 [INFO]: Adding 4 agents, they are constrained in 103 region
2026-05-26 11:23:16 [INFO]: Car_1 initialization done!
2026-05-26 11:23:16 [INFO]: Pedestrian_1 initialization done!
2026-05-26 11:23:17 [INFO]: Car_2 initialization done!
2026-05-26 11:23:18 [INFO]: Car_3 initialization done!
2026-05-26 11:23:18 [INFO]: Done!
2026-05-26 11:23:18 [INFO]: ***Init RL Agent in Env***
2026-05-26 11:23:33 [INFO]: will reset agent by success
2026-05-26 11:23:33 [INFO]: ***Reset RL Agent in Env***
2026-05-26 11:23:34 [INFO]: Car_1 initialization done!
2026-05-26 11:23:34 [INFO]: Pedestrian_1 initialization done!
2026-05-26 11:23:34 [INFO]: Car_2 initialization done!
2026-05-26 11:23:35 [INFO]: Car_3 initialization done!
2026-05-26 11:23:35 [INFO]: Agent reset priority to 2/4
2026-05-26 11:23:35 [INFO]: Agent reset concepts to {'type': 'Car', 'priority': 2}
2026-05-26 11:23:35 [INFO]: Episode 1 success.
2026-05-26 11:23:35 [INFO]: Episode 1 achieved a score of 7.020000000000003
2026-05-26 11:23:35 [INFO]: Episode 1 Success: 1
2026-05-26 11:23:35 [INFO]: Episode 1 Decision Step: {3: 0}
2026-05-26 11:23:35 [INFO]: Episode 1 Success Decision: {3: 0}
2026-05-26 11:23:35 [INFO]: Evaluating episode 2...
2026-05-26 11:23:35 [INFO]: Episode label: {'oracle_step': 137, 'stop_count': 52, 'has_stop': True, 'ego_crosses': True, 'ego_eta': 91, 'ego_direction': 'up', 'other_crosses': 3, 'close_other_count': 0, 'pedestrian_close': None, 'conflicting_approach': False, 'total_crosses': 4}
2026-05-26 11:23:35 [INFO]: Get map info from config/maps/square_2x2.yaml
2026-05-26 11:23:35 [INFO]: Get agent info from config/agents/easy_lite/val.yaml
2026-05-26 11:23:35 [INFO]: Get onology and rules info from config/rules/ontology_easy.yaml, config/rules/Nav/easy/expert.yaml
2026-05-26 11:23:35 [INFO]: Number of Entity Types: 1
Entity Types:
- Entity
2026-05-26 11:23:35 [INFO]: Number of Predicates: 13
Predicates:
- IsPedestrian: {'instance': "Function('IsPed', entity_sorts['Entity'], BoolSort())", 'arity': 1, 'method': 'IsPed(Entity)', 'function': 'logicity.utils.pred_converter.z3.IsPed'}
- IsCar: {'instance': "Function('IsCar', entity_sorts['Entity'], BoolSort())", 'arity': 1, 'method': 'IsCar(Entity)', 'function': 'logicity.utils.pred_converter.z3.IsCar'}
- IsAmbulance: {'instance': "Function('IsAmb', entity_sorts['Entity'], BoolSort())", 'arity': 1, 'method': 'IsAmb(Entity)', 'function': 'logicity.utils.pred_converter.z3.IsAmb'}
- IsOld: {'instance': "Function('IsOld', entity_sorts['Entity'], BoolSort())", 'arity': 1, 'method': 'IsOld(Entity)', 'function': 'logicity.utils.pred_converter.z3.IsOld'}
- IsTiro: {'instance': "Function('IsTiro', entity_sorts['Entity'], BoolSort())", 'arity': 1, 'method': 'IsTiro(Entity)', 'function': 'logicity.utils.pred_converter.z3.IsTiro'}
- IsAtInter: {'instance': "Function('IsAtInter', entity_sorts['Entity'], BoolSort())", 'arity': 1, 'method': 'IsAtInter(Entity)', 'function': 'logicity.utils.pred_converter.z3.IsAtInter'}
- IsInInter: {'instance': "Function('IsInInter', entity_sorts['Entity'], BoolSort())", 'arity': 1, 'method': 'IsInInter(Entity)', 'function': 'logicity.utils.pred_converter.z3.IsInInter'}
- HigherPri: {'instance': "Function('HigherPri', entity_sorts['Entity'], entity_sorts['Entity'], BoolSort())", 'arity': 2, 'method': 'HigherPri(Entity, Entity)', 'function': 'logicity.utils.pred_converter.z3.HigherPri'}
- CollidingClose: {'instance': "Function('CollidingClose', entity_sorts['Entity'], entity_sorts['Entity'], BoolSort())", 'arity': 2, 'method': 'CollidingClose(Entity, Entity)', 'function': 'logicity.utils.pred_converter.z3.CollidingClose'}
- Stop: {'instance': "Function('Stop', entity_sorts['Entity'], BoolSort())", 'arity': 1, 'method': 'Stop(Entity)', 'function': 'None'}
- Fast: {'instance': "Function('Fast', entity_sorts['Entity'], BoolSort())", 'arity': 1, 'method': 'Fast(Entity)', 'function': 'None'}
- Normal: {'instance': "Function('Normal', entity_sorts['Entity'], BoolSort())", 'arity': 1, 'method': 'Normal(Entity)', 'function': 'None'}
- Slow: {'instance': "Function('Slow', entity_sorts['Entity'], BoolSort())", 'arity': 1, 'method': 'Slow(Entity)', 'function': 'None'}
2026-05-26 11:23:35 [INFO]: *** Sim Rule ***: Stop -> 
 Stop(entity) == Exists(
  [dummyEntity], 
  Or(
    And(
      IsAtInter(entity), 
      IsInInter(dummyEntity), 
    ),
    And(
      IsAtInter(entity), 
      IsAtInter(dummyEntity), 
      HigherPri(dummyEntity, entity),
    ),
    CollidingClose(entity, dummyEntity)
  )
)

2026-05-26 11:23:35 [INFO]: *** Task Rule ***: Collision and Intersection -> 
 Implies(Exists(
  [dummyEntity], 
    Or(
      And(
        IsAtInter(entity), 
        IsInInter(dummyEntity), 
      ),
      And(
        IsAtInter(entity), 
        IsAtInter(dummyEntity), 
        HigherPri(dummyEntity, entity),
      ),
      CollidingClose(entity, dummyEntity)
    )
  ),
  Stop(entity)
)

2026-05-26 11:23:35 [INFO]: *** Expert Rule ***: Stop -> 
 Stop(entity) == Exists(
[dummyEntity], 
  Or(
    And(
      IsAtInter(entity), 
      IsInInter(dummyEntity), 
    ),
    And(
      IsAtInter(entity), 
      IsAtInter(dummyEntity), 
      HigherPri(dummyEntity, entity),
    ),
    CollidingClose(entity, dummyEntity)
  )
)

2026-05-26 11:23:35 [INFO]: *** Expert Rule ***: Slow -> 
 Not(Slow(entity))

2026-05-26 11:23:35 [INFO]: *** Expert Rule ***: Fast -> 
 Not(Fast(entity))

2026-05-26 11:23:35 [INFO]: *** Expert Rule ***: Normal -> 
 Normal(entity) == Not(Stop(entity))
2026-05-26 11:23:35 [INFO]: Rules created successfully
2026-05-26 11:23:35 [INFO]: Rules will be grounded later...
2026-05-26 11:23:35 [INFO]: Given Predicates {'IsPedestrian': {'instance': IsPed, 'arity': 1, 'method': 'IsPed(Entity)', 'function': 'logicity.utils.pred_converter.z3.IsPed'}, 'IsCar': {'instance': IsCar, 'arity': 1, 'method': 'IsCar(Entity)', 'function': 'logicity.utils.pred_converter.z3.IsCar'}, 'IsAmbulance': {'instance': IsAmb, 'arity': 1, 'method': 'IsAmb(Entity)', 'function': 'logicity.utils.pred_converter.z3.IsAmb'}, 'IsOld': {'instance': IsOld, 'arity': 1, 'method': 'IsOld(Entity)', 'function': 'logicity.utils.pred_converter.z3.IsOld'}, 'IsTiro': {'instance': IsTiro, 'arity': 1, 'method': 'IsTiro(Entity)', 'function': 'logicity.utils.pred_converter.z3.IsTiro'}, 'IsAtInter': {'instance': IsAtInter, 'arity': 1, 'method': 'IsAtInter(Entity)', 'function': 'logicity.utils.pred_converter.z3.IsAtInter'}, 'IsInInter': {'instance': IsInInter, 'arity': 1, 'method': 'IsInInter(Entity)', 'function': 'logicity.utils.pred_converter.z3.IsInInter'}, 'HigherPri': {'instance': HigherPri, 'arity': 2, 'method': 'HigherPri(Entity, Entity)', 'function': 'logicity.utils.pred_converter.z3.HigherPri'}, 'CollidingClose': {'instance': CollidingClose, 'arity': 2, 'method': 'CollidingClose(Entity, Entity)', 'function': 'logicity.utils.pred_converter.z3.CollidingClose'}, 'Stop': {'instance': Stop, 'arity': 1, 'method': 'Stop(Entity)', 'function': 'None'}, 'Fast': {'instance': Fast, 'arity': 1, 'method': 'Fast(Entity)', 'function': 'None'}, 'Normal': {'instance': Normal, 'arity': 1, 'method': 'Normal(Entity)', 'function': 'None'}, 'Slow': {'instance': Slow, 'arity': 1, 'method': 'Slow(Entity)', 'function': 'None'}}, the FOV entities {'Entity': 3}, The logic grounding shape is: 39
2026-05-26 11:23:35 [INFO]: Local planner constructed!
2026-05-26 11:23:35 [INFO]: Constructing 22 streets
2026-05-26 11:23:35 [INFO]: Constructing 16 buildings
2026-05-26 11:23:36 [INFO]: Adding 4 agents, they are constrained in 103 region
2026-05-26 11:23:36 [INFO]: Car_1 initialization done!
2026-05-26 11:23:36 [INFO]: Pedestrian_1 initialization done!
2026-05-26 11:23:37 [INFO]: Car_2 initialization done!
2026-05-26 11:23:37 [INFO]: Car_3 initialization done!
2026-05-26 11:23:37 [INFO]: Done!
2026-05-26 11:23:37 [INFO]: ***Init RL Agent in Env***
2026-05-26 11:24:09 [INFO]: will reset agent by success
2026-05-26 11:24:09 [INFO]: ***Reset RL Agent in Env***
2026-05-26 11:24:10 [INFO]: Car_1 initialization done!
2026-05-26 11:24:10 [INFO]: Pedestrian_1 initialization done!
2026-05-26 11:24:10 [INFO]: Car_2 initialization done!
2026-05-26 11:24:11 [INFO]: Car_3 initialization done!
2026-05-26 11:24:11 [INFO]: Agent reset priority to 2/4
2026-05-26 11:24:11 [INFO]: Agent reset concepts to {'type': 'Car', 'priority': 2}
2026-05-26 11:24:11 [INFO]: Episode 2 success.
2026-05-26 11:24:11 [INFO]: Episode 2 achieved a score of 7.650000000000014
2026-05-26 11:24:11 [INFO]: Episode 2 Success: 1
2026-05-26 11:24:11 [INFO]: Episode 2 Decision Step: {3: 0}
2026-05-26 11:24:11 [INFO]: Episode 2 Success Decision: {3: 0}
2026-05-26 11:24:11 [INFO]: Evaluating episode 3...
2026-05-26 11:24:11 [INFO]: Episode label: {'oracle_step': 57, 'stop_count': 7, 'has_stop': True, 'ego_crosses': True, 'ego_eta': 13, 'ego_direction': 'up', 'other_crosses': 3, 'close_other_count': 0, 'pedestrian_close': None, 'conflicting_approach': False, 'total_crosses': 4}
2026-05-26 11:24:11 [INFO]: Get map info from config/maps/square_2x2.yaml
2026-05-26 11:24:11 [INFO]: Get agent info from config/agents/easy_lite/val.yaml
2026-05-26 11:24:11 [INFO]: Get onology and rules info from config/rules/ontology_easy.yaml, config/rules/Nav/easy/expert.yaml
2026-05-26 11:24:11 [INFO]: Number of Entity Types: 1
Entity Types:
- Entity
2026-05-26 11:24:11 [INFO]: Number of Predicates: 13
Predicates:
- IsPedestrian: {'instance': "Function('IsPed', entity_sorts['Entity'], BoolSort())", 'arity': 1, 'method': 'IsPed(Entity)', 'function': 'logicity.utils.pred_converter.z3.IsPed'}
- IsCar: {'instance': "Function('IsCar', entity_sorts['Entity'], BoolSort())", 'arity': 1, 'method': 'IsCar(Entity)', 'function': 'logicity.utils.pred_converter.z3.IsCar'}
- IsAmbulance: {'instance': "Function('IsAmb', entity_sorts['Entity'], BoolSort())", 'arity': 1, 'method': 'IsAmb(Entity)', 'function': 'logicity.utils.pred_converter.z3.IsAmb'}
- IsOld: {'instance': "Function('IsOld', entity_sorts['Entity'], BoolSort())", 'arity': 1, 'method': 'IsOld(Entity)', 'function': 'logicity.utils.pred_converter.z3.IsOld'}
- IsTiro: {'instance': "Function('IsTiro', entity_sorts['Entity'], BoolSort())", 'arity': 1, 'method': 'IsTiro(Entity)', 'function': 'logicity.utils.pred_converter.z3.IsTiro'}
- IsAtInter: {'instance': "Function('IsAtInter', entity_sorts['Entity'], BoolSort())", 'arity': 1, 'method': 'IsAtInter(Entity)', 'function': 'logicity.utils.pred_converter.z3.IsAtInter'}
- IsInInter: {'instance': "Function('IsInInter', entity_sorts['Entity'], BoolSort())", 'arity': 1, 'method': 'IsInInter(Entity)', 'function': 'logicity.utils.pred_converter.z3.IsInInter'}
- HigherPri: {'instance': "Function('HigherPri', entity_sorts['Entity'], entity_sorts['Entity'], BoolSort())", 'arity': 2, 'method': 'HigherPri(Entity, Entity)', 'function': 'logicity.utils.pred_converter.z3.HigherPri'}
- CollidingClose: {'instance': "Function('CollidingClose', entity_sorts['Entity'], entity_sorts['Entity'], BoolSort())", 'arity': 2, 'method': 'CollidingClose(Entity, Entity)', 'function': 'logicity.utils.pred_converter.z3.CollidingClose'}
- Stop: {'instance': "Function('Stop', entity_sorts['Entity'], BoolSort())", 'arity': 1, 'method': 'Stop(Entity)', 'function': 'None'}
- Fast: {'instance': "Function('Fast', entity_sorts['Entity'], BoolSort())", 'arity': 1, 'method': 'Fast(Entity)', 'function': 'None'}
- Normal: {'instance': "Function('Normal', entity_sorts['Entity'], BoolSort())", 'arity': 1, 'method': 'Normal(Entity)', 'function': 'None'}
- Slow: {'instance': "Function('Slow', entity_sorts['Entity'], BoolSort())", 'arity': 1, 'method': 'Slow(Entity)', 'function': 'None'}
2026-05-26 11:24:11 [INFO]: *** Sim Rule ***: Stop -> 
 Stop(entity) == Exists(
  [dummyEntity], 
  Or(
    And(
      IsAtInter(entity), 
      IsInInter(dummyEntity), 
    ),
    And(
      IsAtInter(entity), 
      IsAtInter(dummyEntity), 
      HigherPri(dummyEntity, entity),
    ),
    CollidingClose(entity, dummyEntity)
  )
)

2026-05-26 11:24:11 [INFO]: *** Task Rule ***: Collision and Intersection -> 
 Implies(Exists(
  [dummyEntity], 
    Or(
      And(
        IsAtInter(entity), 
        IsInInter(dummyEntity), 
      ),
      And(
        IsAtInter(entity), 
        IsAtInter(dummyEntity), 
        HigherPri(dummyEntity, entity),
      ),
      CollidingClose(entity, dummyEntity)
    )
  ),
  Stop(entity)
)

2026-05-26 11:24:11 [INFO]: *** Expert Rule ***: Stop -> 
 Stop(entity) == Exists(
[dummyEntity], 
  Or(
    And(
      IsAtInter(entity), 
      IsInInter(dummyEntity), 
    ),
    And(
      IsAtInter(entity), 
      IsAtInter(dummyEntity), 
      HigherPri(dummyEntity, entity),
    ),
    CollidingClose(entity, dummyEntity)
  )
)

2026-05-26 11:24:11 [INFO]: *** Expert Rule ***: Slow -> 
 Not(Slow(entity))

2026-05-26 11:24:11 [INFO]: *** Expert Rule ***: Fast -> 
 Not(Fast(entity))

2026-05-26 11:24:11 [INFO]: *** Expert Rule ***: Normal -> 
 Normal(entity) == Not(Stop(entity))
2026-05-26 11:24:11 [INFO]: Rules created successfully
2026-05-26 11:24:11 [INFO]: Rules will be grounded later...
2026-05-26 11:24:11 [INFO]: Given Predicates {'IsPedestrian': {'instance': IsPed, 'arity': 1, 'method': 'IsPed(Entity)', 'function': 'logicity.utils.pred_converter.z3.IsPed'}, 'IsCar': {'instance': IsCar, 'arity': 1, 'method': 'IsCar(Entity)', 'function': 'logicity.utils.pred_converter.z3.IsCar'}, 'IsAmbulance': {'instance': IsAmb, 'arity': 1, 'method': 'IsAmb(Entity)', 'function': 'logicity.utils.pred_converter.z3.IsAmb'}, 'IsOld': {'instance': IsOld, 'arity': 1, 'method': 'IsOld(Entity)', 'function': 'logicity.utils.pred_converter.z3.IsOld'}, 'IsTiro': {'instance': IsTiro, 'arity': 1, 'method': 'IsTiro(Entity)', 'function': 'logicity.utils.pred_converter.z3.IsTiro'}, 'IsAtInter': {'instance': IsAtInter, 'arity': 1, 'method': 'IsAtInter(Entity)', 'function': 'logicity.utils.pred_converter.z3.IsAtInter'}, 'IsInInter': {'instance': IsInInter, 'arity': 1, 'method': 'IsInInter(Entity)', 'function': 'logicity.utils.pred_converter.z3.IsInInter'}, 'HigherPri': {'instance': HigherPri, 'arity': 2, 'method': 'HigherPri(Entity, Entity)', 'function': 'logicity.utils.pred_converter.z3.HigherPri'}, 'CollidingClose': {'instance': CollidingClose, 'arity': 2, 'method': 'CollidingClose(Entity, Entity)', 'function': 'logicity.utils.pred_converter.z3.CollidingClose'}, 'Stop': {'instance': Stop, 'arity': 1, 'method': 'Stop(Entity)', 'function': 'None'}, 'Fast': {'instance': Fast, 'arity': 1, 'method': 'Fast(Entity)', 'function': 'None'}, 'Normal': {'instance': Normal, 'arity': 1, 'method': 'Normal(Entity)', 'function': 'None'}, 'Slow': {'instance': Slow, 'arity': 1, 'method': 'Slow(Entity)', 'function': 'None'}}, the FOV entities {'Entity': 3}, The logic grounding shape is: 39
2026-05-26 11:24:11 [INFO]: Local planner constructed!
2026-05-26 11:24:11 [INFO]: Constructing 22 streets
2026-05-26 11:24:11 [INFO]: Constructing 16 buildings
2026-05-26 11:24:12 [INFO]: Adding 4 agents, they are constrained in 103 region
2026-05-26 11:24:12 [INFO]: Car_1 initialization done!
2026-05-26 11:24:12 [INFO]: Pedestrian_1 initialization done!
2026-05-26 11:24:13 [INFO]: Car_2 initialization done!
2026-05-26 11:24:13 [INFO]: Car_3 initialization done!
2026-05-26 11:24:13 [INFO]: Done!
2026-05-26 11:24:13 [INFO]: ***Init RL Agent in Env***
2026-05-26 11:24:26 [INFO]: will reset agent by success
2026-05-26 11:24:26 [INFO]: ***Reset RL Agent in Env***
2026-05-26 11:24:26 [INFO]: Car_1 initialization done!
2026-05-26 11:24:26 [INFO]: Pedestrian_1 initialization done!
2026-05-26 11:24:27 [INFO]: Car_2 initialization done!
2026-05-26 11:24:28 [INFO]: Car_3 initialization done!
2026-05-26 11:24:28 [INFO]: Agent reset priority to 1/4
2026-05-26 11:24:28 [INFO]: Agent reset concepts to {'type': 'Car', 'priority': 1}
2026-05-26 11:24:28 [INFO]: Episode 3 success.
2026-05-26 11:24:28 [INFO]: Episode 3 achieved a score of 5.260000000000002
2026-05-26 11:24:28 [INFO]: Episode 3 Success: 1
2026-05-26 11:24:28 [INFO]: Episode 3 Decision Step: {3: 1}
2026-05-26 11:24:28 [INFO]: Episode 3 Success Decision: {3: 1}
2026-05-26 11:24:28 [INFO]: Evaluating episode 4...
2026-05-26 11:24:28 [INFO]: Episode label: {'oracle_step': 66, 'stop_count': 17, 'has_stop': True, 'ego_crosses': True, 'ego_eta': 26, 'ego_direction': 'down', 'other_crosses': 3, 'close_other_count': 0, 'pedestrian_close': None, 'conflicting_approach': False, 'total_crosses': 4}
2026-05-26 11:24:28 [INFO]: Get map info from config/maps/square_2x2.yaml
2026-05-26 11:24:28 [INFO]: Get agent info from config/agents/easy_lite/val.yaml
2026-05-26 11:24:28 [INFO]: Get onology and rules info from config/rules/ontology_easy.yaml, config/rules/Nav/easy/expert.yaml
2026-05-26 11:24:28 [INFO]: Number of Entity Types: 1
Entity Types:
- Entity
2026-05-26 11:24:28 [INFO]: Number of Predicates: 13
Predicates:
- IsPedestrian: {'instance': "Function('IsPed', entity_sorts['Entity'], BoolSort())", 'arity': 1, 'method': 'IsPed(Entity)', 'function': 'logicity.utils.pred_converter.z3.IsPed'}
- IsCar: {'instance': "Function('IsCar', entity_sorts['Entity'], BoolSort())", 'arity': 1, 'method': 'IsCar(Entity)', 'function': 'logicity.utils.pred_converter.z3.IsCar'}
- IsAmbulance: {'instance': "Function('IsAmb', entity_sorts['Entity'], BoolSort())", 'arity': 1, 'method': 'IsAmb(Entity)', 'function': 'logicity.utils.pred_converter.z3.IsAmb'}
- IsOld: {'instance': "Function('IsOld', entity_sorts['Entity'], BoolSort())", 'arity': 1, 'method': 'IsOld(Entity)', 'function': 'logicity.utils.pred_converter.z3.IsOld'}
- IsTiro: {'instance': "Function('IsTiro', entity_sorts['Entity'], BoolSort())", 'arity': 1, 'method': 'IsTiro(Entity)', 'function': 'logicity.utils.pred_converter.z3.IsTiro'}
- IsAtInter: {'instance': "Function('IsAtInter', entity_sorts['Entity'], BoolSort())", 'arity': 1, 'method': 'IsAtInter(Entity)', 'function': 'logicity.utils.pred_converter.z3.IsAtInter'}
- IsInInter: {'instance': "Function('IsInInter', entity_sorts['Entity'], BoolSort())", 'arity': 1, 'method': 'IsInInter(Entity)', 'function': 'logicity.utils.pred_converter.z3.IsInInter'}
- HigherPri: {'instance': "Function('HigherPri', entity_sorts['Entity'], entity_sorts['Entity'], BoolSort())", 'arity': 2, 'method': 'HigherPri(Entity, Entity)', 'function': 'logicity.utils.pred_converter.z3.HigherPri'}
- CollidingClose: {'instance': "Function('CollidingClose', entity_sorts['Entity'], entity_sorts['Entity'], BoolSort())", 'arity': 2, 'method': 'CollidingClose(Entity, Entity)', 'function': 'logicity.utils.pred_converter.z3.CollidingClose'}
- Stop: {'instance': "Function('Stop', entity_sorts['Entity'], BoolSort())", 'arity': 1, 'method': 'Stop(Entity)', 'function': 'None'}
- Fast: {'instance': "Function('Fast', entity_sorts['Entity'], BoolSort())", 'arity': 1, 'method': 'Fast(Entity)', 'function': 'None'}
- Normal: {'instance': "Function('Normal', entity_sorts['Entity'], BoolSort())", 'arity': 1, 'method': 'Normal(Entity)', 'function': 'None'}
- Slow: {'instance': "Function('Slow', entity_sorts['Entity'], BoolSort())", 'arity': 1, 'method': 'Slow(Entity)', 'function': 'None'}
2026-05-26 11:24:28 [INFO]: *** Sim Rule ***: Stop -> 
 Stop(entity) == Exists(
  [dummyEntity], 
  Or(
    And(
      IsAtInter(entity), 
      IsInInter(dummyEntity), 
    ),
    And(
      IsAtInter(entity), 
      IsAtInter(dummyEntity), 
      HigherPri(dummyEntity, entity),
    ),
    CollidingClose(entity, dummyEntity)
  )
)

2026-05-26 11:24:28 [INFO]: *** Task Rule ***: Collision and Intersection -> 
 Implies(Exists(
  [dummyEntity], 
    Or(
      And(
        IsAtInter(entity), 
        IsInInter(dummyEntity), 
      ),
      And(
        IsAtInter(entity), 
        IsAtInter(dummyEntity), 
        HigherPri(dummyEntity, entity),
      ),
      CollidingClose(entity, dummyEntity)
    )
  ),
  Stop(entity)
)

2026-05-26 11:24:28 [INFO]: *** Expert Rule ***: Stop -> 
 Stop(entity) == Exists(
[dummyEntity], 
  Or(
    And(
      IsAtInter(entity), 
      IsInInter(dummyEntity), 
    ),
    And(
      IsAtInter(entity), 
      IsAtInter(dummyEntity), 
      HigherPri(dummyEntity, entity),
    ),
    CollidingClose(entity, dummyEntity)
  )
)

2026-05-26 11:24:28 [INFO]: *** Expert Rule ***: Slow -> 
 Not(Slow(entity))

2026-05-26 11:24:28 [INFO]: *** Expert Rule ***: Fast -> 
 Not(Fast(entity))

2026-05-26 11:24:28 [INFO]: *** Expert Rule ***: Normal -> 
 Normal(entity) == Not(Stop(entity))
2026-05-26 11:24:28 [INFO]: Rules created successfully
2026-05-26 11:24:28 [INFO]: Rules will be grounded later...
2026-05-26 11:24:28 [INFO]: Given Predicates {'IsPedestrian': {'instance': IsPed, 'arity': 1, 'method': 'IsPed(Entity)', 'function': 'logicity.utils.pred_converter.z3.IsPed'}, 'IsCar': {'instance': IsCar, 'arity': 1, 'method': 'IsCar(Entity)', 'function': 'logicity.utils.pred_converter.z3.IsCar'}, 'IsAmbulance': {'instance': IsAmb, 'arity': 1, 'method': 'IsAmb(Entity)', 'function': 'logicity.utils.pred_converter.z3.IsAmb'}, 'IsOld': {'instance': IsOld, 'arity': 1, 'method': 'IsOld(Entity)', 'function': 'logicity.utils.pred_converter.z3.IsOld'}, 'IsTiro': {'instance': IsTiro, 'arity': 1, 'method': 'IsTiro(Entity)', 'function': 'logicity.utils.pred_converter.z3.IsTiro'}, 'IsAtInter': {'instance': IsAtInter, 'arity': 1, 'method': 'IsAtInter(Entity)', 'function': 'logicity.utils.pred_converter.z3.IsAtInter'}, 'IsInInter': {'instance': IsInInter, 'arity': 1, 'method': 'IsInInter(Entity)', 'function': 'logicity.utils.pred_converter.z3.IsInInter'}, 'HigherPri': {'instance': HigherPri, 'arity': 2, 'method': 'HigherPri(Entity, Entity)', 'function': 'logicity.utils.pred_converter.z3.HigherPri'}, 'CollidingClose': {'instance': CollidingClose, 'arity': 2, 'method': 'CollidingClose(Entity, Entity)', 'function': 'logicity.utils.pred_converter.z3.CollidingClose'}, 'Stop': {'instance': Stop, 'arity': 1, 'method': 'Stop(Entity)', 'function': 'None'}, 'Fast': {'instance': Fast, 'arity': 1, 'method': 'Fast(Entity)', 'function': 'None'}, 'Normal': {'instance': Normal, 'arity': 1, 'method': 'Normal(Entity)', 'function': 'None'}, 'Slow': {'instance': Slow, 'arity': 1, 'method': 'Slow(Entity)', 'function': 'None'}}, the FOV entities {'Entity': 3}, The logic grounding shape is: 39
2026-05-26 11:24:28 [INFO]: Local planner constructed!
2026-05-26 11:24:28 [INFO]: Constructing 22 streets
2026-05-26 11:24:29 [INFO]: Constructing 16 buildings
2026-05-26 11:24:29 [INFO]: Adding 4 agents, they are constrained in 103 region
2026-05-26 11:24:29 [INFO]: Car_1 initialization done!
2026-05-26 11:24:29 [INFO]: Pedestrian_1 initialization done!
2026-05-26 11:24:30 [INFO]: Car_2 initialization done!
2026-05-26 11:24:30 [INFO]: Car_3 initialization done!
2026-05-26 11:24:30 [INFO]: Done!
2026-05-26 11:24:30 [INFO]: ***Init RL Agent in Env***
2026-05-26 11:24:41 [INFO]: will reset agent by success
2026-05-26 11:24:41 [INFO]: ***Reset RL Agent in Env***
2026-05-26 11:24:42 [INFO]: Car_1 initialization done!
2026-05-26 11:24:42 [INFO]: Pedestrian_1 initialization done!
2026-05-26 11:24:42 [INFO]: Car_2 initialization done!
2026-05-26 11:24:43 [INFO]: Car_3 initialization done!
2026-05-26 11:24:43 [INFO]: Agent reset priority to 1/4
2026-05-26 11:24:43 [INFO]: Agent reset concepts to {'type': 'Car', 'priority': 1}
2026-05-26 11:24:43 [INFO]: Episode 4 success.
2026-05-26 11:24:43 [INFO]: Episode 4 achieved a score of 5.050000000000004
2026-05-26 11:24:43 [INFO]: Episode 4 Success: 1
2026-05-26 11:24:43 [INFO]: Episode 4 Decision Step: {3: 1}
2026-05-26 11:24:43 [INFO]: Episode 4 Success Decision: {3: 1}
2026-05-26 11:24:43 [INFO]: Evaluating episode 5...
2026-05-26 11:24:43 [INFO]: Episode label: {'oracle_step': 62, 'stop_count': 0, 'has_stop': False, 'ego_crosses': True, 'ego_eta': 51, 'ego_direction': 'down', 'other_crosses': 3, 'close_other_count': 0, 'pedestrian_close': None, 'conflicting_approach': False, 'total_crosses': 4}
2026-05-26 11:24:43 [INFO]: Get map info from config/maps/square_2x2.yaml
2026-05-26 11:24:43 [INFO]: Get agent info from config/agents/easy_lite/val.yaml
2026-05-26 11:24:43 [INFO]: Get onology and rules info from config/rules/ontology_easy.yaml, config/rules/Nav/easy/expert.yaml
2026-05-26 11:24:43 [INFO]: Number of Entity Types: 1
Entity Types:
- Entity
2026-05-26 11:24:43 [INFO]: Number of Predicates: 13
Predicates:
- IsPedestrian: {'instance': "Function('IsPed', entity_sorts['Entity'], BoolSort())", 'arity': 1, 'method': 'IsPed(Entity)', 'function': 'logicity.utils.pred_converter.z3.IsPed'}
- IsCar: {'instance': "Function('IsCar', entity_sorts['Entity'], BoolSort())", 'arity': 1, 'method': 'IsCar(Entity)', 'function': 'logicity.utils.pred_converter.z3.IsCar'}
- IsAmbulance: {'instance': "Function('IsAmb', entity_sorts['Entity'], BoolSort())", 'arity': 1, 'method': 'IsAmb(Entity)', 'function': 'logicity.utils.pred_converter.z3.IsAmb'}
- IsOld: {'instance': "Function('IsOld', entity_sorts['Entity'], BoolSort())", 'arity': 1, 'method': 'IsOld(Entity)', 'function': 'logicity.utils.pred_converter.z3.IsOld'}
- IsTiro: {'instance': "Function('IsTiro', entity_sorts['Entity'], BoolSort())", 'arity': 1, 'method': 'IsTiro(Entity)', 'function': 'logicity.utils.pred_converter.z3.IsTiro'}
- IsAtInter: {'instance': "Function('IsAtInter', entity_sorts['Entity'], BoolSort())", 'arity': 1, 'method': 'IsAtInter(Entity)', 'function': 'logicity.utils.pred_converter.z3.IsAtInter'}
- IsInInter: {'instance': "Function('IsInInter', entity_sorts['Entity'], BoolSort())", 'arity': 1, 'method': 'IsInInter(Entity)', 'function': 'logicity.utils.pred_converter.z3.IsInInter'}
- HigherPri: {'instance': "Function('HigherPri', entity_sorts['Entity'], entity_sorts['Entity'], BoolSort())", 'arity': 2, 'method': 'HigherPri(Entity, Entity)', 'function': 'logicity.utils.pred_converter.z3.HigherPri'}
- CollidingClose: {'instance': "Function('CollidingClose', entity_sorts['Entity'], entity_sorts['Entity'], BoolSort())", 'arity': 2, 'method': 'CollidingClose(Entity, Entity)', 'function': 'logicity.utils.pred_converter.z3.CollidingClose'}
- Stop: {'instance': "Function('Stop', entity_sorts['Entity'], BoolSort())", 'arity': 1, 'method': 'Stop(Entity)', 'function': 'None'}
- Fast: {'instance': "Function('Fast', entity_sorts['Entity'], BoolSort())", 'arity': 1, 'method': 'Fast(Entity)', 'function': 'None'}
- Normal: {'instance': "Function('Normal', entity_sorts['Entity'], BoolSort())", 'arity': 1, 'method': 'Normal(Entity)', 'function': 'None'}
- Slow: {'instance': "Function('Slow', entity_sorts['Entity'], BoolSort())", 'arity': 1, 'method': 'Slow(Entity)', 'function': 'None'}
2026-05-26 11:24:43 [INFO]: *** Sim Rule ***: Stop -> 
 Stop(entity) == Exists(
  [dummyEntity], 
  Or(
    And(
      IsAtInter(entity), 
      IsInInter(dummyEntity), 
    ),
    And(
      IsAtInter(entity), 
      IsAtInter(dummyEntity), 
      HigherPri(dummyEntity, entity),
    ),
    CollidingClose(entity, dummyEntity)
  )
)

2026-05-26 11:24:43 [INFO]: *** Task Rule ***: Collision and Intersection -> 
 Implies(Exists(
  [dummyEntity], 
    Or(
      And(
        IsAtInter(entity), 
        IsInInter(dummyEntity), 
      ),
      And(
        IsAtInter(entity), 
        IsAtInter(dummyEntity), 
        HigherPri(dummyEntity, entity),
      ),
      CollidingClose(entity, dummyEntity)
    )
  ),
  Stop(entity)
)

2026-05-26 11:24:43 [INFO]: *** Expert Rule ***: Stop -> 
 Stop(entity) == Exists(
[dummyEntity], 
  Or(
    And(
      IsAtInter(entity), 
      IsInInter(dummyEntity), 
    ),
    And(
      IsAtInter(entity), 
      IsAtInter(dummyEntity), 
      HigherPri(dummyEntity, entity),
    ),
    CollidingClose(entity, dummyEntity)
  )
)

2026-05-26 11:24:43 [INFO]: *** Expert Rule ***: Slow -> 
 Not(Slow(entity))

2026-05-26 11:24:43 [INFO]: *** Expert Rule ***: Fast -> 
 Not(Fast(entity))

2026-05-26 11:24:43 [INFO]: *** Expert Rule ***: Normal -> 
 Normal(entity) == Not(Stop(entity))
2026-05-26 11:24:43 [INFO]: Rules created successfully
2026-05-26 11:24:43 [INFO]: Rules will be grounded later...
2026-05-26 11:24:43 [INFO]: Given Predicates {'IsPedestrian': {'instance': IsPed, 'arity': 1, 'method': 'IsPed(Entity)', 'function': 'logicity.utils.pred_converter.z3.IsPed'}, 'IsCar': {'instance': IsCar, 'arity': 1, 'method': 'IsCar(Entity)', 'function': 'logicity.utils.pred_converter.z3.IsCar'}, 'IsAmbulance': {'instance': IsAmb, 'arity': 1, 'method': 'IsAmb(Entity)', 'function': 'logicity.utils.pred_converter.z3.IsAmb'}, 'IsOld': {'instance': IsOld, 'arity': 1, 'method': 'IsOld(Entity)', 'function': 'logicity.utils.pred_converter.z3.IsOld'}, 'IsTiro': {'instance': IsTiro, 'arity': 1, 'method': 'IsTiro(Entity)', 'function': 'logicity.utils.pred_converter.z3.IsTiro'}, 'IsAtInter': {'instance': IsAtInter, 'arity': 1, 'method': 'IsAtInter(Entity)', 'function': 'logicity.utils.pred_converter.z3.IsAtInter'}, 'IsInInter': {'instance': IsInInter, 'arity': 1, 'method': 'IsInInter(Entity)', 'function': 'logicity.utils.pred_converter.z3.IsInInter'}, 'HigherPri': {'instance': HigherPri, 'arity': 2, 'method': 'HigherPri(Entity, Entity)', 'function': 'logicity.utils.pred_converter.z3.HigherPri'}, 'CollidingClose': {'instance': CollidingClose, 'arity': 2, 'method': 'CollidingClose(Entity, Entity)', 'function': 'logicity.utils.pred_converter.z3.CollidingClose'}, 'Stop': {'instance': Stop, 'arity': 1, 'method': 'Stop(Entity)', 'function': 'None'}, 'Fast': {'instance': Fast, 'arity': 1, 'method': 'Fast(Entity)', 'function': 'None'}, 'Normal': {'instance': Normal, 'arity': 1, 'method': 'Normal(Entity)', 'function': 'None'}, 'Slow': {'instance': Slow, 'arity': 1, 'method': 'Slow(Entity)', 'function': 'None'}}, the FOV entities {'Entity': 3}, The logic grounding shape is: 39
2026-05-26 11:24:43 [INFO]: Local planner constructed!
2026-05-26 11:24:43 [INFO]: Constructing 22 streets
2026-05-26 11:24:43 [INFO]: Constructing 16 buildings
2026-05-26 11:24:44 [INFO]: Adding 4 agents, they are constrained in 103 region
2026-05-26 11:24:44 [INFO]: Car_1 initialization done!
2026-05-26 11:24:44 [INFO]: Pedestrian_1 initialization done!
2026-05-26 11:24:45 [INFO]: Car_2 initialization done!
2026-05-26 11:24:46 [INFO]: Car_3 initialization done!
2026-05-26 11:24:46 [INFO]: Done!
2026-05-26 11:24:46 [INFO]: ***Init RL Agent in Env***
2026-05-26 11:25:05 [INFO]: will reset agent by success
2026-05-26 11:25:05 [INFO]: ***Reset RL Agent in Env***
2026-05-26 11:25:05 [INFO]: Car_1 initialization done!
2026-05-26 11:25:05 [INFO]: Pedestrian_1 initialization done!
2026-05-26 11:25:06 [INFO]: Car_2 initialization done!
2026-05-26 11:25:06 [INFO]: Car_3 initialization done!
2026-05-26 11:25:06 [INFO]: Agent reset priority to 2/4
2026-05-26 11:25:06 [INFO]: Agent reset concepts to {'type': 'Car', 'priority': 2}
2026-05-26 11:25:06 [INFO]: Episode 5 success.
2026-05-26 11:25:06 [INFO]: Episode 5 achieved a score of 6.090000000000006
2026-05-26 11:25:06 [INFO]: Episode 5 Success: 1
2026-05-26 11:25:06 [INFO]: Episode 5 Decision Step: {3: 0}
2026-05-26 11:25:06 [INFO]: Episode 5 Success Decision: {3: 0}
2026-05-26 11:25:06 [INFO]: Evaluating episode 6...
2026-05-26 11:25:06 [INFO]: Episode label: {'oracle_step': 53, 'stop_count': 10, 'has_stop': True, 'ego_crosses': True, 'ego_eta': 9, 'ego_direction': 'right', 'other_crosses': 3, 'close_other_count': 0, 'pedestrian_close': None, 'conflicting_approach': False, 'total_crosses': 4}
2026-05-26 11:25:06 [INFO]: Get map info from config/maps/square_2x2.yaml
2026-05-26 11:25:06 [INFO]: Get agent info from config/agents/easy_lite/val.yaml
2026-05-26 11:25:06 [INFO]: Get onology and rules info from config/rules/ontology_easy.yaml, config/rules/Nav/easy/expert.yaml
2026-05-26 11:25:06 [INFO]: Number of Entity Types: 1
Entity Types:
- Entity
2026-05-26 11:25:06 [INFO]: Number of Predicates: 13
Predicates:
- IsPedestrian: {'instance': "Function('IsPed', entity_sorts['Entity'], BoolSort())", 'arity': 1, 'method': 'IsPed(Entity)', 'function': 'logicity.utils.pred_converter.z3.IsPed'}
- IsCar: {'instance': "Function('IsCar', entity_sorts['Entity'], BoolSort())", 'arity': 1, 'method': 'IsCar(Entity)', 'function': 'logicity.utils.pred_converter.z3.IsCar'}
- IsAmbulance: {'instance': "Function('IsAmb', entity_sorts['Entity'], BoolSort())", 'arity': 1, 'method': 'IsAmb(Entity)', 'function': 'logicity.utils.pred_converter.z3.IsAmb'}
- IsOld: {'instance': "Function('IsOld', entity_sorts['Entity'], BoolSort())", 'arity': 1, 'method': 'IsOld(Entity)', 'function': 'logicity.utils.pred_converter.z3.IsOld'}
- IsTiro: {'instance': "Function('IsTiro', entity_sorts['Entity'], BoolSort())", 'arity': 1, 'method': 'IsTiro(Entity)', 'function': 'logicity.utils.pred_converter.z3.IsTiro'}
- IsAtInter: {'instance': "Function('IsAtInter', entity_sorts['Entity'], BoolSort())", 'arity': 1, 'method': 'IsAtInter(Entity)', 'function': 'logicity.utils.pred_converter.z3.IsAtInter'}
- IsInInter: {'instance': "Function('IsInInter', entity_sorts['Entity'], BoolSort())", 'arity': 1, 'method': 'IsInInter(Entity)', 'function': 'logicity.utils.pred_converter.z3.IsInInter'}
- HigherPri: {'instance': "Function('HigherPri', entity_sorts['Entity'], entity_sorts['Entity'], BoolSort())", 'arity': 2, 'method': 'HigherPri(Entity, Entity)', 'function': 'logicity.utils.pred_converter.z3.HigherPri'}
- CollidingClose: {'instance': "Function('CollidingClose', entity_sorts['Entity'], entity_sorts['Entity'], BoolSort())", 'arity': 2, 'method': 'CollidingClose(Entity, Entity)', 'function': 'logicity.utils.pred_converter.z3.CollidingClose'}
- Stop: {'instance': "Function('Stop', entity_sorts['Entity'], BoolSort())", 'arity': 1, 'method': 'Stop(Entity)', 'function': 'None'}
- Fast: {'instance': "Function('Fast', entity_sorts['Entity'], BoolSort())", 'arity': 1, 'method': 'Fast(Entity)', 'function': 'None'}
- Normal: {'instance': "Function('Normal', entity_sorts['Entity'], BoolSort())", 'arity': 1, 'method': 'Normal(Entity)', 'function': 'None'}
- Slow: {'instance': "Function('Slow', entity_sorts['Entity'], BoolSort())", 'arity': 1, 'method': 'Slow(Entity)', 'function': 'None'}
2026-05-26 11:25:06 [INFO]: *** Sim Rule ***: Stop -> 
 Stop(entity) == Exists(
  [dummyEntity], 
  Or(
    And(
      IsAtInter(entity), 
      IsInInter(dummyEntity), 
    ),
    And(
      IsAtInter(entity), 
      IsAtInter(dummyEntity), 
      HigherPri(dummyEntity, entity),
    ),
    CollidingClose(entity, dummyEntity)
  )
)

2026-05-26 11:25:06 [INFO]: *** Task Rule ***: Collision and Intersection -> 
 Implies(Exists(
  [dummyEntity], 
    Or(
      And(
        IsAtInter(entity), 
        IsInInter(dummyEntity), 
      ),
      And(
        IsAtInter(entity), 
        IsAtInter(dummyEntity), 
        HigherPri(dummyEntity, entity),
      ),
      CollidingClose(entity, dummyEntity)
    )
  ),
  Stop(entity)
)

2026-05-26 11:25:06 [INFO]: *** Expert Rule ***: Stop -> 
 Stop(entity) == Exists(
[dummyEntity], 
  Or(
    And(
      IsAtInter(entity), 
      IsInInter(dummyEntity), 
    ),
    And(
      IsAtInter(entity), 
      IsAtInter(dummyEntity), 
      HigherPri(dummyEntity, entity),
    ),
    CollidingClose(entity, dummyEntity)
  )
)

2026-05-26 11:25:06 [INFO]: *** Expert Rule ***: Slow -> 
 Not(Slow(entity))

2026-05-26 11:25:06 [INFO]: *** Expert Rule ***: Fast -> 
 Not(Fast(entity))

2026-05-26 11:25:06 [INFO]: *** Expert Rule ***: Normal -> 
 Normal(entity) == Not(Stop(entity))
2026-05-26 11:25:06 [INFO]: Rules created successfully
2026-05-26 11:25:06 [INFO]: Rules will be grounded later...
2026-05-26 11:25:06 [INFO]: Given Predicates {'IsPedestrian': {'instance': IsPed, 'arity': 1, 'method': 'IsPed(Entity)', 'function': 'logicity.utils.pred_converter.z3.IsPed'}, 'IsCar': {'instance': IsCar, 'arity': 1, 'method': 'IsCar(Entity)', 'function': 'logicity.utils.pred_converter.z3.IsCar'}, 'IsAmbulance': {'instance': IsAmb, 'arity': 1, 'method': 'IsAmb(Entity)', 'function': 'logicity.utils.pred_converter.z3.IsAmb'}, 'IsOld': {'instance': IsOld, 'arity': 1, 'method': 'IsOld(Entity)', 'function': 'logicity.utils.pred_converter.z3.IsOld'}, 'IsTiro': {'instance': IsTiro, 'arity': 1, 'method': 'IsTiro(Entity)', 'function': 'logicity.utils.pred_converter.z3.IsTiro'}, 'IsAtInter': {'instance': IsAtInter, 'arity': 1, 'method': 'IsAtInter(Entity)', 'function': 'logicity.utils.pred_converter.z3.IsAtInter'}, 'IsInInter': {'instance': IsInInter, 'arity': 1, 'method': 'IsInInter(Entity)', 'function': 'logicity.utils.pred_converter.z3.IsInInter'}, 'HigherPri': {'instance': HigherPri, 'arity': 2, 'method': 'HigherPri(Entity, Entity)', 'function': 'logicity.utils.pred_converter.z3.HigherPri'}, 'CollidingClose': {'instance': CollidingClose, 'arity': 2, 'method': 'CollidingClose(Entity, Entity)', 'function': 'logicity.utils.pred_converter.z3.CollidingClose'}, 'Stop': {'instance': Stop, 'arity': 1, 'method': 'Stop(Entity)', 'function': 'None'}, 'Fast': {'instance': Fast, 'arity': 1, 'method': 'Fast(Entity)', 'function': 'None'}, 'Normal': {'instance': Normal, 'arity': 1, 'method': 'Normal(Entity)', 'function': 'None'}, 'Slow': {'instance': Slow, 'arity': 1, 'method': 'Slow(Entity)', 'function': 'None'}}, the FOV entities {'Entity': 3}, The logic grounding shape is: 39
2026-05-26 11:25:06 [INFO]: Local planner constructed!
2026-05-26 11:25:06 [INFO]: Constructing 22 streets
2026-05-26 11:25:07 [INFO]: Constructing 16 buildings
2026-05-26 11:25:07 [INFO]: Adding 4 agents, they are constrained in 103 region
2026-05-26 11:25:08 [INFO]: Car_1 initialization done!
2026-05-26 11:25:08 [INFO]: Pedestrian_1 initialization done!
2026-05-26 11:25:08 [INFO]: Car_2 initialization done!
2026-05-26 11:25:09 [INFO]: Car_3 initialization done!
2026-05-26 11:25:09 [INFO]: Done!
2026-05-26 11:25:09 [INFO]: ***Init RL Agent in Env***
2026-05-26 11:25:26 [INFO]: will reset agent by success
2026-05-26 11:25:26 [INFO]: ***Reset RL Agent in Env***
2026-05-26 11:25:27 [INFO]: Car_1 initialization done!
2026-05-26 11:25:27 [INFO]: Pedestrian_1 initialization done!
2026-05-26 11:25:27 [INFO]: Car_2 initialization done!
2026-05-26 11:25:28 [INFO]: Car_3 initialization done!
2026-05-26 11:25:28 [INFO]: Agent reset priority to 2/4
2026-05-26 11:25:28 [INFO]: Agent reset concepts to {'type': 'Car', 'priority': 2}
2026-05-26 11:25:28 [INFO]: Episode 6 success.
2026-05-26 11:25:28 [INFO]: Episode 6 achieved a score of 4.300000000000007
2026-05-26 11:25:28 [INFO]: Episode 6 Success: 1
2026-05-26 11:25:28 [INFO]: Episode 6 Decision Step: {3: 1}
2026-05-26 11:25:28 [INFO]: Episode 6 Success Decision: {3: 1}
2026-05-26 11:25:28 [INFO]: Evaluating episode 7...
2026-05-26 11:25:28 [INFO]: Episode label: {'oracle_step': 76, 'stop_count': 10, 'has_stop': True, 'ego_crosses': True, 'ego_eta': 13, 'ego_direction': 'down', 'other_crosses': 3, 'close_other_count': 0, 'pedestrian_close': None, 'conflicting_approach': False, 'total_crosses': 4}
2026-05-26 11:25:28 [INFO]: Get map info from config/maps/square_2x2.yaml
2026-05-26 11:25:28 [INFO]: Get agent info from config/agents/easy_lite/val.yaml
2026-05-26 11:25:28 [INFO]: Get onology and rules info from config/rules/ontology_easy.yaml, config/rules/Nav/easy/expert.yaml
2026-05-26 11:25:28 [INFO]: Number of Entity Types: 1
Entity Types:
- Entity
2026-05-26 11:25:28 [INFO]: Number of Predicates: 13
Predicates:
- IsPedestrian: {'instance': "Function('IsPed', entity_sorts['Entity'], BoolSort())", 'arity': 1, 'method': 'IsPed(Entity)', 'function': 'logicity.utils.pred_converter.z3.IsPed'}
- IsCar: {'instance': "Function('IsCar', entity_sorts['Entity'], BoolSort())", 'arity': 1, 'method': 'IsCar(Entity)', 'function': 'logicity.utils.pred_converter.z3.IsCar'}
- IsAmbulance: {'instance': "Function('IsAmb', entity_sorts['Entity'], BoolSort())", 'arity': 1, 'method': 'IsAmb(Entity)', 'function': 'logicity.utils.pred_converter.z3.IsAmb'}
- IsOld: {'instance': "Function('IsOld', entity_sorts['Entity'], BoolSort())", 'arity': 1, 'method': 'IsOld(Entity)', 'function': 'logicity.utils.pred_converter.z3.IsOld'}
- IsTiro: {'instance': "Function('IsTiro', entity_sorts['Entity'], BoolSort())", 'arity': 1, 'method': 'IsTiro(Entity)', 'function': 'logicity.utils.pred_converter.z3.IsTiro'}
- IsAtInter: {'instance': "Function('IsAtInter', entity_sorts['Entity'], BoolSort())", 'arity': 1, 'method': 'IsAtInter(Entity)', 'function': 'logicity.utils.pred_converter.z3.IsAtInter'}
- IsInInter: {'instance': "Function('IsInInter', entity_sorts['Entity'], BoolSort())", 'arity': 1, 'method': 'IsInInter(Entity)', 'function': 'logicity.utils.pred_converter.z3.IsInInter'}
- HigherPri: {'instance': "Function('HigherPri', entity_sorts['Entity'], entity_sorts['Entity'], BoolSort())", 'arity': 2, 'method': 'HigherPri(Entity, Entity)', 'function': 'logicity.utils.pred_converter.z3.HigherPri'}
- CollidingClose: {'instance': "Function('CollidingClose', entity_sorts['Entity'], entity_sorts['Entity'], BoolSort())", 'arity': 2, 'method': 'CollidingClose(Entity, Entity)', 'function': 'logicity.utils.pred_converter.z3.CollidingClose'}
- Stop: {'instance': "Function('Stop', entity_sorts['Entity'], BoolSort())", 'arity': 1, 'method': 'Stop(Entity)', 'function': 'None'}
- Fast: {'instance': "Function('Fast', entity_sorts['Entity'], BoolSort())", 'arity': 1, 'method': 'Fast(Entity)', 'function': 'None'}
- Normal: {'instance': "Function('Normal', entity_sorts['Entity'], BoolSort())", 'arity': 1, 'method': 'Normal(Entity)', 'function': 'None'}
- Slow: {'instance': "Function('Slow', entity_sorts['Entity'], BoolSort())", 'arity': 1, 'method': 'Slow(Entity)', 'function': 'None'}
2026-05-26 11:25:28 [INFO]: *** Sim Rule ***: Stop -> 
 Stop(entity) == Exists(
  [dummyEntity], 
  Or(
    And(
      IsAtInter(entity), 
      IsInInter(dummyEntity), 
    ),
    And(
      IsAtInter(entity), 
      IsAtInter(dummyEntity), 
      HigherPri(dummyEntity, entity),
    ),
    CollidingClose(entity, dummyEntity)
  )
)

2026-05-26 11:25:28 [INFO]: *** Task Rule ***: Collision and Intersection -> 
 Implies(Exists(
  [dummyEntity], 
    Or(
      And(
        IsAtInter(entity), 
        IsInInter(dummyEntity), 
      ),
      And(
        IsAtInter(entity), 
        IsAtInter(dummyEntity), 
        HigherPri(dummyEntity, entity),
      ),
      CollidingClose(entity, dummyEntity)
    )
  ),
  Stop(entity)
)

2026-05-26 11:25:28 [INFO]: *** Expert Rule ***: Stop -> 
 Stop(entity) == Exists(
[dummyEntity], 
  Or(
    And(
      IsAtInter(entity), 
      IsInInter(dummyEntity), 
    ),
    And(
      IsAtInter(entity), 
      IsAtInter(dummyEntity), 
      HigherPri(dummyEntity, entity),
    ),
    CollidingClose(entity, dummyEntity)
  )
)

2026-05-26 11:25:28 [INFO]: *** Expert Rule ***: Slow -> 
 Not(Slow(entity))

2026-05-26 11:25:28 [INFO]: *** Expert Rule ***: Fast -> 
 Not(Fast(entity))

2026-05-26 11:25:28 [INFO]: *** Expert Rule ***: Normal -> 
 Normal(entity) == Not(Stop(entity))
2026-05-26 11:25:28 [INFO]: Rules created successfully
2026-05-26 11:25:28 [INFO]: Rules will be grounded later...
2026-05-26 11:25:28 [INFO]: Given Predicates {'IsPedestrian': {'instance': IsPed, 'arity': 1, 'method': 'IsPed(Entity)', 'function': 'logicity.utils.pred_converter.z3.IsPed'}, 'IsCar': {'instance': IsCar, 'arity': 1, 'method': 'IsCar(Entity)', 'function': 'logicity.utils.pred_converter.z3.IsCar'}, 'IsAmbulance': {'instance': IsAmb, 'arity': 1, 'method': 'IsAmb(Entity)', 'function': 'logicity.utils.pred_converter.z3.IsAmb'}, 'IsOld': {'instance': IsOld, 'arity': 1, 'method': 'IsOld(Entity)', 'function': 'logicity.utils.pred_converter.z3.IsOld'}, 'IsTiro': {'instance': IsTiro, 'arity': 1, 'method': 'IsTiro(Entity)', 'function': 'logicity.utils.pred_converter.z3.IsTiro'}, 'IsAtInter': {'instance': IsAtInter, 'arity': 1, 'method': 'IsAtInter(Entity)', 'function': 'logicity.utils.pred_converter.z3.IsAtInter'}, 'IsInInter': {'instance': IsInInter, 'arity': 1, 'method': 'IsInInter(Entity)', 'function': 'logicity.utils.pred_converter.z3.IsInInter'}, 'HigherPri': {'instance': HigherPri, 'arity': 2, 'method': 'HigherPri(Entity, Entity)', 'function': 'logicity.utils.pred_converter.z3.HigherPri'}, 'CollidingClose': {'instance': CollidingClose, 'arity': 2, 'method': 'CollidingClose(Entity, Entity)', 'function': 'logicity.utils.pred_converter.z3.CollidingClose'}, 'Stop': {'instance': Stop, 'arity': 1, 'method': 'Stop(Entity)', 'function': 'None'}, 'Fast': {'instance': Fast, 'arity': 1, 'method': 'Fast(Entity)', 'function': 'None'}, 'Normal': {'instance': Normal, 'arity': 1, 'method': 'Normal(Entity)', 'function': 'None'}, 'Slow': {'instance': Slow, 'arity': 1, 'method': 'Slow(Entity)', 'function': 'None'}}, the FOV entities {'Entity': 3}, The logic grounding shape is: 39
2026-05-26 11:25:28 [INFO]: Local planner constructed!
2026-05-26 11:25:28 [INFO]: Constructing 22 streets
2026-05-26 11:25:28 [INFO]: Constructing 16 buildings
2026-05-26 11:25:29 [INFO]: Adding 4 agents, they are constrained in 103 region
2026-05-26 11:25:29 [INFO]: Car_1 initialization done!
2026-05-26 11:25:29 [INFO]: Pedestrian_1 initialization done!
2026-05-26 11:25:30 [INFO]: Car_2 initialization done!
2026-05-26 11:25:30 [INFO]: Car_3 initialization done!
2026-05-26 11:25:30 [INFO]: Done!
2026-05-26 11:25:30 [INFO]: ***Init RL Agent in Env***
2026-05-26 11:25:40 [INFO]: will reset agent by success
2026-05-26 11:25:40 [INFO]: ***Reset RL Agent in Env***
2026-05-26 11:25:40 [INFO]: Car_1 initialization done!
2026-05-26 11:25:40 [INFO]: Pedestrian_1 initialization done!
2026-05-26 11:25:41 [INFO]: Car_2 initialization done!
2026-05-26 11:25:41 [INFO]: Car_3 initialization done!
2026-05-26 11:25:41 [INFO]: Agent reset priority to 2/4
2026-05-26 11:25:41 [INFO]: Agent reset concepts to {'type': 'Car', 'priority': 2}
2026-05-26 11:25:42 [INFO]: Episode 7 success.
2026-05-26 11:25:42 [INFO]: Episode 7 achieved a score of 6.809999999999999
2026-05-26 11:25:42 [INFO]: Episode 7 Success: 1
2026-05-26 11:25:42 [INFO]: Episode 7 Decision Step: {3: 0}
2026-05-26 11:25:42 [INFO]: Episode 7 Success Decision: {3: 0}
2026-05-26 11:25:42 [INFO]: Evaluating episode 8...
2026-05-26 11:25:42 [INFO]: Episode label: {'oracle_step': 49, 'stop_count': 0, 'has_stop': False, 'ego_crosses': True, 'ego_eta': 29, 'ego_direction': 'right', 'other_crosses': 3, 'close_other_count': 0, 'pedestrian_close': None, 'conflicting_approach': False, 'total_crosses': 4}
2026-05-26 11:25:42 [INFO]: Get map info from config/maps/square_2x2.yaml
2026-05-26 11:25:42 [INFO]: Get agent info from config/agents/easy_lite/val.yaml
2026-05-26 11:25:42 [INFO]: Get onology and rules info from config/rules/ontology_easy.yaml, config/rules/Nav/easy/expert.yaml
2026-05-26 11:25:42 [INFO]: Number of Entity Types: 1
Entity Types:
- Entity
2026-05-26 11:25:42 [INFO]: Number of Predicates: 13
Predicates:
- IsPedestrian: {'instance': "Function('IsPed', entity_sorts['Entity'], BoolSort())", 'arity': 1, 'method': 'IsPed(Entity)', 'function': 'logicity.utils.pred_converter.z3.IsPed'}
- IsCar: {'instance': "Function('IsCar', entity_sorts['Entity'], BoolSort())", 'arity': 1, 'method': 'IsCar(Entity)', 'function': 'logicity.utils.pred_converter.z3.IsCar'}
- IsAmbulance: {'instance': "Function('IsAmb', entity_sorts['Entity'], BoolSort())", 'arity': 1, 'method': 'IsAmb(Entity)', 'function': 'logicity.utils.pred_converter.z3.IsAmb'}
- IsOld: {'instance': "Function('IsOld', entity_sorts['Entity'], BoolSort())", 'arity': 1, 'method': 'IsOld(Entity)', 'function': 'logicity.utils.pred_converter.z3.IsOld'}
- IsTiro: {'instance': "Function('IsTiro', entity_sorts['Entity'], BoolSort())", 'arity': 1, 'method': 'IsTiro(Entity)', 'function': 'logicity.utils.pred_converter.z3.IsTiro'}
- IsAtInter: {'instance': "Function('IsAtInter', entity_sorts['Entity'], BoolSort())", 'arity': 1, 'method': 'IsAtInter(Entity)', 'function': 'logicity.utils.pred_converter.z3.IsAtInter'}
- IsInInter: {'instance': "Function('IsInInter', entity_sorts['Entity'], BoolSort())", 'arity': 1, 'method': 'IsInInter(Entity)', 'function': 'logicity.utils.pred_converter.z3.IsInInter'}
- HigherPri: {'instance': "Function('HigherPri', entity_sorts['Entity'], entity_sorts['Entity'], BoolSort())", 'arity': 2, 'method': 'HigherPri(Entity, Entity)', 'function': 'logicity.utils.pred_converter.z3.HigherPri'}
- CollidingClose: {'instance': "Function('CollidingClose', entity_sorts['Entity'], entity_sorts['Entity'], BoolSort())", 'arity': 2, 'method': 'CollidingClose(Entity, Entity)', 'function': 'logicity.utils.pred_converter.z3.CollidingClose'}
- Stop: {'instance': "Function('Stop', entity_sorts['Entity'], BoolSort())", 'arity': 1, 'method': 'Stop(Entity)', 'function': 'None'}
- Fast: {'instance': "Function('Fast', entity_sorts['Entity'], BoolSort())", 'arity': 1, 'method': 'Fast(Entity)', 'function': 'None'}
- Normal: {'instance': "Function('Normal', entity_sorts['Entity'], BoolSort())", 'arity': 1, 'method': 'Normal(Entity)', 'function': 'None'}
- Slow: {'instance': "Function('Slow', entity_sorts['Entity'], BoolSort())", 'arity': 1, 'method': 'Slow(Entity)', 'function': 'None'}
2026-05-26 11:25:42 [INFO]: *** Sim Rule ***: Stop -> 
 Stop(entity) == Exists(
  [dummyEntity], 
  Or(
    And(
      IsAtInter(entity), 
      IsInInter(dummyEntity), 
    ),
    And(
      IsAtInter(entity), 
      IsAtInter(dummyEntity), 
      HigherPri(dummyEntity, entity),
    ),
    CollidingClose(entity, dummyEntity)
  )
)

2026-05-26 11:25:42 [INFO]: *** Task Rule ***: Collision and Intersection -> 
 Implies(Exists(
  [dummyEntity], 
    Or(
      And(
        IsAtInter(entity), 
        IsInInter(dummyEntity), 
      ),
      And(
        IsAtInter(entity), 
        IsAtInter(dummyEntity), 
        HigherPri(dummyEntity, entity),
      ),
      CollidingClose(entity, dummyEntity)
    )
  ),
  Stop(entity)
)

2026-05-26 11:25:42 [INFO]: *** Expert Rule ***: Stop -> 
 Stop(entity) == Exists(
[dummyEntity], 
  Or(
    And(
      IsAtInter(entity), 
      IsInInter(dummyEntity), 
    ),
    And(
      IsAtInter(entity), 
      IsAtInter(dummyEntity), 
      HigherPri(dummyEntity, entity),
    ),
    CollidingClose(entity, dummyEntity)
  )
)

2026-05-26 11:25:42 [INFO]: *** Expert Rule ***: Slow -> 
 Not(Slow(entity))

2026-05-26 11:25:42 [INFO]: *** Expert Rule ***: Fast -> 
 Not(Fast(entity))

2026-05-26 11:25:42 [INFO]: *** Expert Rule ***: Normal -> 
 Normal(entity) == Not(Stop(entity))
2026-05-26 11:25:42 [INFO]: Rules created successfully
2026-05-26 11:25:42 [INFO]: Rules will be grounded later...
2026-05-26 11:25:42 [INFO]: Given Predicates {'IsPedestrian': {'instance': IsPed, 'arity': 1, 'method': 'IsPed(Entity)', 'function': 'logicity.utils.pred_converter.z3.IsPed'}, 'IsCar': {'instance': IsCar, 'arity': 1, 'method': 'IsCar(Entity)', 'function': 'logicity.utils.pred_converter.z3.IsCar'}, 'IsAmbulance': {'instance': IsAmb, 'arity': 1, 'method': 'IsAmb(Entity)', 'function': 'logicity.utils.pred_converter.z3.IsAmb'}, 'IsOld': {'instance': IsOld, 'arity': 1, 'method': 'IsOld(Entity)', 'function': 'logicity.utils.pred_converter.z3.IsOld'}, 'IsTiro': {'instance': IsTiro, 'arity': 1, 'method': 'IsTiro(Entity)', 'function': 'logicity.utils.pred_converter.z3.IsTiro'}, 'IsAtInter': {'instance': IsAtInter, 'arity': 1, 'method': 'IsAtInter(Entity)', 'function': 'logicity.utils.pred_converter.z3.IsAtInter'}, 'IsInInter': {'instance': IsInInter, 'arity': 1, 'method': 'IsInInter(Entity)', 'function': 'logicity.utils.pred_converter.z3.IsInInter'}, 'HigherPri': {'instance': HigherPri, 'arity': 2, 'method': 'HigherPri(Entity, Entity)', 'function': 'logicity.utils.pred_converter.z3.HigherPri'}, 'CollidingClose': {'instance': CollidingClose, 'arity': 2, 'method': 'CollidingClose(Entity, Entity)', 'function': 'logicity.utils.pred_converter.z3.CollidingClose'}, 'Stop': {'instance': Stop, 'arity': 1, 'method': 'Stop(Entity)', 'function': 'None'}, 'Fast': {'instance': Fast, 'arity': 1, 'method': 'Fast(Entity)', 'function': 'None'}, 'Normal': {'instance': Normal, 'arity': 1, 'method': 'Normal(Entity)', 'function': 'None'}, 'Slow': {'instance': Slow, 'arity': 1, 'method': 'Slow(Entity)', 'function': 'None'}}, the FOV entities {'Entity': 3}, The logic grounding shape is: 39
2026-05-26 11:25:42 [INFO]: Local planner constructed!
2026-05-26 11:25:42 [INFO]: Constructing 22 streets
2026-05-26 11:25:42 [INFO]: Constructing 16 buildings
2026-05-26 11:25:42 [INFO]: Adding 4 agents, they are constrained in 103 region
2026-05-26 11:25:43 [INFO]: Car_1 initialization done!
2026-05-26 11:25:43 [INFO]: Pedestrian_1 initialization done!
2026-05-26 11:25:43 [INFO]: Car_2 initialization done!
2026-05-26 11:25:44 [INFO]: Car_3 initialization done!
2026-05-26 11:25:44 [INFO]: Done!
2026-05-26 11:25:44 [INFO]: ***Init RL Agent in Env***
2026-05-26 11:25:59 [INFO]: will reset agent by success
2026-05-26 11:25:59 [INFO]: ***Reset RL Agent in Env***
2026-05-26 11:26:00 [INFO]: Car_1 initialization done!
2026-05-26 11:26:00 [INFO]: Pedestrian_1 initialization done!
2026-05-26 11:26:01 [INFO]: Car_2 initialization done!
2026-05-26 11:26:01 [INFO]: Car_3 initialization done!
2026-05-26 11:26:01 [INFO]: Agent reset priority to 1/4
2026-05-26 11:26:01 [INFO]: Agent reset concepts to {'type': 'Car', 'priority': 1}
2026-05-26 11:26:02 [INFO]: Episode 8 success.
2026-05-26 11:26:02 [INFO]: Episode 8 achieved a score of 4.88000000000001
2026-05-26 11:26:02 [INFO]: Episode 8 Success: 1
2026-05-26 11:26:02 [INFO]: Episode 8 Decision Step: {3: 0}
2026-05-26 11:26:02 [INFO]: Episode 8 Success Decision: {3: 0}
2026-05-26 11:26:02 [INFO]: Evaluating episode 9...
2026-05-26 11:26:02 [INFO]: Episode label: {'oracle_step': 48, 'stop_count': 6, 'has_stop': True, 'ego_crosses': True, 'ego_eta': 9, 'ego_direction': 'down', 'other_crosses': 3, 'close_other_count': 0, 'pedestrian_close': None, 'conflicting_approach': False, 'total_crosses': 4}
2026-05-26 11:26:02 [INFO]: Get map info from config/maps/square_2x2.yaml
2026-05-26 11:26:02 [INFO]: Get agent info from config/agents/easy_lite/val.yaml
2026-05-26 11:26:02 [INFO]: Get onology and rules info from config/rules/ontology_easy.yaml, config/rules/Nav/easy/expert.yaml
2026-05-26 11:26:02 [INFO]: Number of Entity Types: 1
Entity Types:
- Entity
2026-05-26 11:26:02 [INFO]: Number of Predicates: 13
Predicates:
- IsPedestrian: {'instance': "Function('IsPed', entity_sorts['Entity'], BoolSort())", 'arity': 1, 'method': 'IsPed(Entity)', 'function': 'logicity.utils.pred_converter.z3.IsPed'}
- IsCar: {'instance': "Function('IsCar', entity_sorts['Entity'], BoolSort())", 'arity': 1, 'method': 'IsCar(Entity)', 'function': 'logicity.utils.pred_converter.z3.IsCar'}
- IsAmbulance: {'instance': "Function('IsAmb', entity_sorts['Entity'], BoolSort())", 'arity': 1, 'method': 'IsAmb(Entity)', 'function': 'logicity.utils.pred_converter.z3.IsAmb'}
- IsOld: {'instance': "Function('IsOld', entity_sorts['Entity'], BoolSort())", 'arity': 1, 'method': 'IsOld(Entity)', 'function': 'logicity.utils.pred_converter.z3.IsOld'}
- IsTiro: {'instance': "Function('IsTiro', entity_sorts['Entity'], BoolSort())", 'arity': 1, 'method': 'IsTiro(Entity)', 'function': 'logicity.utils.pred_converter.z3.IsTiro'}
- IsAtInter: {'instance': "Function('IsAtInter', entity_sorts['Entity'], BoolSort())", 'arity': 1, 'method': 'IsAtInter(Entity)', 'function': 'logicity.utils.pred_converter.z3.IsAtInter'}
- IsInInter: {'instance': "Function('IsInInter', entity_sorts['Entity'], BoolSort())", 'arity': 1, 'method': 'IsInInter(Entity)', 'function': 'logicity.utils.pred_converter.z3.IsInInter'}
- HigherPri: {'instance': "Function('HigherPri', entity_sorts['Entity'], entity_sorts['Entity'], BoolSort())", 'arity': 2, 'method': 'HigherPri(Entity, Entity)', 'function': 'logicity.utils.pred_converter.z3.HigherPri'}
- CollidingClose: {'instance': "Function('CollidingClose', entity_sorts['Entity'], entity_sorts['Entity'], BoolSort())", 'arity': 2, 'method': 'CollidingClose(Entity, Entity)', 'function': 'logicity.utils.pred_converter.z3.CollidingClose'}
- Stop: {'instance': "Function('Stop', entity_sorts['Entity'], BoolSort())", 'arity': 1, 'method': 'Stop(Entity)', 'function': 'None'}
- Fast: {'instance': "Function('Fast', entity_sorts['Entity'], BoolSort())", 'arity': 1, 'method': 'Fast(Entity)', 'function': 'None'}
- Normal: {'instance': "Function('Normal', entity_sorts['Entity'], BoolSort())", 'arity': 1, 'method': 'Normal(Entity)', 'function': 'None'}
- Slow: {'instance': "Function('Slow', entity_sorts['Entity'], BoolSort())", 'arity': 1, 'method': 'Slow(Entity)', 'function': 'None'}
2026-05-26 11:26:02 [INFO]: *** Sim Rule ***: Stop -> 
 Stop(entity) == Exists(
  [dummyEntity], 
  Or(
    And(
      IsAtInter(entity), 
      IsInInter(dummyEntity), 
    ),
    And(
      IsAtInter(entity), 
      IsAtInter(dummyEntity), 
      HigherPri(dummyEntity, entity),
    ),
    CollidingClose(entity, dummyEntity)
  )
)

2026-05-26 11:26:02 [INFO]: *** Task Rule ***: Collision and Intersection -> 
 Implies(Exists(
  [dummyEntity], 
    Or(
      And(
        IsAtInter(entity), 
        IsInInter(dummyEntity), 
      ),
      And(
        IsAtInter(entity), 
        IsAtInter(dummyEntity), 
        HigherPri(dummyEntity, entity),
      ),
      CollidingClose(entity, dummyEntity)
    )
  ),
  Stop(entity)
)

2026-05-26 11:26:02 [INFO]: *** Expert Rule ***: Stop -> 
 Stop(entity) == Exists(
[dummyEntity], 
  Or(
    And(
      IsAtInter(entity), 
      IsInInter(dummyEntity), 
    ),
    And(
      IsAtInter(entity), 
      IsAtInter(dummyEntity), 
      HigherPri(dummyEntity, entity),
    ),
    CollidingClose(entity, dummyEntity)
  )
)

2026-05-26 11:26:02 [INFO]: *** Expert Rule ***: Slow -> 
 Not(Slow(entity))

2026-05-26 11:26:02 [INFO]: *** Expert Rule ***: Fast -> 
 Not(Fast(entity))

2026-05-26 11:26:02 [INFO]: *** Expert Rule ***: Normal -> 
 Normal(entity) == Not(Stop(entity))
2026-05-26 11:26:02 [INFO]: Rules created successfully
2026-05-26 11:26:02 [INFO]: Rules will be grounded later...
2026-05-26 11:26:02 [INFO]: Given Predicates {'IsPedestrian': {'instance': IsPed, 'arity': 1, 'method': 'IsPed(Entity)', 'function': 'logicity.utils.pred_converter.z3.IsPed'}, 'IsCar': {'instance': IsCar, 'arity': 1, 'method': 'IsCar(Entity)', 'function': 'logicity.utils.pred_converter.z3.IsCar'}, 'IsAmbulance': {'instance': IsAmb, 'arity': 1, 'method': 'IsAmb(Entity)', 'function': 'logicity.utils.pred_converter.z3.IsAmb'}, 'IsOld': {'instance': IsOld, 'arity': 1, 'method': 'IsOld(Entity)', 'function': 'logicity.utils.pred_converter.z3.IsOld'}, 'IsTiro': {'instance': IsTiro, 'arity': 1, 'method': 'IsTiro(Entity)', 'function': 'logicity.utils.pred_converter.z3.IsTiro'}, 'IsAtInter': {'instance': IsAtInter, 'arity': 1, 'method': 'IsAtInter(Entity)', 'function': 'logicity.utils.pred_converter.z3.IsAtInter'}, 'IsInInter': {'instance': IsInInter, 'arity': 1, 'method': 'IsInInter(Entity)', 'function': 'logicity.utils.pred_converter.z3.IsInInter'}, 'HigherPri': {'instance': HigherPri, 'arity': 2, 'method': 'HigherPri(Entity, Entity)', 'function': 'logicity.utils.pred_converter.z3.HigherPri'}, 'CollidingClose': {'instance': CollidingClose, 'arity': 2, 'method': 'CollidingClose(Entity, Entity)', 'function': 'logicity.utils.pred_converter.z3.CollidingClose'}, 'Stop': {'instance': Stop, 'arity': 1, 'method': 'Stop(Entity)', 'function': 'None'}, 'Fast': {'instance': Fast, 'arity': 1, 'method': 'Fast(Entity)', 'function': 'None'}, 'Normal': {'instance': Normal, 'arity': 1, 'method': 'Normal(Entity)', 'function': 'None'}, 'Slow': {'instance': Slow, 'arity': 1, 'method': 'Slow(Entity)', 'function': 'None'}}, the FOV entities {'Entity': 3}, The logic grounding shape is: 39
2026-05-26 11:26:02 [INFO]: Local planner constructed!
2026-05-26 11:26:02 [INFO]: Constructing 22 streets
2026-05-26 11:26:02 [INFO]: Constructing 16 buildings
2026-05-26 11:26:03 [INFO]: Adding 4 agents, they are constrained in 103 region
2026-05-26 11:26:04 [INFO]: Car_1 initialization done!
2026-05-26 11:26:04 [INFO]: Pedestrian_1 initialization done!
2026-05-26 11:26:05 [INFO]: Car_2 initialization done!
2026-05-26 11:26:05 [INFO]: Car_3 initialization done!
2026-05-26 11:26:05 [INFO]: Done!
2026-05-26 11:26:05 [INFO]: ***Init RL Agent in Env***
2026-05-26 11:26:22 [INFO]: will reset agent by success
2026-05-26 11:26:22 [INFO]: ***Reset RL Agent in Env***
2026-05-26 11:26:22 [INFO]: Car_1 initialization done!
2026-05-26 11:26:22 [INFO]: Pedestrian_1 initialization done!
2026-05-26 11:26:23 [INFO]: Car_2 initialization done!
2026-05-26 11:26:24 [INFO]: Car_3 initialization done!
2026-05-26 11:26:24 [INFO]: Agent reset priority to 3/4
2026-05-26 11:26:24 [INFO]: Agent reset concepts to {'type': 'Car', 'priority': 3}
2026-05-26 11:26:24 [INFO]: Episode 9 success.
2026-05-26 11:26:24 [INFO]: Episode 9 achieved a score of 4.270000000000008
2026-05-26 11:26:24 [INFO]: Episode 9 Success: 1
2026-05-26 11:26:24 [INFO]: Episode 9 Decision Step: {3: 0}
2026-05-26 11:26:24 [INFO]: Episode 9 Success Decision: {3: 0}
2026-05-26 11:26:24 [INFO]: Evaluating episode 10...
2026-05-26 11:26:24 [INFO]: Episode label: {'oracle_step': 98, 'stop_count': 39, 'has_stop': True, 'ego_crosses': True, 'ego_eta': 59, 'ego_direction': 'left', 'other_crosses': 3, 'close_other_count': 0, 'pedestrian_close': None, 'conflicting_approach': False, 'total_crosses': 4}
2026-05-26 11:26:24 [INFO]: Get map info from config/maps/square_2x2.yaml
2026-05-26 11:26:24 [INFO]: Get agent info from config/agents/easy_lite/val.yaml
2026-05-26 11:26:24 [INFO]: Get onology and rules info from config/rules/ontology_easy.yaml, config/rules/Nav/easy/expert.yaml
2026-05-26 11:26:24 [INFO]: Number of Entity Types: 1
Entity Types:
- Entity
2026-05-26 11:26:24 [INFO]: Number of Predicates: 13
Predicates:
- IsPedestrian: {'instance': "Function('IsPed', entity_sorts['Entity'], BoolSort())", 'arity': 1, 'method': 'IsPed(Entity)', 'function': 'logicity.utils.pred_converter.z3.IsPed'}
- IsCar: {'instance': "Function('IsCar', entity_sorts['Entity'], BoolSort())", 'arity': 1, 'method': 'IsCar(Entity)', 'function': 'logicity.utils.pred_converter.z3.IsCar'}
- IsAmbulance: {'instance': "Function('IsAmb', entity_sorts['Entity'], BoolSort())", 'arity': 1, 'method': 'IsAmb(Entity)', 'function': 'logicity.utils.pred_converter.z3.IsAmb'}
- IsOld: {'instance': "Function('IsOld', entity_sorts['Entity'], BoolSort())", 'arity': 1, 'method': 'IsOld(Entity)', 'function': 'logicity.utils.pred_converter.z3.IsOld'}
- IsTiro: {'instance': "Function('IsTiro', entity_sorts['Entity'], BoolSort())", 'arity': 1, 'method': 'IsTiro(Entity)', 'function': 'logicity.utils.pred_converter.z3.IsTiro'}
- IsAtInter: {'instance': "Function('IsAtInter', entity_sorts['Entity'], BoolSort())", 'arity': 1, 'method': 'IsAtInter(Entity)', 'function': 'logicity.utils.pred_converter.z3.IsAtInter'}
- IsInInter: {'instance': "Function('IsInInter', entity_sorts['Entity'], BoolSort())", 'arity': 1, 'method': 'IsInInter(Entity)', 'function': 'logicity.utils.pred_converter.z3.IsInInter'}
- HigherPri: {'instance': "Function('HigherPri', entity_sorts['Entity'], entity_sorts['Entity'], BoolSort())", 'arity': 2, 'method': 'HigherPri(Entity, Entity)', 'function': 'logicity.utils.pred_converter.z3.HigherPri'}
- CollidingClose: {'instance': "Function('CollidingClose', entity_sorts['Entity'], entity_sorts['Entity'], BoolSort())", 'arity': 2, 'method': 'CollidingClose(Entity, Entity)', 'function': 'logicity.utils.pred_converter.z3.CollidingClose'}
- Stop: {'instance': "Function('Stop', entity_sorts['Entity'], BoolSort())", 'arity': 1, 'method': 'Stop(Entity)', 'function': 'None'}
- Fast: {'instance': "Function('Fast', entity_sorts['Entity'], BoolSort())", 'arity': 1, 'method': 'Fast(Entity)', 'function': 'None'}
- Normal: {'instance': "Function('Normal', entity_sorts['Entity'], BoolSort())", 'arity': 1, 'method': 'Normal(Entity)', 'function': 'None'}
- Slow: {'instance': "Function('Slow', entity_sorts['Entity'], BoolSort())", 'arity': 1, 'method': 'Slow(Entity)', 'function': 'None'}
2026-05-26 11:26:24 [INFO]: *** Sim Rule ***: Stop -> 
 Stop(entity) == Exists(
  [dummyEntity], 
  Or(
    And(
      IsAtInter(entity), 
      IsInInter(dummyEntity), 
    ),
    And(
      IsAtInter(entity), 
      IsAtInter(dummyEntity), 
      HigherPri(dummyEntity, entity),
    ),
    CollidingClose(entity, dummyEntity)
  )
)

2026-05-26 11:26:24 [INFO]: *** Task Rule ***: Collision and Intersection -> 
 Implies(Exists(
  [dummyEntity], 
    Or(
      And(
        IsAtInter(entity), 
        IsInInter(dummyEntity), 
      ),
      And(
        IsAtInter(entity), 
        IsAtInter(dummyEntity), 
        HigherPri(dummyEntity, entity),
      ),
      CollidingClose(entity, dummyEntity)
    )
  ),
  Stop(entity)
)

2026-05-26 11:26:24 [INFO]: *** Expert Rule ***: Stop -> 
 Stop(entity) == Exists(
[dummyEntity], 
  Or(
    And(
      IsAtInter(entity), 
      IsInInter(dummyEntity), 
    ),
    And(
      IsAtInter(entity), 
      IsAtInter(dummyEntity), 
      HigherPri(dummyEntity, entity),
    ),
    CollidingClose(entity, dummyEntity)
  )
)

2026-05-26 11:26:24 [INFO]: *** Expert Rule ***: Slow -> 
 Not(Slow(entity))

2026-05-26 11:26:24 [INFO]: *** Expert Rule ***: Fast -> 
 Not(Fast(entity))

2026-05-26 11:26:24 [INFO]: *** Expert Rule ***: Normal -> 
 Normal(entity) == Not(Stop(entity))
2026-05-26 11:26:24 [INFO]: Rules created successfully
2026-05-26 11:26:24 [INFO]: Rules will be grounded later...
2026-05-26 11:26:24 [INFO]: Given Predicates {'IsPedestrian': {'instance': IsPed, 'arity': 1, 'method': 'IsPed(Entity)', 'function': 'logicity.utils.pred_converter.z3.IsPed'}, 'IsCar': {'instance': IsCar, 'arity': 1, 'method': 'IsCar(Entity)', 'function': 'logicity.utils.pred_converter.z3.IsCar'}, 'IsAmbulance': {'instance': IsAmb, 'arity': 1, 'method': 'IsAmb(Entity)', 'function': 'logicity.utils.pred_converter.z3.IsAmb'}, 'IsOld': {'instance': IsOld, 'arity': 1, 'method': 'IsOld(Entity)', 'function': 'logicity.utils.pred_converter.z3.IsOld'}, 'IsTiro': {'instance': IsTiro, 'arity': 1, 'method': 'IsTiro(Entity)', 'function': 'logicity.utils.pred_converter.z3.IsTiro'}, 'IsAtInter': {'instance': IsAtInter, 'arity': 1, 'method': 'IsAtInter(Entity)', 'function': 'logicity.utils.pred_converter.z3.IsAtInter'}, 'IsInInter': {'instance': IsInInter, 'arity': 1, 'method': 'IsInInter(Entity)', 'function': 'logicity.utils.pred_converter.z3.IsInInter'}, 'HigherPri': {'instance': HigherPri, 'arity': 2, 'method': 'HigherPri(Entity, Entity)', 'function': 'logicity.utils.pred_converter.z3.HigherPri'}, 'CollidingClose': {'instance': CollidingClose, 'arity': 2, 'method': 'CollidingClose(Entity, Entity)', 'function': 'logicity.utils.pred_converter.z3.CollidingClose'}, 'Stop': {'instance': Stop, 'arity': 1, 'method': 'Stop(Entity)', 'function': 'None'}, 'Fast': {'instance': Fast, 'arity': 1, 'method': 'Fast(Entity)', 'function': 'None'}, 'Normal': {'instance': Normal, 'arity': 1, 'method': 'Normal(Entity)', 'function': 'None'}, 'Slow': {'instance': Slow, 'arity': 1, 'method': 'Slow(Entity)', 'function': 'None'}}, the FOV entities {'Entity': 3}, The logic grounding shape is: 39
2026-05-26 11:26:24 [INFO]: Local planner constructed!
2026-05-26 11:26:24 [INFO]: Constructing 22 streets
2026-05-26 11:26:25 [INFO]: Constructing 16 buildings
2026-05-26 11:26:26 [INFO]: Adding 4 agents, they are constrained in 103 region
2026-05-26 11:26:26 [INFO]: Car_1 initialization done!
2026-05-26 11:26:26 [INFO]: Pedestrian_1 initialization done!
2026-05-26 11:26:27 [INFO]: Car_2 initialization done!
2026-05-26 11:26:28 [INFO]: Car_3 initialization done!
2026-05-26 11:26:28 [INFO]: Done!
2026-05-26 11:26:28 [INFO]: ***Init RL Agent in Env***
2026-05-26 11:26:48 [INFO]: will reset agent by success
2026-05-26 11:26:48 [INFO]: ***Reset RL Agent in Env***
2026-05-26 11:26:48 [INFO]: Car_1 initialization done!
2026-05-26 11:26:48 [INFO]: Pedestrian_1 initialization done!
2026-05-26 11:26:48 [INFO]: Car_2 initialization done!
2026-05-26 11:26:49 [INFO]: Car_3 initialization done!
2026-05-26 11:26:49 [INFO]: Agent reset priority to 2/4
2026-05-26 11:26:49 [INFO]: Agent reset concepts to {'type': 'Car', 'priority': 2}
2026-05-26 11:26:49 [INFO]: Episode 10 success.
2026-05-26 11:26:49 [INFO]: Episode 10 achieved a score of 5.690000000000012
2026-05-26 11:26:49 [INFO]: Episode 10 Success: 1
2026-05-26 11:26:49 [INFO]: Episode 10 Decision Step: {3: 1}
2026-05-26 11:26:49 [INFO]: Episode 10 Success Decision: {3: 1}
2026-05-26 11:26:49 [INFO]: Evaluating episode 11...
2026-05-26 11:26:49 [INFO]: Episode label: {'oracle_step': 69, 'stop_count': 0, 'has_stop': False, 'ego_crosses': True, 'ego_eta': 53, 'ego_direction': 'right', 'other_crosses': 3, 'close_other_count': 0, 'pedestrian_close': None, 'conflicting_approach': False, 'total_crosses': 4}
2026-05-26 11:26:49 [INFO]: Get map info from config/maps/square_2x2.yaml
2026-05-26 11:26:49 [INFO]: Get agent info from config/agents/easy_lite/val.yaml
2026-05-26 11:26:49 [INFO]: Get onology and rules info from config/rules/ontology_easy.yaml, config/rules/Nav/easy/expert.yaml
2026-05-26 11:26:49 [INFO]: Number of Entity Types: 1
Entity Types:
- Entity
2026-05-26 11:26:49 [INFO]: Number of Predicates: 13
Predicates:
- IsPedestrian: {'instance': "Function('IsPed', entity_sorts['Entity'], BoolSort())", 'arity': 1, 'method': 'IsPed(Entity)', 'function': 'logicity.utils.pred_converter.z3.IsPed'}
- IsCar: {'instance': "Function('IsCar', entity_sorts['Entity'], BoolSort())", 'arity': 1, 'method': 'IsCar(Entity)', 'function': 'logicity.utils.pred_converter.z3.IsCar'}
- IsAmbulance: {'instance': "Function('IsAmb', entity_sorts['Entity'], BoolSort())", 'arity': 1, 'method': 'IsAmb(Entity)', 'function': 'logicity.utils.pred_converter.z3.IsAmb'}
- IsOld: {'instance': "Function('IsOld', entity_sorts['Entity'], BoolSort())", 'arity': 1, 'method': 'IsOld(Entity)', 'function': 'logicity.utils.pred_converter.z3.IsOld'}
- IsTiro: {'instance': "Function('IsTiro', entity_sorts['Entity'], BoolSort())", 'arity': 1, 'method': 'IsTiro(Entity)', 'function': 'logicity.utils.pred_converter.z3.IsTiro'}
- IsAtInter: {'instance': "Function('IsAtInter', entity_sorts['Entity'], BoolSort())", 'arity': 1, 'method': 'IsAtInter(Entity)', 'function': 'logicity.utils.pred_converter.z3.IsAtInter'}
- IsInInter: {'instance': "Function('IsInInter', entity_sorts['Entity'], BoolSort())", 'arity': 1, 'method': 'IsInInter(Entity)', 'function': 'logicity.utils.pred_converter.z3.IsInInter'}
- HigherPri: {'instance': "Function('HigherPri', entity_sorts['Entity'], entity_sorts['Entity'], BoolSort())", 'arity': 2, 'method': 'HigherPri(Entity, Entity)', 'function': 'logicity.utils.pred_converter.z3.HigherPri'}
- CollidingClose: {'instance': "Function('CollidingClose', entity_sorts['Entity'], entity_sorts['Entity'], BoolSort())", 'arity': 2, 'method': 'CollidingClose(Entity, Entity)', 'function': 'logicity.utils.pred_converter.z3.CollidingClose'}
- Stop: {'instance': "Function('Stop', entity_sorts['Entity'], BoolSort())", 'arity': 1, 'method': 'Stop(Entity)', 'function': 'None'}
- Fast: {'instance': "Function('Fast', entity_sorts['Entity'], BoolSort())", 'arity': 1, 'method': 'Fast(Entity)', 'function': 'None'}
- Normal: {'instance': "Function('Normal', entity_sorts['Entity'], BoolSort())", 'arity': 1, 'method': 'Normal(Entity)', 'function': 'None'}
- Slow: {'instance': "Function('Slow', entity_sorts['Entity'], BoolSort())", 'arity': 1, 'method': 'Slow(Entity)', 'function': 'None'}
2026-05-26 11:26:49 [INFO]: *** Sim Rule ***: Stop -> 
 Stop(entity) == Exists(
  [dummyEntity], 
  Or(
    And(
      IsAtInter(entity), 
      IsInInter(dummyEntity), 
    ),
    And(
      IsAtInter(entity), 
      IsAtInter(dummyEntity), 
      HigherPri(dummyEntity, entity),
    ),
    CollidingClose(entity, dummyEntity)
  )
)

2026-05-26 11:26:49 [INFO]: *** Task Rule ***: Collision and Intersection -> 
 Implies(Exists(
  [dummyEntity], 
    Or(
      And(
        IsAtInter(entity), 
        IsInInter(dummyEntity), 
      ),
      And(
        IsAtInter(entity), 
        IsAtInter(dummyEntity), 
        HigherPri(dummyEntity, entity),
      ),
      CollidingClose(entity, dummyEntity)
    )
  ),
  Stop(entity)
)

2026-05-26 11:26:49 [INFO]: *** Expert Rule ***: Stop -> 
 Stop(entity) == Exists(
[dummyEntity], 
  Or(
    And(
      IsAtInter(entity), 
      IsInInter(dummyEntity), 
    ),
    And(
      IsAtInter(entity), 
      IsAtInter(dummyEntity), 
      HigherPri(dummyEntity, entity),
    ),
    CollidingClose(entity, dummyEntity)
  )
)

2026-05-26 11:26:49 [INFO]: *** Expert Rule ***: Slow -> 
 Not(Slow(entity))

2026-05-26 11:26:49 [INFO]: *** Expert Rule ***: Fast -> 
 Not(Fast(entity))

2026-05-26 11:26:49 [INFO]: *** Expert Rule ***: Normal -> 
 Normal(entity) == Not(Stop(entity))
2026-05-26 11:26:49 [INFO]: Rules created successfully
2026-05-26 11:26:49 [INFO]: Rules will be grounded later...
2026-05-26 11:26:49 [INFO]: Given Predicates {'IsPedestrian': {'instance': IsPed, 'arity': 1, 'method': 'IsPed(Entity)', 'function': 'logicity.utils.pred_converter.z3.IsPed'}, 'IsCar': {'instance': IsCar, 'arity': 1, 'method': 'IsCar(Entity)', 'function': 'logicity.utils.pred_converter.z3.IsCar'}, 'IsAmbulance': {'instance': IsAmb, 'arity': 1, 'method': 'IsAmb(Entity)', 'function': 'logicity.utils.pred_converter.z3.IsAmb'}, 'IsOld': {'instance': IsOld, 'arity': 1, 'method': 'IsOld(Entity)', 'function': 'logicity.utils.pred_converter.z3.IsOld'}, 'IsTiro': {'instance': IsTiro, 'arity': 1, 'method': 'IsTiro(Entity)', 'function': 'logicity.utils.pred_converter.z3.IsTiro'}, 'IsAtInter': {'instance': IsAtInter, 'arity': 1, 'method': 'IsAtInter(Entity)', 'function': 'logicity.utils.pred_converter.z3.IsAtInter'}, 'IsInInter': {'instance': IsInInter, 'arity': 1, 'method': 'IsInInter(Entity)', 'function': 'logicity.utils.pred_converter.z3.IsInInter'}, 'HigherPri': {'instance': HigherPri, 'arity': 2, 'method': 'HigherPri(Entity, Entity)', 'function': 'logicity.utils.pred_converter.z3.HigherPri'}, 'CollidingClose': {'instance': CollidingClose, 'arity': 2, 'method': 'CollidingClose(Entity, Entity)', 'function': 'logicity.utils.pred_converter.z3.CollidingClose'}, 'Stop': {'instance': Stop, 'arity': 1, 'method': 'Stop(Entity)', 'function': 'None'}, 'Fast': {'instance': Fast, 'arity': 1, 'method': 'Fast(Entity)', 'function': 'None'}, 'Normal': {'instance': Normal, 'arity': 1, 'method': 'Normal(Entity)', 'function': 'None'}, 'Slow': {'instance': Slow, 'arity': 1, 'method': 'Slow(Entity)', 'function': 'None'}}, the FOV entities {'Entity': 3}, The logic grounding shape is: 39
2026-05-26 11:26:49 [INFO]: Local planner constructed!
2026-05-26 11:26:49 [INFO]: Constructing 22 streets
2026-05-26 11:26:50 [INFO]: Constructing 16 buildings
2026-05-26 11:26:50 [INFO]: Adding 4 agents, they are constrained in 103 region
2026-05-26 11:26:51 [INFO]: Car_1 initialization done!
2026-05-26 11:26:51 [INFO]: Pedestrian_1 initialization done!
2026-05-26 11:26:51 [INFO]: Car_2 initialization done!
2026-05-26 11:26:52 [INFO]: Car_3 initialization done!
2026-05-26 11:26:52 [INFO]: Done!
2026-05-26 11:26:52 [INFO]: ***Init RL Agent in Env***
2026-05-26 11:27:04 [INFO]: will reset agent by success
2026-05-26 11:27:04 [INFO]: ***Reset RL Agent in Env***
2026-05-26 11:27:04 [INFO]: Car_1 initialization done!
2026-05-26 11:27:04 [INFO]: Pedestrian_1 initialization done!
2026-05-26 11:27:05 [INFO]: Car_2 initialization done!
2026-05-26 11:27:05 [INFO]: Car_3 initialization done!
2026-05-26 11:27:05 [INFO]: Agent reset priority to 2/4
2026-05-26 11:27:05 [INFO]: Agent reset concepts to {'type': 'Car', 'priority': 2}
2026-05-26 11:27:06 [INFO]: Episode 11 success.
2026-05-26 11:27:06 [INFO]: Episode 11 achieved a score of 7.0699999999999985
2026-05-26 11:27:06 [INFO]: Episode 11 Success: 1
2026-05-26 11:27:06 [INFO]: Episode 11 Decision Step: {3: 0}
2026-05-26 11:27:06 [INFO]: Episode 11 Success Decision: {3: 0}
2026-05-26 11:27:06 [INFO]: Evaluating episode 12...
2026-05-26 11:27:06 [INFO]: Episode label: {'oracle_step': 46, 'stop_count': 0, 'has_stop': False, 'ego_crosses': True, 'ego_eta': 10, 'ego_direction': 'left', 'other_crosses': 3, 'close_other_count': 0, 'pedestrian_close': None, 'conflicting_approach': False, 'total_crosses': 4}
2026-05-26 11:27:06 [INFO]: Get map info from config/maps/square_2x2.yaml
2026-05-26 11:27:06 [INFO]: Get agent info from config/agents/easy_lite/val.yaml
2026-05-26 11:27:06 [INFO]: Get onology and rules info from config/rules/ontology_easy.yaml, config/rules/Nav/easy/expert.yaml
2026-05-26 11:27:06 [INFO]: Number of Entity Types: 1
Entity Types:
- Entity
2026-05-26 11:27:06 [INFO]: Number of Predicates: 13
Predicates:
- IsPedestrian: {'instance': "Function('IsPed', entity_sorts['Entity'], BoolSort())", 'arity': 1, 'method': 'IsPed(Entity)', 'function': 'logicity.utils.pred_converter.z3.IsPed'}
- IsCar: {'instance': "Function('IsCar', entity_sorts['Entity'], BoolSort())", 'arity': 1, 'method': 'IsCar(Entity)', 'function': 'logicity.utils.pred_converter.z3.IsCar'}
- IsAmbulance: {'instance': "Function('IsAmb', entity_sorts['Entity'], BoolSort())", 'arity': 1, 'method': 'IsAmb(Entity)', 'function': 'logicity.utils.pred_converter.z3.IsAmb'}
- IsOld: {'instance': "Function('IsOld', entity_sorts['Entity'], BoolSort())", 'arity': 1, 'method': 'IsOld(Entity)', 'function': 'logicity.utils.pred_converter.z3.IsOld'}
- IsTiro: {'instance': "Function('IsTiro', entity_sorts['Entity'], BoolSort())", 'arity': 1, 'method': 'IsTiro(Entity)', 'function': 'logicity.utils.pred_converter.z3.IsTiro'}
- IsAtInter: {'instance': "Function('IsAtInter', entity_sorts['Entity'], BoolSort())", 'arity': 1, 'method': 'IsAtInter(Entity)', 'function': 'logicity.utils.pred_converter.z3.IsAtInter'}
- IsInInter: {'instance': "Function('IsInInter', entity_sorts['Entity'], BoolSort())", 'arity': 1, 'method': 'IsInInter(Entity)', 'function': 'logicity.utils.pred_converter.z3.IsInInter'}
- HigherPri: {'instance': "Function('HigherPri', entity_sorts['Entity'], entity_sorts['Entity'], BoolSort())", 'arity': 2, 'method': 'HigherPri(Entity, Entity)', 'function': 'logicity.utils.pred_converter.z3.HigherPri'}
- CollidingClose: {'instance': "Function('CollidingClose', entity_sorts['Entity'], entity_sorts['Entity'], BoolSort())", 'arity': 2, 'method': 'CollidingClose(Entity, Entity)', 'function': 'logicity.utils.pred_converter.z3.CollidingClose'}
- Stop: {'instance': "Function('Stop', entity_sorts['Entity'], BoolSort())", 'arity': 1, 'method': 'Stop(Entity)', 'function': 'None'}
- Fast: {'instance': "Function('Fast', entity_sorts['Entity'], BoolSort())", 'arity': 1, 'method': 'Fast(Entity)', 'function': 'None'}
- Normal: {'instance': "Function('Normal', entity_sorts['Entity'], BoolSort())", 'arity': 1, 'method': 'Normal(Entity)', 'function': 'None'}
- Slow: {'instance': "Function('Slow', entity_sorts['Entity'], BoolSort())", 'arity': 1, 'method': 'Slow(Entity)', 'function': 'None'}
2026-05-26 11:27:06 [INFO]: *** Sim Rule ***: Stop -> 
 Stop(entity) == Exists(
  [dummyEntity], 
  Or(
    And(
      IsAtInter(entity), 
      IsInInter(dummyEntity), 
    ),
    And(
      IsAtInter(entity), 
      IsAtInter(dummyEntity), 
      HigherPri(dummyEntity, entity),
    ),
    CollidingClose(entity, dummyEntity)
  )
)

2026-05-26 11:27:06 [INFO]: *** Task Rule ***: Collision and Intersection -> 
 Implies(Exists(
  [dummyEntity], 
    Or(
      And(
        IsAtInter(entity), 
        IsInInter(dummyEntity), 
      ),
      And(
        IsAtInter(entity), 
        IsAtInter(dummyEntity), 
        HigherPri(dummyEntity, entity),
      ),
      CollidingClose(entity, dummyEntity)
    )
  ),
  Stop(entity)
)

2026-05-26 11:27:06 [INFO]: *** Expert Rule ***: Stop -> 
 Stop(entity) == Exists(
[dummyEntity], 
  Or(
    And(
      IsAtInter(entity), 
      IsInInter(dummyEntity), 
    ),
    And(
      IsAtInter(entity), 
      IsAtInter(dummyEntity), 
      HigherPri(dummyEntity, entity),
    ),
    CollidingClose(entity, dummyEntity)
  )
)

2026-05-26 11:27:06 [INFO]: *** Expert Rule ***: Slow -> 
 Not(Slow(entity))

2026-05-26 11:27:06 [INFO]: *** Expert Rule ***: Fast -> 
 Not(Fast(entity))

2026-05-26 11:27:06 [INFO]: *** Expert Rule ***: Normal -> 
 Normal(entity) == Not(Stop(entity))
2026-05-26 11:27:06 [INFO]: Rules created successfully
2026-05-26 11:27:06 [INFO]: Rules will be grounded later...
2026-05-26 11:27:06 [INFO]: Given Predicates {'IsPedestrian': {'instance': IsPed, 'arity': 1, 'method': 'IsPed(Entity)', 'function': 'logicity.utils.pred_converter.z3.IsPed'}, 'IsCar': {'instance': IsCar, 'arity': 1, 'method': 'IsCar(Entity)', 'function': 'logicity.utils.pred_converter.z3.IsCar'}, 'IsAmbulance': {'instance': IsAmb, 'arity': 1, 'method': 'IsAmb(Entity)', 'function': 'logicity.utils.pred_converter.z3.IsAmb'}, 'IsOld': {'instance': IsOld, 'arity': 1, 'method': 'IsOld(Entity)', 'function': 'logicity.utils.pred_converter.z3.IsOld'}, 'IsTiro': {'instance': IsTiro, 'arity': 1, 'method': 'IsTiro(Entity)', 'function': 'logicity.utils.pred_converter.z3.IsTiro'}, 'IsAtInter': {'instance': IsAtInter, 'arity': 1, 'method': 'IsAtInter(Entity)', 'function': 'logicity.utils.pred_converter.z3.IsAtInter'}, 'IsInInter': {'instance': IsInInter, 'arity': 1, 'method': 'IsInInter(Entity)', 'function': 'logicity.utils.pred_converter.z3.IsInInter'}, 'HigherPri': {'instance': HigherPri, 'arity': 2, 'method': 'HigherPri(Entity, Entity)', 'function': 'logicity.utils.pred_converter.z3.HigherPri'}, 'CollidingClose': {'instance': CollidingClose, 'arity': 2, 'method': 'CollidingClose(Entity, Entity)', 'function': 'logicity.utils.pred_converter.z3.CollidingClose'}, 'Stop': {'instance': Stop, 'arity': 1, 'method': 'Stop(Entity)', 'function': 'None'}, 'Fast': {'instance': Fast, 'arity': 1, 'method': 'Fast(Entity)', 'function': 'None'}, 'Normal': {'instance': Normal, 'arity': 1, 'method': 'Normal(Entity)', 'function': 'None'}, 'Slow': {'instance': Slow, 'arity': 1, 'method': 'Slow(Entity)', 'function': 'None'}}, the FOV entities {'Entity': 3}, The logic grounding shape is: 39
2026-05-26 11:27:06 [INFO]: Local planner constructed!
2026-05-26 11:27:06 [INFO]: Constructing 22 streets
2026-05-26 11:27:06 [INFO]: Constructing 16 buildings
2026-05-26 11:27:06 [INFO]: Adding 4 agents, they are constrained in 103 region
2026-05-26 11:27:07 [INFO]: Car_1 initialization done!
2026-05-26 11:27:07 [INFO]: Pedestrian_1 initialization done!
2026-05-26 11:27:07 [INFO]: Car_2 initialization done!
2026-05-26 11:27:08 [INFO]: Car_3 initialization done!
2026-05-26 11:27:08 [INFO]: Done!
2026-05-26 11:27:08 [INFO]: ***Init RL Agent in Env***
2026-05-26 11:27:25 [INFO]: will reset agent by success
2026-05-26 11:27:25 [INFO]: ***Reset RL Agent in Env***
2026-05-26 11:27:26 [INFO]: Car_1 initialization done!
2026-05-26 11:27:26 [INFO]: Pedestrian_1 initialization done!
2026-05-26 11:27:26 [INFO]: Car_2 initialization done!
2026-05-26 11:27:27 [INFO]: Car_3 initialization done!
2026-05-26 11:27:27 [INFO]: Agent reset priority to 3/4
2026-05-26 11:27:27 [INFO]: Agent reset concepts to {'type': 'Car', 'priority': 3}
2026-05-26 11:27:27 [INFO]: Episode 12 success.
2026-05-26 11:27:27 [INFO]: Episode 12 achieved a score of 4.6300000000000106
2026-05-26 11:27:27 [INFO]: Episode 12 Success: 1
2026-05-26 11:27:27 [INFO]: Episode 12 Decision Step: {3: 0}
2026-05-26 11:27:27 [INFO]: Episode 12 Success Decision: {3: 0}
2026-05-26 11:27:27 [INFO]: Evaluating episode 13...
2026-05-26 11:27:27 [INFO]: Episode label: {'oracle_step': 70, 'stop_count': 10, 'has_stop': True, 'ego_crosses': True, 'ego_eta': 49, 'ego_direction': 'down', 'other_crosses': 3, 'close_other_count': 0, 'pedestrian_close': None, 'conflicting_approach': False, 'total_crosses': 4}
2026-05-26 11:27:27 [INFO]: Get map info from config/maps/square_2x2.yaml
2026-05-26 11:27:27 [INFO]: Get agent info from config/agents/easy_lite/val.yaml
2026-05-26 11:27:27 [INFO]: Get onology and rules info from config/rules/ontology_easy.yaml, config/rules/Nav/easy/expert.yaml
2026-05-26 11:27:27 [INFO]: Number of Entity Types: 1
Entity Types:
- Entity
2026-05-26 11:27:27 [INFO]: Number of Predicates: 13
Predicates:
- IsPedestrian: {'instance': "Function('IsPed', entity_sorts['Entity'], BoolSort())", 'arity': 1, 'method': 'IsPed(Entity)', 'function': 'logicity.utils.pred_converter.z3.IsPed'}
- IsCar: {'instance': "Function('IsCar', entity_sorts['Entity'], BoolSort())", 'arity': 1, 'method': 'IsCar(Entity)', 'function': 'logicity.utils.pred_converter.z3.IsCar'}
- IsAmbulance: {'instance': "Function('IsAmb', entity_sorts['Entity'], BoolSort())", 'arity': 1, 'method': 'IsAmb(Entity)', 'function': 'logicity.utils.pred_converter.z3.IsAmb'}
- IsOld: {'instance': "Function('IsOld', entity_sorts['Entity'], BoolSort())", 'arity': 1, 'method': 'IsOld(Entity)', 'function': 'logicity.utils.pred_converter.z3.IsOld'}
- IsTiro: {'instance': "Function('IsTiro', entity_sorts['Entity'], BoolSort())", 'arity': 1, 'method': 'IsTiro(Entity)', 'function': 'logicity.utils.pred_converter.z3.IsTiro'}
- IsAtInter: {'instance': "Function('IsAtInter', entity_sorts['Entity'], BoolSort())", 'arity': 1, 'method': 'IsAtInter(Entity)', 'function': 'logicity.utils.pred_converter.z3.IsAtInter'}
- IsInInter: {'instance': "Function('IsInInter', entity_sorts['Entity'], BoolSort())", 'arity': 1, 'method': 'IsInInter(Entity)', 'function': 'logicity.utils.pred_converter.z3.IsInInter'}
- HigherPri: {'instance': "Function('HigherPri', entity_sorts['Entity'], entity_sorts['Entity'], BoolSort())", 'arity': 2, 'method': 'HigherPri(Entity, Entity)', 'function': 'logicity.utils.pred_converter.z3.HigherPri'}
- CollidingClose: {'instance': "Function('CollidingClose', entity_sorts['Entity'], entity_sorts['Entity'], BoolSort())", 'arity': 2, 'method': 'CollidingClose(Entity, Entity)', 'function': 'logicity.utils.pred_converter.z3.CollidingClose'}
- Stop: {'instance': "Function('Stop', entity_sorts['Entity'], BoolSort())", 'arity': 1, 'method': 'Stop(Entity)', 'function': 'None'}
- Fast: {'instance': "Function('Fast', entity_sorts['Entity'], BoolSort())", 'arity': 1, 'method': 'Fast(Entity)', 'function': 'None'}
- Normal: {'instance': "Function('Normal', entity_sorts['Entity'], BoolSort())", 'arity': 1, 'method': 'Normal(Entity)', 'function': 'None'}
- Slow: {'instance': "Function('Slow', entity_sorts['Entity'], BoolSort())", 'arity': 1, 'method': 'Slow(Entity)', 'function': 'None'}
2026-05-26 11:27:27 [INFO]: *** Sim Rule ***: Stop -> 
 Stop(entity) == Exists(
  [dummyEntity], 
  Or(
    And(
      IsAtInter(entity), 
      IsInInter(dummyEntity), 
    ),
    And(
      IsAtInter(entity), 
      IsAtInter(dummyEntity), 
      HigherPri(dummyEntity, entity),
    ),
    CollidingClose(entity, dummyEntity)
  )
)

2026-05-26 11:27:27 [INFO]: *** Task Rule ***: Collision and Intersection -> 
 Implies(Exists(
  [dummyEntity], 
    Or(
      And(
        IsAtInter(entity), 
        IsInInter(dummyEntity), 
      ),
      And(
        IsAtInter(entity), 
        IsAtInter(dummyEntity), 
        HigherPri(dummyEntity, entity),
      ),
      CollidingClose(entity, dummyEntity)
    )
  ),
  Stop(entity)
)

2026-05-26 11:27:27 [INFO]: *** Expert Rule ***: Stop -> 
 Stop(entity) == Exists(
[dummyEntity], 
  Or(
    And(
      IsAtInter(entity), 
      IsInInter(dummyEntity), 
    ),
    And(
      IsAtInter(entity), 
      IsAtInter(dummyEntity), 
      HigherPri(dummyEntity, entity),
    ),
    CollidingClose(entity, dummyEntity)
  )
)

2026-05-26 11:27:27 [INFO]: *** Expert Rule ***: Slow -> 
 Not(Slow(entity))

2026-05-26 11:27:27 [INFO]: *** Expert Rule ***: Fast -> 
 Not(Fast(entity))

2026-05-26 11:27:27 [INFO]: *** Expert Rule ***: Normal -> 
 Normal(entity) == Not(Stop(entity))
2026-05-26 11:27:27 [INFO]: Rules created successfully
2026-05-26 11:27:27 [INFO]: Rules will be grounded later...
2026-05-26 11:27:27 [INFO]: Given Predicates {'IsPedestrian': {'instance': IsPed, 'arity': 1, 'method': 'IsPed(Entity)', 'function': 'logicity.utils.pred_converter.z3.IsPed'}, 'IsCar': {'instance': IsCar, 'arity': 1, 'method': 'IsCar(Entity)', 'function': 'logicity.utils.pred_converter.z3.IsCar'}, 'IsAmbulance': {'instance': IsAmb, 'arity': 1, 'method': 'IsAmb(Entity)', 'function': 'logicity.utils.pred_converter.z3.IsAmb'}, 'IsOld': {'instance': IsOld, 'arity': 1, 'method': 'IsOld(Entity)', 'function': 'logicity.utils.pred_converter.z3.IsOld'}, 'IsTiro': {'instance': IsTiro, 'arity': 1, 'method': 'IsTiro(Entity)', 'function': 'logicity.utils.pred_converter.z3.IsTiro'}, 'IsAtInter': {'instance': IsAtInter, 'arity': 1, 'method': 'IsAtInter(Entity)', 'function': 'logicity.utils.pred_converter.z3.IsAtInter'}, 'IsInInter': {'instance': IsInInter, 'arity': 1, 'method': 'IsInInter(Entity)', 'function': 'logicity.utils.pred_converter.z3.IsInInter'}, 'HigherPri': {'instance': HigherPri, 'arity': 2, 'method': 'HigherPri(Entity, Entity)', 'function': 'logicity.utils.pred_converter.z3.HigherPri'}, 'CollidingClose': {'instance': CollidingClose, 'arity': 2, 'method': 'CollidingClose(Entity, Entity)', 'function': 'logicity.utils.pred_converter.z3.CollidingClose'}, 'Stop': {'instance': Stop, 'arity': 1, 'method': 'Stop(Entity)', 'function': 'None'}, 'Fast': {'instance': Fast, 'arity': 1, 'method': 'Fast(Entity)', 'function': 'None'}, 'Normal': {'instance': Normal, 'arity': 1, 'method': 'Normal(Entity)', 'function': 'None'}, 'Slow': {'instance': Slow, 'arity': 1, 'method': 'Slow(Entity)', 'function': 'None'}}, the FOV entities {'Entity': 3}, The logic grounding shape is: 39
2026-05-26 11:27:27 [INFO]: Local planner constructed!
2026-05-26 11:27:27 [INFO]: Constructing 22 streets
2026-05-26 11:27:28 [INFO]: Constructing 16 buildings
2026-05-26 11:27:29 [INFO]: Adding 4 agents, they are constrained in 103 region
2026-05-26 11:27:30 [INFO]: Car_1 initialization done!
2026-05-26 11:27:30 [INFO]: Pedestrian_1 initialization done!
2026-05-26 11:27:30 [INFO]: Car_2 initialization done!
2026-05-26 11:27:30 [INFO]: Car_3 initialization done!
2026-05-26 11:27:30 [INFO]: Done!
2026-05-26 11:27:30 [INFO]: ***Init RL Agent in Env***
2026-05-26 11:27:47 [INFO]: will reset agent by success
2026-05-26 11:27:47 [INFO]: ***Reset RL Agent in Env***
2026-05-26 11:27:48 [INFO]: Car_1 initialization done!
2026-05-26 11:27:48 [INFO]: Pedestrian_1 initialization done!
2026-05-26 11:27:48 [INFO]: Car_2 initialization done!
2026-05-26 11:27:49 [INFO]: Car_3 initialization done!
2026-05-26 11:27:49 [INFO]: Agent reset priority to 1/4
2026-05-26 11:27:49 [INFO]: Agent reset concepts to {'type': 'Car', 'priority': 1}
2026-05-26 11:27:49 [INFO]: Episode 13 success.
2026-05-26 11:27:49 [INFO]: Episode 13 achieved a score of 6.000000000000003
2026-05-26 11:27:49 [INFO]: Episode 13 Success: 1
2026-05-26 11:27:49 [INFO]: Episode 13 Decision Step: {3: 1}
2026-05-26 11:27:49 [INFO]: Episode 13 Success Decision: {3: 1}
2026-05-26 11:27:49 [INFO]: Evaluating episode 14...
2026-05-26 11:27:49 [INFO]: Episode label: {'oracle_step': 57, 'stop_count': 7, 'has_stop': True, 'ego_crosses': True, 'ego_eta': 27, 'ego_direction': 'down', 'other_crosses': 3, 'close_other_count': 0, 'pedestrian_close': None, 'conflicting_approach': False, 'total_crosses': 4}
2026-05-26 11:27:49 [INFO]: Get map info from config/maps/square_2x2.yaml
2026-05-26 11:27:49 [INFO]: Get agent info from config/agents/easy_lite/val.yaml
2026-05-26 11:27:49 [INFO]: Get onology and rules info from config/rules/ontology_easy.yaml, config/rules/Nav/easy/expert.yaml
2026-05-26 11:27:49 [INFO]: Number of Entity Types: 1
Entity Types:
- Entity
2026-05-26 11:27:49 [INFO]: Number of Predicates: 13
Predicates:
- IsPedestrian: {'instance': "Function('IsPed', entity_sorts['Entity'], BoolSort())", 'arity': 1, 'method': 'IsPed(Entity)', 'function': 'logicity.utils.pred_converter.z3.IsPed'}
- IsCar: {'instance': "Function('IsCar', entity_sorts['Entity'], BoolSort())", 'arity': 1, 'method': 'IsCar(Entity)', 'function': 'logicity.utils.pred_converter.z3.IsCar'}
- IsAmbulance: {'instance': "Function('IsAmb', entity_sorts['Entity'], BoolSort())", 'arity': 1, 'method': 'IsAmb(Entity)', 'function': 'logicity.utils.pred_converter.z3.IsAmb'}
- IsOld: {'instance': "Function('IsOld', entity_sorts['Entity'], BoolSort())", 'arity': 1, 'method': 'IsOld(Entity)', 'function': 'logicity.utils.pred_converter.z3.IsOld'}
- IsTiro: {'instance': "Function('IsTiro', entity_sorts['Entity'], BoolSort())", 'arity': 1, 'method': 'IsTiro(Entity)', 'function': 'logicity.utils.pred_converter.z3.IsTiro'}
- IsAtInter: {'instance': "Function('IsAtInter', entity_sorts['Entity'], BoolSort())", 'arity': 1, 'method': 'IsAtInter(Entity)', 'function': 'logicity.utils.pred_converter.z3.IsAtInter'}
- IsInInter: {'instance': "Function('IsInInter', entity_sorts['Entity'], BoolSort())", 'arity': 1, 'method': 'IsInInter(Entity)', 'function': 'logicity.utils.pred_converter.z3.IsInInter'}
- HigherPri: {'instance': "Function('HigherPri', entity_sorts['Entity'], entity_sorts['Entity'], BoolSort())", 'arity': 2, 'method': 'HigherPri(Entity, Entity)', 'function': 'logicity.utils.pred_converter.z3.HigherPri'}
- CollidingClose: {'instance': "Function('CollidingClose', entity_sorts['Entity'], entity_sorts['Entity'], BoolSort())", 'arity': 2, 'method': 'CollidingClose(Entity, Entity)', 'function': 'logicity.utils.pred_converter.z3.CollidingClose'}
- Stop: {'instance': "Function('Stop', entity_sorts['Entity'], BoolSort())", 'arity': 1, 'method': 'Stop(Entity)', 'function': 'None'}
- Fast: {'instance': "Function('Fast', entity_sorts['Entity'], BoolSort())", 'arity': 1, 'method': 'Fast(Entity)', 'function': 'None'}
- Normal: {'instance': "Function('Normal', entity_sorts['Entity'], BoolSort())", 'arity': 1, 'method': 'Normal(Entity)', 'function': 'None'}
- Slow: {'instance': "Function('Slow', entity_sorts['Entity'], BoolSort())", 'arity': 1, 'method': 'Slow(Entity)', 'function': 'None'}
2026-05-26 11:27:49 [INFO]: *** Sim Rule ***: Stop -> 
 Stop(entity) == Exists(
  [dummyEntity], 
  Or(
    And(
      IsAtInter(entity), 
      IsInInter(dummyEntity), 
    ),
    And(
      IsAtInter(entity), 
      IsAtInter(dummyEntity), 
      HigherPri(dummyEntity, entity),
    ),
    CollidingClose(entity, dummyEntity)
  )
)

2026-05-26 11:27:49 [INFO]: *** Task Rule ***: Collision and Intersection -> 
 Implies(Exists(
  [dummyEntity], 
    Or(
      And(
        IsAtInter(entity), 
        IsInInter(dummyEntity), 
      ),
      And(
        IsAtInter(entity), 
        IsAtInter(dummyEntity), 
        HigherPri(dummyEntity, entity),
      ),
      CollidingClose(entity, dummyEntity)
    )
  ),
  Stop(entity)
)

2026-05-26 11:27:49 [INFO]: *** Expert Rule ***: Stop -> 
 Stop(entity) == Exists(
[dummyEntity], 
  Or(
    And(
      IsAtInter(entity), 
      IsInInter(dummyEntity), 
    ),
    And(
      IsAtInter(entity), 
      IsAtInter(dummyEntity), 
      HigherPri(dummyEntity, entity),
    ),
    CollidingClose(entity, dummyEntity)
  )
)

2026-05-26 11:27:49 [INFO]: *** Expert Rule ***: Slow -> 
 Not(Slow(entity))

2026-05-26 11:27:49 [INFO]: *** Expert Rule ***: Fast -> 
 Not(Fast(entity))

2026-05-26 11:27:49 [INFO]: *** Expert Rule ***: Normal -> 
 Normal(entity) == Not(Stop(entity))
2026-05-26 11:27:49 [INFO]: Rules created successfully
2026-05-26 11:27:49 [INFO]: Rules will be grounded later...
2026-05-26 11:27:49 [INFO]: Given Predicates {'IsPedestrian': {'instance': IsPed, 'arity': 1, 'method': 'IsPed(Entity)', 'function': 'logicity.utils.pred_converter.z3.IsPed'}, 'IsCar': {'instance': IsCar, 'arity': 1, 'method': 'IsCar(Entity)', 'function': 'logicity.utils.pred_converter.z3.IsCar'}, 'IsAmbulance': {'instance': IsAmb, 'arity': 1, 'method': 'IsAmb(Entity)', 'function': 'logicity.utils.pred_converter.z3.IsAmb'}, 'IsOld': {'instance': IsOld, 'arity': 1, 'method': 'IsOld(Entity)', 'function': 'logicity.utils.pred_converter.z3.IsOld'}, 'IsTiro': {'instance': IsTiro, 'arity': 1, 'method': 'IsTiro(Entity)', 'function': 'logicity.utils.pred_converter.z3.IsTiro'}, 'IsAtInter': {'instance': IsAtInter, 'arity': 1, 'method': 'IsAtInter(Entity)', 'function': 'logicity.utils.pred_converter.z3.IsAtInter'}, 'IsInInter': {'instance': IsInInter, 'arity': 1, 'method': 'IsInInter(Entity)', 'function': 'logicity.utils.pred_converter.z3.IsInInter'}, 'HigherPri': {'instance': HigherPri, 'arity': 2, 'method': 'HigherPri(Entity, Entity)', 'function': 'logicity.utils.pred_converter.z3.HigherPri'}, 'CollidingClose': {'instance': CollidingClose, 'arity': 2, 'method': 'CollidingClose(Entity, Entity)', 'function': 'logicity.utils.pred_converter.z3.CollidingClose'}, 'Stop': {'instance': Stop, 'arity': 1, 'method': 'Stop(Entity)', 'function': 'None'}, 'Fast': {'instance': Fast, 'arity': 1, 'method': 'Fast(Entity)', 'function': 'None'}, 'Normal': {'instance': Normal, 'arity': 1, 'method': 'Normal(Entity)', 'function': 'None'}, 'Slow': {'instance': Slow, 'arity': 1, 'method': 'Slow(Entity)', 'function': 'None'}}, the FOV entities {'Entity': 3}, The logic grounding shape is: 39
2026-05-26 11:27:49 [INFO]: Local planner constructed!
2026-05-26 11:27:49 [INFO]: Constructing 22 streets
2026-05-26 11:27:49 [INFO]: Constructing 16 buildings
2026-05-26 11:27:50 [INFO]: Adding 4 agents, they are constrained in 103 region
2026-05-26 11:27:51 [INFO]: Car_1 initialization done!
2026-05-26 11:27:51 [INFO]: Pedestrian_1 initialization done!
2026-05-26 11:27:52 [INFO]: Car_2 initialization done!
2026-05-26 11:27:52 [INFO]: Car_3 initialization done!
2026-05-26 11:27:52 [INFO]: Done!
2026-05-26 11:27:52 [INFO]: ***Init RL Agent in Env***
2026-05-26 11:28:07 [INFO]: will reset agent by success
2026-05-26 11:28:07 [INFO]: ***Reset RL Agent in Env***
2026-05-26 11:28:07 [INFO]: Car_1 initialization done!
2026-05-26 11:28:07 [INFO]: Pedestrian_1 initialization done!
2026-05-26 11:28:08 [INFO]: Car_2 initialization done!
2026-05-26 11:28:08 [INFO]: Car_3 initialization done!
2026-05-26 11:28:08 [INFO]: Agent reset priority to 1/4
2026-05-26 11:28:08 [INFO]: Agent reset concepts to {'type': 'Car', 'priority': 1}
2026-05-26 11:28:08 [INFO]: Episode 14 success.
2026-05-26 11:28:08 [INFO]: Episode 14 achieved a score of 4.900000000000007
2026-05-26 11:28:08 [INFO]: Episode 14 Success: 1
2026-05-26 11:28:08 [INFO]: Episode 14 Decision Step: {3: 1}
2026-05-26 11:28:08 [INFO]: Episode 14 Success Decision: {3: 1}
2026-05-26 11:28:08 [INFO]: Evaluating episode 15...
2026-05-26 11:28:08 [INFO]: Episode label: {'oracle_step': 77, 'stop_count': 6, 'has_stop': True, 'ego_crosses': True, 'ego_eta': 14, 'ego_direction': 'down', 'other_crosses': 3, 'close_other_count': 0, 'pedestrian_close': None, 'conflicting_approach': False, 'total_crosses': 4}
2026-05-26 11:28:08 [INFO]: Get map info from config/maps/square_2x2.yaml
2026-05-26 11:28:08 [INFO]: Get agent info from config/agents/easy_lite/val.yaml
2026-05-26 11:28:08 [INFO]: Get onology and rules info from config/rules/ontology_easy.yaml, config/rules/Nav/easy/expert.yaml
2026-05-26 11:28:08 [INFO]: Number of Entity Types: 1
Entity Types:
- Entity
2026-05-26 11:28:08 [INFO]: Number of Predicates: 13
Predicates:
- IsPedestrian: {'instance': "Function('IsPed', entity_sorts['Entity'], BoolSort())", 'arity': 1, 'method': 'IsPed(Entity)', 'function': 'logicity.utils.pred_converter.z3.IsPed'}
- IsCar: {'instance': "Function('IsCar', entity_sorts['Entity'], BoolSort())", 'arity': 1, 'method': 'IsCar(Entity)', 'function': 'logicity.utils.pred_converter.z3.IsCar'}
- IsAmbulance: {'instance': "Function('IsAmb', entity_sorts['Entity'], BoolSort())", 'arity': 1, 'method': 'IsAmb(Entity)', 'function': 'logicity.utils.pred_converter.z3.IsAmb'}
- IsOld: {'instance': "Function('IsOld', entity_sorts['Entity'], BoolSort())", 'arity': 1, 'method': 'IsOld(Entity)', 'function': 'logicity.utils.pred_converter.z3.IsOld'}
- IsTiro: {'instance': "Function('IsTiro', entity_sorts['Entity'], BoolSort())", 'arity': 1, 'method': 'IsTiro(Entity)', 'function': 'logicity.utils.pred_converter.z3.IsTiro'}
- IsAtInter: {'instance': "Function('IsAtInter', entity_sorts['Entity'], BoolSort())", 'arity': 1, 'method': 'IsAtInter(Entity)', 'function': 'logicity.utils.pred_converter.z3.IsAtInter'}
- IsInInter: {'instance': "Function('IsInInter', entity_sorts['Entity'], BoolSort())", 'arity': 1, 'method': 'IsInInter(Entity)', 'function': 'logicity.utils.pred_converter.z3.IsInInter'}
- HigherPri: {'instance': "Function('HigherPri', entity_sorts['Entity'], entity_sorts['Entity'], BoolSort())", 'arity': 2, 'method': 'HigherPri(Entity, Entity)', 'function': 'logicity.utils.pred_converter.z3.HigherPri'}
- CollidingClose: {'instance': "Function('CollidingClose', entity_sorts['Entity'], entity_sorts['Entity'], BoolSort())", 'arity': 2, 'method': 'CollidingClose(Entity, Entity)', 'function': 'logicity.utils.pred_converter.z3.CollidingClose'}
- Stop: {'instance': "Function('Stop', entity_sorts['Entity'], BoolSort())", 'arity': 1, 'method': 'Stop(Entity)', 'function': 'None'}
- Fast: {'instance': "Function('Fast', entity_sorts['Entity'], BoolSort())", 'arity': 1, 'method': 'Fast(Entity)', 'function': 'None'}
- Normal: {'instance': "Function('Normal', entity_sorts['Entity'], BoolSort())", 'arity': 1, 'method': 'Normal(Entity)', 'function': 'None'}
- Slow: {'instance': "Function('Slow', entity_sorts['Entity'], BoolSort())", 'arity': 1, 'method': 'Slow(Entity)', 'function': 'None'}
2026-05-26 11:28:08 [INFO]: *** Sim Rule ***: Stop -> 
 Stop(entity) == Exists(
  [dummyEntity], 
  Or(
    And(
      IsAtInter(entity), 
      IsInInter(dummyEntity), 
    ),
    And(
      IsAtInter(entity), 
      IsAtInter(dummyEntity), 
      HigherPri(dummyEntity, entity),
    ),
    CollidingClose(entity, dummyEntity)
  )
)

2026-05-26 11:28:08 [INFO]: *** Task Rule ***: Collision and Intersection -> 
 Implies(Exists(
  [dummyEntity], 
    Or(
      And(
        IsAtInter(entity), 
        IsInInter(dummyEntity), 
      ),
      And(
        IsAtInter(entity), 
        IsAtInter(dummyEntity), 
        HigherPri(dummyEntity, entity),
      ),
      CollidingClose(entity, dummyEntity)
    )
  ),
  Stop(entity)
)

2026-05-26 11:28:08 [INFO]: *** Expert Rule ***: Stop -> 
 Stop(entity) == Exists(
[dummyEntity], 
  Or(
    And(
      IsAtInter(entity), 
      IsInInter(dummyEntity), 
    ),
    And(
      IsAtInter(entity), 
      IsAtInter(dummyEntity), 
      HigherPri(dummyEntity, entity),
    ),
    CollidingClose(entity, dummyEntity)
  )
)

2026-05-26 11:28:08 [INFO]: *** Expert Rule ***: Slow -> 
 Not(Slow(entity))

2026-05-26 11:28:08 [INFO]: *** Expert Rule ***: Fast -> 
 Not(Fast(entity))

2026-05-26 11:28:08 [INFO]: *** Expert Rule ***: Normal -> 
 Normal(entity) == Not(Stop(entity))
2026-05-26 11:28:08 [INFO]: Rules created successfully
2026-05-26 11:28:08 [INFO]: Rules will be grounded later...
2026-05-26 11:28:08 [INFO]: Given Predicates {'IsPedestrian': {'instance': IsPed, 'arity': 1, 'method': 'IsPed(Entity)', 'function': 'logicity.utils.pred_converter.z3.IsPed'}, 'IsCar': {'instance': IsCar, 'arity': 1, 'method': 'IsCar(Entity)', 'function': 'logicity.utils.pred_converter.z3.IsCar'}, 'IsAmbulance': {'instance': IsAmb, 'arity': 1, 'method': 'IsAmb(Entity)', 'function': 'logicity.utils.pred_converter.z3.IsAmb'}, 'IsOld': {'instance': IsOld, 'arity': 1, 'method': 'IsOld(Entity)', 'function': 'logicity.utils.pred_converter.z3.IsOld'}, 'IsTiro': {'instance': IsTiro, 'arity': 1, 'method': 'IsTiro(Entity)', 'function': 'logicity.utils.pred_converter.z3.IsTiro'}, 'IsAtInter': {'instance': IsAtInter, 'arity': 1, 'method': 'IsAtInter(Entity)', 'function': 'logicity.utils.pred_converter.z3.IsAtInter'}, 'IsInInter': {'instance': IsInInter, 'arity': 1, 'method': 'IsInInter(Entity)', 'function': 'logicity.utils.pred_converter.z3.IsInInter'}, 'HigherPri': {'instance': HigherPri, 'arity': 2, 'method': 'HigherPri(Entity, Entity)', 'function': 'logicity.utils.pred_converter.z3.HigherPri'}, 'CollidingClose': {'instance': CollidingClose, 'arity': 2, 'method': 'CollidingClose(Entity, Entity)', 'function': 'logicity.utils.pred_converter.z3.CollidingClose'}, 'Stop': {'instance': Stop, 'arity': 1, 'method': 'Stop(Entity)', 'function': 'None'}, 'Fast': {'instance': Fast, 'arity': 1, 'method': 'Fast(Entity)', 'function': 'None'}, 'Normal': {'instance': Normal, 'arity': 1, 'method': 'Normal(Entity)', 'function': 'None'}, 'Slow': {'instance': Slow, 'arity': 1, 'method': 'Slow(Entity)', 'function': 'None'}}, the FOV entities {'Entity': 3}, The logic grounding shape is: 39
2026-05-26 11:28:08 [INFO]: Local planner constructed!
2026-05-26 11:28:08 [INFO]: Constructing 22 streets
2026-05-26 11:28:09 [INFO]: Constructing 16 buildings
2026-05-26 11:28:09 [INFO]: Adding 4 agents, they are constrained in 103 region
2026-05-26 11:28:10 [INFO]: Car_1 initialization done!
2026-05-26 11:28:10 [INFO]: Pedestrian_1 initialization done!
2026-05-26 11:28:10 [INFO]: Car_2 initialization done!
2026-05-26 11:28:11 [INFO]: Car_3 initialization done!
2026-05-26 11:28:11 [INFO]: Done!
2026-05-26 11:28:11 [INFO]: ***Init RL Agent in Env***
2026-05-26 11:28:28 [INFO]: will reset agent by success
2026-05-26 11:28:28 [INFO]: ***Reset RL Agent in Env***
2026-05-26 11:28:29 [INFO]: Car_1 initialization done!
2026-05-26 11:28:29 [INFO]: Pedestrian_1 initialization done!
2026-05-26 11:28:30 [INFO]: Car_2 initialization done!
2026-05-26 11:28:30 [INFO]: Car_3 initialization done!
2026-05-26 11:28:30 [INFO]: Agent reset priority to 3/4
2026-05-26 11:28:30 [INFO]: Agent reset concepts to {'type': 'Car', 'priority': 3}
2026-05-26 11:28:31 [INFO]: Episode 15 success.
2026-05-26 11:28:31 [INFO]: Episode 15 achieved a score of 7.269999999999998
2026-05-26 11:28:31 [INFO]: Episode 15 Success: 1
2026-05-26 11:28:31 [INFO]: Episode 15 Decision Step: {3: 1}
2026-05-26 11:28:31 [INFO]: Episode 15 Success Decision: {3: 1}
2026-05-26 11:28:31 [INFO]: Evaluating episode 16...
2026-05-26 11:28:31 [INFO]: Episode label: {'oracle_step': 110, 'stop_count': 38, 'has_stop': True, 'ego_crosses': True, 'ego_eta': 70, 'ego_direction': 'up', 'other_crosses': 3, 'close_other_count': 0, 'pedestrian_close': None, 'conflicting_approach': False, 'total_crosses': 4}
2026-05-26 11:28:31 [INFO]: Get map info from config/maps/square_2x2.yaml
2026-05-26 11:28:31 [INFO]: Get agent info from config/agents/easy_lite/val.yaml
2026-05-26 11:28:31 [INFO]: Get onology and rules info from config/rules/ontology_easy.yaml, config/rules/Nav/easy/expert.yaml
2026-05-26 11:28:31 [INFO]: Number of Entity Types: 1
Entity Types:
- Entity
2026-05-26 11:28:31 [INFO]: Number of Predicates: 13
Predicates:
- IsPedestrian: {'instance': "Function('IsPed', entity_sorts['Entity'], BoolSort())", 'arity': 1, 'method': 'IsPed(Entity)', 'function': 'logicity.utils.pred_converter.z3.IsPed'}
- IsCar: {'instance': "Function('IsCar', entity_sorts['Entity'], BoolSort())", 'arity': 1, 'method': 'IsCar(Entity)', 'function': 'logicity.utils.pred_converter.z3.IsCar'}
- IsAmbulance: {'instance': "Function('IsAmb', entity_sorts['Entity'], BoolSort())", 'arity': 1, 'method': 'IsAmb(Entity)', 'function': 'logicity.utils.pred_converter.z3.IsAmb'}
- IsOld: {'instance': "Function('IsOld', entity_sorts['Entity'], BoolSort())", 'arity': 1, 'method': 'IsOld(Entity)', 'function': 'logicity.utils.pred_converter.z3.IsOld'}
- IsTiro: {'instance': "Function('IsTiro', entity_sorts['Entity'], BoolSort())", 'arity': 1, 'method': 'IsTiro(Entity)', 'function': 'logicity.utils.pred_converter.z3.IsTiro'}
- IsAtInter: {'instance': "Function('IsAtInter', entity_sorts['Entity'], BoolSort())", 'arity': 1, 'method': 'IsAtInter(Entity)', 'function': 'logicity.utils.pred_converter.z3.IsAtInter'}
- IsInInter: {'instance': "Function('IsInInter', entity_sorts['Entity'], BoolSort())", 'arity': 1, 'method': 'IsInInter(Entity)', 'function': 'logicity.utils.pred_converter.z3.IsInInter'}
- HigherPri: {'instance': "Function('HigherPri', entity_sorts['Entity'], entity_sorts['Entity'], BoolSort())", 'arity': 2, 'method': 'HigherPri(Entity, Entity)', 'function': 'logicity.utils.pred_converter.z3.HigherPri'}
- CollidingClose: {'instance': "Function('CollidingClose', entity_sorts['Entity'], entity_sorts['Entity'], BoolSort())", 'arity': 2, 'method': 'CollidingClose(Entity, Entity)', 'function': 'logicity.utils.pred_converter.z3.CollidingClose'}
- Stop: {'instance': "Function('Stop', entity_sorts['Entity'], BoolSort())", 'arity': 1, 'method': 'Stop(Entity)', 'function': 'None'}
- Fast: {'instance': "Function('Fast', entity_sorts['Entity'], BoolSort())", 'arity': 1, 'method': 'Fast(Entity)', 'function': 'None'}
- Normal: {'instance': "Function('Normal', entity_sorts['Entity'], BoolSort())", 'arity': 1, 'method': 'Normal(Entity)', 'function': 'None'}
- Slow: {'instance': "Function('Slow', entity_sorts['Entity'], BoolSort())", 'arity': 1, 'method': 'Slow(Entity)', 'function': 'None'}
2026-05-26 11:28:31 [INFO]: *** Sim Rule ***: Stop -> 
 Stop(entity) == Exists(
  [dummyEntity], 
  Or(
    And(
      IsAtInter(entity), 
      IsInInter(dummyEntity), 
    ),
    And(
      IsAtInter(entity), 
      IsAtInter(dummyEntity), 
      HigherPri(dummyEntity, entity),
    ),
    CollidingClose(entity, dummyEntity)
  )
)

2026-05-26 11:28:31 [INFO]: *** Task Rule ***: Collision and Intersection -> 
 Implies(Exists(
  [dummyEntity], 
    Or(
      And(
        IsAtInter(entity), 
        IsInInter(dummyEntity), 
      ),
      And(
        IsAtInter(entity), 
        IsAtInter(dummyEntity), 
        HigherPri(dummyEntity, entity),
      ),
      CollidingClose(entity, dummyEntity)
    )
  ),
  Stop(entity)
)

2026-05-26 11:28:31 [INFO]: *** Expert Rule ***: Stop -> 
 Stop(entity) == Exists(
[dummyEntity], 
  Or(
    And(
      IsAtInter(entity), 
      IsInInter(dummyEntity), 
    ),
    And(
      IsAtInter(entity), 
      IsAtInter(dummyEntity), 
      HigherPri(dummyEntity, entity),
    ),
    CollidingClose(entity, dummyEntity)
  )
)

2026-05-26 11:28:31 [INFO]: *** Expert Rule ***: Slow -> 
 Not(Slow(entity))

2026-05-26 11:28:31 [INFO]: *** Expert Rule ***: Fast -> 
 Not(Fast(entity))

2026-05-26 11:28:31 [INFO]: *** Expert Rule ***: Normal -> 
 Normal(entity) == Not(Stop(entity))
2026-05-26 11:28:31 [INFO]: Rules created successfully
2026-05-26 11:28:31 [INFO]: Rules will be grounded later...
2026-05-26 11:28:31 [INFO]: Given Predicates {'IsPedestrian': {'instance': IsPed, 'arity': 1, 'method': 'IsPed(Entity)', 'function': 'logicity.utils.pred_converter.z3.IsPed'}, 'IsCar': {'instance': IsCar, 'arity': 1, 'method': 'IsCar(Entity)', 'function': 'logicity.utils.pred_converter.z3.IsCar'}, 'IsAmbulance': {'instance': IsAmb, 'arity': 1, 'method': 'IsAmb(Entity)', 'function': 'logicity.utils.pred_converter.z3.IsAmb'}, 'IsOld': {'instance': IsOld, 'arity': 1, 'method': 'IsOld(Entity)', 'function': 'logicity.utils.pred_converter.z3.IsOld'}, 'IsTiro': {'instance': IsTiro, 'arity': 1, 'method': 'IsTiro(Entity)', 'function': 'logicity.utils.pred_converter.z3.IsTiro'}, 'IsAtInter': {'instance': IsAtInter, 'arity': 1, 'method': 'IsAtInter(Entity)', 'function': 'logicity.utils.pred_converter.z3.IsAtInter'}, 'IsInInter': {'instance': IsInInter, 'arity': 1, 'method': 'IsInInter(Entity)', 'function': 'logicity.utils.pred_converter.z3.IsInInter'}, 'HigherPri': {'instance': HigherPri, 'arity': 2, 'method': 'HigherPri(Entity, Entity)', 'function': 'logicity.utils.pred_converter.z3.HigherPri'}, 'CollidingClose': {'instance': CollidingClose, 'arity': 2, 'method': 'CollidingClose(Entity, Entity)', 'function': 'logicity.utils.pred_converter.z3.CollidingClose'}, 'Stop': {'instance': Stop, 'arity': 1, 'method': 'Stop(Entity)', 'function': 'None'}, 'Fast': {'instance': Fast, 'arity': 1, 'method': 'Fast(Entity)', 'function': 'None'}, 'Normal': {'instance': Normal, 'arity': 1, 'method': 'Normal(Entity)', 'function': 'None'}, 'Slow': {'instance': Slow, 'arity': 1, 'method': 'Slow(Entity)', 'function': 'None'}}, the FOV entities {'Entity': 3}, The logic grounding shape is: 39
2026-05-26 11:28:31 [INFO]: Local planner constructed!
2026-05-26 11:28:31 [INFO]: Constructing 22 streets
2026-05-26 11:28:32 [INFO]: Constructing 16 buildings
2026-05-26 11:28:32 [INFO]: Adding 4 agents, they are constrained in 103 region
2026-05-26 11:28:32 [INFO]: Car_1 initialization done!
2026-05-26 11:28:32 [INFO]: Pedestrian_1 initialization done!
2026-05-26 11:28:33 [INFO]: Car_2 initialization done!
2026-05-26 11:28:33 [INFO]: Car_3 initialization done!
2026-05-26 11:28:33 [INFO]: Done!
2026-05-26 11:28:33 [INFO]: ***Init RL Agent in Env***
2026-05-26 11:28:57 [INFO]: will reset agent by success
2026-05-26 11:28:57 [INFO]: ***Reset RL Agent in Env***
2026-05-26 11:28:57 [INFO]: Car_1 initialization done!
2026-05-26 11:28:57 [INFO]: Pedestrian_1 initialization done!
2026-05-26 11:28:58 [INFO]: Car_2 initialization done!
2026-05-26 11:28:58 [INFO]: Car_3 initialization done!
2026-05-26 11:28:58 [INFO]: Agent reset priority to 1/4
2026-05-26 11:28:58 [INFO]: Agent reset concepts to {'type': 'Car', 'priority': 1}
2026-05-26 11:28:58 [INFO]: Episode 16 success.
2026-05-26 11:28:58 [INFO]: Episode 16 achieved a score of 6.880000000000007
2026-05-26 11:28:58 [INFO]: Episode 16 Success: 1
2026-05-26 11:28:58 [INFO]: Episode 16 Decision Step: {3: 1}
2026-05-26 11:28:58 [INFO]: Episode 16 Success Decision: {3: 1}
2026-05-26 11:28:58 [INFO]: Evaluating episode 17...
2026-05-26 11:28:58 [INFO]: Episode label: {'oracle_step': 57, 'stop_count': 0, 'has_stop': False, 'ego_crosses': True, 'ego_eta': 28, 'ego_direction': 'right', 'other_crosses': 3, 'close_other_count': 0, 'pedestrian_close': None, 'conflicting_approach': False, 'total_crosses': 4}
2026-05-26 11:28:58 [INFO]: Get map info from config/maps/square_2x2.yaml
2026-05-26 11:28:58 [INFO]: Get agent info from config/agents/easy_lite/val.yaml
2026-05-26 11:28:58 [INFO]: Get onology and rules info from config/rules/ontology_easy.yaml, config/rules/Nav/easy/expert.yaml
2026-05-26 11:28:58 [INFO]: Number of Entity Types: 1
Entity Types:
- Entity
2026-05-26 11:28:58 [INFO]: Number of Predicates: 13
Predicates:
- IsPedestrian: {'instance': "Function('IsPed', entity_sorts['Entity'], BoolSort())", 'arity': 1, 'method': 'IsPed(Entity)', 'function': 'logicity.utils.pred_converter.z3.IsPed'}
- IsCar: {'instance': "Function('IsCar', entity_sorts['Entity'], BoolSort())", 'arity': 1, 'method': 'IsCar(Entity)', 'function': 'logicity.utils.pred_converter.z3.IsCar'}
- IsAmbulance: {'instance': "Function('IsAmb', entity_sorts['Entity'], BoolSort())", 'arity': 1, 'method': 'IsAmb(Entity)', 'function': 'logicity.utils.pred_converter.z3.IsAmb'}
- IsOld: {'instance': "Function('IsOld', entity_sorts['Entity'], BoolSort())", 'arity': 1, 'method': 'IsOld(Entity)', 'function': 'logicity.utils.pred_converter.z3.IsOld'}
- IsTiro: {'instance': "Function('IsTiro', entity_sorts['Entity'], BoolSort())", 'arity': 1, 'method': 'IsTiro(Entity)', 'function': 'logicity.utils.pred_converter.z3.IsTiro'}
- IsAtInter: {'instance': "Function('IsAtInter', entity_sorts['Entity'], BoolSort())", 'arity': 1, 'method': 'IsAtInter(Entity)', 'function': 'logicity.utils.pred_converter.z3.IsAtInter'}
- IsInInter: {'instance': "Function('IsInInter', entity_sorts['Entity'], BoolSort())", 'arity': 1, 'method': 'IsInInter(Entity)', 'function': 'logicity.utils.pred_converter.z3.IsInInter'}
- HigherPri: {'instance': "Function('HigherPri', entity_sorts['Entity'], entity_sorts['Entity'], BoolSort())", 'arity': 2, 'method': 'HigherPri(Entity, Entity)', 'function': 'logicity.utils.pred_converter.z3.HigherPri'}
- CollidingClose: {'instance': "Function('CollidingClose', entity_sorts['Entity'], entity_sorts['Entity'], BoolSort())", 'arity': 2, 'method': 'CollidingClose(Entity, Entity)', 'function': 'logicity.utils.pred_converter.z3.CollidingClose'}
- Stop: {'instance': "Function('Stop', entity_sorts['Entity'], BoolSort())", 'arity': 1, 'method': 'Stop(Entity)', 'function': 'None'}
- Fast: {'instance': "Function('Fast', entity_sorts['Entity'], BoolSort())", 'arity': 1, 'method': 'Fast(Entity)', 'function': 'None'}
- Normal: {'instance': "Function('Normal', entity_sorts['Entity'], BoolSort())", 'arity': 1, 'method': 'Normal(Entity)', 'function': 'None'}
- Slow: {'instance': "Function('Slow', entity_sorts['Entity'], BoolSort())", 'arity': 1, 'method': 'Slow(Entity)', 'function': 'None'}
2026-05-26 11:28:58 [INFO]: *** Sim Rule ***: Stop -> 
 Stop(entity) == Exists(
  [dummyEntity], 
  Or(
    And(
      IsAtInter(entity), 
      IsInInter(dummyEntity), 
    ),
    And(
      IsAtInter(entity), 
      IsAtInter(dummyEntity), 
      HigherPri(dummyEntity, entity),
    ),
    CollidingClose(entity, dummyEntity)
  )
)

2026-05-26 11:28:58 [INFO]: *** Task Rule ***: Collision and Intersection -> 
 Implies(Exists(
  [dummyEntity], 
    Or(
      And(
        IsAtInter(entity), 
        IsInInter(dummyEntity), 
      ),
      And(
        IsAtInter(entity), 
        IsAtInter(dummyEntity), 
        HigherPri(dummyEntity, entity),
      ),
      CollidingClose(entity, dummyEntity)
    )
  ),
  Stop(entity)
)

2026-05-26 11:28:58 [INFO]: *** Expert Rule ***: Stop -> 
 Stop(entity) == Exists(
[dummyEntity], 
  Or(
    And(
      IsAtInter(entity), 
      IsInInter(dummyEntity), 
    ),
    And(
      IsAtInter(entity), 
      IsAtInter(dummyEntity), 
      HigherPri(dummyEntity, entity),
    ),
    CollidingClose(entity, dummyEntity)
  )
)

2026-05-26 11:28:58 [INFO]: *** Expert Rule ***: Slow -> 
 Not(Slow(entity))

2026-05-26 11:28:58 [INFO]: *** Expert Rule ***: Fast -> 
 Not(Fast(entity))

2026-05-26 11:28:58 [INFO]: *** Expert Rule ***: Normal -> 
 Normal(entity) == Not(Stop(entity))
2026-05-26 11:28:58 [INFO]: Rules created successfully
2026-05-26 11:28:58 [INFO]: Rules will be grounded later...
2026-05-26 11:28:58 [INFO]: Given Predicates {'IsPedestrian': {'instance': IsPed, 'arity': 1, 'method': 'IsPed(Entity)', 'function': 'logicity.utils.pred_converter.z3.IsPed'}, 'IsCar': {'instance': IsCar, 'arity': 1, 'method': 'IsCar(Entity)', 'function': 'logicity.utils.pred_converter.z3.IsCar'}, 'IsAmbulance': {'instance': IsAmb, 'arity': 1, 'method': 'IsAmb(Entity)', 'function': 'logicity.utils.pred_converter.z3.IsAmb'}, 'IsOld': {'instance': IsOld, 'arity': 1, 'method': 'IsOld(Entity)', 'function': 'logicity.utils.pred_converter.z3.IsOld'}, 'IsTiro': {'instance': IsTiro, 'arity': 1, 'method': 'IsTiro(Entity)', 'function': 'logicity.utils.pred_converter.z3.IsTiro'}, 'IsAtInter': {'instance': IsAtInter, 'arity': 1, 'method': 'IsAtInter(Entity)', 'function': 'logicity.utils.pred_converter.z3.IsAtInter'}, 'IsInInter': {'instance': IsInInter, 'arity': 1, 'method': 'IsInInter(Entity)', 'function': 'logicity.utils.pred_converter.z3.IsInInter'}, 'HigherPri': {'instance': HigherPri, 'arity': 2, 'method': 'HigherPri(Entity, Entity)', 'function': 'logicity.utils.pred_converter.z3.HigherPri'}, 'CollidingClose': {'instance': CollidingClose, 'arity': 2, 'method': 'CollidingClose(Entity, Entity)', 'function': 'logicity.utils.pred_converter.z3.CollidingClose'}, 'Stop': {'instance': Stop, 'arity': 1, 'method': 'Stop(Entity)', 'function': 'None'}, 'Fast': {'instance': Fast, 'arity': 1, 'method': 'Fast(Entity)', 'function': 'None'}, 'Normal': {'instance': Normal, 'arity': 1, 'method': 'Normal(Entity)', 'function': 'None'}, 'Slow': {'instance': Slow, 'arity': 1, 'method': 'Slow(Entity)', 'function': 'None'}}, the FOV entities {'Entity': 3}, The logic grounding shape is: 39
2026-05-26 11:28:58 [INFO]: Local planner constructed!
2026-05-26 11:28:58 [INFO]: Constructing 22 streets
2026-05-26 11:28:59 [INFO]: Constructing 16 buildings
2026-05-26 11:28:59 [INFO]: Adding 4 agents, they are constrained in 103 region
2026-05-26 11:29:00 [INFO]: Car_1 initialization done!
2026-05-26 11:29:00 [INFO]: Pedestrian_1 initialization done!
2026-05-26 11:29:00 [INFO]: Car_2 initialization done!
2026-05-26 11:29:00 [INFO]: Car_3 initialization done!
2026-05-26 11:29:00 [INFO]: Done!
2026-05-26 11:29:00 [INFO]: ***Init RL Agent in Env***
2026-05-26 11:29:09 [INFO]: will reset agent by success
2026-05-26 11:29:09 [INFO]: ***Reset RL Agent in Env***
2026-05-26 11:29:09 [INFO]: Car_1 initialization done!
2026-05-26 11:29:09 [INFO]: Pedestrian_1 initialization done!
2026-05-26 11:29:10 [INFO]: Car_2 initialization done!
2026-05-26 11:29:10 [INFO]: Car_3 initialization done!
2026-05-26 11:29:10 [INFO]: Agent reset priority to 1/4
2026-05-26 11:29:10 [INFO]: Agent reset concepts to {'type': 'Car', 'priority': 1}
2026-05-26 11:29:10 [INFO]: Episode 17 success.
2026-05-26 11:29:10 [INFO]: Episode 17 achieved a score of 6.09
2026-05-26 11:29:10 [INFO]: Episode 17 Success: 1
2026-05-26 11:29:10 [INFO]: Episode 17 Decision Step: {3: 0}
2026-05-26 11:29:10 [INFO]: Episode 17 Success Decision: {3: 0}
2026-05-26 11:29:10 [INFO]: Evaluating episode 18...
2026-05-26 11:29:10 [INFO]: Episode label: {'oracle_step': 25, 'stop_count': 7, 'has_stop': True, 'ego_crosses': True, 'ego_eta': 7, 'ego_direction': 'down', 'other_crosses': 3, 'close_other_count': 0, 'pedestrian_close': None, 'conflicting_approach': False, 'total_crosses': 4}
2026-05-26 11:29:10 [INFO]: Get map info from config/maps/square_2x2.yaml
2026-05-26 11:29:10 [INFO]: Get agent info from config/agents/easy_lite/val.yaml
2026-05-26 11:29:10 [INFO]: Get onology and rules info from config/rules/ontology_easy.yaml, config/rules/Nav/easy/expert.yaml
2026-05-26 11:29:10 [INFO]: Number of Entity Types: 1
Entity Types:
- Entity
2026-05-26 11:29:10 [INFO]: Number of Predicates: 13
Predicates:
- IsPedestrian: {'instance': "Function('IsPed', entity_sorts['Entity'], BoolSort())", 'arity': 1, 'method': 'IsPed(Entity)', 'function': 'logicity.utils.pred_converter.z3.IsPed'}
- IsCar: {'instance': "Function('IsCar', entity_sorts['Entity'], BoolSort())", 'arity': 1, 'method': 'IsCar(Entity)', 'function': 'logicity.utils.pred_converter.z3.IsCar'}
- IsAmbulance: {'instance': "Function('IsAmb', entity_sorts['Entity'], BoolSort())", 'arity': 1, 'method': 'IsAmb(Entity)', 'function': 'logicity.utils.pred_converter.z3.IsAmb'}
- IsOld: {'instance': "Function('IsOld', entity_sorts['Entity'], BoolSort())", 'arity': 1, 'method': 'IsOld(Entity)', 'function': 'logicity.utils.pred_converter.z3.IsOld'}
- IsTiro: {'instance': "Function('IsTiro', entity_sorts['Entity'], BoolSort())", 'arity': 1, 'method': 'IsTiro(Entity)', 'function': 'logicity.utils.pred_converter.z3.IsTiro'}
- IsAtInter: {'instance': "Function('IsAtInter', entity_sorts['Entity'], BoolSort())", 'arity': 1, 'method': 'IsAtInter(Entity)', 'function': 'logicity.utils.pred_converter.z3.IsAtInter'}
- IsInInter: {'instance': "Function('IsInInter', entity_sorts['Entity'], BoolSort())", 'arity': 1, 'method': 'IsInInter(Entity)', 'function': 'logicity.utils.pred_converter.z3.IsInInter'}
- HigherPri: {'instance': "Function('HigherPri', entity_sorts['Entity'], entity_sorts['Entity'], BoolSort())", 'arity': 2, 'method': 'HigherPri(Entity, Entity)', 'function': 'logicity.utils.pred_converter.z3.HigherPri'}
- CollidingClose: {'instance': "Function('CollidingClose', entity_sorts['Entity'], entity_sorts['Entity'], BoolSort())", 'arity': 2, 'method': 'CollidingClose(Entity, Entity)', 'function': 'logicity.utils.pred_converter.z3.CollidingClose'}
- Stop: {'instance': "Function('Stop', entity_sorts['Entity'], BoolSort())", 'arity': 1, 'method': 'Stop(Entity)', 'function': 'None'}
- Fast: {'instance': "Function('Fast', entity_sorts['Entity'], BoolSort())", 'arity': 1, 'method': 'Fast(Entity)', 'function': 'None'}
- Normal: {'instance': "Function('Normal', entity_sorts['Entity'], BoolSort())", 'arity': 1, 'method': 'Normal(Entity)', 'function': 'None'}
- Slow: {'instance': "Function('Slow', entity_sorts['Entity'], BoolSort())", 'arity': 1, 'method': 'Slow(Entity)', 'function': 'None'}
2026-05-26 11:29:10 [INFO]: *** Sim Rule ***: Stop -> 
 Stop(entity) == Exists(
  [dummyEntity], 
  Or(
    And(
      IsAtInter(entity), 
      IsInInter(dummyEntity), 
    ),
    And(
      IsAtInter(entity), 
      IsAtInter(dummyEntity), 
      HigherPri(dummyEntity, entity),
    ),
    CollidingClose(entity, dummyEntity)
  )
)

2026-05-26 11:29:10 [INFO]: *** Task Rule ***: Collision and Intersection -> 
 Implies(Exists(
  [dummyEntity], 
    Or(
      And(
        IsAtInter(entity), 
        IsInInter(dummyEntity), 
      ),
      And(
        IsAtInter(entity), 
        IsAtInter(dummyEntity), 
        HigherPri(dummyEntity, entity),
      ),
      CollidingClose(entity, dummyEntity)
    )
  ),
  Stop(entity)
)

2026-05-26 11:29:10 [INFO]: *** Expert Rule ***: Stop -> 
 Stop(entity) == Exists(
[dummyEntity], 
  Or(
    And(
      IsAtInter(entity), 
      IsInInter(dummyEntity), 
    ),
    And(
      IsAtInter(entity), 
      IsAtInter(dummyEntity), 
      HigherPri(dummyEntity, entity),
    ),
    CollidingClose(entity, dummyEntity)
  )
)

2026-05-26 11:29:10 [INFO]: *** Expert Rule ***: Slow -> 
 Not(Slow(entity))

2026-05-26 11:29:10 [INFO]: *** Expert Rule ***: Fast -> 
 Not(Fast(entity))

2026-05-26 11:29:10 [INFO]: *** Expert Rule ***: Normal -> 
 Normal(entity) == Not(Stop(entity))
2026-05-26 11:29:10 [INFO]: Rules created successfully
2026-05-26 11:29:10 [INFO]: Rules will be grounded later...
2026-05-26 11:29:10 [INFO]: Given Predicates {'IsPedestrian': {'instance': IsPed, 'arity': 1, 'method': 'IsPed(Entity)', 'function': 'logicity.utils.pred_converter.z3.IsPed'}, 'IsCar': {'instance': IsCar, 'arity': 1, 'method': 'IsCar(Entity)', 'function': 'logicity.utils.pred_converter.z3.IsCar'}, 'IsAmbulance': {'instance': IsAmb, 'arity': 1, 'method': 'IsAmb(Entity)', 'function': 'logicity.utils.pred_converter.z3.IsAmb'}, 'IsOld': {'instance': IsOld, 'arity': 1, 'method': 'IsOld(Entity)', 'function': 'logicity.utils.pred_converter.z3.IsOld'}, 'IsTiro': {'instance': IsTiro, 'arity': 1, 'method': 'IsTiro(Entity)', 'function': 'logicity.utils.pred_converter.z3.IsTiro'}, 'IsAtInter': {'instance': IsAtInter, 'arity': 1, 'method': 'IsAtInter(Entity)', 'function': 'logicity.utils.pred_converter.z3.IsAtInter'}, 'IsInInter': {'instance': IsInInter, 'arity': 1, 'method': 'IsInInter(Entity)', 'function': 'logicity.utils.pred_converter.z3.IsInInter'}, 'HigherPri': {'instance': HigherPri, 'arity': 2, 'method': 'HigherPri(Entity, Entity)', 'function': 'logicity.utils.pred_converter.z3.HigherPri'}, 'CollidingClose': {'instance': CollidingClose, 'arity': 2, 'method': 'CollidingClose(Entity, Entity)', 'function': 'logicity.utils.pred_converter.z3.CollidingClose'}, 'Stop': {'instance': Stop, 'arity': 1, 'method': 'Stop(Entity)', 'function': 'None'}, 'Fast': {'instance': Fast, 'arity': 1, 'method': 'Fast(Entity)', 'function': 'None'}, 'Normal': {'instance': Normal, 'arity': 1, 'method': 'Normal(Entity)', 'function': 'None'}, 'Slow': {'instance': Slow, 'arity': 1, 'method': 'Slow(Entity)', 'function': 'None'}}, the FOV entities {'Entity': 3}, The logic grounding shape is: 39
2026-05-26 11:29:10 [INFO]: Local planner constructed!
2026-05-26 11:29:10 [INFO]: Constructing 22 streets
2026-05-26 11:29:11 [INFO]: Constructing 16 buildings
2026-05-26 11:29:11 [INFO]: Adding 4 agents, they are constrained in 103 region
2026-05-26 11:29:12 [INFO]: Car_1 initialization done!
2026-05-26 11:29:12 [INFO]: Pedestrian_1 initialization done!
2026-05-26 11:29:12 [INFO]: Car_2 initialization done!
2026-05-26 11:29:12 [INFO]: Car_3 initialization done!
2026-05-26 11:29:12 [INFO]: Done!
2026-05-26 11:29:12 [INFO]: ***Init RL Agent in Env***
2026-05-26 11:29:18 [INFO]: will reset agent by success
2026-05-26 11:29:18 [INFO]: ***Reset RL Agent in Env***
2026-05-26 11:29:18 [INFO]: Car_1 initialization done!
2026-05-26 11:29:19 [INFO]: Pedestrian_1 initialization done!
2026-05-26 11:29:19 [INFO]: Car_2 initialization done!
2026-05-26 11:29:20 [INFO]: Car_3 initialization done!
2026-05-26 11:29:20 [INFO]: Agent reset priority to 3/4
2026-05-26 11:29:20 [INFO]: Agent reset concepts to {'type': 'Car', 'priority': 3}
2026-05-26 11:29:20 [INFO]: Episode 18 success.
2026-05-26 11:29:20 [INFO]: Episode 18 achieved a score of 2.2800000000000002
2026-05-26 11:29:20 [INFO]: Episode 18 Success: 1
2026-05-26 11:29:20 [INFO]: Episode 18 Decision Step: {3: 0}
2026-05-26 11:29:20 [INFO]: Episode 18 Success Decision: {3: 0}
2026-05-26 11:29:20 [INFO]: Evaluating episode 19...
2026-05-26 11:29:20 [INFO]: Episode label: {'oracle_step': 60, 'stop_count': 9, 'has_stop': True, 'ego_crosses': True, 'ego_eta': 23, 'ego_direction': 'down', 'other_crosses': 3, 'close_other_count': 0, 'pedestrian_close': None, 'conflicting_approach': False, 'total_crosses': 4}
2026-05-26 11:29:20 [INFO]: Get map info from config/maps/square_2x2.yaml
2026-05-26 11:29:20 [INFO]: Get agent info from config/agents/easy_lite/val.yaml
2026-05-26 11:29:20 [INFO]: Get onology and rules info from config/rules/ontology_easy.yaml, config/rules/Nav/easy/expert.yaml
2026-05-26 11:29:20 [INFO]: Number of Entity Types: 1
Entity Types:
- Entity
2026-05-26 11:29:20 [INFO]: Number of Predicates: 13
Predicates:
- IsPedestrian: {'instance': "Function('IsPed', entity_sorts['Entity'], BoolSort())", 'arity': 1, 'method': 'IsPed(Entity)', 'function': 'logicity.utils.pred_converter.z3.IsPed'}
- IsCar: {'instance': "Function('IsCar', entity_sorts['Entity'], BoolSort())", 'arity': 1, 'method': 'IsCar(Entity)', 'function': 'logicity.utils.pred_converter.z3.IsCar'}
- IsAmbulance: {'instance': "Function('IsAmb', entity_sorts['Entity'], BoolSort())", 'arity': 1, 'method': 'IsAmb(Entity)', 'function': 'logicity.utils.pred_converter.z3.IsAmb'}
- IsOld: {'instance': "Function('IsOld', entity_sorts['Entity'], BoolSort())", 'arity': 1, 'method': 'IsOld(Entity)', 'function': 'logicity.utils.pred_converter.z3.IsOld'}
- IsTiro: {'instance': "Function('IsTiro', entity_sorts['Entity'], BoolSort())", 'arity': 1, 'method': 'IsTiro(Entity)', 'function': 'logicity.utils.pred_converter.z3.IsTiro'}
- IsAtInter: {'instance': "Function('IsAtInter', entity_sorts['Entity'], BoolSort())", 'arity': 1, 'method': 'IsAtInter(Entity)', 'function': 'logicity.utils.pred_converter.z3.IsAtInter'}
- IsInInter: {'instance': "Function('IsInInter', entity_sorts['Entity'], BoolSort())", 'arity': 1, 'method': 'IsInInter(Entity)', 'function': 'logicity.utils.pred_converter.z3.IsInInter'}
- HigherPri: {'instance': "Function('HigherPri', entity_sorts['Entity'], entity_sorts['Entity'], BoolSort())", 'arity': 2, 'method': 'HigherPri(Entity, Entity)', 'function': 'logicity.utils.pred_converter.z3.HigherPri'}
- CollidingClose: {'instance': "Function('CollidingClose', entity_sorts['Entity'], entity_sorts['Entity'], BoolSort())", 'arity': 2, 'method': 'CollidingClose(Entity, Entity)', 'function': 'logicity.utils.pred_converter.z3.CollidingClose'}
- Stop: {'instance': "Function('Stop', entity_sorts['Entity'], BoolSort())", 'arity': 1, 'method': 'Stop(Entity)', 'function': 'None'}
- Fast: {'instance': "Function('Fast', entity_sorts['Entity'], BoolSort())", 'arity': 1, 'method': 'Fast(Entity)', 'function': 'None'}
- Normal: {'instance': "Function('Normal', entity_sorts['Entity'], BoolSort())", 'arity': 1, 'method': 'Normal(Entity)', 'function': 'None'}
- Slow: {'instance': "Function('Slow', entity_sorts['Entity'], BoolSort())", 'arity': 1, 'method': 'Slow(Entity)', 'function': 'None'}
2026-05-26 11:29:20 [INFO]: *** Sim Rule ***: Stop -> 
 Stop(entity) == Exists(
  [dummyEntity], 
  Or(
    And(
      IsAtInter(entity), 
      IsInInter(dummyEntity), 
    ),
    And(
      IsAtInter(entity), 
      IsAtInter(dummyEntity), 
      HigherPri(dummyEntity, entity),
    ),
    CollidingClose(entity, dummyEntity)
  )
)

2026-05-26 11:29:20 [INFO]: *** Task Rule ***: Collision and Intersection -> 
 Implies(Exists(
  [dummyEntity], 
    Or(
      And(
        IsAtInter(entity), 
        IsInInter(dummyEntity), 
      ),
      And(
        IsAtInter(entity), 
        IsAtInter(dummyEntity), 
        HigherPri(dummyEntity, entity),
      ),
      CollidingClose(entity, dummyEntity)
    )
  ),
  Stop(entity)
)

2026-05-26 11:29:20 [INFO]: *** Expert Rule ***: Stop -> 
 Stop(entity) == Exists(
[dummyEntity], 
  Or(
    And(
      IsAtInter(entity), 
      IsInInter(dummyEntity), 
    ),
    And(
      IsAtInter(entity), 
      IsAtInter(dummyEntity), 
      HigherPri(dummyEntity, entity),
    ),
    CollidingClose(entity, dummyEntity)
  )
)

2026-05-26 11:29:20 [INFO]: *** Expert Rule ***: Slow -> 
 Not(Slow(entity))

2026-05-26 11:29:20 [INFO]: *** Expert Rule ***: Fast -> 
 Not(Fast(entity))

2026-05-26 11:29:20 [INFO]: *** Expert Rule ***: Normal -> 
 Normal(entity) == Not(Stop(entity))
2026-05-26 11:29:20 [INFO]: Rules created successfully
2026-05-26 11:29:20 [INFO]: Rules will be grounded later...
2026-05-26 11:29:20 [INFO]: Given Predicates {'IsPedestrian': {'instance': IsPed, 'arity': 1, 'method': 'IsPed(Entity)', 'function': 'logicity.utils.pred_converter.z3.IsPed'}, 'IsCar': {'instance': IsCar, 'arity': 1, 'method': 'IsCar(Entity)', 'function': 'logicity.utils.pred_converter.z3.IsCar'}, 'IsAmbulance': {'instance': IsAmb, 'arity': 1, 'method': 'IsAmb(Entity)', 'function': 'logicity.utils.pred_converter.z3.IsAmb'}, 'IsOld': {'instance': IsOld, 'arity': 1, 'method': 'IsOld(Entity)', 'function': 'logicity.utils.pred_converter.z3.IsOld'}, 'IsTiro': {'instance': IsTiro, 'arity': 1, 'method': 'IsTiro(Entity)', 'function': 'logicity.utils.pred_converter.z3.IsTiro'}, 'IsAtInter': {'instance': IsAtInter, 'arity': 1, 'method': 'IsAtInter(Entity)', 'function': 'logicity.utils.pred_converter.z3.IsAtInter'}, 'IsInInter': {'instance': IsInInter, 'arity': 1, 'method': 'IsInInter(Entity)', 'function': 'logicity.utils.pred_converter.z3.IsInInter'}, 'HigherPri': {'instance': HigherPri, 'arity': 2, 'method': 'HigherPri(Entity, Entity)', 'function': 'logicity.utils.pred_converter.z3.HigherPri'}, 'CollidingClose': {'instance': CollidingClose, 'arity': 2, 'method': 'CollidingClose(Entity, Entity)', 'function': 'logicity.utils.pred_converter.z3.CollidingClose'}, 'Stop': {'instance': Stop, 'arity': 1, 'method': 'Stop(Entity)', 'function': 'None'}, 'Fast': {'instance': Fast, 'arity': 1, 'method': 'Fast(Entity)', 'function': 'None'}, 'Normal': {'instance': Normal, 'arity': 1, 'method': 'Normal(Entity)', 'function': 'None'}, 'Slow': {'instance': Slow, 'arity': 1, 'method': 'Slow(Entity)', 'function': 'None'}}, the FOV entities {'Entity': 3}, The logic grounding shape is: 39
2026-05-26 11:29:20 [INFO]: Local planner constructed!
2026-05-26 11:29:20 [INFO]: Constructing 22 streets
2026-05-26 11:29:20 [INFO]: Constructing 16 buildings
2026-05-26 11:29:21 [INFO]: Adding 4 agents, they are constrained in 103 region
2026-05-26 11:29:21 [INFO]: Car_1 initialization done!
2026-05-26 11:29:21 [INFO]: Pedestrian_1 initialization done!
2026-05-26 11:29:22 [INFO]: Car_2 initialization done!
2026-05-26 11:29:22 [INFO]: Car_3 initialization done!
2026-05-26 11:29:22 [INFO]: Done!
2026-05-26 11:29:22 [INFO]: ***Init RL Agent in Env***
2026-05-26 11:29:42 [INFO]: will reset agent by success
2026-05-26 11:29:42 [INFO]: ***Reset RL Agent in Env***
2026-05-26 11:29:43 [INFO]: Car_1 initialization done!
2026-05-26 11:29:43 [INFO]: Pedestrian_1 initialization done!
2026-05-26 11:29:43 [INFO]: Car_2 initialization done!
2026-05-26 11:29:44 [INFO]: Car_3 initialization done!
2026-05-26 11:29:44 [INFO]: Agent reset priority to 2/4
2026-05-26 11:29:44 [INFO]: Agent reset concepts to {'type': 'Car', 'priority': 2}
2026-05-26 11:29:44 [INFO]: Episode 19 success.
2026-05-26 11:29:44 [INFO]: Episode 19 achieved a score of 4.950000000000011
2026-05-26 11:29:44 [INFO]: Episode 19 Success: 1
2026-05-26 11:29:44 [INFO]: Episode 19 Decision Step: {3: 0}
2026-05-26 11:29:44 [INFO]: Episode 19 Success Decision: {3: 0}
2026-05-26 11:29:44 [INFO]: Timestep: 675000 - Elapsed Time (s): 202304.00 - Success Rate: 1.0 - Mean Reward: 5.487000000000005 

2026-05-26 11:29:44 [INFO]: Failure Rate: 0.0 - Timeout Rate: 0.0 - Mean Episode Length: 70.05
2026-05-26 11:29:44 [INFO]: Mean Decision Succ: 1.0
2026-05-26 11:29:44 [INFO]: Average Decision Succ: 1.0
2026-05-26 11:29:44 [INFO]: Decision Succ for each action: {3: 1.0}
2026-05-26 11:29:44 [INFO]: Action Histogram: {0: 0, 1: 0, 2: 805, 3: 596}
2026-05-26 11:29:44 [INFO]: Failure Rule Counts: {}
2026-05-26 11:29:44 [INFO]: Training Rollout Since Last Eval: failures=569 timeouts=2 successes=1638
2026-05-26 11:29:44 [INFO]: Eval Schedule Phase: fixed
