2026-05-22 20:48:47 [INFO]: Running in RL mode.
2026-05-22 20:48:47 [INFO]: Loading RL config from config/tasks/Nav/easy/algo/plpg_ppo_eval.yaml.
2026-05-22 20:48:47 [INFO]: Simulation config: {'map_yaml_file': 'config/maps/square_2x2.yaml', 'agent_yaml_file': 'config/agents/easy_lite/train.yaml', 'ontology_yaml_file': 'config/rules/ontology_easy.yaml', 'rule_type': 'Z3_Expert', 'rule_yaml_file': 'config/rules/Nav/easy/expert.yaml', 'rl': True, 'debug': False, 'use_multi': False, 'agent_region': 103, 'rl_agent': {'max_priority': 4, 'use_expert': False, 'agent_name': 'Car_1', 'max_horizon': 120, 'reward_scheme': 'safe_path_following', 'goal_reward': 1.0, 'progress_reward_scale': 0.05, 'time_penalty': -0.01, 'action_space': 4, 'action_mapping': {0: [1, 1, 1, 1, 0, 0, 0, 0, 0, 0, 0, 0, 0], 1: [0, 0, 0, 0, 1, 1, 1, 1, 0, 0, 0, 0, 0], 2: [0, 0, 0, 0, 0, 0, 0, 0, 1, 1, 1, 1, 0], 3: [0, 0, 0, 0, 0, 0, 0, 0, 0, 0, 0, 0, 1]}, 'fov_entities': {'Entity': 3}, 'action_cost': {0: 0, 1: 0, 2: 0, 3: 0}, 'reset_dist': {'concepts': ['normal'], 'prob': [1.0]}, 'reset_prefilter': {'intersection_selector': 'center', 'require_ego_intersection': True, 'require_all_agents_intersection': False, 'min_other_intersection_agents': 1}, 'overtime_cost': -0.5}}
2026-05-22 20:48:47 [INFO]: RL config: {'algorithm': 'PLPGPPO', 'policy_network': 'MlpPolicy', 'policy_kwargs': {'features_extractor_module': 'logicity.rl_agent.policy.neural', 'features_extractor_class': 'MLPFeatureExtractor', 'features_extractor_kwargs': {'features_dim': 64}}, 'hyperparameters': {'learning_rate': 3e-05, 'clip_range': 0.2, 'vf_coef': 0.5, 'batch_size': 256, 'n_steps': 128, 'n_epochs': 4, 'ent_coef': 0.01, 'verbose': 1, 'tensorboard_log': './tb_logs', 'plpg_kwargs': {'template': 'easy', 'alpha': 0.1, 'rule_yaml_file': 'config/rules/Nav/easy/expert.yaml', 'safety_loss_source': 'shielded'}}, 'train': True, 'checkpoint_path': '', 'num_envs': 2, 'total_timesteps': 50000}
2026-05-22 20:48:47 [INFO]: Running in RL mode with 2 parallel environments.
2026-05-22 20:49:12 [DEBUG]: Grounding query 'safe'
2026-05-22 20:49:12 [DEBUG]: Ground program size: 20
2026-05-22 20:49:12 [DEBUG]: Grounding query 'act(slow)'
2026-05-22 20:49:12 [DEBUG]: Ground program size: 20
2026-05-22 20:49:12 [DEBUG]: Grounding query 'act(normal)'
2026-05-22 20:49:12 [DEBUG]: Ground program size: 20
2026-05-22 20:49:12 [DEBUG]: Grounding query 'act(fast)'
2026-05-22 20:49:12 [DEBUG]: Ground program size: 20
2026-05-22 20:49:12 [DEBUG]: Grounding query 'act(stop)'
2026-05-22 20:49:12 [DEBUG]: Ground program size: 21
2026-05-22 20:49:12 [INFO]: Grounding: 0.0120s
2026-05-22 20:49:12 [DEBUG]: Ground program size: 21
2026-05-22 20:49:12 [INFO]: Cycle breaking: 0.0010s
2026-05-22 20:49:12 [INFO]: Clark's completion: 0.0000s
2026-05-22 20:49:12 [INFO]: DSharp compilation: 0.1230s
2026-05-22 21:12:40 [INFO]: Evaluating episode 0...
2026-05-22 21:12:40 [INFO]: Episode label: {'oracle_step': 40, 'stop_count': 0, 'has_stop': False, 'ego_crosses': True, 'ego_eta': 12, 'ego_direction': 'up', 'other_crosses': 3, 'close_other_count': 0, 'pedestrian_close': None, 'conflicting_approach': False, 'total_crosses': 4}
2026-05-22 21:12:40 [INFO]: Get map info from config/maps/square_2x2.yaml
2026-05-22 21:12:40 [INFO]: Get agent info from config/agents/easy_lite/val.yaml
2026-05-22 21:12:40 [INFO]: Get onology and rules info from config/rules/ontology_easy.yaml, config/rules/Nav/easy/expert.yaml
2026-05-22 21:12:40 [INFO]: Number of Entity Types: 1
Entity Types:
- Entity
2026-05-22 21:12:40 [INFO]: Number of Predicates: 13
Predicates:
- IsPedestrian: {'instance': "Function('IsPed', entity_sorts['Entity'], BoolSort())", 'arity': 1, 'method': 'IsPed(Entity)', 'function': 'logicity.utils.pred_converter.z3.IsPed'}
- IsCar: {'instance': "Function('IsCar', entity_sorts['Entity'], BoolSort())", 'arity': 1, 'method': 'IsCar(Entity)', 'function': 'logicity.utils.pred_converter.z3.IsCar'}
- IsAmbulance: {'instance': "Function('IsAmb', entity_sorts['Entity'], BoolSort())", 'arity': 1, 'method': 'IsAmb(Entity)', 'function': 'logicity.utils.pred_converter.z3.IsAmb'}
- IsOld: {'instance': "Function('IsOld', entity_sorts['Entity'], BoolSort())", 'arity': 1, 'method': 'IsOld(Entity)', 'function': 'logicity.utils.pred_converter.z3.IsOld'}
- IsTiro: {'instance': "Function('IsTiro', entity_sorts['Entity'], BoolSort())", 'arity': 1, 'method': 'IsTiro(Entity)', 'function': 'logicity.utils.pred_converter.z3.IsTiro'}
- IsAtInter: {'instance': "Function('IsAtInter', entity_sorts['Entity'], BoolSort())", 'arity': 1, 'method': 'IsAtInter(Entity)', 'function': 'logicity.utils.pred_converter.z3.IsAtInter'}
- IsInInter: {'instance': "Function('IsInInter', entity_sorts['Entity'], BoolSort())", 'arity': 1, 'method': 'IsInInter(Entity)', 'function': 'logicity.utils.pred_converter.z3.IsInInter'}
- HigherPri: {'instance': "Function('HigherPri', entity_sorts['Entity'], entity_sorts['Entity'], BoolSort())", 'arity': 2, 'method': 'HigherPri(Entity, Entity)', 'function': 'logicity.utils.pred_converter.z3.HigherPri'}
- CollidingClose: {'instance': "Function('CollidingClose', entity_sorts['Entity'], entity_sorts['Entity'], BoolSort())", 'arity': 2, 'method': 'CollidingClose(Entity, Entity)', 'function': 'logicity.utils.pred_converter.z3.CollidingClose'}
- Stop: {'instance': "Function('Stop', entity_sorts['Entity'], BoolSort())", 'arity': 1, 'method': 'Stop(Entity)', 'function': 'None'}
- Fast: {'instance': "Function('Fast', entity_sorts['Entity'], BoolSort())", 'arity': 1, 'method': 'Fast(Entity)', 'function': 'None'}
- Normal: {'instance': "Function('Normal', entity_sorts['Entity'], BoolSort())", 'arity': 1, 'method': 'Normal(Entity)', 'function': 'None'}
- Slow: {'instance': "Function('Slow', entity_sorts['Entity'], BoolSort())", 'arity': 1, 'method': 'Slow(Entity)', 'function': 'None'}
2026-05-22 21:12:40 [INFO]: *** Sim Rule ***: Stop -> 
 Stop(entity) == Exists(
  [dummyEntity], 
  Or(
    And(
      IsAtInter(entity), 
      IsInInter(dummyEntity), 
    ),
    And(
      IsAtInter(entity), 
      IsAtInter(dummyEntity), 
      HigherPri(dummyEntity, entity),
    ),
    CollidingClose(entity, dummyEntity)
  )
)

2026-05-22 21:12:40 [INFO]: *** Task Rule ***: Collision and Intersection -> 
 Implies(Exists(
  [dummyEntity], 
    Or(
      And(
        IsAtInter(entity), 
        IsInInter(dummyEntity), 
      ),
      And(
        IsAtInter(entity), 
        IsAtInter(dummyEntity), 
        HigherPri(dummyEntity, entity),
      ),
      CollidingClose(entity, dummyEntity)
    )
  ),
  Stop(entity)
)

2026-05-22 21:12:40 [INFO]: *** Expert Rule ***: Stop -> 
 Stop(entity) == Exists(
[dummyEntity], 
  Or(
    And(
      IsAtInter(entity), 
      IsInInter(dummyEntity), 
    ),
    And(
      IsAtInter(entity), 
      IsAtInter(dummyEntity), 
      HigherPri(dummyEntity, entity),
    ),
    CollidingClose(entity, dummyEntity)
  )
)

2026-05-22 21:12:40 [INFO]: *** Expert Rule ***: Slow -> 
 Not(Slow(entity))

2026-05-22 21:12:40 [INFO]: *** Expert Rule ***: Fast -> 
 Not(Fast(entity))

2026-05-22 21:12:40 [INFO]: *** Expert Rule ***: Normal -> 
 Normal(entity) == Not(Stop(entity))
2026-05-22 21:12:40 [INFO]: Rules created successfully
2026-05-22 21:12:40 [INFO]: Rules will be grounded later...
2026-05-22 21:12:40 [INFO]: Given Predicates {'IsPedestrian': {'instance': IsPed, 'arity': 1, 'method': 'IsPed(Entity)', 'function': 'logicity.utils.pred_converter.z3.IsPed'}, 'IsCar': {'instance': IsCar, 'arity': 1, 'method': 'IsCar(Entity)', 'function': 'logicity.utils.pred_converter.z3.IsCar'}, 'IsAmbulance': {'instance': IsAmb, 'arity': 1, 'method': 'IsAmb(Entity)', 'function': 'logicity.utils.pred_converter.z3.IsAmb'}, 'IsOld': {'instance': IsOld, 'arity': 1, 'method': 'IsOld(Entity)', 'function': 'logicity.utils.pred_converter.z3.IsOld'}, 'IsTiro': {'instance': IsTiro, 'arity': 1, 'method': 'IsTiro(Entity)', 'function': 'logicity.utils.pred_converter.z3.IsTiro'}, 'IsAtInter': {'instance': IsAtInter, 'arity': 1, 'method': 'IsAtInter(Entity)', 'function': 'logicity.utils.pred_converter.z3.IsAtInter'}, 'IsInInter': {'instance': IsInInter, 'arity': 1, 'method': 'IsInInter(Entity)', 'function': 'logicity.utils.pred_converter.z3.IsInInter'}, 'HigherPri': {'instance': HigherPri, 'arity': 2, 'method': 'HigherPri(Entity, Entity)', 'function': 'logicity.utils.pred_converter.z3.HigherPri'}, 'CollidingClose': {'instance': CollidingClose, 'arity': 2, 'method': 'CollidingClose(Entity, Entity)', 'function': 'logicity.utils.pred_converter.z3.CollidingClose'}, 'Stop': {'instance': Stop, 'arity': 1, 'method': 'Stop(Entity)', 'function': 'None'}, 'Fast': {'instance': Fast, 'arity': 1, 'method': 'Fast(Entity)', 'function': 'None'}, 'Normal': {'instance': Normal, 'arity': 1, 'method': 'Normal(Entity)', 'function': 'None'}, 'Slow': {'instance': Slow, 'arity': 1, 'method': 'Slow(Entity)', 'function': 'None'}}, the FOV entities {'Entity': 3}, The logic grounding shape is: 39
2026-05-22 21:12:40 [INFO]: Local planner constructed!
2026-05-22 21:12:40 [INFO]: Constructing 22 streets
2026-05-22 21:12:40 [INFO]: Constructing 16 buildings
2026-05-22 21:12:41 [INFO]: Adding 4 agents, they are constrained in 103 region
2026-05-22 21:12:42 [INFO]: Car_1 initialization done!
2026-05-22 21:12:42 [INFO]: Pedestrian_1 initialization done!
2026-05-22 21:12:42 [INFO]: Car_2 initialization done!
2026-05-22 21:12:43 [INFO]: Car_3 initialization done!
2026-05-22 21:12:43 [INFO]: Done!
2026-05-22 21:12:43 [INFO]: ***Init RL Agent in Env***
2026-05-22 21:12:52 [INFO]: will reset agent by success
2026-05-22 21:12:52 [INFO]: ***Reset RL Agent in Env***
2026-05-22 21:12:53 [INFO]: Car_1 initialization done!
2026-05-22 21:12:53 [INFO]: Pedestrian_1 initialization done!
2026-05-22 21:12:53 [INFO]: Car_2 initialization done!
2026-05-22 21:12:54 [INFO]: Car_3 initialization done!
2026-05-22 21:12:54 [INFO]: Agent reset priority to 1/4
2026-05-22 21:12:54 [INFO]: Agent reset concepts to {'type': 'Car', 'priority': 1}
2026-05-22 21:12:54 [INFO]: Episode 0 success.
2026-05-22 21:12:54 [INFO]: Episode 0 achieved a score of 4.490000000000002
2026-05-22 21:12:54 [INFO]: Episode 0 Success: 1
2026-05-22 21:12:54 [INFO]: Episode 0 Decision Step: {3: 0}
2026-05-22 21:12:54 [INFO]: Episode 0 Success Decision: {3: 0}
2026-05-22 21:12:54 [INFO]: Evaluating episode 1...
2026-05-22 21:12:54 [INFO]: Episode label: {'oracle_step': 28, 'stop_count': 0, 'has_stop': False, 'ego_crosses': True, 'ego_eta': 24, 'ego_direction': 'right', 'other_crosses': 3, 'close_other_count': 0, 'pedestrian_close': None, 'conflicting_approach': False, 'total_crosses': 4}
2026-05-22 21:12:54 [INFO]: Get map info from config/maps/square_2x2.yaml
2026-05-22 21:12:54 [INFO]: Get agent info from config/agents/easy_lite/val.yaml
2026-05-22 21:12:54 [INFO]: Get onology and rules info from config/rules/ontology_easy.yaml, config/rules/Nav/easy/expert.yaml
2026-05-22 21:12:54 [INFO]: Number of Entity Types: 1
Entity Types:
- Entity
2026-05-22 21:12:54 [INFO]: Number of Predicates: 13
Predicates:
- IsPedestrian: {'instance': "Function('IsPed', entity_sorts['Entity'], BoolSort())", 'arity': 1, 'method': 'IsPed(Entity)', 'function': 'logicity.utils.pred_converter.z3.IsPed'}
- IsCar: {'instance': "Function('IsCar', entity_sorts['Entity'], BoolSort())", 'arity': 1, 'method': 'IsCar(Entity)', 'function': 'logicity.utils.pred_converter.z3.IsCar'}
- IsAmbulance: {'instance': "Function('IsAmb', entity_sorts['Entity'], BoolSort())", 'arity': 1, 'method': 'IsAmb(Entity)', 'function': 'logicity.utils.pred_converter.z3.IsAmb'}
- IsOld: {'instance': "Function('IsOld', entity_sorts['Entity'], BoolSort())", 'arity': 1, 'method': 'IsOld(Entity)', 'function': 'logicity.utils.pred_converter.z3.IsOld'}
- IsTiro: {'instance': "Function('IsTiro', entity_sorts['Entity'], BoolSort())", 'arity': 1, 'method': 'IsTiro(Entity)', 'function': 'logicity.utils.pred_converter.z3.IsTiro'}
- IsAtInter: {'instance': "Function('IsAtInter', entity_sorts['Entity'], BoolSort())", 'arity': 1, 'method': 'IsAtInter(Entity)', 'function': 'logicity.utils.pred_converter.z3.IsAtInter'}
- IsInInter: {'instance': "Function('IsInInter', entity_sorts['Entity'], BoolSort())", 'arity': 1, 'method': 'IsInInter(Entity)', 'function': 'logicity.utils.pred_converter.z3.IsInInter'}
- HigherPri: {'instance': "Function('HigherPri', entity_sorts['Entity'], entity_sorts['Entity'], BoolSort())", 'arity': 2, 'method': 'HigherPri(Entity, Entity)', 'function': 'logicity.utils.pred_converter.z3.HigherPri'}
- CollidingClose: {'instance': "Function('CollidingClose', entity_sorts['Entity'], entity_sorts['Entity'], BoolSort())", 'arity': 2, 'method': 'CollidingClose(Entity, Entity)', 'function': 'logicity.utils.pred_converter.z3.CollidingClose'}
- Stop: {'instance': "Function('Stop', entity_sorts['Entity'], BoolSort())", 'arity': 1, 'method': 'Stop(Entity)', 'function': 'None'}
- Fast: {'instance': "Function('Fast', entity_sorts['Entity'], BoolSort())", 'arity': 1, 'method': 'Fast(Entity)', 'function': 'None'}
- Normal: {'instance': "Function('Normal', entity_sorts['Entity'], BoolSort())", 'arity': 1, 'method': 'Normal(Entity)', 'function': 'None'}
- Slow: {'instance': "Function('Slow', entity_sorts['Entity'], BoolSort())", 'arity': 1, 'method': 'Slow(Entity)', 'function': 'None'}
2026-05-22 21:12:54 [INFO]: *** Sim Rule ***: Stop -> 
 Stop(entity) == Exists(
  [dummyEntity], 
  Or(
    And(
      IsAtInter(entity), 
      IsInInter(dummyEntity), 
    ),
    And(
      IsAtInter(entity), 
      IsAtInter(dummyEntity), 
      HigherPri(dummyEntity, entity),
    ),
    CollidingClose(entity, dummyEntity)
  )
)

2026-05-22 21:12:54 [INFO]: *** Task Rule ***: Collision and Intersection -> 
 Implies(Exists(
  [dummyEntity], 
    Or(
      And(
        IsAtInter(entity), 
        IsInInter(dummyEntity), 
      ),
      And(
        IsAtInter(entity), 
        IsAtInter(dummyEntity), 
        HigherPri(dummyEntity, entity),
      ),
      CollidingClose(entity, dummyEntity)
    )
  ),
  Stop(entity)
)

2026-05-22 21:12:54 [INFO]: *** Expert Rule ***: Stop -> 
 Stop(entity) == Exists(
[dummyEntity], 
  Or(
    And(
      IsAtInter(entity), 
      IsInInter(dummyEntity), 
    ),
    And(
      IsAtInter(entity), 
      IsAtInter(dummyEntity), 
      HigherPri(dummyEntity, entity),
    ),
    CollidingClose(entity, dummyEntity)
  )
)

2026-05-22 21:12:54 [INFO]: *** Expert Rule ***: Slow -> 
 Not(Slow(entity))

2026-05-22 21:12:54 [INFO]: *** Expert Rule ***: Fast -> 
 Not(Fast(entity))

2026-05-22 21:12:54 [INFO]: *** Expert Rule ***: Normal -> 
 Normal(entity) == Not(Stop(entity))
2026-05-22 21:12:54 [INFO]: Rules created successfully
2026-05-22 21:12:54 [INFO]: Rules will be grounded later...
2026-05-22 21:12:54 [INFO]: Given Predicates {'IsPedestrian': {'instance': IsPed, 'arity': 1, 'method': 'IsPed(Entity)', 'function': 'logicity.utils.pred_converter.z3.IsPed'}, 'IsCar': {'instance': IsCar, 'arity': 1, 'method': 'IsCar(Entity)', 'function': 'logicity.utils.pred_converter.z3.IsCar'}, 'IsAmbulance': {'instance': IsAmb, 'arity': 1, 'method': 'IsAmb(Entity)', 'function': 'logicity.utils.pred_converter.z3.IsAmb'}, 'IsOld': {'instance': IsOld, 'arity': 1, 'method': 'IsOld(Entity)', 'function': 'logicity.utils.pred_converter.z3.IsOld'}, 'IsTiro': {'instance': IsTiro, 'arity': 1, 'method': 'IsTiro(Entity)', 'function': 'logicity.utils.pred_converter.z3.IsTiro'}, 'IsAtInter': {'instance': IsAtInter, 'arity': 1, 'method': 'IsAtInter(Entity)', 'function': 'logicity.utils.pred_converter.z3.IsAtInter'}, 'IsInInter': {'instance': IsInInter, 'arity': 1, 'method': 'IsInInter(Entity)', 'function': 'logicity.utils.pred_converter.z3.IsInInter'}, 'HigherPri': {'instance': HigherPri, 'arity': 2, 'method': 'HigherPri(Entity, Entity)', 'function': 'logicity.utils.pred_converter.z3.HigherPri'}, 'CollidingClose': {'instance': CollidingClose, 'arity': 2, 'method': 'CollidingClose(Entity, Entity)', 'function': 'logicity.utils.pred_converter.z3.CollidingClose'}, 'Stop': {'instance': Stop, 'arity': 1, 'method': 'Stop(Entity)', 'function': 'None'}, 'Fast': {'instance': Fast, 'arity': 1, 'method': 'Fast(Entity)', 'function': 'None'}, 'Normal': {'instance': Normal, 'arity': 1, 'method': 'Normal(Entity)', 'function': 'None'}, 'Slow': {'instance': Slow, 'arity': 1, 'method': 'Slow(Entity)', 'function': 'None'}}, the FOV entities {'Entity': 3}, The logic grounding shape is: 39
2026-05-22 21:12:54 [INFO]: Local planner constructed!
2026-05-22 21:12:54 [INFO]: Constructing 22 streets
2026-05-22 21:12:55 [INFO]: Constructing 16 buildings
2026-05-22 21:12:55 [INFO]: Adding 4 agents, they are constrained in 103 region
2026-05-22 21:12:56 [INFO]: Car_1 initialization done!
2026-05-22 21:12:56 [INFO]: Pedestrian_1 initialization done!
2026-05-22 21:12:56 [INFO]: Car_2 initialization done!
2026-05-22 21:12:57 [INFO]: Car_3 initialization done!
2026-05-22 21:12:57 [INFO]: Done!
2026-05-22 21:12:57 [INFO]: ***Init RL Agent in Env***
2026-05-22 21:13:02 [INFO]: will reset agent by success
2026-05-22 21:13:02 [INFO]: ***Reset RL Agent in Env***
2026-05-22 21:13:02 [INFO]: Car_1 initialization done!
2026-05-22 21:13:02 [INFO]: Pedestrian_1 initialization done!
2026-05-22 21:13:03 [INFO]: Car_2 initialization done!
2026-05-22 21:13:04 [INFO]: Car_3 initialization done!
2026-05-22 21:13:04 [INFO]: Agent reset priority to 3/4
2026-05-22 21:13:04 [INFO]: Agent reset concepts to {'type': 'Car', 'priority': 3}
2026-05-22 21:13:04 [INFO]: Episode 1 success.
2026-05-22 21:13:04 [INFO]: Episode 1 achieved a score of 3.3500000000000014
2026-05-22 21:13:04 [INFO]: Episode 1 Success: 1
2026-05-22 21:13:04 [INFO]: Episode 1 Decision Step: {3: 0}
2026-05-22 21:13:04 [INFO]: Episode 1 Success Decision: {3: 0}
2026-05-22 21:13:04 [INFO]: Evaluating episode 2...
2026-05-22 21:13:04 [INFO]: Episode label: {'oracle_step': 56, 'stop_count': 0, 'has_stop': False, 'ego_crosses': True, 'ego_eta': 55, 'ego_direction': 'up', 'other_crosses': 3, 'close_other_count': 0, 'pedestrian_close': None, 'conflicting_approach': False, 'total_crosses': 4}
2026-05-22 21:13:04 [INFO]: Get map info from config/maps/square_2x2.yaml
2026-05-22 21:13:04 [INFO]: Get agent info from config/agents/easy_lite/val.yaml
2026-05-22 21:13:04 [INFO]: Get onology and rules info from config/rules/ontology_easy.yaml, config/rules/Nav/easy/expert.yaml
2026-05-22 21:13:04 [INFO]: Number of Entity Types: 1
Entity Types:
- Entity
2026-05-22 21:13:04 [INFO]: Number of Predicates: 13
Predicates:
- IsPedestrian: {'instance': "Function('IsPed', entity_sorts['Entity'], BoolSort())", 'arity': 1, 'method': 'IsPed(Entity)', 'function': 'logicity.utils.pred_converter.z3.IsPed'}
- IsCar: {'instance': "Function('IsCar', entity_sorts['Entity'], BoolSort())", 'arity': 1, 'method': 'IsCar(Entity)', 'function': 'logicity.utils.pred_converter.z3.IsCar'}
- IsAmbulance: {'instance': "Function('IsAmb', entity_sorts['Entity'], BoolSort())", 'arity': 1, 'method': 'IsAmb(Entity)', 'function': 'logicity.utils.pred_converter.z3.IsAmb'}
- IsOld: {'instance': "Function('IsOld', entity_sorts['Entity'], BoolSort())", 'arity': 1, 'method': 'IsOld(Entity)', 'function': 'logicity.utils.pred_converter.z3.IsOld'}
- IsTiro: {'instance': "Function('IsTiro', entity_sorts['Entity'], BoolSort())", 'arity': 1, 'method': 'IsTiro(Entity)', 'function': 'logicity.utils.pred_converter.z3.IsTiro'}
- IsAtInter: {'instance': "Function('IsAtInter', entity_sorts['Entity'], BoolSort())", 'arity': 1, 'method': 'IsAtInter(Entity)', 'function': 'logicity.utils.pred_converter.z3.IsAtInter'}
- IsInInter: {'instance': "Function('IsInInter', entity_sorts['Entity'], BoolSort())", 'arity': 1, 'method': 'IsInInter(Entity)', 'function': 'logicity.utils.pred_converter.z3.IsInInter'}
- HigherPri: {'instance': "Function('HigherPri', entity_sorts['Entity'], entity_sorts['Entity'], BoolSort())", 'arity': 2, 'method': 'HigherPri(Entity, Entity)', 'function': 'logicity.utils.pred_converter.z3.HigherPri'}
- CollidingClose: {'instance': "Function('CollidingClose', entity_sorts['Entity'], entity_sorts['Entity'], BoolSort())", 'arity': 2, 'method': 'CollidingClose(Entity, Entity)', 'function': 'logicity.utils.pred_converter.z3.CollidingClose'}
- Stop: {'instance': "Function('Stop', entity_sorts['Entity'], BoolSort())", 'arity': 1, 'method': 'Stop(Entity)', 'function': 'None'}
- Fast: {'instance': "Function('Fast', entity_sorts['Entity'], BoolSort())", 'arity': 1, 'method': 'Fast(Entity)', 'function': 'None'}
- Normal: {'instance': "Function('Normal', entity_sorts['Entity'], BoolSort())", 'arity': 1, 'method': 'Normal(Entity)', 'function': 'None'}
- Slow: {'instance': "Function('Slow', entity_sorts['Entity'], BoolSort())", 'arity': 1, 'method': 'Slow(Entity)', 'function': 'None'}
2026-05-22 21:13:04 [INFO]: *** Sim Rule ***: Stop -> 
 Stop(entity) == Exists(
  [dummyEntity], 
  Or(
    And(
      IsAtInter(entity), 
      IsInInter(dummyEntity), 
    ),
    And(
      IsAtInter(entity), 
      IsAtInter(dummyEntity), 
      HigherPri(dummyEntity, entity),
    ),
    CollidingClose(entity, dummyEntity)
  )
)

2026-05-22 21:13:04 [INFO]: *** Task Rule ***: Collision and Intersection -> 
 Implies(Exists(
  [dummyEntity], 
    Or(
      And(
        IsAtInter(entity), 
        IsInInter(dummyEntity), 
      ),
      And(
        IsAtInter(entity), 
        IsAtInter(dummyEntity), 
        HigherPri(dummyEntity, entity),
      ),
      CollidingClose(entity, dummyEntity)
    )
  ),
  Stop(entity)
)

2026-05-22 21:13:04 [INFO]: *** Expert Rule ***: Stop -> 
 Stop(entity) == Exists(
[dummyEntity], 
  Or(
    And(
      IsAtInter(entity), 
      IsInInter(dummyEntity), 
    ),
    And(
      IsAtInter(entity), 
      IsAtInter(dummyEntity), 
      HigherPri(dummyEntity, entity),
    ),
    CollidingClose(entity, dummyEntity)
  )
)

2026-05-22 21:13:04 [INFO]: *** Expert Rule ***: Slow -> 
 Not(Slow(entity))

2026-05-22 21:13:04 [INFO]: *** Expert Rule ***: Fast -> 
 Not(Fast(entity))

2026-05-22 21:13:04 [INFO]: *** Expert Rule ***: Normal -> 
 Normal(entity) == Not(Stop(entity))
2026-05-22 21:13:04 [INFO]: Rules created successfully
2026-05-22 21:13:04 [INFO]: Rules will be grounded later...
2026-05-22 21:13:04 [INFO]: Given Predicates {'IsPedestrian': {'instance': IsPed, 'arity': 1, 'method': 'IsPed(Entity)', 'function': 'logicity.utils.pred_converter.z3.IsPed'}, 'IsCar': {'instance': IsCar, 'arity': 1, 'method': 'IsCar(Entity)', 'function': 'logicity.utils.pred_converter.z3.IsCar'}, 'IsAmbulance': {'instance': IsAmb, 'arity': 1, 'method': 'IsAmb(Entity)', 'function': 'logicity.utils.pred_converter.z3.IsAmb'}, 'IsOld': {'instance': IsOld, 'arity': 1, 'method': 'IsOld(Entity)', 'function': 'logicity.utils.pred_converter.z3.IsOld'}, 'IsTiro': {'instance': IsTiro, 'arity': 1, 'method': 'IsTiro(Entity)', 'function': 'logicity.utils.pred_converter.z3.IsTiro'}, 'IsAtInter': {'instance': IsAtInter, 'arity': 1, 'method': 'IsAtInter(Entity)', 'function': 'logicity.utils.pred_converter.z3.IsAtInter'}, 'IsInInter': {'instance': IsInInter, 'arity': 1, 'method': 'IsInInter(Entity)', 'function': 'logicity.utils.pred_converter.z3.IsInInter'}, 'HigherPri': {'instance': HigherPri, 'arity': 2, 'method': 'HigherPri(Entity, Entity)', 'function': 'logicity.utils.pred_converter.z3.HigherPri'}, 'CollidingClose': {'instance': CollidingClose, 'arity': 2, 'method': 'CollidingClose(Entity, Entity)', 'function': 'logicity.utils.pred_converter.z3.CollidingClose'}, 'Stop': {'instance': Stop, 'arity': 1, 'method': 'Stop(Entity)', 'function': 'None'}, 'Fast': {'instance': Fast, 'arity': 1, 'method': 'Fast(Entity)', 'function': 'None'}, 'Normal': {'instance': Normal, 'arity': 1, 'method': 'Normal(Entity)', 'function': 'None'}, 'Slow': {'instance': Slow, 'arity': 1, 'method': 'Slow(Entity)', 'function': 'None'}}, the FOV entities {'Entity': 3}, The logic grounding shape is: 39
2026-05-22 21:13:04 [INFO]: Local planner constructed!
2026-05-22 21:13:04 [INFO]: Constructing 22 streets
2026-05-22 21:13:05 [INFO]: Constructing 16 buildings
2026-05-22 21:13:05 [INFO]: Adding 4 agents, they are constrained in 103 region
2026-05-22 21:13:06 [INFO]: Car_1 initialization done!
2026-05-22 21:13:06 [INFO]: Pedestrian_1 initialization done!
2026-05-22 21:13:06 [INFO]: Car_2 initialization done!
2026-05-22 21:13:07 [INFO]: Car_3 initialization done!
2026-05-22 21:13:07 [INFO]: Done!
2026-05-22 21:13:07 [INFO]: ***Init RL Agent in Env***
2026-05-22 21:13:15 [INFO]: will reset agent by success
2026-05-22 21:13:15 [INFO]: ***Reset RL Agent in Env***
2026-05-22 21:13:15 [INFO]: Car_1 initialization done!
2026-05-22 21:13:15 [INFO]: Pedestrian_1 initialization done!
2026-05-22 21:13:16 [INFO]: Car_2 initialization done!
2026-05-22 21:13:17 [INFO]: Car_3 initialization done!
2026-05-22 21:13:17 [INFO]: Agent reset priority to 3/4
2026-05-22 21:13:17 [INFO]: Agent reset concepts to {'type': 'Car', 'priority': 3}
2026-05-22 21:13:17 [INFO]: Episode 2 success.
2026-05-22 21:13:17 [INFO]: Episode 2 achieved a score of 5.910000000000001
2026-05-22 21:13:17 [INFO]: Episode 2 Success: 1
2026-05-22 21:13:17 [INFO]: Episode 2 Decision Step: {3: 0}
2026-05-22 21:13:17 [INFO]: Episode 2 Success Decision: {3: 0}
2026-05-22 21:13:17 [INFO]: Evaluating episode 3...
2026-05-22 21:13:17 [INFO]: Episode label: {'oracle_step': 41, 'stop_count': 0, 'has_stop': False, 'ego_crosses': True, 'ego_eta': 52, 'ego_direction': 'left', 'other_crosses': 3, 'close_other_count': 0, 'pedestrian_close': None, 'conflicting_approach': False, 'total_crosses': 4}
2026-05-22 21:13:17 [INFO]: Get map info from config/maps/square_2x2.yaml
2026-05-22 21:13:17 [INFO]: Get agent info from config/agents/easy_lite/val.yaml
2026-05-22 21:13:17 [INFO]: Get onology and rules info from config/rules/ontology_easy.yaml, config/rules/Nav/easy/expert.yaml
2026-05-22 21:13:17 [INFO]: Number of Entity Types: 1
Entity Types:
- Entity
2026-05-22 21:13:17 [INFO]: Number of Predicates: 13
Predicates:
- IsPedestrian: {'instance': "Function('IsPed', entity_sorts['Entity'], BoolSort())", 'arity': 1, 'method': 'IsPed(Entity)', 'function': 'logicity.utils.pred_converter.z3.IsPed'}
- IsCar: {'instance': "Function('IsCar', entity_sorts['Entity'], BoolSort())", 'arity': 1, 'method': 'IsCar(Entity)', 'function': 'logicity.utils.pred_converter.z3.IsCar'}
- IsAmbulance: {'instance': "Function('IsAmb', entity_sorts['Entity'], BoolSort())", 'arity': 1, 'method': 'IsAmb(Entity)', 'function': 'logicity.utils.pred_converter.z3.IsAmb'}
- IsOld: {'instance': "Function('IsOld', entity_sorts['Entity'], BoolSort())", 'arity': 1, 'method': 'IsOld(Entity)', 'function': 'logicity.utils.pred_converter.z3.IsOld'}
- IsTiro: {'instance': "Function('IsTiro', entity_sorts['Entity'], BoolSort())", 'arity': 1, 'method': 'IsTiro(Entity)', 'function': 'logicity.utils.pred_converter.z3.IsTiro'}
- IsAtInter: {'instance': "Function('IsAtInter', entity_sorts['Entity'], BoolSort())", 'arity': 1, 'method': 'IsAtInter(Entity)', 'function': 'logicity.utils.pred_converter.z3.IsAtInter'}
- IsInInter: {'instance': "Function('IsInInter', entity_sorts['Entity'], BoolSort())", 'arity': 1, 'method': 'IsInInter(Entity)', 'function': 'logicity.utils.pred_converter.z3.IsInInter'}
- HigherPri: {'instance': "Function('HigherPri', entity_sorts['Entity'], entity_sorts['Entity'], BoolSort())", 'arity': 2, 'method': 'HigherPri(Entity, Entity)', 'function': 'logicity.utils.pred_converter.z3.HigherPri'}
- CollidingClose: {'instance': "Function('CollidingClose', entity_sorts['Entity'], entity_sorts['Entity'], BoolSort())", 'arity': 2, 'method': 'CollidingClose(Entity, Entity)', 'function': 'logicity.utils.pred_converter.z3.CollidingClose'}
- Stop: {'instance': "Function('Stop', entity_sorts['Entity'], BoolSort())", 'arity': 1, 'method': 'Stop(Entity)', 'function': 'None'}
- Fast: {'instance': "Function('Fast', entity_sorts['Entity'], BoolSort())", 'arity': 1, 'method': 'Fast(Entity)', 'function': 'None'}
- Normal: {'instance': "Function('Normal', entity_sorts['Entity'], BoolSort())", 'arity': 1, 'method': 'Normal(Entity)', 'function': 'None'}
- Slow: {'instance': "Function('Slow', entity_sorts['Entity'], BoolSort())", 'arity': 1, 'method': 'Slow(Entity)', 'function': 'None'}
2026-05-22 21:13:17 [INFO]: *** Sim Rule ***: Stop -> 
 Stop(entity) == Exists(
  [dummyEntity], 
  Or(
    And(
      IsAtInter(entity), 
      IsInInter(dummyEntity), 
    ),
    And(
      IsAtInter(entity), 
      IsAtInter(dummyEntity), 
      HigherPri(dummyEntity, entity),
    ),
    CollidingClose(entity, dummyEntity)
  )
)

2026-05-22 21:13:17 [INFO]: *** Task Rule ***: Collision and Intersection -> 
 Implies(Exists(
  [dummyEntity], 
    Or(
      And(
        IsAtInter(entity), 
        IsInInter(dummyEntity), 
      ),
      And(
        IsAtInter(entity), 
        IsAtInter(dummyEntity), 
        HigherPri(dummyEntity, entity),
      ),
      CollidingClose(entity, dummyEntity)
    )
  ),
  Stop(entity)
)

2026-05-22 21:13:17 [INFO]: *** Expert Rule ***: Stop -> 
 Stop(entity) == Exists(
[dummyEntity], 
  Or(
    And(
      IsAtInter(entity), 
      IsInInter(dummyEntity), 
    ),
    And(
      IsAtInter(entity), 
      IsAtInter(dummyEntity), 
      HigherPri(dummyEntity, entity),
    ),
    CollidingClose(entity, dummyEntity)
  )
)

2026-05-22 21:13:17 [INFO]: *** Expert Rule ***: Slow -> 
 Not(Slow(entity))

2026-05-22 21:13:17 [INFO]: *** Expert Rule ***: Fast -> 
 Not(Fast(entity))

2026-05-22 21:13:17 [INFO]: *** Expert Rule ***: Normal -> 
 Normal(entity) == Not(Stop(entity))
2026-05-22 21:13:17 [INFO]: Rules created successfully
2026-05-22 21:13:17 [INFO]: Rules will be grounded later...
2026-05-22 21:13:17 [INFO]: Given Predicates {'IsPedestrian': {'instance': IsPed, 'arity': 1, 'method': 'IsPed(Entity)', 'function': 'logicity.utils.pred_converter.z3.IsPed'}, 'IsCar': {'instance': IsCar, 'arity': 1, 'method': 'IsCar(Entity)', 'function': 'logicity.utils.pred_converter.z3.IsCar'}, 'IsAmbulance': {'instance': IsAmb, 'arity': 1, 'method': 'IsAmb(Entity)', 'function': 'logicity.utils.pred_converter.z3.IsAmb'}, 'IsOld': {'instance': IsOld, 'arity': 1, 'method': 'IsOld(Entity)', 'function': 'logicity.utils.pred_converter.z3.IsOld'}, 'IsTiro': {'instance': IsTiro, 'arity': 1, 'method': 'IsTiro(Entity)', 'function': 'logicity.utils.pred_converter.z3.IsTiro'}, 'IsAtInter': {'instance': IsAtInter, 'arity': 1, 'method': 'IsAtInter(Entity)', 'function': 'logicity.utils.pred_converter.z3.IsAtInter'}, 'IsInInter': {'instance': IsInInter, 'arity': 1, 'method': 'IsInInter(Entity)', 'function': 'logicity.utils.pred_converter.z3.IsInInter'}, 'HigherPri': {'instance': HigherPri, 'arity': 2, 'method': 'HigherPri(Entity, Entity)', 'function': 'logicity.utils.pred_converter.z3.HigherPri'}, 'CollidingClose': {'instance': CollidingClose, 'arity': 2, 'method': 'CollidingClose(Entity, Entity)', 'function': 'logicity.utils.pred_converter.z3.CollidingClose'}, 'Stop': {'instance': Stop, 'arity': 1, 'method': 'Stop(Entity)', 'function': 'None'}, 'Fast': {'instance': Fast, 'arity': 1, 'method': 'Fast(Entity)', 'function': 'None'}, 'Normal': {'instance': Normal, 'arity': 1, 'method': 'Normal(Entity)', 'function': 'None'}, 'Slow': {'instance': Slow, 'arity': 1, 'method': 'Slow(Entity)', 'function': 'None'}}, the FOV entities {'Entity': 3}, The logic grounding shape is: 39
2026-05-22 21:13:17 [INFO]: Local planner constructed!
2026-05-22 21:13:17 [INFO]: Constructing 22 streets
2026-05-22 21:13:18 [INFO]: Constructing 16 buildings
2026-05-22 21:13:19 [INFO]: Adding 4 agents, they are constrained in 103 region
2026-05-22 21:13:20 [INFO]: Car_1 initialization done!
2026-05-22 21:13:20 [INFO]: Pedestrian_1 initialization done!
2026-05-22 21:13:20 [INFO]: Car_2 initialization done!
2026-05-22 21:13:21 [INFO]: Car_3 initialization done!
2026-05-22 21:13:21 [INFO]: Done!
2026-05-22 21:13:21 [INFO]: ***Init RL Agent in Env***
2026-05-22 21:13:35 [INFO]: will reset agent by success
2026-05-22 21:13:35 [INFO]: ***Reset RL Agent in Env***
2026-05-22 21:13:35 [INFO]: Car_1 initialization done!
2026-05-22 21:13:35 [INFO]: Pedestrian_1 initialization done!
2026-05-22 21:13:36 [INFO]: Car_2 initialization done!
2026-05-22 21:13:37 [INFO]: Car_3 initialization done!
2026-05-22 21:13:37 [INFO]: Agent reset priority to 1/4
2026-05-22 21:13:37 [INFO]: Agent reset concepts to {'type': 'Car', 'priority': 1}
2026-05-22 21:13:37 [INFO]: Episode 3 success.
2026-05-22 21:13:37 [INFO]: Episode 3 achieved a score of 4.370000000000006
2026-05-22 21:13:37 [INFO]: Episode 3 Success: 1
2026-05-22 21:13:37 [INFO]: Episode 3 Decision Step: {3: 1}
2026-05-22 21:13:37 [INFO]: Episode 3 Success Decision: {3: 1}
2026-05-22 21:13:37 [INFO]: Evaluating episode 4...
2026-05-22 21:13:37 [INFO]: Episode label: {'oracle_step': 26, 'stop_count': 0, 'has_stop': False, 'ego_crosses': True, 'ego_eta': 23, 'ego_direction': 'right', 'other_crosses': 3, 'close_other_count': 0, 'pedestrian_close': None, 'conflicting_approach': False, 'total_crosses': 4}
2026-05-22 21:13:37 [INFO]: Get map info from config/maps/square_2x2.yaml
2026-05-22 21:13:37 [INFO]: Get agent info from config/agents/easy_lite/val.yaml
2026-05-22 21:13:37 [INFO]: Get onology and rules info from config/rules/ontology_easy.yaml, config/rules/Nav/easy/expert.yaml
2026-05-22 21:13:37 [INFO]: Number of Entity Types: 1
Entity Types:
- Entity
2026-05-22 21:13:37 [INFO]: Number of Predicates: 13
Predicates:
- IsPedestrian: {'instance': "Function('IsPed', entity_sorts['Entity'], BoolSort())", 'arity': 1, 'method': 'IsPed(Entity)', 'function': 'logicity.utils.pred_converter.z3.IsPed'}
- IsCar: {'instance': "Function('IsCar', entity_sorts['Entity'], BoolSort())", 'arity': 1, 'method': 'IsCar(Entity)', 'function': 'logicity.utils.pred_converter.z3.IsCar'}
- IsAmbulance: {'instance': "Function('IsAmb', entity_sorts['Entity'], BoolSort())", 'arity': 1, 'method': 'IsAmb(Entity)', 'function': 'logicity.utils.pred_converter.z3.IsAmb'}
- IsOld: {'instance': "Function('IsOld', entity_sorts['Entity'], BoolSort())", 'arity': 1, 'method': 'IsOld(Entity)', 'function': 'logicity.utils.pred_converter.z3.IsOld'}
- IsTiro: {'instance': "Function('IsTiro', entity_sorts['Entity'], BoolSort())", 'arity': 1, 'method': 'IsTiro(Entity)', 'function': 'logicity.utils.pred_converter.z3.IsTiro'}
- IsAtInter: {'instance': "Function('IsAtInter', entity_sorts['Entity'], BoolSort())", 'arity': 1, 'method': 'IsAtInter(Entity)', 'function': 'logicity.utils.pred_converter.z3.IsAtInter'}
- IsInInter: {'instance': "Function('IsInInter', entity_sorts['Entity'], BoolSort())", 'arity': 1, 'method': 'IsInInter(Entity)', 'function': 'logicity.utils.pred_converter.z3.IsInInter'}
- HigherPri: {'instance': "Function('HigherPri', entity_sorts['Entity'], entity_sorts['Entity'], BoolSort())", 'arity': 2, 'method': 'HigherPri(Entity, Entity)', 'function': 'logicity.utils.pred_converter.z3.HigherPri'}
- CollidingClose: {'instance': "Function('CollidingClose', entity_sorts['Entity'], entity_sorts['Entity'], BoolSort())", 'arity': 2, 'method': 'CollidingClose(Entity, Entity)', 'function': 'logicity.utils.pred_converter.z3.CollidingClose'}
- Stop: {'instance': "Function('Stop', entity_sorts['Entity'], BoolSort())", 'arity': 1, 'method': 'Stop(Entity)', 'function': 'None'}
- Fast: {'instance': "Function('Fast', entity_sorts['Entity'], BoolSort())", 'arity': 1, 'method': 'Fast(Entity)', 'function': 'None'}
- Normal: {'instance': "Function('Normal', entity_sorts['Entity'], BoolSort())", 'arity': 1, 'method': 'Normal(Entity)', 'function': 'None'}
- Slow: {'instance': "Function('Slow', entity_sorts['Entity'], BoolSort())", 'arity': 1, 'method': 'Slow(Entity)', 'function': 'None'}
2026-05-22 21:13:37 [INFO]: *** Sim Rule ***: Stop -> 
 Stop(entity) == Exists(
  [dummyEntity], 
  Or(
    And(
      IsAtInter(entity), 
      IsInInter(dummyEntity), 
    ),
    And(
      IsAtInter(entity), 
      IsAtInter(dummyEntity), 
      HigherPri(dummyEntity, entity),
    ),
    CollidingClose(entity, dummyEntity)
  )
)

2026-05-22 21:13:37 [INFO]: *** Task Rule ***: Collision and Intersection -> 
 Implies(Exists(
  [dummyEntity], 
    Or(
      And(
        IsAtInter(entity), 
        IsInInter(dummyEntity), 
      ),
      And(
        IsAtInter(entity), 
        IsAtInter(dummyEntity), 
        HigherPri(dummyEntity, entity),
      ),
      CollidingClose(entity, dummyEntity)
    )
  ),
  Stop(entity)
)

2026-05-22 21:13:37 [INFO]: *** Expert Rule ***: Stop -> 
 Stop(entity) == Exists(
[dummyEntity], 
  Or(
    And(
      IsAtInter(entity), 
      IsInInter(dummyEntity), 
    ),
    And(
      IsAtInter(entity), 
      IsAtInter(dummyEntity), 
      HigherPri(dummyEntity, entity),
    ),
    CollidingClose(entity, dummyEntity)
  )
)

2026-05-22 21:13:37 [INFO]: *** Expert Rule ***: Slow -> 
 Not(Slow(entity))

2026-05-22 21:13:37 [INFO]: *** Expert Rule ***: Fast -> 
 Not(Fast(entity))

2026-05-22 21:13:37 [INFO]: *** Expert Rule ***: Normal -> 
 Normal(entity) == Not(Stop(entity))
2026-05-22 21:13:37 [INFO]: Rules created successfully
2026-05-22 21:13:37 [INFO]: Rules will be grounded later...
2026-05-22 21:13:37 [INFO]: Given Predicates {'IsPedestrian': {'instance': IsPed, 'arity': 1, 'method': 'IsPed(Entity)', 'function': 'logicity.utils.pred_converter.z3.IsPed'}, 'IsCar': {'instance': IsCar, 'arity': 1, 'method': 'IsCar(Entity)', 'function': 'logicity.utils.pred_converter.z3.IsCar'}, 'IsAmbulance': {'instance': IsAmb, 'arity': 1, 'method': 'IsAmb(Entity)', 'function': 'logicity.utils.pred_converter.z3.IsAmb'}, 'IsOld': {'instance': IsOld, 'arity': 1, 'method': 'IsOld(Entity)', 'function': 'logicity.utils.pred_converter.z3.IsOld'}, 'IsTiro': {'instance': IsTiro, 'arity': 1, 'method': 'IsTiro(Entity)', 'function': 'logicity.utils.pred_converter.z3.IsTiro'}, 'IsAtInter': {'instance': IsAtInter, 'arity': 1, 'method': 'IsAtInter(Entity)', 'function': 'logicity.utils.pred_converter.z3.IsAtInter'}, 'IsInInter': {'instance': IsInInter, 'arity': 1, 'method': 'IsInInter(Entity)', 'function': 'logicity.utils.pred_converter.z3.IsInInter'}, 'HigherPri': {'instance': HigherPri, 'arity': 2, 'method': 'HigherPri(Entity, Entity)', 'function': 'logicity.utils.pred_converter.z3.HigherPri'}, 'CollidingClose': {'instance': CollidingClose, 'arity': 2, 'method': 'CollidingClose(Entity, Entity)', 'function': 'logicity.utils.pred_converter.z3.CollidingClose'}, 'Stop': {'instance': Stop, 'arity': 1, 'method': 'Stop(Entity)', 'function': 'None'}, 'Fast': {'instance': Fast, 'arity': 1, 'method': 'Fast(Entity)', 'function': 'None'}, 'Normal': {'instance': Normal, 'arity': 1, 'method': 'Normal(Entity)', 'function': 'None'}, 'Slow': {'instance': Slow, 'arity': 1, 'method': 'Slow(Entity)', 'function': 'None'}}, the FOV entities {'Entity': 3}, The logic grounding shape is: 39
2026-05-22 21:13:37 [INFO]: Local planner constructed!
2026-05-22 21:13:37 [INFO]: Constructing 22 streets
2026-05-22 21:13:37 [INFO]: Constructing 16 buildings
2026-05-22 21:13:38 [INFO]: Adding 4 agents, they are constrained in 103 region
2026-05-22 21:13:38 [INFO]: Car_1 initialization done!
2026-05-22 21:13:38 [INFO]: Pedestrian_1 initialization done!
2026-05-22 21:13:39 [INFO]: Car_2 initialization done!
2026-05-22 21:13:39 [INFO]: Car_3 initialization done!
2026-05-22 21:13:39 [INFO]: Done!
2026-05-22 21:13:39 [INFO]: ***Init RL Agent in Env***
2026-05-22 21:13:51 [INFO]: Episode 4 failed.
2026-05-22 21:13:51 [INFO]: Episode 4 achieved a score of -2.4200000000000004
2026-05-22 21:13:51 [INFO]: Episode 4 Success: 0
2026-05-22 21:13:51 [INFO]: Episode 4 Decision Step: {3: 1}
2026-05-22 21:13:51 [INFO]: Episode 4 Success Decision: {3: 1}
2026-05-22 21:13:51 [INFO]: Evaluating episode 5...
2026-05-22 21:13:51 [INFO]: Episode label: {'oracle_step': 51, 'stop_count': 0, 'has_stop': False, 'ego_crosses': True, 'ego_eta': 9, 'ego_direction': 'down', 'other_crosses': 3, 'close_other_count': 0, 'pedestrian_close': None, 'conflicting_approach': False, 'total_crosses': 4}
2026-05-22 21:13:51 [INFO]: Get map info from config/maps/square_2x2.yaml
2026-05-22 21:13:51 [INFO]: Get agent info from config/agents/easy_lite/val.yaml
2026-05-22 21:13:51 [INFO]: Get onology and rules info from config/rules/ontology_easy.yaml, config/rules/Nav/easy/expert.yaml
2026-05-22 21:13:51 [INFO]: Number of Entity Types: 1
Entity Types:
- Entity
2026-05-22 21:13:51 [INFO]: Number of Predicates: 13
Predicates:
- IsPedestrian: {'instance': "Function('IsPed', entity_sorts['Entity'], BoolSort())", 'arity': 1, 'method': 'IsPed(Entity)', 'function': 'logicity.utils.pred_converter.z3.IsPed'}
- IsCar: {'instance': "Function('IsCar', entity_sorts['Entity'], BoolSort())", 'arity': 1, 'method': 'IsCar(Entity)', 'function': 'logicity.utils.pred_converter.z3.IsCar'}
- IsAmbulance: {'instance': "Function('IsAmb', entity_sorts['Entity'], BoolSort())", 'arity': 1, 'method': 'IsAmb(Entity)', 'function': 'logicity.utils.pred_converter.z3.IsAmb'}
- IsOld: {'instance': "Function('IsOld', entity_sorts['Entity'], BoolSort())", 'arity': 1, 'method': 'IsOld(Entity)', 'function': 'logicity.utils.pred_converter.z3.IsOld'}
- IsTiro: {'instance': "Function('IsTiro', entity_sorts['Entity'], BoolSort())", 'arity': 1, 'method': 'IsTiro(Entity)', 'function': 'logicity.utils.pred_converter.z3.IsTiro'}
- IsAtInter: {'instance': "Function('IsAtInter', entity_sorts['Entity'], BoolSort())", 'arity': 1, 'method': 'IsAtInter(Entity)', 'function': 'logicity.utils.pred_converter.z3.IsAtInter'}
- IsInInter: {'instance': "Function('IsInInter', entity_sorts['Entity'], BoolSort())", 'arity': 1, 'method': 'IsInInter(Entity)', 'function': 'logicity.utils.pred_converter.z3.IsInInter'}
- HigherPri: {'instance': "Function('HigherPri', entity_sorts['Entity'], entity_sorts['Entity'], BoolSort())", 'arity': 2, 'method': 'HigherPri(Entity, Entity)', 'function': 'logicity.utils.pred_converter.z3.HigherPri'}
- CollidingClose: {'instance': "Function('CollidingClose', entity_sorts['Entity'], entity_sorts['Entity'], BoolSort())", 'arity': 2, 'method': 'CollidingClose(Entity, Entity)', 'function': 'logicity.utils.pred_converter.z3.CollidingClose'}
- Stop: {'instance': "Function('Stop', entity_sorts['Entity'], BoolSort())", 'arity': 1, 'method': 'Stop(Entity)', 'function': 'None'}
- Fast: {'instance': "Function('Fast', entity_sorts['Entity'], BoolSort())", 'arity': 1, 'method': 'Fast(Entity)', 'function': 'None'}
- Normal: {'instance': "Function('Normal', entity_sorts['Entity'], BoolSort())", 'arity': 1, 'method': 'Normal(Entity)', 'function': 'None'}
- Slow: {'instance': "Function('Slow', entity_sorts['Entity'], BoolSort())", 'arity': 1, 'method': 'Slow(Entity)', 'function': 'None'}
2026-05-22 21:13:51 [INFO]: *** Sim Rule ***: Stop -> 
 Stop(entity) == Exists(
  [dummyEntity], 
  Or(
    And(
      IsAtInter(entity), 
      IsInInter(dummyEntity), 
    ),
    And(
      IsAtInter(entity), 
      IsAtInter(dummyEntity), 
      HigherPri(dummyEntity, entity),
    ),
    CollidingClose(entity, dummyEntity)
  )
)

2026-05-22 21:13:51 [INFO]: *** Task Rule ***: Collision and Intersection -> 
 Implies(Exists(
  [dummyEntity], 
    Or(
      And(
        IsAtInter(entity), 
        IsInInter(dummyEntity), 
      ),
      And(
        IsAtInter(entity), 
        IsAtInter(dummyEntity), 
        HigherPri(dummyEntity, entity),
      ),
      CollidingClose(entity, dummyEntity)
    )
  ),
  Stop(entity)
)

2026-05-22 21:13:51 [INFO]: *** Expert Rule ***: Stop -> 
 Stop(entity) == Exists(
[dummyEntity], 
  Or(
    And(
      IsAtInter(entity), 
      IsInInter(dummyEntity), 
    ),
    And(
      IsAtInter(entity), 
      IsAtInter(dummyEntity), 
      HigherPri(dummyEntity, entity),
    ),
    CollidingClose(entity, dummyEntity)
  )
)

2026-05-22 21:13:51 [INFO]: *** Expert Rule ***: Slow -> 
 Not(Slow(entity))

2026-05-22 21:13:51 [INFO]: *** Expert Rule ***: Fast -> 
 Not(Fast(entity))

2026-05-22 21:13:51 [INFO]: *** Expert Rule ***: Normal -> 
 Normal(entity) == Not(Stop(entity))
2026-05-22 21:13:51 [INFO]: Rules created successfully
2026-05-22 21:13:51 [INFO]: Rules will be grounded later...
2026-05-22 21:13:51 [INFO]: Given Predicates {'IsPedestrian': {'instance': IsPed, 'arity': 1, 'method': 'IsPed(Entity)', 'function': 'logicity.utils.pred_converter.z3.IsPed'}, 'IsCar': {'instance': IsCar, 'arity': 1, 'method': 'IsCar(Entity)', 'function': 'logicity.utils.pred_converter.z3.IsCar'}, 'IsAmbulance': {'instance': IsAmb, 'arity': 1, 'method': 'IsAmb(Entity)', 'function': 'logicity.utils.pred_converter.z3.IsAmb'}, 'IsOld': {'instance': IsOld, 'arity': 1, 'method': 'IsOld(Entity)', 'function': 'logicity.utils.pred_converter.z3.IsOld'}, 'IsTiro': {'instance': IsTiro, 'arity': 1, 'method': 'IsTiro(Entity)', 'function': 'logicity.utils.pred_converter.z3.IsTiro'}, 'IsAtInter': {'instance': IsAtInter, 'arity': 1, 'method': 'IsAtInter(Entity)', 'function': 'logicity.utils.pred_converter.z3.IsAtInter'}, 'IsInInter': {'instance': IsInInter, 'arity': 1, 'method': 'IsInInter(Entity)', 'function': 'logicity.utils.pred_converter.z3.IsInInter'}, 'HigherPri': {'instance': HigherPri, 'arity': 2, 'method': 'HigherPri(Entity, Entity)', 'function': 'logicity.utils.pred_converter.z3.HigherPri'}, 'CollidingClose': {'instance': CollidingClose, 'arity': 2, 'method': 'CollidingClose(Entity, Entity)', 'function': 'logicity.utils.pred_converter.z3.CollidingClose'}, 'Stop': {'instance': Stop, 'arity': 1, 'method': 'Stop(Entity)', 'function': 'None'}, 'Fast': {'instance': Fast, 'arity': 1, 'method': 'Fast(Entity)', 'function': 'None'}, 'Normal': {'instance': Normal, 'arity': 1, 'method': 'Normal(Entity)', 'function': 'None'}, 'Slow': {'instance': Slow, 'arity': 1, 'method': 'Slow(Entity)', 'function': 'None'}}, the FOV entities {'Entity': 3}, The logic grounding shape is: 39
2026-05-22 21:13:51 [INFO]: Local planner constructed!
2026-05-22 21:13:51 [INFO]: Constructing 22 streets
2026-05-22 21:13:52 [INFO]: Constructing 16 buildings
2026-05-22 21:13:53 [INFO]: Adding 4 agents, they are constrained in 103 region
2026-05-22 21:13:54 [INFO]: Car_1 initialization done!
2026-05-22 21:13:54 [INFO]: Pedestrian_1 initialization done!
2026-05-22 21:13:55 [INFO]: Car_2 initialization done!
2026-05-22 21:13:56 [INFO]: Car_3 initialization done!
2026-05-22 21:13:56 [INFO]: Done!
2026-05-22 21:13:56 [INFO]: ***Init RL Agent in Env***
2026-05-22 21:14:05 [INFO]: will reset agent by success
2026-05-22 21:14:05 [INFO]: ***Reset RL Agent in Env***
2026-05-22 21:14:06 [INFO]: Car_1 initialization done!
2026-05-22 21:14:06 [INFO]: Pedestrian_1 initialization done!
2026-05-22 21:14:06 [INFO]: Car_2 initialization done!
2026-05-22 21:14:07 [INFO]: Car_3 initialization done!
2026-05-22 21:14:07 [INFO]: Agent reset priority to 2/4
2026-05-22 21:14:07 [INFO]: Agent reset concepts to {'type': 'Car', 'priority': 2}
2026-05-22 21:14:07 [INFO]: Episode 5 success.
2026-05-22 21:14:07 [INFO]: Episode 5 achieved a score of 5.4300000000000015
2026-05-22 21:14:07 [INFO]: Episode 5 Success: 1
2026-05-22 21:14:07 [INFO]: Episode 5 Decision Step: {3: 0}
2026-05-22 21:14:07 [INFO]: Episode 5 Success Decision: {3: 0}
2026-05-22 21:14:07 [INFO]: Evaluating episode 6...
2026-05-22 21:14:07 [INFO]: Episode label: {'oracle_step': 21, 'stop_count': 0, 'has_stop': False, 'ego_crosses': True, 'ego_eta': 11, 'ego_direction': 'right', 'other_crosses': 3, 'close_other_count': 0, 'pedestrian_close': None, 'conflicting_approach': False, 'total_crosses': 4}
2026-05-22 21:14:07 [INFO]: Get map info from config/maps/square_2x2.yaml
2026-05-22 21:14:07 [INFO]: Get agent info from config/agents/easy_lite/val.yaml
2026-05-22 21:14:07 [INFO]: Get onology and rules info from config/rules/ontology_easy.yaml, config/rules/Nav/easy/expert.yaml
2026-05-22 21:14:07 [INFO]: Number of Entity Types: 1
Entity Types:
- Entity
2026-05-22 21:14:07 [INFO]: Number of Predicates: 13
Predicates:
- IsPedestrian: {'instance': "Function('IsPed', entity_sorts['Entity'], BoolSort())", 'arity': 1, 'method': 'IsPed(Entity)', 'function': 'logicity.utils.pred_converter.z3.IsPed'}
- IsCar: {'instance': "Function('IsCar', entity_sorts['Entity'], BoolSort())", 'arity': 1, 'method': 'IsCar(Entity)', 'function': 'logicity.utils.pred_converter.z3.IsCar'}
- IsAmbulance: {'instance': "Function('IsAmb', entity_sorts['Entity'], BoolSort())", 'arity': 1, 'method': 'IsAmb(Entity)', 'function': 'logicity.utils.pred_converter.z3.IsAmb'}
- IsOld: {'instance': "Function('IsOld', entity_sorts['Entity'], BoolSort())", 'arity': 1, 'method': 'IsOld(Entity)', 'function': 'logicity.utils.pred_converter.z3.IsOld'}
- IsTiro: {'instance': "Function('IsTiro', entity_sorts['Entity'], BoolSort())", 'arity': 1, 'method': 'IsTiro(Entity)', 'function': 'logicity.utils.pred_converter.z3.IsTiro'}
- IsAtInter: {'instance': "Function('IsAtInter', entity_sorts['Entity'], BoolSort())", 'arity': 1, 'method': 'IsAtInter(Entity)', 'function': 'logicity.utils.pred_converter.z3.IsAtInter'}
- IsInInter: {'instance': "Function('IsInInter', entity_sorts['Entity'], BoolSort())", 'arity': 1, 'method': 'IsInInter(Entity)', 'function': 'logicity.utils.pred_converter.z3.IsInInter'}
- HigherPri: {'instance': "Function('HigherPri', entity_sorts['Entity'], entity_sorts['Entity'], BoolSort())", 'arity': 2, 'method': 'HigherPri(Entity, Entity)', 'function': 'logicity.utils.pred_converter.z3.HigherPri'}
- CollidingClose: {'instance': "Function('CollidingClose', entity_sorts['Entity'], entity_sorts['Entity'], BoolSort())", 'arity': 2, 'method': 'CollidingClose(Entity, Entity)', 'function': 'logicity.utils.pred_converter.z3.CollidingClose'}
- Stop: {'instance': "Function('Stop', entity_sorts['Entity'], BoolSort())", 'arity': 1, 'method': 'Stop(Entity)', 'function': 'None'}
- Fast: {'instance': "Function('Fast', entity_sorts['Entity'], BoolSort())", 'arity': 1, 'method': 'Fast(Entity)', 'function': 'None'}
- Normal: {'instance': "Function('Normal', entity_sorts['Entity'], BoolSort())", 'arity': 1, 'method': 'Normal(Entity)', 'function': 'None'}
- Slow: {'instance': "Function('Slow', entity_sorts['Entity'], BoolSort())", 'arity': 1, 'method': 'Slow(Entity)', 'function': 'None'}
2026-05-22 21:14:07 [INFO]: *** Sim Rule ***: Stop -> 
 Stop(entity) == Exists(
  [dummyEntity], 
  Or(
    And(
      IsAtInter(entity), 
      IsInInter(dummyEntity), 
    ),
    And(
      IsAtInter(entity), 
      IsAtInter(dummyEntity), 
      HigherPri(dummyEntity, entity),
    ),
    CollidingClose(entity, dummyEntity)
  )
)

2026-05-22 21:14:07 [INFO]: *** Task Rule ***: Collision and Intersection -> 
 Implies(Exists(
  [dummyEntity], 
    Or(
      And(
        IsAtInter(entity), 
        IsInInter(dummyEntity), 
      ),
      And(
        IsAtInter(entity), 
        IsAtInter(dummyEntity), 
        HigherPri(dummyEntity, entity),
      ),
      CollidingClose(entity, dummyEntity)
    )
  ),
  Stop(entity)
)

2026-05-22 21:14:07 [INFO]: *** Expert Rule ***: Stop -> 
 Stop(entity) == Exists(
[dummyEntity], 
  Or(
    And(
      IsAtInter(entity), 
      IsInInter(dummyEntity), 
    ),
    And(
      IsAtInter(entity), 
      IsAtInter(dummyEntity), 
      HigherPri(dummyEntity, entity),
    ),
    CollidingClose(entity, dummyEntity)
  )
)

2026-05-22 21:14:07 [INFO]: *** Expert Rule ***: Slow -> 
 Not(Slow(entity))

2026-05-22 21:14:07 [INFO]: *** Expert Rule ***: Fast -> 
 Not(Fast(entity))

2026-05-22 21:14:07 [INFO]: *** Expert Rule ***: Normal -> 
 Normal(entity) == Not(Stop(entity))
2026-05-22 21:14:07 [INFO]: Rules created successfully
2026-05-22 21:14:07 [INFO]: Rules will be grounded later...
2026-05-22 21:14:07 [INFO]: Given Predicates {'IsPedestrian': {'instance': IsPed, 'arity': 1, 'method': 'IsPed(Entity)', 'function': 'logicity.utils.pred_converter.z3.IsPed'}, 'IsCar': {'instance': IsCar, 'arity': 1, 'method': 'IsCar(Entity)', 'function': 'logicity.utils.pred_converter.z3.IsCar'}, 'IsAmbulance': {'instance': IsAmb, 'arity': 1, 'method': 'IsAmb(Entity)', 'function': 'logicity.utils.pred_converter.z3.IsAmb'}, 'IsOld': {'instance': IsOld, 'arity': 1, 'method': 'IsOld(Entity)', 'function': 'logicity.utils.pred_converter.z3.IsOld'}, 'IsTiro': {'instance': IsTiro, 'arity': 1, 'method': 'IsTiro(Entity)', 'function': 'logicity.utils.pred_converter.z3.IsTiro'}, 'IsAtInter': {'instance': IsAtInter, 'arity': 1, 'method': 'IsAtInter(Entity)', 'function': 'logicity.utils.pred_converter.z3.IsAtInter'}, 'IsInInter': {'instance': IsInInter, 'arity': 1, 'method': 'IsInInter(Entity)', 'function': 'logicity.utils.pred_converter.z3.IsInInter'}, 'HigherPri': {'instance': HigherPri, 'arity': 2, 'method': 'HigherPri(Entity, Entity)', 'function': 'logicity.utils.pred_converter.z3.HigherPri'}, 'CollidingClose': {'instance': CollidingClose, 'arity': 2, 'method': 'CollidingClose(Entity, Entity)', 'function': 'logicity.utils.pred_converter.z3.CollidingClose'}, 'Stop': {'instance': Stop, 'arity': 1, 'method': 'Stop(Entity)', 'function': 'None'}, 'Fast': {'instance': Fast, 'arity': 1, 'method': 'Fast(Entity)', 'function': 'None'}, 'Normal': {'instance': Normal, 'arity': 1, 'method': 'Normal(Entity)', 'function': 'None'}, 'Slow': {'instance': Slow, 'arity': 1, 'method': 'Slow(Entity)', 'function': 'None'}}, the FOV entities {'Entity': 3}, The logic grounding shape is: 39
2026-05-22 21:14:07 [INFO]: Local planner constructed!
2026-05-22 21:14:07 [INFO]: Constructing 22 streets
2026-05-22 21:14:08 [INFO]: Constructing 16 buildings
2026-05-22 21:14:08 [INFO]: Adding 4 agents, they are constrained in 103 region
2026-05-22 21:14:09 [INFO]: Car_1 initialization done!
2026-05-22 21:14:09 [INFO]: Pedestrian_1 initialization done!
2026-05-22 21:14:09 [INFO]: Car_2 initialization done!
2026-05-22 21:14:10 [INFO]: Car_3 initialization done!
2026-05-22 21:14:10 [INFO]: Done!
2026-05-22 21:14:10 [INFO]: ***Init RL Agent in Env***
2026-05-22 21:14:15 [INFO]: will reset agent by success
2026-05-22 21:14:15 [INFO]: ***Reset RL Agent in Env***
2026-05-22 21:14:15 [INFO]: Car_1 initialization done!
2026-05-22 21:14:15 [INFO]: Pedestrian_1 initialization done!
2026-05-22 21:14:16 [INFO]: Car_2 initialization done!
2026-05-22 21:14:16 [INFO]: Car_3 initialization done!
2026-05-22 21:14:16 [INFO]: Agent reset priority to 2/4
2026-05-22 21:14:16 [INFO]: Agent reset concepts to {'type': 'Car', 'priority': 2}
2026-05-22 21:14:16 [INFO]: Episode 6 success.
2026-05-22 21:14:16 [INFO]: Episode 6 achieved a score of 2.6400000000000006
2026-05-22 21:14:16 [INFO]: Episode 6 Success: 1
2026-05-22 21:14:16 [INFO]: Episode 6 Decision Step: {3: 0}
2026-05-22 21:14:16 [INFO]: Episode 6 Success Decision: {3: 0}
2026-05-22 21:14:16 [INFO]: Evaluating episode 7...
2026-05-22 21:14:16 [INFO]: Episode label: {'oracle_step': 83, 'stop_count': 41, 'has_stop': True, 'ego_crosses': True, 'ego_eta': 57, 'ego_direction': 'down', 'other_crosses': 3, 'close_other_count': 0, 'pedestrian_close': None, 'conflicting_approach': False, 'total_crosses': 4}
2026-05-22 21:14:16 [INFO]: Get map info from config/maps/square_2x2.yaml
2026-05-22 21:14:16 [INFO]: Get agent info from config/agents/easy_lite/val.yaml
2026-05-22 21:14:16 [INFO]: Get onology and rules info from config/rules/ontology_easy.yaml, config/rules/Nav/easy/expert.yaml
2026-05-22 21:14:16 [INFO]: Number of Entity Types: 1
Entity Types:
- Entity
2026-05-22 21:14:16 [INFO]: Number of Predicates: 13
Predicates:
- IsPedestrian: {'instance': "Function('IsPed', entity_sorts['Entity'], BoolSort())", 'arity': 1, 'method': 'IsPed(Entity)', 'function': 'logicity.utils.pred_converter.z3.IsPed'}
- IsCar: {'instance': "Function('IsCar', entity_sorts['Entity'], BoolSort())", 'arity': 1, 'method': 'IsCar(Entity)', 'function': 'logicity.utils.pred_converter.z3.IsCar'}
- IsAmbulance: {'instance': "Function('IsAmb', entity_sorts['Entity'], BoolSort())", 'arity': 1, 'method': 'IsAmb(Entity)', 'function': 'logicity.utils.pred_converter.z3.IsAmb'}
- IsOld: {'instance': "Function('IsOld', entity_sorts['Entity'], BoolSort())", 'arity': 1, 'method': 'IsOld(Entity)', 'function': 'logicity.utils.pred_converter.z3.IsOld'}
- IsTiro: {'instance': "Function('IsTiro', entity_sorts['Entity'], BoolSort())", 'arity': 1, 'method': 'IsTiro(Entity)', 'function': 'logicity.utils.pred_converter.z3.IsTiro'}
- IsAtInter: {'instance': "Function('IsAtInter', entity_sorts['Entity'], BoolSort())", 'arity': 1, 'method': 'IsAtInter(Entity)', 'function': 'logicity.utils.pred_converter.z3.IsAtInter'}
- IsInInter: {'instance': "Function('IsInInter', entity_sorts['Entity'], BoolSort())", 'arity': 1, 'method': 'IsInInter(Entity)', 'function': 'logicity.utils.pred_converter.z3.IsInInter'}
- HigherPri: {'instance': "Function('HigherPri', entity_sorts['Entity'], entity_sorts['Entity'], BoolSort())", 'arity': 2, 'method': 'HigherPri(Entity, Entity)', 'function': 'logicity.utils.pred_converter.z3.HigherPri'}
- CollidingClose: {'instance': "Function('CollidingClose', entity_sorts['Entity'], entity_sorts['Entity'], BoolSort())", 'arity': 2, 'method': 'CollidingClose(Entity, Entity)', 'function': 'logicity.utils.pred_converter.z3.CollidingClose'}
- Stop: {'instance': "Function('Stop', entity_sorts['Entity'], BoolSort())", 'arity': 1, 'method': 'Stop(Entity)', 'function': 'None'}
- Fast: {'instance': "Function('Fast', entity_sorts['Entity'], BoolSort())", 'arity': 1, 'method': 'Fast(Entity)', 'function': 'None'}
- Normal: {'instance': "Function('Normal', entity_sorts['Entity'], BoolSort())", 'arity': 1, 'method': 'Normal(Entity)', 'function': 'None'}
- Slow: {'instance': "Function('Slow', entity_sorts['Entity'], BoolSort())", 'arity': 1, 'method': 'Slow(Entity)', 'function': 'None'}
2026-05-22 21:14:16 [INFO]: *** Sim Rule ***: Stop -> 
 Stop(entity) == Exists(
  [dummyEntity], 
  Or(
    And(
      IsAtInter(entity), 
      IsInInter(dummyEntity), 
    ),
    And(
      IsAtInter(entity), 
      IsAtInter(dummyEntity), 
      HigherPri(dummyEntity, entity),
    ),
    CollidingClose(entity, dummyEntity)
  )
)

2026-05-22 21:14:16 [INFO]: *** Task Rule ***: Collision and Intersection -> 
 Implies(Exists(
  [dummyEntity], 
    Or(
      And(
        IsAtInter(entity), 
        IsInInter(dummyEntity), 
      ),
      And(
        IsAtInter(entity), 
        IsAtInter(dummyEntity), 
        HigherPri(dummyEntity, entity),
      ),
      CollidingClose(entity, dummyEntity)
    )
  ),
  Stop(entity)
)

2026-05-22 21:14:16 [INFO]: *** Expert Rule ***: Stop -> 
 Stop(entity) == Exists(
[dummyEntity], 
  Or(
    And(
      IsAtInter(entity), 
      IsInInter(dummyEntity), 
    ),
    And(
      IsAtInter(entity), 
      IsAtInter(dummyEntity), 
      HigherPri(dummyEntity, entity),
    ),
    CollidingClose(entity, dummyEntity)
  )
)

2026-05-22 21:14:16 [INFO]: *** Expert Rule ***: Slow -> 
 Not(Slow(entity))

2026-05-22 21:14:16 [INFO]: *** Expert Rule ***: Fast -> 
 Not(Fast(entity))

2026-05-22 21:14:16 [INFO]: *** Expert Rule ***: Normal -> 
 Normal(entity) == Not(Stop(entity))
2026-05-22 21:14:16 [INFO]: Rules created successfully
2026-05-22 21:14:16 [INFO]: Rules will be grounded later...
2026-05-22 21:14:16 [INFO]: Given Predicates {'IsPedestrian': {'instance': IsPed, 'arity': 1, 'method': 'IsPed(Entity)', 'function': 'logicity.utils.pred_converter.z3.IsPed'}, 'IsCar': {'instance': IsCar, 'arity': 1, 'method': 'IsCar(Entity)', 'function': 'logicity.utils.pred_converter.z3.IsCar'}, 'IsAmbulance': {'instance': IsAmb, 'arity': 1, 'method': 'IsAmb(Entity)', 'function': 'logicity.utils.pred_converter.z3.IsAmb'}, 'IsOld': {'instance': IsOld, 'arity': 1, 'method': 'IsOld(Entity)', 'function': 'logicity.utils.pred_converter.z3.IsOld'}, 'IsTiro': {'instance': IsTiro, 'arity': 1, 'method': 'IsTiro(Entity)', 'function': 'logicity.utils.pred_converter.z3.IsTiro'}, 'IsAtInter': {'instance': IsAtInter, 'arity': 1, 'method': 'IsAtInter(Entity)', 'function': 'logicity.utils.pred_converter.z3.IsAtInter'}, 'IsInInter': {'instance': IsInInter, 'arity': 1, 'method': 'IsInInter(Entity)', 'function': 'logicity.utils.pred_converter.z3.IsInInter'}, 'HigherPri': {'instance': HigherPri, 'arity': 2, 'method': 'HigherPri(Entity, Entity)', 'function': 'logicity.utils.pred_converter.z3.HigherPri'}, 'CollidingClose': {'instance': CollidingClose, 'arity': 2, 'method': 'CollidingClose(Entity, Entity)', 'function': 'logicity.utils.pred_converter.z3.CollidingClose'}, 'Stop': {'instance': Stop, 'arity': 1, 'method': 'Stop(Entity)', 'function': 'None'}, 'Fast': {'instance': Fast, 'arity': 1, 'method': 'Fast(Entity)', 'function': 'None'}, 'Normal': {'instance': Normal, 'arity': 1, 'method': 'Normal(Entity)', 'function': 'None'}, 'Slow': {'instance': Slow, 'arity': 1, 'method': 'Slow(Entity)', 'function': 'None'}}, the FOV entities {'Entity': 3}, The logic grounding shape is: 39
2026-05-22 21:14:16 [INFO]: Local planner constructed!
2026-05-22 21:14:16 [INFO]: Constructing 22 streets
2026-05-22 21:14:17 [INFO]: Constructing 16 buildings
2026-05-22 21:14:17 [INFO]: Adding 4 agents, they are constrained in 103 region
2026-05-22 21:14:18 [INFO]: Car_1 initialization done!
2026-05-22 21:14:18 [INFO]: Pedestrian_1 initialization done!
2026-05-22 21:14:19 [INFO]: Car_2 initialization done!
2026-05-22 21:14:19 [INFO]: Car_3 initialization done!
2026-05-22 21:14:19 [INFO]: Done!
2026-05-22 21:14:19 [INFO]: ***Init RL Agent in Env***
2026-05-22 21:14:40 [INFO]: will reset agent by success
2026-05-22 21:14:40 [INFO]: ***Reset RL Agent in Env***
2026-05-22 21:14:40 [INFO]: Car_1 initialization done!
2026-05-22 21:14:40 [INFO]: Pedestrian_1 initialization done!
2026-05-22 21:14:41 [INFO]: Car_2 initialization done!
2026-05-22 21:14:42 [INFO]: Car_3 initialization done!
2026-05-22 21:14:42 [INFO]: Agent reset priority to 2/4
2026-05-22 21:14:42 [INFO]: Agent reset concepts to {'type': 'Car', 'priority': 2}
2026-05-22 21:14:42 [INFO]: Episode 7 success.
2026-05-22 21:14:42 [INFO]: Episode 7 achieved a score of 4.080000000000012
2026-05-22 21:14:42 [INFO]: Episode 7 Success: 1
2026-05-22 21:14:42 [INFO]: Episode 7 Decision Step: {3: 1}
2026-05-22 21:14:42 [INFO]: Episode 7 Success Decision: {3: 1}
2026-05-22 21:14:42 [INFO]: Evaluating episode 8...
2026-05-22 21:14:42 [INFO]: Episode label: {'oracle_step': 33, 'stop_count': 0, 'has_stop': False, 'ego_crosses': True, 'ego_eta': 9, 'ego_direction': 'down', 'other_crosses': 3, 'close_other_count': 0, 'pedestrian_close': None, 'conflicting_approach': False, 'total_crosses': 4}
2026-05-22 21:14:42 [INFO]: Get map info from config/maps/square_2x2.yaml
2026-05-22 21:14:42 [INFO]: Get agent info from config/agents/easy_lite/val.yaml
2026-05-22 21:14:42 [INFO]: Get onology and rules info from config/rules/ontology_easy.yaml, config/rules/Nav/easy/expert.yaml
2026-05-22 21:14:42 [INFO]: Number of Entity Types: 1
Entity Types:
- Entity
2026-05-22 21:14:42 [INFO]: Number of Predicates: 13
Predicates:
- IsPedestrian: {'instance': "Function('IsPed', entity_sorts['Entity'], BoolSort())", 'arity': 1, 'method': 'IsPed(Entity)', 'function': 'logicity.utils.pred_converter.z3.IsPed'}
- IsCar: {'instance': "Function('IsCar', entity_sorts['Entity'], BoolSort())", 'arity': 1, 'method': 'IsCar(Entity)', 'function': 'logicity.utils.pred_converter.z3.IsCar'}
- IsAmbulance: {'instance': "Function('IsAmb', entity_sorts['Entity'], BoolSort())", 'arity': 1, 'method': 'IsAmb(Entity)', 'function': 'logicity.utils.pred_converter.z3.IsAmb'}
- IsOld: {'instance': "Function('IsOld', entity_sorts['Entity'], BoolSort())", 'arity': 1, 'method': 'IsOld(Entity)', 'function': 'logicity.utils.pred_converter.z3.IsOld'}
- IsTiro: {'instance': "Function('IsTiro', entity_sorts['Entity'], BoolSort())", 'arity': 1, 'method': 'IsTiro(Entity)', 'function': 'logicity.utils.pred_converter.z3.IsTiro'}
- IsAtInter: {'instance': "Function('IsAtInter', entity_sorts['Entity'], BoolSort())", 'arity': 1, 'method': 'IsAtInter(Entity)', 'function': 'logicity.utils.pred_converter.z3.IsAtInter'}
- IsInInter: {'instance': "Function('IsInInter', entity_sorts['Entity'], BoolSort())", 'arity': 1, 'method': 'IsInInter(Entity)', 'function': 'logicity.utils.pred_converter.z3.IsInInter'}
- HigherPri: {'instance': "Function('HigherPri', entity_sorts['Entity'], entity_sorts['Entity'], BoolSort())", 'arity': 2, 'method': 'HigherPri(Entity, Entity)', 'function': 'logicity.utils.pred_converter.z3.HigherPri'}
- CollidingClose: {'instance': "Function('CollidingClose', entity_sorts['Entity'], entity_sorts['Entity'], BoolSort())", 'arity': 2, 'method': 'CollidingClose(Entity, Entity)', 'function': 'logicity.utils.pred_converter.z3.CollidingClose'}
- Stop: {'instance': "Function('Stop', entity_sorts['Entity'], BoolSort())", 'arity': 1, 'method': 'Stop(Entity)', 'function': 'None'}
- Fast: {'instance': "Function('Fast', entity_sorts['Entity'], BoolSort())", 'arity': 1, 'method': 'Fast(Entity)', 'function': 'None'}
- Normal: {'instance': "Function('Normal', entity_sorts['Entity'], BoolSort())", 'arity': 1, 'method': 'Normal(Entity)', 'function': 'None'}
- Slow: {'instance': "Function('Slow', entity_sorts['Entity'], BoolSort())", 'arity': 1, 'method': 'Slow(Entity)', 'function': 'None'}
2026-05-22 21:14:42 [INFO]: *** Sim Rule ***: Stop -> 
 Stop(entity) == Exists(
  [dummyEntity], 
  Or(
    And(
      IsAtInter(entity), 
      IsInInter(dummyEntity), 
    ),
    And(
      IsAtInter(entity), 
      IsAtInter(dummyEntity), 
      HigherPri(dummyEntity, entity),
    ),
    CollidingClose(entity, dummyEntity)
  )
)

2026-05-22 21:14:42 [INFO]: *** Task Rule ***: Collision and Intersection -> 
 Implies(Exists(
  [dummyEntity], 
    Or(
      And(
        IsAtInter(entity), 
        IsInInter(dummyEntity), 
      ),
      And(
        IsAtInter(entity), 
        IsAtInter(dummyEntity), 
        HigherPri(dummyEntity, entity),
      ),
      CollidingClose(entity, dummyEntity)
    )
  ),
  Stop(entity)
)

2026-05-22 21:14:42 [INFO]: *** Expert Rule ***: Stop -> 
 Stop(entity) == Exists(
[dummyEntity], 
  Or(
    And(
      IsAtInter(entity), 
      IsInInter(dummyEntity), 
    ),
    And(
      IsAtInter(entity), 
      IsAtInter(dummyEntity), 
      HigherPri(dummyEntity, entity),
    ),
    CollidingClose(entity, dummyEntity)
  )
)

2026-05-22 21:14:42 [INFO]: *** Expert Rule ***: Slow -> 
 Not(Slow(entity))

2026-05-22 21:14:42 [INFO]: *** Expert Rule ***: Fast -> 
 Not(Fast(entity))

2026-05-22 21:14:42 [INFO]: *** Expert Rule ***: Normal -> 
 Normal(entity) == Not(Stop(entity))
2026-05-22 21:14:42 [INFO]: Rules created successfully
2026-05-22 21:14:42 [INFO]: Rules will be grounded later...
2026-05-22 21:14:42 [INFO]: Given Predicates {'IsPedestrian': {'instance': IsPed, 'arity': 1, 'method': 'IsPed(Entity)', 'function': 'logicity.utils.pred_converter.z3.IsPed'}, 'IsCar': {'instance': IsCar, 'arity': 1, 'method': 'IsCar(Entity)', 'function': 'logicity.utils.pred_converter.z3.IsCar'}, 'IsAmbulance': {'instance': IsAmb, 'arity': 1, 'method': 'IsAmb(Entity)', 'function': 'logicity.utils.pred_converter.z3.IsAmb'}, 'IsOld': {'instance': IsOld, 'arity': 1, 'method': 'IsOld(Entity)', 'function': 'logicity.utils.pred_converter.z3.IsOld'}, 'IsTiro': {'instance': IsTiro, 'arity': 1, 'method': 'IsTiro(Entity)', 'function': 'logicity.utils.pred_converter.z3.IsTiro'}, 'IsAtInter': {'instance': IsAtInter, 'arity': 1, 'method': 'IsAtInter(Entity)', 'function': 'logicity.utils.pred_converter.z3.IsAtInter'}, 'IsInInter': {'instance': IsInInter, 'arity': 1, 'method': 'IsInInter(Entity)', 'function': 'logicity.utils.pred_converter.z3.IsInInter'}, 'HigherPri': {'instance': HigherPri, 'arity': 2, 'method': 'HigherPri(Entity, Entity)', 'function': 'logicity.utils.pred_converter.z3.HigherPri'}, 'CollidingClose': {'instance': CollidingClose, 'arity': 2, 'method': 'CollidingClose(Entity, Entity)', 'function': 'logicity.utils.pred_converter.z3.CollidingClose'}, 'Stop': {'instance': Stop, 'arity': 1, 'method': 'Stop(Entity)', 'function': 'None'}, 'Fast': {'instance': Fast, 'arity': 1, 'method': 'Fast(Entity)', 'function': 'None'}, 'Normal': {'instance': Normal, 'arity': 1, 'method': 'Normal(Entity)', 'function': 'None'}, 'Slow': {'instance': Slow, 'arity': 1, 'method': 'Slow(Entity)', 'function': 'None'}}, the FOV entities {'Entity': 3}, The logic grounding shape is: 39
2026-05-22 21:14:42 [INFO]: Local planner constructed!
2026-05-22 21:14:42 [INFO]: Constructing 22 streets
2026-05-22 21:14:43 [INFO]: Constructing 16 buildings
2026-05-22 21:14:44 [INFO]: Adding 4 agents, they are constrained in 103 region
2026-05-22 21:14:45 [INFO]: Car_1 initialization done!
2026-05-22 21:14:45 [INFO]: Pedestrian_1 initialization done!
2026-05-22 21:14:45 [INFO]: Car_2 initialization done!
2026-05-22 21:14:46 [INFO]: Car_3 initialization done!
2026-05-22 21:14:46 [INFO]: Done!
2026-05-22 21:14:46 [INFO]: ***Init RL Agent in Env***
2026-05-22 21:14:51 [INFO]: will reset agent by success
2026-05-22 21:14:51 [INFO]: ***Reset RL Agent in Env***
2026-05-22 21:14:51 [INFO]: Car_1 initialization done!
2026-05-22 21:14:51 [INFO]: Pedestrian_1 initialization done!
2026-05-22 21:14:52 [INFO]: Car_2 initialization done!
2026-05-22 21:14:52 [INFO]: Car_3 initialization done!
2026-05-22 21:14:52 [INFO]: Agent reset priority to 3/4
2026-05-22 21:14:52 [INFO]: Agent reset concepts to {'type': 'Car', 'priority': 3}
2026-05-22 21:14:53 [INFO]: Episode 8 success.
2026-05-22 21:14:53 [INFO]: Episode 8 achieved a score of 3.790000000000001
2026-05-22 21:14:53 [INFO]: Episode 8 Success: 1
2026-05-22 21:14:53 [INFO]: Episode 8 Decision Step: {3: 0}
2026-05-22 21:14:53 [INFO]: Episode 8 Success Decision: {3: 0}
2026-05-22 21:14:53 [INFO]: Evaluating episode 9...
2026-05-22 21:14:53 [INFO]: Episode label: {'oracle_step': 65, 'stop_count': 0, 'has_stop': False, 'ego_crosses': True, 'ego_eta': 52, 'ego_direction': 'up', 'other_crosses': 3, 'close_other_count': 0, 'pedestrian_close': None, 'conflicting_approach': False, 'total_crosses': 4}
2026-05-22 21:14:53 [INFO]: Get map info from config/maps/square_2x2.yaml
2026-05-22 21:14:53 [INFO]: Get agent info from config/agents/easy_lite/val.yaml
2026-05-22 21:14:53 [INFO]: Get onology and rules info from config/rules/ontology_easy.yaml, config/rules/Nav/easy/expert.yaml
2026-05-22 21:14:53 [INFO]: Number of Entity Types: 1
Entity Types:
- Entity
2026-05-22 21:14:53 [INFO]: Number of Predicates: 13
Predicates:
- IsPedestrian: {'instance': "Function('IsPed', entity_sorts['Entity'], BoolSort())", 'arity': 1, 'method': 'IsPed(Entity)', 'function': 'logicity.utils.pred_converter.z3.IsPed'}
- IsCar: {'instance': "Function('IsCar', entity_sorts['Entity'], BoolSort())", 'arity': 1, 'method': 'IsCar(Entity)', 'function': 'logicity.utils.pred_converter.z3.IsCar'}
- IsAmbulance: {'instance': "Function('IsAmb', entity_sorts['Entity'], BoolSort())", 'arity': 1, 'method': 'IsAmb(Entity)', 'function': 'logicity.utils.pred_converter.z3.IsAmb'}
- IsOld: {'instance': "Function('IsOld', entity_sorts['Entity'], BoolSort())", 'arity': 1, 'method': 'IsOld(Entity)', 'function': 'logicity.utils.pred_converter.z3.IsOld'}
- IsTiro: {'instance': "Function('IsTiro', entity_sorts['Entity'], BoolSort())", 'arity': 1, 'method': 'IsTiro(Entity)', 'function': 'logicity.utils.pred_converter.z3.IsTiro'}
- IsAtInter: {'instance': "Function('IsAtInter', entity_sorts['Entity'], BoolSort())", 'arity': 1, 'method': 'IsAtInter(Entity)', 'function': 'logicity.utils.pred_converter.z3.IsAtInter'}
- IsInInter: {'instance': "Function('IsInInter', entity_sorts['Entity'], BoolSort())", 'arity': 1, 'method': 'IsInInter(Entity)', 'function': 'logicity.utils.pred_converter.z3.IsInInter'}
- HigherPri: {'instance': "Function('HigherPri', entity_sorts['Entity'], entity_sorts['Entity'], BoolSort())", 'arity': 2, 'method': 'HigherPri(Entity, Entity)', 'function': 'logicity.utils.pred_converter.z3.HigherPri'}
- CollidingClose: {'instance': "Function('CollidingClose', entity_sorts['Entity'], entity_sorts['Entity'], BoolSort())", 'arity': 2, 'method': 'CollidingClose(Entity, Entity)', 'function': 'logicity.utils.pred_converter.z3.CollidingClose'}
- Stop: {'instance': "Function('Stop', entity_sorts['Entity'], BoolSort())", 'arity': 1, 'method': 'Stop(Entity)', 'function': 'None'}
- Fast: {'instance': "Function('Fast', entity_sorts['Entity'], BoolSort())", 'arity': 1, 'method': 'Fast(Entity)', 'function': 'None'}
- Normal: {'instance': "Function('Normal', entity_sorts['Entity'], BoolSort())", 'arity': 1, 'method': 'Normal(Entity)', 'function': 'None'}
- Slow: {'instance': "Function('Slow', entity_sorts['Entity'], BoolSort())", 'arity': 1, 'method': 'Slow(Entity)', 'function': 'None'}
2026-05-22 21:14:53 [INFO]: *** Sim Rule ***: Stop -> 
 Stop(entity) == Exists(
  [dummyEntity], 
  Or(
    And(
      IsAtInter(entity), 
      IsInInter(dummyEntity), 
    ),
    And(
      IsAtInter(entity), 
      IsAtInter(dummyEntity), 
      HigherPri(dummyEntity, entity),
    ),
    CollidingClose(entity, dummyEntity)
  )
)

2026-05-22 21:14:53 [INFO]: *** Task Rule ***: Collision and Intersection -> 
 Implies(Exists(
  [dummyEntity], 
    Or(
      And(
        IsAtInter(entity), 
        IsInInter(dummyEntity), 
      ),
      And(
        IsAtInter(entity), 
        IsAtInter(dummyEntity), 
        HigherPri(dummyEntity, entity),
      ),
      CollidingClose(entity, dummyEntity)
    )
  ),
  Stop(entity)
)

2026-05-22 21:14:53 [INFO]: *** Expert Rule ***: Stop -> 
 Stop(entity) == Exists(
[dummyEntity], 
  Or(
    And(
      IsAtInter(entity), 
      IsInInter(dummyEntity), 
    ),
    And(
      IsAtInter(entity), 
      IsAtInter(dummyEntity), 
      HigherPri(dummyEntity, entity),
    ),
    CollidingClose(entity, dummyEntity)
  )
)

2026-05-22 21:14:53 [INFO]: *** Expert Rule ***: Slow -> 
 Not(Slow(entity))

2026-05-22 21:14:53 [INFO]: *** Expert Rule ***: Fast -> 
 Not(Fast(entity))

2026-05-22 21:14:53 [INFO]: *** Expert Rule ***: Normal -> 
 Normal(entity) == Not(Stop(entity))
2026-05-22 21:14:53 [INFO]: Rules created successfully
2026-05-22 21:14:53 [INFO]: Rules will be grounded later...
2026-05-22 21:14:53 [INFO]: Given Predicates {'IsPedestrian': {'instance': IsPed, 'arity': 1, 'method': 'IsPed(Entity)', 'function': 'logicity.utils.pred_converter.z3.IsPed'}, 'IsCar': {'instance': IsCar, 'arity': 1, 'method': 'IsCar(Entity)', 'function': 'logicity.utils.pred_converter.z3.IsCar'}, 'IsAmbulance': {'instance': IsAmb, 'arity': 1, 'method': 'IsAmb(Entity)', 'function': 'logicity.utils.pred_converter.z3.IsAmb'}, 'IsOld': {'instance': IsOld, 'arity': 1, 'method': 'IsOld(Entity)', 'function': 'logicity.utils.pred_converter.z3.IsOld'}, 'IsTiro': {'instance': IsTiro, 'arity': 1, 'method': 'IsTiro(Entity)', 'function': 'logicity.utils.pred_converter.z3.IsTiro'}, 'IsAtInter': {'instance': IsAtInter, 'arity': 1, 'method': 'IsAtInter(Entity)', 'function': 'logicity.utils.pred_converter.z3.IsAtInter'}, 'IsInInter': {'instance': IsInInter, 'arity': 1, 'method': 'IsInInter(Entity)', 'function': 'logicity.utils.pred_converter.z3.IsInInter'}, 'HigherPri': {'instance': HigherPri, 'arity': 2, 'method': 'HigherPri(Entity, Entity)', 'function': 'logicity.utils.pred_converter.z3.HigherPri'}, 'CollidingClose': {'instance': CollidingClose, 'arity': 2, 'method': 'CollidingClose(Entity, Entity)', 'function': 'logicity.utils.pred_converter.z3.CollidingClose'}, 'Stop': {'instance': Stop, 'arity': 1, 'method': 'Stop(Entity)', 'function': 'None'}, 'Fast': {'instance': Fast, 'arity': 1, 'method': 'Fast(Entity)', 'function': 'None'}, 'Normal': {'instance': Normal, 'arity': 1, 'method': 'Normal(Entity)', 'function': 'None'}, 'Slow': {'instance': Slow, 'arity': 1, 'method': 'Slow(Entity)', 'function': 'None'}}, the FOV entities {'Entity': 3}, The logic grounding shape is: 39
2026-05-22 21:14:53 [INFO]: Local planner constructed!
2026-05-22 21:14:53 [INFO]: Constructing 22 streets
2026-05-22 21:14:53 [INFO]: Constructing 16 buildings
2026-05-22 21:14:54 [INFO]: Adding 4 agents, they are constrained in 103 region
2026-05-22 21:14:54 [INFO]: Car_1 initialization done!
2026-05-22 21:14:54 [INFO]: Pedestrian_1 initialization done!
2026-05-22 21:14:55 [INFO]: Car_2 initialization done!
2026-05-22 21:14:55 [INFO]: Car_3 initialization done!
2026-05-22 21:14:55 [INFO]: Done!
2026-05-22 21:14:55 [INFO]: ***Init RL Agent in Env***
2026-05-22 21:15:25 [INFO]: will reset agent by success
2026-05-22 21:15:25 [INFO]: ***Reset RL Agent in Env***
2026-05-22 21:15:25 [INFO]: Car_1 initialization done!
2026-05-22 21:15:25 [INFO]: Pedestrian_1 initialization done!
2026-05-22 21:15:26 [INFO]: Car_2 initialization done!
2026-05-22 21:15:27 [INFO]: Car_3 initialization done!
2026-05-22 21:15:27 [INFO]: Agent reset priority to 3/4
2026-05-22 21:15:27 [INFO]: Agent reset concepts to {'type': 'Car', 'priority': 3}
2026-05-22 21:15:27 [INFO]: Episode 9 success.
2026-05-22 21:15:27 [INFO]: Episode 9 achieved a score of 5.980000000000008
2026-05-22 21:15:27 [INFO]: Episode 9 Success: 1
2026-05-22 21:15:27 [INFO]: Episode 9 Decision Step: {3: 1}
2026-05-22 21:15:27 [INFO]: Episode 9 Success Decision: {3: 1}
2026-05-22 21:15:27 [INFO]: Evaluating episode 10...
2026-05-22 21:15:27 [INFO]: Episode label: {'oracle_step': 54, 'stop_count': 0, 'has_stop': False, 'ego_crosses': True, 'ego_eta': 12, 'ego_direction': 'down', 'other_crosses': 3, 'close_other_count': 0, 'pedestrian_close': None, 'conflicting_approach': False, 'total_crosses': 4}
2026-05-22 21:15:27 [INFO]: Get map info from config/maps/square_2x2.yaml
2026-05-22 21:15:27 [INFO]: Get agent info from config/agents/easy_lite/val.yaml
2026-05-22 21:15:27 [INFO]: Get onology and rules info from config/rules/ontology_easy.yaml, config/rules/Nav/easy/expert.yaml
2026-05-22 21:15:27 [INFO]: Number of Entity Types: 1
Entity Types:
- Entity
2026-05-22 21:15:27 [INFO]: Number of Predicates: 13
Predicates:
- IsPedestrian: {'instance': "Function('IsPed', entity_sorts['Entity'], BoolSort())", 'arity': 1, 'method': 'IsPed(Entity)', 'function': 'logicity.utils.pred_converter.z3.IsPed'}
- IsCar: {'instance': "Function('IsCar', entity_sorts['Entity'], BoolSort())", 'arity': 1, 'method': 'IsCar(Entity)', 'function': 'logicity.utils.pred_converter.z3.IsCar'}
- IsAmbulance: {'instance': "Function('IsAmb', entity_sorts['Entity'], BoolSort())", 'arity': 1, 'method': 'IsAmb(Entity)', 'function': 'logicity.utils.pred_converter.z3.IsAmb'}
- IsOld: {'instance': "Function('IsOld', entity_sorts['Entity'], BoolSort())", 'arity': 1, 'method': 'IsOld(Entity)', 'function': 'logicity.utils.pred_converter.z3.IsOld'}
- IsTiro: {'instance': "Function('IsTiro', entity_sorts['Entity'], BoolSort())", 'arity': 1, 'method': 'IsTiro(Entity)', 'function': 'logicity.utils.pred_converter.z3.IsTiro'}
- IsAtInter: {'instance': "Function('IsAtInter', entity_sorts['Entity'], BoolSort())", 'arity': 1, 'method': 'IsAtInter(Entity)', 'function': 'logicity.utils.pred_converter.z3.IsAtInter'}
- IsInInter: {'instance': "Function('IsInInter', entity_sorts['Entity'], BoolSort())", 'arity': 1, 'method': 'IsInInter(Entity)', 'function': 'logicity.utils.pred_converter.z3.IsInInter'}
- HigherPri: {'instance': "Function('HigherPri', entity_sorts['Entity'], entity_sorts['Entity'], BoolSort())", 'arity': 2, 'method': 'HigherPri(Entity, Entity)', 'function': 'logicity.utils.pred_converter.z3.HigherPri'}
- CollidingClose: {'instance': "Function('CollidingClose', entity_sorts['Entity'], entity_sorts['Entity'], BoolSort())", 'arity': 2, 'method': 'CollidingClose(Entity, Entity)', 'function': 'logicity.utils.pred_converter.z3.CollidingClose'}
- Stop: {'instance': "Function('Stop', entity_sorts['Entity'], BoolSort())", 'arity': 1, 'method': 'Stop(Entity)', 'function': 'None'}
- Fast: {'instance': "Function('Fast', entity_sorts['Entity'], BoolSort())", 'arity': 1, 'method': 'Fast(Entity)', 'function': 'None'}
- Normal: {'instance': "Function('Normal', entity_sorts['Entity'], BoolSort())", 'arity': 1, 'method': 'Normal(Entity)', 'function': 'None'}
- Slow: {'instance': "Function('Slow', entity_sorts['Entity'], BoolSort())", 'arity': 1, 'method': 'Slow(Entity)', 'function': 'None'}
2026-05-22 21:15:27 [INFO]: *** Sim Rule ***: Stop -> 
 Stop(entity) == Exists(
  [dummyEntity], 
  Or(
    And(
      IsAtInter(entity), 
      IsInInter(dummyEntity), 
    ),
    And(
      IsAtInter(entity), 
      IsAtInter(dummyEntity), 
      HigherPri(dummyEntity, entity),
    ),
    CollidingClose(entity, dummyEntity)
  )
)

2026-05-22 21:15:27 [INFO]: *** Task Rule ***: Collision and Intersection -> 
 Implies(Exists(
  [dummyEntity], 
    Or(
      And(
        IsAtInter(entity), 
        IsInInter(dummyEntity), 
      ),
      And(
        IsAtInter(entity), 
        IsAtInter(dummyEntity), 
        HigherPri(dummyEntity, entity),
      ),
      CollidingClose(entity, dummyEntity)
    )
  ),
  Stop(entity)
)

2026-05-22 21:15:27 [INFO]: *** Expert Rule ***: Stop -> 
 Stop(entity) == Exists(
[dummyEntity], 
  Or(
    And(
      IsAtInter(entity), 
      IsInInter(dummyEntity), 
    ),
    And(
      IsAtInter(entity), 
      IsAtInter(dummyEntity), 
      HigherPri(dummyEntity, entity),
    ),
    CollidingClose(entity, dummyEntity)
  )
)

2026-05-22 21:15:27 [INFO]: *** Expert Rule ***: Slow -> 
 Not(Slow(entity))

2026-05-22 21:15:27 [INFO]: *** Expert Rule ***: Fast -> 
 Not(Fast(entity))

2026-05-22 21:15:27 [INFO]: *** Expert Rule ***: Normal -> 
 Normal(entity) == Not(Stop(entity))
2026-05-22 21:15:27 [INFO]: Rules created successfully
2026-05-22 21:15:27 [INFO]: Rules will be grounded later...
2026-05-22 21:15:27 [INFO]: Given Predicates {'IsPedestrian': {'instance': IsPed, 'arity': 1, 'method': 'IsPed(Entity)', 'function': 'logicity.utils.pred_converter.z3.IsPed'}, 'IsCar': {'instance': IsCar, 'arity': 1, 'method': 'IsCar(Entity)', 'function': 'logicity.utils.pred_converter.z3.IsCar'}, 'IsAmbulance': {'instance': IsAmb, 'arity': 1, 'method': 'IsAmb(Entity)', 'function': 'logicity.utils.pred_converter.z3.IsAmb'}, 'IsOld': {'instance': IsOld, 'arity': 1, 'method': 'IsOld(Entity)', 'function': 'logicity.utils.pred_converter.z3.IsOld'}, 'IsTiro': {'instance': IsTiro, 'arity': 1, 'method': 'IsTiro(Entity)', 'function': 'logicity.utils.pred_converter.z3.IsTiro'}, 'IsAtInter': {'instance': IsAtInter, 'arity': 1, 'method': 'IsAtInter(Entity)', 'function': 'logicity.utils.pred_converter.z3.IsAtInter'}, 'IsInInter': {'instance': IsInInter, 'arity': 1, 'method': 'IsInInter(Entity)', 'function': 'logicity.utils.pred_converter.z3.IsInInter'}, 'HigherPri': {'instance': HigherPri, 'arity': 2, 'method': 'HigherPri(Entity, Entity)', 'function': 'logicity.utils.pred_converter.z3.HigherPri'}, 'CollidingClose': {'instance': CollidingClose, 'arity': 2, 'method': 'CollidingClose(Entity, Entity)', 'function': 'logicity.utils.pred_converter.z3.CollidingClose'}, 'Stop': {'instance': Stop, 'arity': 1, 'method': 'Stop(Entity)', 'function': 'None'}, 'Fast': {'instance': Fast, 'arity': 1, 'method': 'Fast(Entity)', 'function': 'None'}, 'Normal': {'instance': Normal, 'arity': 1, 'method': 'Normal(Entity)', 'function': 'None'}, 'Slow': {'instance': Slow, 'arity': 1, 'method': 'Slow(Entity)', 'function': 'None'}}, the FOV entities {'Entity': 3}, The logic grounding shape is: 39
2026-05-22 21:15:27 [INFO]: Local planner constructed!
2026-05-22 21:15:27 [INFO]: Constructing 22 streets
2026-05-22 21:15:27 [INFO]: Constructing 16 buildings
2026-05-22 21:15:28 [INFO]: Adding 4 agents, they are constrained in 103 region
2026-05-22 21:15:28 [INFO]: Car_1 initialization done!
2026-05-22 21:15:28 [INFO]: Pedestrian_1 initialization done!
2026-05-22 21:15:29 [INFO]: Car_2 initialization done!
2026-05-22 21:15:29 [INFO]: Car_3 initialization done!
2026-05-22 21:15:29 [INFO]: Done!
2026-05-22 21:15:29 [INFO]: ***Init RL Agent in Env***
2026-05-22 21:15:41 [INFO]: will reset agent by success
2026-05-22 21:15:41 [INFO]: ***Reset RL Agent in Env***
2026-05-22 21:15:42 [INFO]: Car_1 initialization done!
2026-05-22 21:15:42 [INFO]: Pedestrian_1 initialization done!
2026-05-22 21:15:43 [INFO]: Car_2 initialization done!
2026-05-22 21:15:43 [INFO]: Car_3 initialization done!
2026-05-22 21:15:43 [INFO]: Agent reset priority to 1/4
2026-05-22 21:15:43 [INFO]: Agent reset concepts to {'type': 'Car', 'priority': 1}
2026-05-22 21:15:44 [INFO]: Episode 10 success.
2026-05-22 21:15:44 [INFO]: Episode 10 achieved a score of 5.760000000000001
2026-05-22 21:15:44 [INFO]: Episode 10 Success: 1
2026-05-22 21:15:44 [INFO]: Episode 10 Decision Step: {3: 0}
2026-05-22 21:15:44 [INFO]: Episode 10 Success Decision: {3: 0}
2026-05-22 21:15:44 [INFO]: Evaluating episode 11...
2026-05-22 21:15:44 [INFO]: Episode label: {'oracle_step': 72, 'stop_count': 29, 'has_stop': True, 'ego_crosses': True, 'ego_eta': 59, 'ego_direction': 'left', 'other_crosses': 3, 'close_other_count': 0, 'pedestrian_close': None, 'conflicting_approach': False, 'total_crosses': 4}
2026-05-22 21:15:44 [INFO]: Get map info from config/maps/square_2x2.yaml
2026-05-22 21:15:44 [INFO]: Get agent info from config/agents/easy_lite/val.yaml
2026-05-22 21:15:44 [INFO]: Get onology and rules info from config/rules/ontology_easy.yaml, config/rules/Nav/easy/expert.yaml
2026-05-22 21:15:44 [INFO]: Number of Entity Types: 1
Entity Types:
- Entity
2026-05-22 21:15:44 [INFO]: Number of Predicates: 13
Predicates:
- IsPedestrian: {'instance': "Function('IsPed', entity_sorts['Entity'], BoolSort())", 'arity': 1, 'method': 'IsPed(Entity)', 'function': 'logicity.utils.pred_converter.z3.IsPed'}
- IsCar: {'instance': "Function('IsCar', entity_sorts['Entity'], BoolSort())", 'arity': 1, 'method': 'IsCar(Entity)', 'function': 'logicity.utils.pred_converter.z3.IsCar'}
- IsAmbulance: {'instance': "Function('IsAmb', entity_sorts['Entity'], BoolSort())", 'arity': 1, 'method': 'IsAmb(Entity)', 'function': 'logicity.utils.pred_converter.z3.IsAmb'}
- IsOld: {'instance': "Function('IsOld', entity_sorts['Entity'], BoolSort())", 'arity': 1, 'method': 'IsOld(Entity)', 'function': 'logicity.utils.pred_converter.z3.IsOld'}
- IsTiro: {'instance': "Function('IsTiro', entity_sorts['Entity'], BoolSort())", 'arity': 1, 'method': 'IsTiro(Entity)', 'function': 'logicity.utils.pred_converter.z3.IsTiro'}
- IsAtInter: {'instance': "Function('IsAtInter', entity_sorts['Entity'], BoolSort())", 'arity': 1, 'method': 'IsAtInter(Entity)', 'function': 'logicity.utils.pred_converter.z3.IsAtInter'}
- IsInInter: {'instance': "Function('IsInInter', entity_sorts['Entity'], BoolSort())", 'arity': 1, 'method': 'IsInInter(Entity)', 'function': 'logicity.utils.pred_converter.z3.IsInInter'}
- HigherPri: {'instance': "Function('HigherPri', entity_sorts['Entity'], entity_sorts['Entity'], BoolSort())", 'arity': 2, 'method': 'HigherPri(Entity, Entity)', 'function': 'logicity.utils.pred_converter.z3.HigherPri'}
- CollidingClose: {'instance': "Function('CollidingClose', entity_sorts['Entity'], entity_sorts['Entity'], BoolSort())", 'arity': 2, 'method': 'CollidingClose(Entity, Entity)', 'function': 'logicity.utils.pred_converter.z3.CollidingClose'}
- Stop: {'instance': "Function('Stop', entity_sorts['Entity'], BoolSort())", 'arity': 1, 'method': 'Stop(Entity)', 'function': 'None'}
- Fast: {'instance': "Function('Fast', entity_sorts['Entity'], BoolSort())", 'arity': 1, 'method': 'Fast(Entity)', 'function': 'None'}
- Normal: {'instance': "Function('Normal', entity_sorts['Entity'], BoolSort())", 'arity': 1, 'method': 'Normal(Entity)', 'function': 'None'}
- Slow: {'instance': "Function('Slow', entity_sorts['Entity'], BoolSort())", 'arity': 1, 'method': 'Slow(Entity)', 'function': 'None'}
2026-05-22 21:15:44 [INFO]: *** Sim Rule ***: Stop -> 
 Stop(entity) == Exists(
  [dummyEntity], 
  Or(
    And(
      IsAtInter(entity), 
      IsInInter(dummyEntity), 
    ),
    And(
      IsAtInter(entity), 
      IsAtInter(dummyEntity), 
      HigherPri(dummyEntity, entity),
    ),
    CollidingClose(entity, dummyEntity)
  )
)

2026-05-22 21:15:44 [INFO]: *** Task Rule ***: Collision and Intersection -> 
 Implies(Exists(
  [dummyEntity], 
    Or(
      And(
        IsAtInter(entity), 
        IsInInter(dummyEntity), 
      ),
      And(
        IsAtInter(entity), 
        IsAtInter(dummyEntity), 
        HigherPri(dummyEntity, entity),
      ),
      CollidingClose(entity, dummyEntity)
    )
  ),
  Stop(entity)
)

2026-05-22 21:15:44 [INFO]: *** Expert Rule ***: Stop -> 
 Stop(entity) == Exists(
[dummyEntity], 
  Or(
    And(
      IsAtInter(entity), 
      IsInInter(dummyEntity), 
    ),
    And(
      IsAtInter(entity), 
      IsAtInter(dummyEntity), 
      HigherPri(dummyEntity, entity),
    ),
    CollidingClose(entity, dummyEntity)
  )
)

2026-05-22 21:15:44 [INFO]: *** Expert Rule ***: Slow -> 
 Not(Slow(entity))

2026-05-22 21:15:44 [INFO]: *** Expert Rule ***: Fast -> 
 Not(Fast(entity))

2026-05-22 21:15:44 [INFO]: *** Expert Rule ***: Normal -> 
 Normal(entity) == Not(Stop(entity))
2026-05-22 21:15:44 [INFO]: Rules created successfully
2026-05-22 21:15:44 [INFO]: Rules will be grounded later...
2026-05-22 21:15:44 [INFO]: Given Predicates {'IsPedestrian': {'instance': IsPed, 'arity': 1, 'method': 'IsPed(Entity)', 'function': 'logicity.utils.pred_converter.z3.IsPed'}, 'IsCar': {'instance': IsCar, 'arity': 1, 'method': 'IsCar(Entity)', 'function': 'logicity.utils.pred_converter.z3.IsCar'}, 'IsAmbulance': {'instance': IsAmb, 'arity': 1, 'method': 'IsAmb(Entity)', 'function': 'logicity.utils.pred_converter.z3.IsAmb'}, 'IsOld': {'instance': IsOld, 'arity': 1, 'method': 'IsOld(Entity)', 'function': 'logicity.utils.pred_converter.z3.IsOld'}, 'IsTiro': {'instance': IsTiro, 'arity': 1, 'method': 'IsTiro(Entity)', 'function': 'logicity.utils.pred_converter.z3.IsTiro'}, 'IsAtInter': {'instance': IsAtInter, 'arity': 1, 'method': 'IsAtInter(Entity)', 'function': 'logicity.utils.pred_converter.z3.IsAtInter'}, 'IsInInter': {'instance': IsInInter, 'arity': 1, 'method': 'IsInInter(Entity)', 'function': 'logicity.utils.pred_converter.z3.IsInInter'}, 'HigherPri': {'instance': HigherPri, 'arity': 2, 'method': 'HigherPri(Entity, Entity)', 'function': 'logicity.utils.pred_converter.z3.HigherPri'}, 'CollidingClose': {'instance': CollidingClose, 'arity': 2, 'method': 'CollidingClose(Entity, Entity)', 'function': 'logicity.utils.pred_converter.z3.CollidingClose'}, 'Stop': {'instance': Stop, 'arity': 1, 'method': 'Stop(Entity)', 'function': 'None'}, 'Fast': {'instance': Fast, 'arity': 1, 'method': 'Fast(Entity)', 'function': 'None'}, 'Normal': {'instance': Normal, 'arity': 1, 'method': 'Normal(Entity)', 'function': 'None'}, 'Slow': {'instance': Slow, 'arity': 1, 'method': 'Slow(Entity)', 'function': 'None'}}, the FOV entities {'Entity': 3}, The logic grounding shape is: 39
2026-05-22 21:15:44 [INFO]: Local planner constructed!
2026-05-22 21:15:44 [INFO]: Constructing 22 streets
2026-05-22 21:15:45 [INFO]: Constructing 16 buildings
2026-05-22 21:15:46 [INFO]: Adding 4 agents, they are constrained in 103 region
2026-05-22 21:15:47 [INFO]: Car_1 initialization done!
2026-05-22 21:15:47 [INFO]: Pedestrian_1 initialization done!
2026-05-22 21:15:48 [INFO]: Car_2 initialization done!
2026-05-22 21:15:48 [INFO]: Car_3 initialization done!
2026-05-22 21:15:48 [INFO]: Done!
2026-05-22 21:15:48 [INFO]: ***Init RL Agent in Env***
2026-05-22 21:16:14 [INFO]: will reset agent by success
2026-05-22 21:16:14 [INFO]: ***Reset RL Agent in Env***
2026-05-22 21:16:15 [INFO]: Car_1 initialization done!
2026-05-22 21:16:15 [INFO]: Pedestrian_1 initialization done!
2026-05-22 21:16:16 [INFO]: Car_2 initialization done!
2026-05-22 21:16:16 [INFO]: Car_3 initialization done!
2026-05-22 21:16:16 [INFO]: Agent reset priority to 2/4
2026-05-22 21:16:16 [INFO]: Agent reset concepts to {'type': 'Car', 'priority': 2}
2026-05-22 21:16:16 [INFO]: Episode 11 success.
2026-05-22 21:16:16 [INFO]: Episode 11 achieved a score of 4.140000000000015
2026-05-22 21:16:16 [INFO]: Episode 11 Success: 1
2026-05-22 21:16:16 [INFO]: Episode 11 Decision Step: {3: 1}
2026-05-22 21:16:16 [INFO]: Episode 11 Success Decision: {3: 1}
2026-05-22 21:16:16 [INFO]: Evaluating episode 12...
2026-05-22 21:16:16 [INFO]: Episode label: {'oracle_step': 59, 'stop_count': 0, 'has_stop': False, 'ego_crosses': True, 'ego_eta': 50, 'ego_direction': 'up', 'other_crosses': 3, 'close_other_count': 0, 'pedestrian_close': None, 'conflicting_approach': False, 'total_crosses': 4}
2026-05-22 21:16:16 [INFO]: Get map info from config/maps/square_2x2.yaml
2026-05-22 21:16:16 [INFO]: Get agent info from config/agents/easy_lite/val.yaml
2026-05-22 21:16:16 [INFO]: Get onology and rules info from config/rules/ontology_easy.yaml, config/rules/Nav/easy/expert.yaml
2026-05-22 21:16:16 [INFO]: Number of Entity Types: 1
Entity Types:
- Entity
2026-05-22 21:16:16 [INFO]: Number of Predicates: 13
Predicates:
- IsPedestrian: {'instance': "Function('IsPed', entity_sorts['Entity'], BoolSort())", 'arity': 1, 'method': 'IsPed(Entity)', 'function': 'logicity.utils.pred_converter.z3.IsPed'}
- IsCar: {'instance': "Function('IsCar', entity_sorts['Entity'], BoolSort())", 'arity': 1, 'method': 'IsCar(Entity)', 'function': 'logicity.utils.pred_converter.z3.IsCar'}
- IsAmbulance: {'instance': "Function('IsAmb', entity_sorts['Entity'], BoolSort())", 'arity': 1, 'method': 'IsAmb(Entity)', 'function': 'logicity.utils.pred_converter.z3.IsAmb'}
- IsOld: {'instance': "Function('IsOld', entity_sorts['Entity'], BoolSort())", 'arity': 1, 'method': 'IsOld(Entity)', 'function': 'logicity.utils.pred_converter.z3.IsOld'}
- IsTiro: {'instance': "Function('IsTiro', entity_sorts['Entity'], BoolSort())", 'arity': 1, 'method': 'IsTiro(Entity)', 'function': 'logicity.utils.pred_converter.z3.IsTiro'}
- IsAtInter: {'instance': "Function('IsAtInter', entity_sorts['Entity'], BoolSort())", 'arity': 1, 'method': 'IsAtInter(Entity)', 'function': 'logicity.utils.pred_converter.z3.IsAtInter'}
- IsInInter: {'instance': "Function('IsInInter', entity_sorts['Entity'], BoolSort())", 'arity': 1, 'method': 'IsInInter(Entity)', 'function': 'logicity.utils.pred_converter.z3.IsInInter'}
- HigherPri: {'instance': "Function('HigherPri', entity_sorts['Entity'], entity_sorts['Entity'], BoolSort())", 'arity': 2, 'method': 'HigherPri(Entity, Entity)', 'function': 'logicity.utils.pred_converter.z3.HigherPri'}
- CollidingClose: {'instance': "Function('CollidingClose', entity_sorts['Entity'], entity_sorts['Entity'], BoolSort())", 'arity': 2, 'method': 'CollidingClose(Entity, Entity)', 'function': 'logicity.utils.pred_converter.z3.CollidingClose'}
- Stop: {'instance': "Function('Stop', entity_sorts['Entity'], BoolSort())", 'arity': 1, 'method': 'Stop(Entity)', 'function': 'None'}
- Fast: {'instance': "Function('Fast', entity_sorts['Entity'], BoolSort())", 'arity': 1, 'method': 'Fast(Entity)', 'function': 'None'}
- Normal: {'instance': "Function('Normal', entity_sorts['Entity'], BoolSort())", 'arity': 1, 'method': 'Normal(Entity)', 'function': 'None'}
- Slow: {'instance': "Function('Slow', entity_sorts['Entity'], BoolSort())", 'arity': 1, 'method': 'Slow(Entity)', 'function': 'None'}
2026-05-22 21:16:16 [INFO]: *** Sim Rule ***: Stop -> 
 Stop(entity) == Exists(
  [dummyEntity], 
  Or(
    And(
      IsAtInter(entity), 
      IsInInter(dummyEntity), 
    ),
    And(
      IsAtInter(entity), 
      IsAtInter(dummyEntity), 
      HigherPri(dummyEntity, entity),
    ),
    CollidingClose(entity, dummyEntity)
  )
)

2026-05-22 21:16:16 [INFO]: *** Task Rule ***: Collision and Intersection -> 
 Implies(Exists(
  [dummyEntity], 
    Or(
      And(
        IsAtInter(entity), 
        IsInInter(dummyEntity), 
      ),
      And(
        IsAtInter(entity), 
        IsAtInter(dummyEntity), 
        HigherPri(dummyEntity, entity),
      ),
      CollidingClose(entity, dummyEntity)
    )
  ),
  Stop(entity)
)

2026-05-22 21:16:16 [INFO]: *** Expert Rule ***: Stop -> 
 Stop(entity) == Exists(
[dummyEntity], 
  Or(
    And(
      IsAtInter(entity), 
      IsInInter(dummyEntity), 
    ),
    And(
      IsAtInter(entity), 
      IsAtInter(dummyEntity), 
      HigherPri(dummyEntity, entity),
    ),
    CollidingClose(entity, dummyEntity)
  )
)

2026-05-22 21:16:16 [INFO]: *** Expert Rule ***: Slow -> 
 Not(Slow(entity))

2026-05-22 21:16:16 [INFO]: *** Expert Rule ***: Fast -> 
 Not(Fast(entity))

2026-05-22 21:16:16 [INFO]: *** Expert Rule ***: Normal -> 
 Normal(entity) == Not(Stop(entity))
2026-05-22 21:16:16 [INFO]: Rules created successfully
2026-05-22 21:16:16 [INFO]: Rules will be grounded later...
2026-05-22 21:16:16 [INFO]: Given Predicates {'IsPedestrian': {'instance': IsPed, 'arity': 1, 'method': 'IsPed(Entity)', 'function': 'logicity.utils.pred_converter.z3.IsPed'}, 'IsCar': {'instance': IsCar, 'arity': 1, 'method': 'IsCar(Entity)', 'function': 'logicity.utils.pred_converter.z3.IsCar'}, 'IsAmbulance': {'instance': IsAmb, 'arity': 1, 'method': 'IsAmb(Entity)', 'function': 'logicity.utils.pred_converter.z3.IsAmb'}, 'IsOld': {'instance': IsOld, 'arity': 1, 'method': 'IsOld(Entity)', 'function': 'logicity.utils.pred_converter.z3.IsOld'}, 'IsTiro': {'instance': IsTiro, 'arity': 1, 'method': 'IsTiro(Entity)', 'function': 'logicity.utils.pred_converter.z3.IsTiro'}, 'IsAtInter': {'instance': IsAtInter, 'arity': 1, 'method': 'IsAtInter(Entity)', 'function': 'logicity.utils.pred_converter.z3.IsAtInter'}, 'IsInInter': {'instance': IsInInter, 'arity': 1, 'method': 'IsInInter(Entity)', 'function': 'logicity.utils.pred_converter.z3.IsInInter'}, 'HigherPri': {'instance': HigherPri, 'arity': 2, 'method': 'HigherPri(Entity, Entity)', 'function': 'logicity.utils.pred_converter.z3.HigherPri'}, 'CollidingClose': {'instance': CollidingClose, 'arity': 2, 'method': 'CollidingClose(Entity, Entity)', 'function': 'logicity.utils.pred_converter.z3.CollidingClose'}, 'Stop': {'instance': Stop, 'arity': 1, 'method': 'Stop(Entity)', 'function': 'None'}, 'Fast': {'instance': Fast, 'arity': 1, 'method': 'Fast(Entity)', 'function': 'None'}, 'Normal': {'instance': Normal, 'arity': 1, 'method': 'Normal(Entity)', 'function': 'None'}, 'Slow': {'instance': Slow, 'arity': 1, 'method': 'Slow(Entity)', 'function': 'None'}}, the FOV entities {'Entity': 3}, The logic grounding shape is: 39
2026-05-22 21:16:16 [INFO]: Local planner constructed!
2026-05-22 21:16:16 [INFO]: Constructing 22 streets
2026-05-22 21:16:17 [INFO]: Constructing 16 buildings
2026-05-22 21:16:17 [INFO]: Adding 4 agents, they are constrained in 103 region
2026-05-22 21:16:18 [INFO]: Car_1 initialization done!
2026-05-22 21:16:18 [INFO]: Pedestrian_1 initialization done!
2026-05-22 21:16:18 [INFO]: Car_2 initialization done!
2026-05-22 21:16:19 [INFO]: Car_3 initialization done!
2026-05-22 21:16:19 [INFO]: Done!
2026-05-22 21:16:19 [INFO]: ***Init RL Agent in Env***
2026-05-22 21:16:29 [INFO]: will reset agent by success
2026-05-22 21:16:29 [INFO]: ***Reset RL Agent in Env***
2026-05-22 21:16:30 [INFO]: Car_1 initialization done!
2026-05-22 21:16:30 [INFO]: Pedestrian_1 initialization done!
2026-05-22 21:16:30 [INFO]: Car_2 initialization done!
2026-05-22 21:16:30 [INFO]: Car_3 initialization done!
2026-05-22 21:16:30 [INFO]: Agent reset priority to 3/4
2026-05-22 21:16:30 [INFO]: Agent reset concepts to {'type': 'Car', 'priority': 3}
2026-05-22 21:16:31 [INFO]: Episode 12 success.
2026-05-22 21:16:31 [INFO]: Episode 12 achieved a score of 6.210000000000001
2026-05-22 21:16:31 [INFO]: Episode 12 Success: 1
2026-05-22 21:16:31 [INFO]: Episode 12 Decision Step: {3: 1}
2026-05-22 21:16:31 [INFO]: Episode 12 Success Decision: {3: 1}
2026-05-22 21:16:31 [INFO]: Evaluating episode 13...
2026-05-22 21:16:31 [INFO]: Episode label: {'oracle_step': 47, 'stop_count': 0, 'has_stop': False, 'ego_crosses': True, 'ego_eta': 11, 'ego_direction': 'down', 'other_crosses': 3, 'close_other_count': 0, 'pedestrian_close': None, 'conflicting_approach': False, 'total_crosses': 4}
2026-05-22 21:16:31 [INFO]: Get map info from config/maps/square_2x2.yaml
2026-05-22 21:16:31 [INFO]: Get agent info from config/agents/easy_lite/val.yaml
2026-05-22 21:16:31 [INFO]: Get onology and rules info from config/rules/ontology_easy.yaml, config/rules/Nav/easy/expert.yaml
2026-05-22 21:16:31 [INFO]: Number of Entity Types: 1
Entity Types:
- Entity
2026-05-22 21:16:31 [INFO]: Number of Predicates: 13
Predicates:
- IsPedestrian: {'instance': "Function('IsPed', entity_sorts['Entity'], BoolSort())", 'arity': 1, 'method': 'IsPed(Entity)', 'function': 'logicity.utils.pred_converter.z3.IsPed'}
- IsCar: {'instance': "Function('IsCar', entity_sorts['Entity'], BoolSort())", 'arity': 1, 'method': 'IsCar(Entity)', 'function': 'logicity.utils.pred_converter.z3.IsCar'}
- IsAmbulance: {'instance': "Function('IsAmb', entity_sorts['Entity'], BoolSort())", 'arity': 1, 'method': 'IsAmb(Entity)', 'function': 'logicity.utils.pred_converter.z3.IsAmb'}
- IsOld: {'instance': "Function('IsOld', entity_sorts['Entity'], BoolSort())", 'arity': 1, 'method': 'IsOld(Entity)', 'function': 'logicity.utils.pred_converter.z3.IsOld'}
- IsTiro: {'instance': "Function('IsTiro', entity_sorts['Entity'], BoolSort())", 'arity': 1, 'method': 'IsTiro(Entity)', 'function': 'logicity.utils.pred_converter.z3.IsTiro'}
- IsAtInter: {'instance': "Function('IsAtInter', entity_sorts['Entity'], BoolSort())", 'arity': 1, 'method': 'IsAtInter(Entity)', 'function': 'logicity.utils.pred_converter.z3.IsAtInter'}
- IsInInter: {'instance': "Function('IsInInter', entity_sorts['Entity'], BoolSort())", 'arity': 1, 'method': 'IsInInter(Entity)', 'function': 'logicity.utils.pred_converter.z3.IsInInter'}
- HigherPri: {'instance': "Function('HigherPri', entity_sorts['Entity'], entity_sorts['Entity'], BoolSort())", 'arity': 2, 'method': 'HigherPri(Entity, Entity)', 'function': 'logicity.utils.pred_converter.z3.HigherPri'}
- CollidingClose: {'instance': "Function('CollidingClose', entity_sorts['Entity'], entity_sorts['Entity'], BoolSort())", 'arity': 2, 'method': 'CollidingClose(Entity, Entity)', 'function': 'logicity.utils.pred_converter.z3.CollidingClose'}
- Stop: {'instance': "Function('Stop', entity_sorts['Entity'], BoolSort())", 'arity': 1, 'method': 'Stop(Entity)', 'function': 'None'}
- Fast: {'instance': "Function('Fast', entity_sorts['Entity'], BoolSort())", 'arity': 1, 'method': 'Fast(Entity)', 'function': 'None'}
- Normal: {'instance': "Function('Normal', entity_sorts['Entity'], BoolSort())", 'arity': 1, 'method': 'Normal(Entity)', 'function': 'None'}
- Slow: {'instance': "Function('Slow', entity_sorts['Entity'], BoolSort())", 'arity': 1, 'method': 'Slow(Entity)', 'function': 'None'}
2026-05-22 21:16:31 [INFO]: *** Sim Rule ***: Stop -> 
 Stop(entity) == Exists(
  [dummyEntity], 
  Or(
    And(
      IsAtInter(entity), 
      IsInInter(dummyEntity), 
    ),
    And(
      IsAtInter(entity), 
      IsAtInter(dummyEntity), 
      HigherPri(dummyEntity, entity),
    ),
    CollidingClose(entity, dummyEntity)
  )
)

2026-05-22 21:16:31 [INFO]: *** Task Rule ***: Collision and Intersection -> 
 Implies(Exists(
  [dummyEntity], 
    Or(
      And(
        IsAtInter(entity), 
        IsInInter(dummyEntity), 
      ),
      And(
        IsAtInter(entity), 
        IsAtInter(dummyEntity), 
        HigherPri(dummyEntity, entity),
      ),
      CollidingClose(entity, dummyEntity)
    )
  ),
  Stop(entity)
)

2026-05-22 21:16:31 [INFO]: *** Expert Rule ***: Stop -> 
 Stop(entity) == Exists(
[dummyEntity], 
  Or(
    And(
      IsAtInter(entity), 
      IsInInter(dummyEntity), 
    ),
    And(
      IsAtInter(entity), 
      IsAtInter(dummyEntity), 
      HigherPri(dummyEntity, entity),
    ),
    CollidingClose(entity, dummyEntity)
  )
)

2026-05-22 21:16:31 [INFO]: *** Expert Rule ***: Slow -> 
 Not(Slow(entity))

2026-05-22 21:16:31 [INFO]: *** Expert Rule ***: Fast -> 
 Not(Fast(entity))

2026-05-22 21:16:31 [INFO]: *** Expert Rule ***: Normal -> 
 Normal(entity) == Not(Stop(entity))
2026-05-22 21:16:31 [INFO]: Rules created successfully
2026-05-22 21:16:31 [INFO]: Rules will be grounded later...
2026-05-22 21:16:31 [INFO]: Given Predicates {'IsPedestrian': {'instance': IsPed, 'arity': 1, 'method': 'IsPed(Entity)', 'function': 'logicity.utils.pred_converter.z3.IsPed'}, 'IsCar': {'instance': IsCar, 'arity': 1, 'method': 'IsCar(Entity)', 'function': 'logicity.utils.pred_converter.z3.IsCar'}, 'IsAmbulance': {'instance': IsAmb, 'arity': 1, 'method': 'IsAmb(Entity)', 'function': 'logicity.utils.pred_converter.z3.IsAmb'}, 'IsOld': {'instance': IsOld, 'arity': 1, 'method': 'IsOld(Entity)', 'function': 'logicity.utils.pred_converter.z3.IsOld'}, 'IsTiro': {'instance': IsTiro, 'arity': 1, 'method': 'IsTiro(Entity)', 'function': 'logicity.utils.pred_converter.z3.IsTiro'}, 'IsAtInter': {'instance': IsAtInter, 'arity': 1, 'method': 'IsAtInter(Entity)', 'function': 'logicity.utils.pred_converter.z3.IsAtInter'}, 'IsInInter': {'instance': IsInInter, 'arity': 1, 'method': 'IsInInter(Entity)', 'function': 'logicity.utils.pred_converter.z3.IsInInter'}, 'HigherPri': {'instance': HigherPri, 'arity': 2, 'method': 'HigherPri(Entity, Entity)', 'function': 'logicity.utils.pred_converter.z3.HigherPri'}, 'CollidingClose': {'instance': CollidingClose, 'arity': 2, 'method': 'CollidingClose(Entity, Entity)', 'function': 'logicity.utils.pred_converter.z3.CollidingClose'}, 'Stop': {'instance': Stop, 'arity': 1, 'method': 'Stop(Entity)', 'function': 'None'}, 'Fast': {'instance': Fast, 'arity': 1, 'method': 'Fast(Entity)', 'function': 'None'}, 'Normal': {'instance': Normal, 'arity': 1, 'method': 'Normal(Entity)', 'function': 'None'}, 'Slow': {'instance': Slow, 'arity': 1, 'method': 'Slow(Entity)', 'function': 'None'}}, the FOV entities {'Entity': 3}, The logic grounding shape is: 39
2026-05-22 21:16:31 [INFO]: Local planner constructed!
2026-05-22 21:16:31 [INFO]: Constructing 22 streets
2026-05-22 21:16:31 [INFO]: Constructing 16 buildings
2026-05-22 21:16:32 [INFO]: Adding 4 agents, they are constrained in 103 region
2026-05-22 21:16:33 [INFO]: Car_1 initialization done!
2026-05-22 21:16:33 [INFO]: Pedestrian_1 initialization done!
2026-05-22 21:16:33 [INFO]: Car_2 initialization done!
2026-05-22 21:16:34 [INFO]: Car_3 initialization done!
2026-05-22 21:16:34 [INFO]: Done!
2026-05-22 21:16:34 [INFO]: ***Init RL Agent in Env***
2026-05-22 21:16:43 [INFO]: will reset agent by success
2026-05-22 21:16:43 [INFO]: ***Reset RL Agent in Env***
2026-05-22 21:16:43 [INFO]: Car_1 initialization done!
2026-05-22 21:16:43 [INFO]: Pedestrian_1 initialization done!
2026-05-22 21:16:43 [INFO]: Car_2 initialization done!
2026-05-22 21:16:44 [INFO]: Car_3 initialization done!
2026-05-22 21:16:44 [INFO]: Agent reset priority to 2/4
2026-05-22 21:16:44 [INFO]: Agent reset concepts to {'type': 'Car', 'priority': 2}
2026-05-22 21:16:44 [INFO]: Episode 13 success.
2026-05-22 21:16:44 [INFO]: Episode 13 achieved a score of 5.110000000000003
2026-05-22 21:16:44 [INFO]: Episode 13 Success: 1
2026-05-22 21:16:44 [INFO]: Episode 13 Decision Step: {3: 0}
2026-05-22 21:16:44 [INFO]: Episode 13 Success Decision: {3: 0}
2026-05-22 21:16:44 [INFO]: Evaluating episode 14...
2026-05-22 21:16:44 [INFO]: Episode label: {'oracle_step': 41, 'stop_count': 0, 'has_stop': False, 'ego_crosses': True, 'ego_eta': 5, 'ego_direction': 'up', 'other_crosses': 3, 'close_other_count': 0, 'pedestrian_close': None, 'conflicting_approach': False, 'total_crosses': 4}
2026-05-22 21:16:44 [INFO]: Get map info from config/maps/square_2x2.yaml
2026-05-22 21:16:44 [INFO]: Get agent info from config/agents/easy_lite/val.yaml
2026-05-22 21:16:44 [INFO]: Get onology and rules info from config/rules/ontology_easy.yaml, config/rules/Nav/easy/expert.yaml
2026-05-22 21:16:44 [INFO]: Number of Entity Types: 1
Entity Types:
- Entity
2026-05-22 21:16:44 [INFO]: Number of Predicates: 13
Predicates:
- IsPedestrian: {'instance': "Function('IsPed', entity_sorts['Entity'], BoolSort())", 'arity': 1, 'method': 'IsPed(Entity)', 'function': 'logicity.utils.pred_converter.z3.IsPed'}
- IsCar: {'instance': "Function('IsCar', entity_sorts['Entity'], BoolSort())", 'arity': 1, 'method': 'IsCar(Entity)', 'function': 'logicity.utils.pred_converter.z3.IsCar'}
- IsAmbulance: {'instance': "Function('IsAmb', entity_sorts['Entity'], BoolSort())", 'arity': 1, 'method': 'IsAmb(Entity)', 'function': 'logicity.utils.pred_converter.z3.IsAmb'}
- IsOld: {'instance': "Function('IsOld', entity_sorts['Entity'], BoolSort())", 'arity': 1, 'method': 'IsOld(Entity)', 'function': 'logicity.utils.pred_converter.z3.IsOld'}
- IsTiro: {'instance': "Function('IsTiro', entity_sorts['Entity'], BoolSort())", 'arity': 1, 'method': 'IsTiro(Entity)', 'function': 'logicity.utils.pred_converter.z3.IsTiro'}
- IsAtInter: {'instance': "Function('IsAtInter', entity_sorts['Entity'], BoolSort())", 'arity': 1, 'method': 'IsAtInter(Entity)', 'function': 'logicity.utils.pred_converter.z3.IsAtInter'}
- IsInInter: {'instance': "Function('IsInInter', entity_sorts['Entity'], BoolSort())", 'arity': 1, 'method': 'IsInInter(Entity)', 'function': 'logicity.utils.pred_converter.z3.IsInInter'}
- HigherPri: {'instance': "Function('HigherPri', entity_sorts['Entity'], entity_sorts['Entity'], BoolSort())", 'arity': 2, 'method': 'HigherPri(Entity, Entity)', 'function': 'logicity.utils.pred_converter.z3.HigherPri'}
- CollidingClose: {'instance': "Function('CollidingClose', entity_sorts['Entity'], entity_sorts['Entity'], BoolSort())", 'arity': 2, 'method': 'CollidingClose(Entity, Entity)', 'function': 'logicity.utils.pred_converter.z3.CollidingClose'}
- Stop: {'instance': "Function('Stop', entity_sorts['Entity'], BoolSort())", 'arity': 1, 'method': 'Stop(Entity)', 'function': 'None'}
- Fast: {'instance': "Function('Fast', entity_sorts['Entity'], BoolSort())", 'arity': 1, 'method': 'Fast(Entity)', 'function': 'None'}
- Normal: {'instance': "Function('Normal', entity_sorts['Entity'], BoolSort())", 'arity': 1, 'method': 'Normal(Entity)', 'function': 'None'}
- Slow: {'instance': "Function('Slow', entity_sorts['Entity'], BoolSort())", 'arity': 1, 'method': 'Slow(Entity)', 'function': 'None'}
2026-05-22 21:16:44 [INFO]: *** Sim Rule ***: Stop -> 
 Stop(entity) == Exists(
  [dummyEntity], 
  Or(
    And(
      IsAtInter(entity), 
      IsInInter(dummyEntity), 
    ),
    And(
      IsAtInter(entity), 
      IsAtInter(dummyEntity), 
      HigherPri(dummyEntity, entity),
    ),
    CollidingClose(entity, dummyEntity)
  )
)

2026-05-22 21:16:44 [INFO]: *** Task Rule ***: Collision and Intersection -> 
 Implies(Exists(
  [dummyEntity], 
    Or(
      And(
        IsAtInter(entity), 
        IsInInter(dummyEntity), 
      ),
      And(
        IsAtInter(entity), 
        IsAtInter(dummyEntity), 
        HigherPri(dummyEntity, entity),
      ),
      CollidingClose(entity, dummyEntity)
    )
  ),
  Stop(entity)
)

2026-05-22 21:16:44 [INFO]: *** Expert Rule ***: Stop -> 
 Stop(entity) == Exists(
[dummyEntity], 
  Or(
    And(
      IsAtInter(entity), 
      IsInInter(dummyEntity), 
    ),
    And(
      IsAtInter(entity), 
      IsAtInter(dummyEntity), 
      HigherPri(dummyEntity, entity),
    ),
    CollidingClose(entity, dummyEntity)
  )
)

2026-05-22 21:16:44 [INFO]: *** Expert Rule ***: Slow -> 
 Not(Slow(entity))

2026-05-22 21:16:44 [INFO]: *** Expert Rule ***: Fast -> 
 Not(Fast(entity))

2026-05-22 21:16:44 [INFO]: *** Expert Rule ***: Normal -> 
 Normal(entity) == Not(Stop(entity))
2026-05-22 21:16:44 [INFO]: Rules created successfully
2026-05-22 21:16:44 [INFO]: Rules will be grounded later...
2026-05-22 21:16:44 [INFO]: Given Predicates {'IsPedestrian': {'instance': IsPed, 'arity': 1, 'method': 'IsPed(Entity)', 'function': 'logicity.utils.pred_converter.z3.IsPed'}, 'IsCar': {'instance': IsCar, 'arity': 1, 'method': 'IsCar(Entity)', 'function': 'logicity.utils.pred_converter.z3.IsCar'}, 'IsAmbulance': {'instance': IsAmb, 'arity': 1, 'method': 'IsAmb(Entity)', 'function': 'logicity.utils.pred_converter.z3.IsAmb'}, 'IsOld': {'instance': IsOld, 'arity': 1, 'method': 'IsOld(Entity)', 'function': 'logicity.utils.pred_converter.z3.IsOld'}, 'IsTiro': {'instance': IsTiro, 'arity': 1, 'method': 'IsTiro(Entity)', 'function': 'logicity.utils.pred_converter.z3.IsTiro'}, 'IsAtInter': {'instance': IsAtInter, 'arity': 1, 'method': 'IsAtInter(Entity)', 'function': 'logicity.utils.pred_converter.z3.IsAtInter'}, 'IsInInter': {'instance': IsInInter, 'arity': 1, 'method': 'IsInInter(Entity)', 'function': 'logicity.utils.pred_converter.z3.IsInInter'}, 'HigherPri': {'instance': HigherPri, 'arity': 2, 'method': 'HigherPri(Entity, Entity)', 'function': 'logicity.utils.pred_converter.z3.HigherPri'}, 'CollidingClose': {'instance': CollidingClose, 'arity': 2, 'method': 'CollidingClose(Entity, Entity)', 'function': 'logicity.utils.pred_converter.z3.CollidingClose'}, 'Stop': {'instance': Stop, 'arity': 1, 'method': 'Stop(Entity)', 'function': 'None'}, 'Fast': {'instance': Fast, 'arity': 1, 'method': 'Fast(Entity)', 'function': 'None'}, 'Normal': {'instance': Normal, 'arity': 1, 'method': 'Normal(Entity)', 'function': 'None'}, 'Slow': {'instance': Slow, 'arity': 1, 'method': 'Slow(Entity)', 'function': 'None'}}, the FOV entities {'Entity': 3}, The logic grounding shape is: 39
2026-05-22 21:16:44 [INFO]: Local planner constructed!
2026-05-22 21:16:44 [INFO]: Constructing 22 streets
2026-05-22 21:16:45 [INFO]: Constructing 16 buildings
2026-05-22 21:16:45 [INFO]: Adding 4 agents, they are constrained in 103 region
2026-05-22 21:16:46 [INFO]: Car_1 initialization done!
2026-05-22 21:16:46 [INFO]: Pedestrian_1 initialization done!
2026-05-22 21:16:46 [INFO]: Car_2 initialization done!
2026-05-22 21:16:47 [INFO]: Car_3 initialization done!
2026-05-22 21:16:47 [INFO]: Done!
2026-05-22 21:16:47 [INFO]: ***Init RL Agent in Env***
2026-05-22 21:17:05 [INFO]: will reset agent by success
2026-05-22 21:17:05 [INFO]: ***Reset RL Agent in Env***
2026-05-22 21:17:05 [INFO]: Car_1 initialization done!
2026-05-22 21:17:05 [INFO]: Pedestrian_1 initialization done!
2026-05-22 21:17:06 [INFO]: Car_2 initialization done!
2026-05-22 21:17:06 [INFO]: Car_3 initialization done!
2026-05-22 21:17:06 [INFO]: Agent reset priority to 3/4
2026-05-22 21:17:06 [INFO]: Agent reset concepts to {'type': 'Car', 'priority': 3}
2026-05-22 21:17:07 [INFO]: Episode 14 success.
2026-05-22 21:17:07 [INFO]: Episode 14 achieved a score of 4.060000000000001
2026-05-22 21:17:07 [INFO]: Episode 14 Success: 1
2026-05-22 21:17:07 [INFO]: Episode 14 Decision Step: {3: 1}
2026-05-22 21:17:07 [INFO]: Episode 14 Success Decision: {3: 1}
2026-05-22 21:17:07 [INFO]: Evaluating episode 15...
2026-05-22 21:17:07 [INFO]: Episode label: {'oracle_step': 67, 'stop_count': 0, 'has_stop': False, 'ego_crosses': True, 'ego_eta': 5, 'ego_direction': 'down', 'other_crosses': 3, 'close_other_count': 0, 'pedestrian_close': None, 'conflicting_approach': False, 'total_crosses': 4}
2026-05-22 21:17:07 [INFO]: Get map info from config/maps/square_2x2.yaml
2026-05-22 21:17:07 [INFO]: Get agent info from config/agents/easy_lite/val.yaml
2026-05-22 21:17:07 [INFO]: Get onology and rules info from config/rules/ontology_easy.yaml, config/rules/Nav/easy/expert.yaml
2026-05-22 21:17:07 [INFO]: Number of Entity Types: 1
Entity Types:
- Entity
2026-05-22 21:17:07 [INFO]: Number of Predicates: 13
Predicates:
- IsPedestrian: {'instance': "Function('IsPed', entity_sorts['Entity'], BoolSort())", 'arity': 1, 'method': 'IsPed(Entity)', 'function': 'logicity.utils.pred_converter.z3.IsPed'}
- IsCar: {'instance': "Function('IsCar', entity_sorts['Entity'], BoolSort())", 'arity': 1, 'method': 'IsCar(Entity)', 'function': 'logicity.utils.pred_converter.z3.IsCar'}
- IsAmbulance: {'instance': "Function('IsAmb', entity_sorts['Entity'], BoolSort())", 'arity': 1, 'method': 'IsAmb(Entity)', 'function': 'logicity.utils.pred_converter.z3.IsAmb'}
- IsOld: {'instance': "Function('IsOld', entity_sorts['Entity'], BoolSort())", 'arity': 1, 'method': 'IsOld(Entity)', 'function': 'logicity.utils.pred_converter.z3.IsOld'}
- IsTiro: {'instance': "Function('IsTiro', entity_sorts['Entity'], BoolSort())", 'arity': 1, 'method': 'IsTiro(Entity)', 'function': 'logicity.utils.pred_converter.z3.IsTiro'}
- IsAtInter: {'instance': "Function('IsAtInter', entity_sorts['Entity'], BoolSort())", 'arity': 1, 'method': 'IsAtInter(Entity)', 'function': 'logicity.utils.pred_converter.z3.IsAtInter'}
- IsInInter: {'instance': "Function('IsInInter', entity_sorts['Entity'], BoolSort())", 'arity': 1, 'method': 'IsInInter(Entity)', 'function': 'logicity.utils.pred_converter.z3.IsInInter'}
- HigherPri: {'instance': "Function('HigherPri', entity_sorts['Entity'], entity_sorts['Entity'], BoolSort())", 'arity': 2, 'method': 'HigherPri(Entity, Entity)', 'function': 'logicity.utils.pred_converter.z3.HigherPri'}
- CollidingClose: {'instance': "Function('CollidingClose', entity_sorts['Entity'], entity_sorts['Entity'], BoolSort())", 'arity': 2, 'method': 'CollidingClose(Entity, Entity)', 'function': 'logicity.utils.pred_converter.z3.CollidingClose'}
- Stop: {'instance': "Function('Stop', entity_sorts['Entity'], BoolSort())", 'arity': 1, 'method': 'Stop(Entity)', 'function': 'None'}
- Fast: {'instance': "Function('Fast', entity_sorts['Entity'], BoolSort())", 'arity': 1, 'method': 'Fast(Entity)', 'function': 'None'}
- Normal: {'instance': "Function('Normal', entity_sorts['Entity'], BoolSort())", 'arity': 1, 'method': 'Normal(Entity)', 'function': 'None'}
- Slow: {'instance': "Function('Slow', entity_sorts['Entity'], BoolSort())", 'arity': 1, 'method': 'Slow(Entity)', 'function': 'None'}
2026-05-22 21:17:07 [INFO]: *** Sim Rule ***: Stop -> 
 Stop(entity) == Exists(
  [dummyEntity], 
  Or(
    And(
      IsAtInter(entity), 
      IsInInter(dummyEntity), 
    ),
    And(
      IsAtInter(entity), 
      IsAtInter(dummyEntity), 
      HigherPri(dummyEntity, entity),
    ),
    CollidingClose(entity, dummyEntity)
  )
)

2026-05-22 21:17:07 [INFO]: *** Task Rule ***: Collision and Intersection -> 
 Implies(Exists(
  [dummyEntity], 
    Or(
      And(
        IsAtInter(entity), 
        IsInInter(dummyEntity), 
      ),
      And(
        IsAtInter(entity), 
        IsAtInter(dummyEntity), 
        HigherPri(dummyEntity, entity),
      ),
      CollidingClose(entity, dummyEntity)
    )
  ),
  Stop(entity)
)

2026-05-22 21:17:07 [INFO]: *** Expert Rule ***: Stop -> 
 Stop(entity) == Exists(
[dummyEntity], 
  Or(
    And(
      IsAtInter(entity), 
      IsInInter(dummyEntity), 
    ),
    And(
      IsAtInter(entity), 
      IsAtInter(dummyEntity), 
      HigherPri(dummyEntity, entity),
    ),
    CollidingClose(entity, dummyEntity)
  )
)

2026-05-22 21:17:07 [INFO]: *** Expert Rule ***: Slow -> 
 Not(Slow(entity))

2026-05-22 21:17:07 [INFO]: *** Expert Rule ***: Fast -> 
 Not(Fast(entity))

2026-05-22 21:17:07 [INFO]: *** Expert Rule ***: Normal -> 
 Normal(entity) == Not(Stop(entity))
2026-05-22 21:17:07 [INFO]: Rules created successfully
2026-05-22 21:17:07 [INFO]: Rules will be grounded later...
2026-05-22 21:17:07 [INFO]: Given Predicates {'IsPedestrian': {'instance': IsPed, 'arity': 1, 'method': 'IsPed(Entity)', 'function': 'logicity.utils.pred_converter.z3.IsPed'}, 'IsCar': {'instance': IsCar, 'arity': 1, 'method': 'IsCar(Entity)', 'function': 'logicity.utils.pred_converter.z3.IsCar'}, 'IsAmbulance': {'instance': IsAmb, 'arity': 1, 'method': 'IsAmb(Entity)', 'function': 'logicity.utils.pred_converter.z3.IsAmb'}, 'IsOld': {'instance': IsOld, 'arity': 1, 'method': 'IsOld(Entity)', 'function': 'logicity.utils.pred_converter.z3.IsOld'}, 'IsTiro': {'instance': IsTiro, 'arity': 1, 'method': 'IsTiro(Entity)', 'function': 'logicity.utils.pred_converter.z3.IsTiro'}, 'IsAtInter': {'instance': IsAtInter, 'arity': 1, 'method': 'IsAtInter(Entity)', 'function': 'logicity.utils.pred_converter.z3.IsAtInter'}, 'IsInInter': {'instance': IsInInter, 'arity': 1, 'method': 'IsInInter(Entity)', 'function': 'logicity.utils.pred_converter.z3.IsInInter'}, 'HigherPri': {'instance': HigherPri, 'arity': 2, 'method': 'HigherPri(Entity, Entity)', 'function': 'logicity.utils.pred_converter.z3.HigherPri'}, 'CollidingClose': {'instance': CollidingClose, 'arity': 2, 'method': 'CollidingClose(Entity, Entity)', 'function': 'logicity.utils.pred_converter.z3.CollidingClose'}, 'Stop': {'instance': Stop, 'arity': 1, 'method': 'Stop(Entity)', 'function': 'None'}, 'Fast': {'instance': Fast, 'arity': 1, 'method': 'Fast(Entity)', 'function': 'None'}, 'Normal': {'instance': Normal, 'arity': 1, 'method': 'Normal(Entity)', 'function': 'None'}, 'Slow': {'instance': Slow, 'arity': 1, 'method': 'Slow(Entity)', 'function': 'None'}}, the FOV entities {'Entity': 3}, The logic grounding shape is: 39
2026-05-22 21:17:07 [INFO]: Local planner constructed!
2026-05-22 21:17:07 [INFO]: Constructing 22 streets
2026-05-22 21:17:08 [INFO]: Constructing 16 buildings
2026-05-22 21:17:08 [INFO]: Adding 4 agents, they are constrained in 103 region
2026-05-22 21:17:09 [INFO]: Car_1 initialization done!
2026-05-22 21:17:09 [INFO]: Pedestrian_1 initialization done!
2026-05-22 21:17:10 [INFO]: Car_2 initialization done!
2026-05-22 21:17:11 [INFO]: Car_3 initialization done!
2026-05-22 21:17:11 [INFO]: Done!
2026-05-22 21:17:11 [INFO]: ***Init RL Agent in Env***
2026-05-22 21:17:23 [INFO]: will reset agent by success
2026-05-22 21:17:23 [INFO]: ***Reset RL Agent in Env***
2026-05-22 21:17:23 [INFO]: Car_1 initialization done!
2026-05-22 21:17:23 [INFO]: Pedestrian_1 initialization done!
2026-05-22 21:17:24 [INFO]: Car_2 initialization done!
2026-05-22 21:17:24 [INFO]: Car_3 initialization done!
2026-05-22 21:17:24 [INFO]: Agent reset priority to 3/4
2026-05-22 21:17:24 [INFO]: Agent reset concepts to {'type': 'Car', 'priority': 3}
2026-05-22 21:17:24 [INFO]: Episode 15 success.
2026-05-22 21:17:24 [INFO]: Episode 15 achieved a score of 6.899999999999999
2026-05-22 21:17:24 [INFO]: Episode 15 Success: 1
2026-05-22 21:17:24 [INFO]: Episode 15 Decision Step: {3: 0}
2026-05-22 21:17:24 [INFO]: Episode 15 Success Decision: {3: 0}
2026-05-22 21:17:24 [INFO]: Evaluating episode 16...
2026-05-22 21:17:24 [INFO]: Episode label: {'oracle_step': 30, 'stop_count': 0, 'has_stop': False, 'ego_crosses': True, 'ego_eta': 28, 'ego_direction': 'down', 'other_crosses': 3, 'close_other_count': 0, 'pedestrian_close': None, 'conflicting_approach': False, 'total_crosses': 4}
2026-05-22 21:17:24 [INFO]: Get map info from config/maps/square_2x2.yaml
2026-05-22 21:17:24 [INFO]: Get agent info from config/agents/easy_lite/val.yaml
2026-05-22 21:17:24 [INFO]: Get onology and rules info from config/rules/ontology_easy.yaml, config/rules/Nav/easy/expert.yaml
2026-05-22 21:17:24 [INFO]: Number of Entity Types: 1
Entity Types:
- Entity
2026-05-22 21:17:24 [INFO]: Number of Predicates: 13
Predicates:
- IsPedestrian: {'instance': "Function('IsPed', entity_sorts['Entity'], BoolSort())", 'arity': 1, 'method': 'IsPed(Entity)', 'function': 'logicity.utils.pred_converter.z3.IsPed'}
- IsCar: {'instance': "Function('IsCar', entity_sorts['Entity'], BoolSort())", 'arity': 1, 'method': 'IsCar(Entity)', 'function': 'logicity.utils.pred_converter.z3.IsCar'}
- IsAmbulance: {'instance': "Function('IsAmb', entity_sorts['Entity'], BoolSort())", 'arity': 1, 'method': 'IsAmb(Entity)', 'function': 'logicity.utils.pred_converter.z3.IsAmb'}
- IsOld: {'instance': "Function('IsOld', entity_sorts['Entity'], BoolSort())", 'arity': 1, 'method': 'IsOld(Entity)', 'function': 'logicity.utils.pred_converter.z3.IsOld'}
- IsTiro: {'instance': "Function('IsTiro', entity_sorts['Entity'], BoolSort())", 'arity': 1, 'method': 'IsTiro(Entity)', 'function': 'logicity.utils.pred_converter.z3.IsTiro'}
- IsAtInter: {'instance': "Function('IsAtInter', entity_sorts['Entity'], BoolSort())", 'arity': 1, 'method': 'IsAtInter(Entity)', 'function': 'logicity.utils.pred_converter.z3.IsAtInter'}
- IsInInter: {'instance': "Function('IsInInter', entity_sorts['Entity'], BoolSort())", 'arity': 1, 'method': 'IsInInter(Entity)', 'function': 'logicity.utils.pred_converter.z3.IsInInter'}
- HigherPri: {'instance': "Function('HigherPri', entity_sorts['Entity'], entity_sorts['Entity'], BoolSort())", 'arity': 2, 'method': 'HigherPri(Entity, Entity)', 'function': 'logicity.utils.pred_converter.z3.HigherPri'}
- CollidingClose: {'instance': "Function('CollidingClose', entity_sorts['Entity'], entity_sorts['Entity'], BoolSort())", 'arity': 2, 'method': 'CollidingClose(Entity, Entity)', 'function': 'logicity.utils.pred_converter.z3.CollidingClose'}
- Stop: {'instance': "Function('Stop', entity_sorts['Entity'], BoolSort())", 'arity': 1, 'method': 'Stop(Entity)', 'function': 'None'}
- Fast: {'instance': "Function('Fast', entity_sorts['Entity'], BoolSort())", 'arity': 1, 'method': 'Fast(Entity)', 'function': 'None'}
- Normal: {'instance': "Function('Normal', entity_sorts['Entity'], BoolSort())", 'arity': 1, 'method': 'Normal(Entity)', 'function': 'None'}
- Slow: {'instance': "Function('Slow', entity_sorts['Entity'], BoolSort())", 'arity': 1, 'method': 'Slow(Entity)', 'function': 'None'}
2026-05-22 21:17:24 [INFO]: *** Sim Rule ***: Stop -> 
 Stop(entity) == Exists(
  [dummyEntity], 
  Or(
    And(
      IsAtInter(entity), 
      IsInInter(dummyEntity), 
    ),
    And(
      IsAtInter(entity), 
      IsAtInter(dummyEntity), 
      HigherPri(dummyEntity, entity),
    ),
    CollidingClose(entity, dummyEntity)
  )
)

2026-05-22 21:17:24 [INFO]: *** Task Rule ***: Collision and Intersection -> 
 Implies(Exists(
  [dummyEntity], 
    Or(
      And(
        IsAtInter(entity), 
        IsInInter(dummyEntity), 
      ),
      And(
        IsAtInter(entity), 
        IsAtInter(dummyEntity), 
        HigherPri(dummyEntity, entity),
      ),
      CollidingClose(entity, dummyEntity)
    )
  ),
  Stop(entity)
)

2026-05-22 21:17:24 [INFO]: *** Expert Rule ***: Stop -> 
 Stop(entity) == Exists(
[dummyEntity], 
  Or(
    And(
      IsAtInter(entity), 
      IsInInter(dummyEntity), 
    ),
    And(
      IsAtInter(entity), 
      IsAtInter(dummyEntity), 
      HigherPri(dummyEntity, entity),
    ),
    CollidingClose(entity, dummyEntity)
  )
)

2026-05-22 21:17:24 [INFO]: *** Expert Rule ***: Slow -> 
 Not(Slow(entity))

2026-05-22 21:17:24 [INFO]: *** Expert Rule ***: Fast -> 
 Not(Fast(entity))

2026-05-22 21:17:24 [INFO]: *** Expert Rule ***: Normal -> 
 Normal(entity) == Not(Stop(entity))
2026-05-22 21:17:24 [INFO]: Rules created successfully
2026-05-22 21:17:24 [INFO]: Rules will be grounded later...
2026-05-22 21:17:24 [INFO]: Given Predicates {'IsPedestrian': {'instance': IsPed, 'arity': 1, 'method': 'IsPed(Entity)', 'function': 'logicity.utils.pred_converter.z3.IsPed'}, 'IsCar': {'instance': IsCar, 'arity': 1, 'method': 'IsCar(Entity)', 'function': 'logicity.utils.pred_converter.z3.IsCar'}, 'IsAmbulance': {'instance': IsAmb, 'arity': 1, 'method': 'IsAmb(Entity)', 'function': 'logicity.utils.pred_converter.z3.IsAmb'}, 'IsOld': {'instance': IsOld, 'arity': 1, 'method': 'IsOld(Entity)', 'function': 'logicity.utils.pred_converter.z3.IsOld'}, 'IsTiro': {'instance': IsTiro, 'arity': 1, 'method': 'IsTiro(Entity)', 'function': 'logicity.utils.pred_converter.z3.IsTiro'}, 'IsAtInter': {'instance': IsAtInter, 'arity': 1, 'method': 'IsAtInter(Entity)', 'function': 'logicity.utils.pred_converter.z3.IsAtInter'}, 'IsInInter': {'instance': IsInInter, 'arity': 1, 'method': 'IsInInter(Entity)', 'function': 'logicity.utils.pred_converter.z3.IsInInter'}, 'HigherPri': {'instance': HigherPri, 'arity': 2, 'method': 'HigherPri(Entity, Entity)', 'function': 'logicity.utils.pred_converter.z3.HigherPri'}, 'CollidingClose': {'instance': CollidingClose, 'arity': 2, 'method': 'CollidingClose(Entity, Entity)', 'function': 'logicity.utils.pred_converter.z3.CollidingClose'}, 'Stop': {'instance': Stop, 'arity': 1, 'method': 'Stop(Entity)', 'function': 'None'}, 'Fast': {'instance': Fast, 'arity': 1, 'method': 'Fast(Entity)', 'function': 'None'}, 'Normal': {'instance': Normal, 'arity': 1, 'method': 'Normal(Entity)', 'function': 'None'}, 'Slow': {'instance': Slow, 'arity': 1, 'method': 'Slow(Entity)', 'function': 'None'}}, the FOV entities {'Entity': 3}, The logic grounding shape is: 39
2026-05-22 21:17:24 [INFO]: Local planner constructed!
2026-05-22 21:17:24 [INFO]: Constructing 22 streets
2026-05-22 21:17:25 [INFO]: Constructing 16 buildings
2026-05-22 21:17:25 [INFO]: Adding 4 agents, they are constrained in 103 region
2026-05-22 21:17:26 [INFO]: Car_1 initialization done!
2026-05-22 21:17:26 [INFO]: Pedestrian_1 initialization done!
2026-05-22 21:17:27 [INFO]: Car_2 initialization done!
2026-05-22 21:17:28 [INFO]: Car_3 initialization done!
2026-05-22 21:17:28 [INFO]: Done!
2026-05-22 21:17:28 [INFO]: ***Init RL Agent in Env***
2026-05-22 21:17:35 [INFO]: will reset agent by success
2026-05-22 21:17:35 [INFO]: ***Reset RL Agent in Env***
2026-05-22 21:17:36 [INFO]: Car_1 initialization done!
2026-05-22 21:17:36 [INFO]: Pedestrian_1 initialization done!
2026-05-22 21:17:37 [INFO]: Car_2 initialization done!
2026-05-22 21:17:37 [INFO]: Car_3 initialization done!
2026-05-22 21:17:37 [INFO]: Agent reset priority to 2/4
2026-05-22 21:17:37 [INFO]: Agent reset concepts to {'type': 'Car', 'priority': 2}
2026-05-22 21:17:38 [INFO]: Episode 16 success.
2026-05-22 21:17:38 [INFO]: Episode 16 achieved a score of 3.5500000000000016
2026-05-22 21:17:38 [INFO]: Episode 16 Success: 1
2026-05-22 21:17:38 [INFO]: Episode 16 Decision Step: {3: 1}
2026-05-22 21:17:38 [INFO]: Episode 16 Success Decision: {3: 1}
2026-05-22 21:17:38 [INFO]: Evaluating episode 17...
2026-05-22 21:17:38 [INFO]: Episode label: {'oracle_step': 118, 'stop_count': 21, 'has_stop': True, 'ego_crosses': True, 'ego_eta': 66, 'ego_direction': 'up', 'other_crosses': 3, 'close_other_count': 0, 'pedestrian_close': None, 'conflicting_approach': False, 'total_crosses': 4}
2026-05-22 21:17:38 [INFO]: Get map info from config/maps/square_2x2.yaml
2026-05-22 21:17:38 [INFO]: Get agent info from config/agents/easy_lite/val.yaml
2026-05-22 21:17:38 [INFO]: Get onology and rules info from config/rules/ontology_easy.yaml, config/rules/Nav/easy/expert.yaml
2026-05-22 21:17:38 [INFO]: Number of Entity Types: 1
Entity Types:
- Entity
2026-05-22 21:17:38 [INFO]: Number of Predicates: 13
Predicates:
- IsPedestrian: {'instance': "Function('IsPed', entity_sorts['Entity'], BoolSort())", 'arity': 1, 'method': 'IsPed(Entity)', 'function': 'logicity.utils.pred_converter.z3.IsPed'}
- IsCar: {'instance': "Function('IsCar', entity_sorts['Entity'], BoolSort())", 'arity': 1, 'method': 'IsCar(Entity)', 'function': 'logicity.utils.pred_converter.z3.IsCar'}
- IsAmbulance: {'instance': "Function('IsAmb', entity_sorts['Entity'], BoolSort())", 'arity': 1, 'method': 'IsAmb(Entity)', 'function': 'logicity.utils.pred_converter.z3.IsAmb'}
- IsOld: {'instance': "Function('IsOld', entity_sorts['Entity'], BoolSort())", 'arity': 1, 'method': 'IsOld(Entity)', 'function': 'logicity.utils.pred_converter.z3.IsOld'}
- IsTiro: {'instance': "Function('IsTiro', entity_sorts['Entity'], BoolSort())", 'arity': 1, 'method': 'IsTiro(Entity)', 'function': 'logicity.utils.pred_converter.z3.IsTiro'}
- IsAtInter: {'instance': "Function('IsAtInter', entity_sorts['Entity'], BoolSort())", 'arity': 1, 'method': 'IsAtInter(Entity)', 'function': 'logicity.utils.pred_converter.z3.IsAtInter'}
- IsInInter: {'instance': "Function('IsInInter', entity_sorts['Entity'], BoolSort())", 'arity': 1, 'method': 'IsInInter(Entity)', 'function': 'logicity.utils.pred_converter.z3.IsInInter'}
- HigherPri: {'instance': "Function('HigherPri', entity_sorts['Entity'], entity_sorts['Entity'], BoolSort())", 'arity': 2, 'method': 'HigherPri(Entity, Entity)', 'function': 'logicity.utils.pred_converter.z3.HigherPri'}
- CollidingClose: {'instance': "Function('CollidingClose', entity_sorts['Entity'], entity_sorts['Entity'], BoolSort())", 'arity': 2, 'method': 'CollidingClose(Entity, Entity)', 'function': 'logicity.utils.pred_converter.z3.CollidingClose'}
- Stop: {'instance': "Function('Stop', entity_sorts['Entity'], BoolSort())", 'arity': 1, 'method': 'Stop(Entity)', 'function': 'None'}
- Fast: {'instance': "Function('Fast', entity_sorts['Entity'], BoolSort())", 'arity': 1, 'method': 'Fast(Entity)', 'function': 'None'}
- Normal: {'instance': "Function('Normal', entity_sorts['Entity'], BoolSort())", 'arity': 1, 'method': 'Normal(Entity)', 'function': 'None'}
- Slow: {'instance': "Function('Slow', entity_sorts['Entity'], BoolSort())", 'arity': 1, 'method': 'Slow(Entity)', 'function': 'None'}
2026-05-22 21:17:38 [INFO]: *** Sim Rule ***: Stop -> 
 Stop(entity) == Exists(
  [dummyEntity], 
  Or(
    And(
      IsAtInter(entity), 
      IsInInter(dummyEntity), 
    ),
    And(
      IsAtInter(entity), 
      IsAtInter(dummyEntity), 
      HigherPri(dummyEntity, entity),
    ),
    CollidingClose(entity, dummyEntity)
  )
)

2026-05-22 21:17:38 [INFO]: *** Task Rule ***: Collision and Intersection -> 
 Implies(Exists(
  [dummyEntity], 
    Or(
      And(
        IsAtInter(entity), 
        IsInInter(dummyEntity), 
      ),
      And(
        IsAtInter(entity), 
        IsAtInter(dummyEntity), 
        HigherPri(dummyEntity, entity),
      ),
      CollidingClose(entity, dummyEntity)
    )
  ),
  Stop(entity)
)

2026-05-22 21:17:38 [INFO]: *** Expert Rule ***: Stop -> 
 Stop(entity) == Exists(
[dummyEntity], 
  Or(
    And(
      IsAtInter(entity), 
      IsInInter(dummyEntity), 
    ),
    And(
      IsAtInter(entity), 
      IsAtInter(dummyEntity), 
      HigherPri(dummyEntity, entity),
    ),
    CollidingClose(entity, dummyEntity)
  )
)

2026-05-22 21:17:38 [INFO]: *** Expert Rule ***: Slow -> 
 Not(Slow(entity))

2026-05-22 21:17:38 [INFO]: *** Expert Rule ***: Fast -> 
 Not(Fast(entity))

2026-05-22 21:17:38 [INFO]: *** Expert Rule ***: Normal -> 
 Normal(entity) == Not(Stop(entity))
2026-05-22 21:17:38 [INFO]: Rules created successfully
2026-05-22 21:17:38 [INFO]: Rules will be grounded later...
2026-05-22 21:17:38 [INFO]: Given Predicates {'IsPedestrian': {'instance': IsPed, 'arity': 1, 'method': 'IsPed(Entity)', 'function': 'logicity.utils.pred_converter.z3.IsPed'}, 'IsCar': {'instance': IsCar, 'arity': 1, 'method': 'IsCar(Entity)', 'function': 'logicity.utils.pred_converter.z3.IsCar'}, 'IsAmbulance': {'instance': IsAmb, 'arity': 1, 'method': 'IsAmb(Entity)', 'function': 'logicity.utils.pred_converter.z3.IsAmb'}, 'IsOld': {'instance': IsOld, 'arity': 1, 'method': 'IsOld(Entity)', 'function': 'logicity.utils.pred_converter.z3.IsOld'}, 'IsTiro': {'instance': IsTiro, 'arity': 1, 'method': 'IsTiro(Entity)', 'function': 'logicity.utils.pred_converter.z3.IsTiro'}, 'IsAtInter': {'instance': IsAtInter, 'arity': 1, 'method': 'IsAtInter(Entity)', 'function': 'logicity.utils.pred_converter.z3.IsAtInter'}, 'IsInInter': {'instance': IsInInter, 'arity': 1, 'method': 'IsInInter(Entity)', 'function': 'logicity.utils.pred_converter.z3.IsInInter'}, 'HigherPri': {'instance': HigherPri, 'arity': 2, 'method': 'HigherPri(Entity, Entity)', 'function': 'logicity.utils.pred_converter.z3.HigherPri'}, 'CollidingClose': {'instance': CollidingClose, 'arity': 2, 'method': 'CollidingClose(Entity, Entity)', 'function': 'logicity.utils.pred_converter.z3.CollidingClose'}, 'Stop': {'instance': Stop, 'arity': 1, 'method': 'Stop(Entity)', 'function': 'None'}, 'Fast': {'instance': Fast, 'arity': 1, 'method': 'Fast(Entity)', 'function': 'None'}, 'Normal': {'instance': Normal, 'arity': 1, 'method': 'Normal(Entity)', 'function': 'None'}, 'Slow': {'instance': Slow, 'arity': 1, 'method': 'Slow(Entity)', 'function': 'None'}}, the FOV entities {'Entity': 3}, The logic grounding shape is: 39
2026-05-22 21:17:38 [INFO]: Local planner constructed!
2026-05-22 21:17:38 [INFO]: Constructing 22 streets
2026-05-22 21:17:39 [INFO]: Constructing 16 buildings
2026-05-22 21:17:39 [INFO]: Adding 4 agents, they are constrained in 103 region
2026-05-22 21:17:40 [INFO]: Car_1 initialization done!
2026-05-22 21:17:40 [INFO]: Pedestrian_1 initialization done!
2026-05-22 21:17:40 [INFO]: Car_2 initialization done!
2026-05-22 21:17:41 [INFO]: Car_3 initialization done!
2026-05-22 21:17:41 [INFO]: Done!
2026-05-22 21:17:41 [INFO]: ***Init RL Agent in Env***
2026-05-22 21:18:06 [INFO]: will reset agent by success
2026-05-22 21:18:06 [INFO]: ***Reset RL Agent in Env***
2026-05-22 21:18:06 [INFO]: Car_1 initialization done!
2026-05-22 21:18:06 [INFO]: Pedestrian_1 initialization done!
2026-05-22 21:18:07 [INFO]: Car_2 initialization done!
2026-05-22 21:18:07 [INFO]: Car_3 initialization done!
2026-05-22 21:18:07 [INFO]: Agent reset priority to 2/4
2026-05-22 21:18:07 [INFO]: Agent reset concepts to {'type': 'Car', 'priority': 2}
2026-05-22 21:18:07 [INFO]: Episode 17 success.
2026-05-22 21:18:07 [INFO]: Episode 17 achieved a score of 9.340000000000003
2026-05-22 21:18:07 [INFO]: Episode 17 Success: 1
2026-05-22 21:18:07 [INFO]: Episode 17 Decision Step: {3: 1}
2026-05-22 21:18:07 [INFO]: Episode 17 Success Decision: {3: 1}
2026-05-22 21:18:07 [INFO]: Evaluating episode 18...
2026-05-22 21:18:07 [INFO]: Episode label: {'oracle_step': 38, 'stop_count': 0, 'has_stop': False, 'ego_crosses': True, 'ego_eta': 52, 'ego_direction': 'right', 'other_crosses': 3, 'close_other_count': 0, 'pedestrian_close': None, 'conflicting_approach': False, 'total_crosses': 4}
2026-05-22 21:18:07 [INFO]: Get map info from config/maps/square_2x2.yaml
2026-05-22 21:18:07 [INFO]: Get agent info from config/agents/easy_lite/val.yaml
2026-05-22 21:18:07 [INFO]: Get onology and rules info from config/rules/ontology_easy.yaml, config/rules/Nav/easy/expert.yaml
2026-05-22 21:18:07 [INFO]: Number of Entity Types: 1
Entity Types:
- Entity
2026-05-22 21:18:07 [INFO]: Number of Predicates: 13
Predicates:
- IsPedestrian: {'instance': "Function('IsPed', entity_sorts['Entity'], BoolSort())", 'arity': 1, 'method': 'IsPed(Entity)', 'function': 'logicity.utils.pred_converter.z3.IsPed'}
- IsCar: {'instance': "Function('IsCar', entity_sorts['Entity'], BoolSort())", 'arity': 1, 'method': 'IsCar(Entity)', 'function': 'logicity.utils.pred_converter.z3.IsCar'}
- IsAmbulance: {'instance': "Function('IsAmb', entity_sorts['Entity'], BoolSort())", 'arity': 1, 'method': 'IsAmb(Entity)', 'function': 'logicity.utils.pred_converter.z3.IsAmb'}
- IsOld: {'instance': "Function('IsOld', entity_sorts['Entity'], BoolSort())", 'arity': 1, 'method': 'IsOld(Entity)', 'function': 'logicity.utils.pred_converter.z3.IsOld'}
- IsTiro: {'instance': "Function('IsTiro', entity_sorts['Entity'], BoolSort())", 'arity': 1, 'method': 'IsTiro(Entity)', 'function': 'logicity.utils.pred_converter.z3.IsTiro'}
- IsAtInter: {'instance': "Function('IsAtInter', entity_sorts['Entity'], BoolSort())", 'arity': 1, 'method': 'IsAtInter(Entity)', 'function': 'logicity.utils.pred_converter.z3.IsAtInter'}
- IsInInter: {'instance': "Function('IsInInter', entity_sorts['Entity'], BoolSort())", 'arity': 1, 'method': 'IsInInter(Entity)', 'function': 'logicity.utils.pred_converter.z3.IsInInter'}
- HigherPri: {'instance': "Function('HigherPri', entity_sorts['Entity'], entity_sorts['Entity'], BoolSort())", 'arity': 2, 'method': 'HigherPri(Entity, Entity)', 'function': 'logicity.utils.pred_converter.z3.HigherPri'}
- CollidingClose: {'instance': "Function('CollidingClose', entity_sorts['Entity'], entity_sorts['Entity'], BoolSort())", 'arity': 2, 'method': 'CollidingClose(Entity, Entity)', 'function': 'logicity.utils.pred_converter.z3.CollidingClose'}
- Stop: {'instance': "Function('Stop', entity_sorts['Entity'], BoolSort())", 'arity': 1, 'method': 'Stop(Entity)', 'function': 'None'}
- Fast: {'instance': "Function('Fast', entity_sorts['Entity'], BoolSort())", 'arity': 1, 'method': 'Fast(Entity)', 'function': 'None'}
- Normal: {'instance': "Function('Normal', entity_sorts['Entity'], BoolSort())", 'arity': 1, 'method': 'Normal(Entity)', 'function': 'None'}
- Slow: {'instance': "Function('Slow', entity_sorts['Entity'], BoolSort())", 'arity': 1, 'method': 'Slow(Entity)', 'function': 'None'}
2026-05-22 21:18:07 [INFO]: *** Sim Rule ***: Stop -> 
 Stop(entity) == Exists(
  [dummyEntity], 
  Or(
    And(
      IsAtInter(entity), 
      IsInInter(dummyEntity), 
    ),
    And(
      IsAtInter(entity), 
      IsAtInter(dummyEntity), 
      HigherPri(dummyEntity, entity),
    ),
    CollidingClose(entity, dummyEntity)
  )
)

2026-05-22 21:18:07 [INFO]: *** Task Rule ***: Collision and Intersection -> 
 Implies(Exists(
  [dummyEntity], 
    Or(
      And(
        IsAtInter(entity), 
        IsInInter(dummyEntity), 
      ),
      And(
        IsAtInter(entity), 
        IsAtInter(dummyEntity), 
        HigherPri(dummyEntity, entity),
      ),
      CollidingClose(entity, dummyEntity)
    )
  ),
  Stop(entity)
)

2026-05-22 21:18:07 [INFO]: *** Expert Rule ***: Stop -> 
 Stop(entity) == Exists(
[dummyEntity], 
  Or(
    And(
      IsAtInter(entity), 
      IsInInter(dummyEntity), 
    ),
    And(
      IsAtInter(entity), 
      IsAtInter(dummyEntity), 
      HigherPri(dummyEntity, entity),
    ),
    CollidingClose(entity, dummyEntity)
  )
)

2026-05-22 21:18:07 [INFO]: *** Expert Rule ***: Slow -> 
 Not(Slow(entity))

2026-05-22 21:18:07 [INFO]: *** Expert Rule ***: Fast -> 
 Not(Fast(entity))

2026-05-22 21:18:07 [INFO]: *** Expert Rule ***: Normal -> 
 Normal(entity) == Not(Stop(entity))
2026-05-22 21:18:07 [INFO]: Rules created successfully
2026-05-22 21:18:07 [INFO]: Rules will be grounded later...
2026-05-22 21:18:07 [INFO]: Given Predicates {'IsPedestrian': {'instance': IsPed, 'arity': 1, 'method': 'IsPed(Entity)', 'function': 'logicity.utils.pred_converter.z3.IsPed'}, 'IsCar': {'instance': IsCar, 'arity': 1, 'method': 'IsCar(Entity)', 'function': 'logicity.utils.pred_converter.z3.IsCar'}, 'IsAmbulance': {'instance': IsAmb, 'arity': 1, 'method': 'IsAmb(Entity)', 'function': 'logicity.utils.pred_converter.z3.IsAmb'}, 'IsOld': {'instance': IsOld, 'arity': 1, 'method': 'IsOld(Entity)', 'function': 'logicity.utils.pred_converter.z3.IsOld'}, 'IsTiro': {'instance': IsTiro, 'arity': 1, 'method': 'IsTiro(Entity)', 'function': 'logicity.utils.pred_converter.z3.IsTiro'}, 'IsAtInter': {'instance': IsAtInter, 'arity': 1, 'method': 'IsAtInter(Entity)', 'function': 'logicity.utils.pred_converter.z3.IsAtInter'}, 'IsInInter': {'instance': IsInInter, 'arity': 1, 'method': 'IsInInter(Entity)', 'function': 'logicity.utils.pred_converter.z3.IsInInter'}, 'HigherPri': {'instance': HigherPri, 'arity': 2, 'method': 'HigherPri(Entity, Entity)', 'function': 'logicity.utils.pred_converter.z3.HigherPri'}, 'CollidingClose': {'instance': CollidingClose, 'arity': 2, 'method': 'CollidingClose(Entity, Entity)', 'function': 'logicity.utils.pred_converter.z3.CollidingClose'}, 'Stop': {'instance': Stop, 'arity': 1, 'method': 'Stop(Entity)', 'function': 'None'}, 'Fast': {'instance': Fast, 'arity': 1, 'method': 'Fast(Entity)', 'function': 'None'}, 'Normal': {'instance': Normal, 'arity': 1, 'method': 'Normal(Entity)', 'function': 'None'}, 'Slow': {'instance': Slow, 'arity': 1, 'method': 'Slow(Entity)', 'function': 'None'}}, the FOV entities {'Entity': 3}, The logic grounding shape is: 39
2026-05-22 21:18:07 [INFO]: Local planner constructed!
2026-05-22 21:18:07 [INFO]: Constructing 22 streets
2026-05-22 21:18:08 [INFO]: Constructing 16 buildings
2026-05-22 21:18:08 [INFO]: Adding 4 agents, they are constrained in 103 region
2026-05-22 21:18:09 [INFO]: Car_1 initialization done!
2026-05-22 21:18:09 [INFO]: Pedestrian_1 initialization done!
2026-05-22 21:18:09 [INFO]: Car_2 initialization done!
2026-05-22 21:18:10 [INFO]: Car_3 initialization done!
2026-05-22 21:18:10 [INFO]: Done!
2026-05-22 21:18:10 [INFO]: ***Init RL Agent in Env***
2026-05-22 21:18:30 [INFO]: Episode 18 failed.
2026-05-22 21:18:30 [INFO]: Episode 18 achieved a score of -1.2099999999999917
2026-05-22 21:18:30 [INFO]: Episode 18 Success: 0
2026-05-22 21:18:30 [INFO]: Episode 18 Decision Step: {3: 1}
2026-05-22 21:18:30 [INFO]: Episode 18 Success Decision: {3: 1}
2026-05-22 21:18:30 [INFO]: Evaluating episode 19...
2026-05-22 21:18:30 [INFO]: Episode label: {'oracle_step': 43, 'stop_count': 0, 'has_stop': False, 'ego_crosses': True, 'ego_eta': 7, 'ego_direction': 'right', 'other_crosses': 3, 'close_other_count': 0, 'pedestrian_close': None, 'conflicting_approach': False, 'total_crosses': 4}
2026-05-22 21:18:30 [INFO]: Get map info from config/maps/square_2x2.yaml
2026-05-22 21:18:30 [INFO]: Get agent info from config/agents/easy_lite/val.yaml
2026-05-22 21:18:30 [INFO]: Get onology and rules info from config/rules/ontology_easy.yaml, config/rules/Nav/easy/expert.yaml
2026-05-22 21:18:30 [INFO]: Number of Entity Types: 1
Entity Types:
- Entity
2026-05-22 21:18:30 [INFO]: Number of Predicates: 13
Predicates:
- IsPedestrian: {'instance': "Function('IsPed', entity_sorts['Entity'], BoolSort())", 'arity': 1, 'method': 'IsPed(Entity)', 'function': 'logicity.utils.pred_converter.z3.IsPed'}
- IsCar: {'instance': "Function('IsCar', entity_sorts['Entity'], BoolSort())", 'arity': 1, 'method': 'IsCar(Entity)', 'function': 'logicity.utils.pred_converter.z3.IsCar'}
- IsAmbulance: {'instance': "Function('IsAmb', entity_sorts['Entity'], BoolSort())", 'arity': 1, 'method': 'IsAmb(Entity)', 'function': 'logicity.utils.pred_converter.z3.IsAmb'}
- IsOld: {'instance': "Function('IsOld', entity_sorts['Entity'], BoolSort())", 'arity': 1, 'method': 'IsOld(Entity)', 'function': 'logicity.utils.pred_converter.z3.IsOld'}
- IsTiro: {'instance': "Function('IsTiro', entity_sorts['Entity'], BoolSort())", 'arity': 1, 'method': 'IsTiro(Entity)', 'function': 'logicity.utils.pred_converter.z3.IsTiro'}
- IsAtInter: {'instance': "Function('IsAtInter', entity_sorts['Entity'], BoolSort())", 'arity': 1, 'method': 'IsAtInter(Entity)', 'function': 'logicity.utils.pred_converter.z3.IsAtInter'}
- IsInInter: {'instance': "Function('IsInInter', entity_sorts['Entity'], BoolSort())", 'arity': 1, 'method': 'IsInInter(Entity)', 'function': 'logicity.utils.pred_converter.z3.IsInInter'}
- HigherPri: {'instance': "Function('HigherPri', entity_sorts['Entity'], entity_sorts['Entity'], BoolSort())", 'arity': 2, 'method': 'HigherPri(Entity, Entity)', 'function': 'logicity.utils.pred_converter.z3.HigherPri'}
- CollidingClose: {'instance': "Function('CollidingClose', entity_sorts['Entity'], entity_sorts['Entity'], BoolSort())", 'arity': 2, 'method': 'CollidingClose(Entity, Entity)', 'function': 'logicity.utils.pred_converter.z3.CollidingClose'}
- Stop: {'instance': "Function('Stop', entity_sorts['Entity'], BoolSort())", 'arity': 1, 'method': 'Stop(Entity)', 'function': 'None'}
- Fast: {'instance': "Function('Fast', entity_sorts['Entity'], BoolSort())", 'arity': 1, 'method': 'Fast(Entity)', 'function': 'None'}
- Normal: {'instance': "Function('Normal', entity_sorts['Entity'], BoolSort())", 'arity': 1, 'method': 'Normal(Entity)', 'function': 'None'}
- Slow: {'instance': "Function('Slow', entity_sorts['Entity'], BoolSort())", 'arity': 1, 'method': 'Slow(Entity)', 'function': 'None'}
2026-05-22 21:18:30 [INFO]: *** Sim Rule ***: Stop -> 
 Stop(entity) == Exists(
  [dummyEntity], 
  Or(
    And(
      IsAtInter(entity), 
      IsInInter(dummyEntity), 
    ),
    And(
      IsAtInter(entity), 
      IsAtInter(dummyEntity), 
      HigherPri(dummyEntity, entity),
    ),
    CollidingClose(entity, dummyEntity)
  )
)

2026-05-22 21:18:30 [INFO]: *** Task Rule ***: Collision and Intersection -> 
 Implies(Exists(
  [dummyEntity], 
    Or(
      And(
        IsAtInter(entity), 
        IsInInter(dummyEntity), 
      ),
      And(
        IsAtInter(entity), 
        IsAtInter(dummyEntity), 
        HigherPri(dummyEntity, entity),
      ),
      CollidingClose(entity, dummyEntity)
    )
  ),
  Stop(entity)
)

2026-05-22 21:18:30 [INFO]: *** Expert Rule ***: Stop -> 
 Stop(entity) == Exists(
[dummyEntity], 
  Or(
    And(
      IsAtInter(entity), 
      IsInInter(dummyEntity), 
    ),
    And(
      IsAtInter(entity), 
      IsAtInter(dummyEntity), 
      HigherPri(dummyEntity, entity),
    ),
    CollidingClose(entity, dummyEntity)
  )
)

2026-05-22 21:18:30 [INFO]: *** Expert Rule ***: Slow -> 
 Not(Slow(entity))

2026-05-22 21:18:30 [INFO]: *** Expert Rule ***: Fast -> 
 Not(Fast(entity))

2026-05-22 21:18:30 [INFO]: *** Expert Rule ***: Normal -> 
 Normal(entity) == Not(Stop(entity))
2026-05-22 21:18:30 [INFO]: Rules created successfully
2026-05-22 21:18:30 [INFO]: Rules will be grounded later...
2026-05-22 21:18:30 [INFO]: Given Predicates {'IsPedestrian': {'instance': IsPed, 'arity': 1, 'method': 'IsPed(Entity)', 'function': 'logicity.utils.pred_converter.z3.IsPed'}, 'IsCar': {'instance': IsCar, 'arity': 1, 'method': 'IsCar(Entity)', 'function': 'logicity.utils.pred_converter.z3.IsCar'}, 'IsAmbulance': {'instance': IsAmb, 'arity': 1, 'method': 'IsAmb(Entity)', 'function': 'logicity.utils.pred_converter.z3.IsAmb'}, 'IsOld': {'instance': IsOld, 'arity': 1, 'method': 'IsOld(Entity)', 'function': 'logicity.utils.pred_converter.z3.IsOld'}, 'IsTiro': {'instance': IsTiro, 'arity': 1, 'method': 'IsTiro(Entity)', 'function': 'logicity.utils.pred_converter.z3.IsTiro'}, 'IsAtInter': {'instance': IsAtInter, 'arity': 1, 'method': 'IsAtInter(Entity)', 'function': 'logicity.utils.pred_converter.z3.IsAtInter'}, 'IsInInter': {'instance': IsInInter, 'arity': 1, 'method': 'IsInInter(Entity)', 'function': 'logicity.utils.pred_converter.z3.IsInInter'}, 'HigherPri': {'instance': HigherPri, 'arity': 2, 'method': 'HigherPri(Entity, Entity)', 'function': 'logicity.utils.pred_converter.z3.HigherPri'}, 'CollidingClose': {'instance': CollidingClose, 'arity': 2, 'method': 'CollidingClose(Entity, Entity)', 'function': 'logicity.utils.pred_converter.z3.CollidingClose'}, 'Stop': {'instance': Stop, 'arity': 1, 'method': 'Stop(Entity)', 'function': 'None'}, 'Fast': {'instance': Fast, 'arity': 1, 'method': 'Fast(Entity)', 'function': 'None'}, 'Normal': {'instance': Normal, 'arity': 1, 'method': 'Normal(Entity)', 'function': 'None'}, 'Slow': {'instance': Slow, 'arity': 1, 'method': 'Slow(Entity)', 'function': 'None'}}, the FOV entities {'Entity': 3}, The logic grounding shape is: 39
2026-05-22 21:18:30 [INFO]: Local planner constructed!
2026-05-22 21:18:30 [INFO]: Constructing 22 streets
2026-05-22 21:18:31 [INFO]: Constructing 16 buildings
2026-05-22 21:18:31 [INFO]: Adding 4 agents, they are constrained in 103 region
2026-05-22 21:18:32 [INFO]: Car_1 initialization done!
2026-05-22 21:18:32 [INFO]: Pedestrian_1 initialization done!
2026-05-22 21:18:32 [INFO]: Car_2 initialization done!
2026-05-22 21:18:33 [INFO]: Car_3 initialization done!
2026-05-22 21:18:33 [INFO]: Done!
2026-05-22 21:18:33 [INFO]: ***Init RL Agent in Env***
2026-05-22 21:18:40 [INFO]: will reset agent by success
2026-05-22 21:18:40 [INFO]: ***Reset RL Agent in Env***
2026-05-22 21:18:41 [INFO]: Car_1 initialization done!
2026-05-22 21:18:41 [INFO]: Pedestrian_1 initialization done!
2026-05-22 21:18:41 [INFO]: Car_2 initialization done!
2026-05-22 21:18:42 [INFO]: Car_3 initialization done!
2026-05-22 21:18:42 [INFO]: Agent reset priority to 3/4
2026-05-22 21:18:42 [INFO]: Agent reset concepts to {'type': 'Car', 'priority': 3}
2026-05-22 21:18:42 [INFO]: Episode 19 success.
2026-05-22 21:18:42 [INFO]: Episode 19 achieved a score of 4.650000000000003
2026-05-22 21:18:42 [INFO]: Episode 19 Success: 1
2026-05-22 21:18:42 [INFO]: Episode 19 Decision Step: {3: 1}
2026-05-22 21:18:42 [INFO]: Episode 19 Success Decision: {3: 1}
2026-05-22 21:18:42 [INFO]: Evaluating episode 20...
2026-05-22 21:18:42 [INFO]: Episode label: {'oracle_step': 41, 'stop_count': 0, 'has_stop': False, 'ego_crosses': True, 'ego_eta': 5, 'ego_direction': 'left', 'other_crosses': 3, 'close_other_count': 0, 'pedestrian_close': None, 'conflicting_approach': False, 'total_crosses': 4}
2026-05-22 21:18:42 [INFO]: Get map info from config/maps/square_2x2.yaml
2026-05-22 21:18:42 [INFO]: Get agent info from config/agents/easy_lite/val.yaml
2026-05-22 21:18:42 [INFO]: Get onology and rules info from config/rules/ontology_easy.yaml, config/rules/Nav/easy/expert.yaml
2026-05-22 21:18:42 [INFO]: Number of Entity Types: 1
Entity Types:
- Entity
2026-05-22 21:18:42 [INFO]: Number of Predicates: 13
Predicates:
- IsPedestrian: {'instance': "Function('IsPed', entity_sorts['Entity'], BoolSort())", 'arity': 1, 'method': 'IsPed(Entity)', 'function': 'logicity.utils.pred_converter.z3.IsPed'}
- IsCar: {'instance': "Function('IsCar', entity_sorts['Entity'], BoolSort())", 'arity': 1, 'method': 'IsCar(Entity)', 'function': 'logicity.utils.pred_converter.z3.IsCar'}
- IsAmbulance: {'instance': "Function('IsAmb', entity_sorts['Entity'], BoolSort())", 'arity': 1, 'method': 'IsAmb(Entity)', 'function': 'logicity.utils.pred_converter.z3.IsAmb'}
- IsOld: {'instance': "Function('IsOld', entity_sorts['Entity'], BoolSort())", 'arity': 1, 'method': 'IsOld(Entity)', 'function': 'logicity.utils.pred_converter.z3.IsOld'}
- IsTiro: {'instance': "Function('IsTiro', entity_sorts['Entity'], BoolSort())", 'arity': 1, 'method': 'IsTiro(Entity)', 'function': 'logicity.utils.pred_converter.z3.IsTiro'}
- IsAtInter: {'instance': "Function('IsAtInter', entity_sorts['Entity'], BoolSort())", 'arity': 1, 'method': 'IsAtInter(Entity)', 'function': 'logicity.utils.pred_converter.z3.IsAtInter'}
- IsInInter: {'instance': "Function('IsInInter', entity_sorts['Entity'], BoolSort())", 'arity': 1, 'method': 'IsInInter(Entity)', 'function': 'logicity.utils.pred_converter.z3.IsInInter'}
- HigherPri: {'instance': "Function('HigherPri', entity_sorts['Entity'], entity_sorts['Entity'], BoolSort())", 'arity': 2, 'method': 'HigherPri(Entity, Entity)', 'function': 'logicity.utils.pred_converter.z3.HigherPri'}
- CollidingClose: {'instance': "Function('CollidingClose', entity_sorts['Entity'], entity_sorts['Entity'], BoolSort())", 'arity': 2, 'method': 'CollidingClose(Entity, Entity)', 'function': 'logicity.utils.pred_converter.z3.CollidingClose'}
- Stop: {'instance': "Function('Stop', entity_sorts['Entity'], BoolSort())", 'arity': 1, 'method': 'Stop(Entity)', 'function': 'None'}
- Fast: {'instance': "Function('Fast', entity_sorts['Entity'], BoolSort())", 'arity': 1, 'method': 'Fast(Entity)', 'function': 'None'}
- Normal: {'instance': "Function('Normal', entity_sorts['Entity'], BoolSort())", 'arity': 1, 'method': 'Normal(Entity)', 'function': 'None'}
- Slow: {'instance': "Function('Slow', entity_sorts['Entity'], BoolSort())", 'arity': 1, 'method': 'Slow(Entity)', 'function': 'None'}
2026-05-22 21:18:42 [INFO]: *** Sim Rule ***: Stop -> 
 Stop(entity) == Exists(
  [dummyEntity], 
  Or(
    And(
      IsAtInter(entity), 
      IsInInter(dummyEntity), 
    ),
    And(
      IsAtInter(entity), 
      IsAtInter(dummyEntity), 
      HigherPri(dummyEntity, entity),
    ),
    CollidingClose(entity, dummyEntity)
  )
)

2026-05-22 21:18:42 [INFO]: *** Task Rule ***: Collision and Intersection -> 
 Implies(Exists(
  [dummyEntity], 
    Or(
      And(
        IsAtInter(entity), 
        IsInInter(dummyEntity), 
      ),
      And(
        IsAtInter(entity), 
        IsAtInter(dummyEntity), 
        HigherPri(dummyEntity, entity),
      ),
      CollidingClose(entity, dummyEntity)
    )
  ),
  Stop(entity)
)

2026-05-22 21:18:42 [INFO]: *** Expert Rule ***: Stop -> 
 Stop(entity) == Exists(
[dummyEntity], 
  Or(
    And(
      IsAtInter(entity), 
      IsInInter(dummyEntity), 
    ),
    And(
      IsAtInter(entity), 
      IsAtInter(dummyEntity), 
      HigherPri(dummyEntity, entity),
    ),
    CollidingClose(entity, dummyEntity)
  )
)

2026-05-22 21:18:42 [INFO]: *** Expert Rule ***: Slow -> 
 Not(Slow(entity))

2026-05-22 21:18:42 [INFO]: *** Expert Rule ***: Fast -> 
 Not(Fast(entity))

2026-05-22 21:18:42 [INFO]: *** Expert Rule ***: Normal -> 
 Normal(entity) == Not(Stop(entity))
2026-05-22 21:18:42 [INFO]: Rules created successfully
2026-05-22 21:18:42 [INFO]: Rules will be grounded later...
2026-05-22 21:18:42 [INFO]: Given Predicates {'IsPedestrian': {'instance': IsPed, 'arity': 1, 'method': 'IsPed(Entity)', 'function': 'logicity.utils.pred_converter.z3.IsPed'}, 'IsCar': {'instance': IsCar, 'arity': 1, 'method': 'IsCar(Entity)', 'function': 'logicity.utils.pred_converter.z3.IsCar'}, 'IsAmbulance': {'instance': IsAmb, 'arity': 1, 'method': 'IsAmb(Entity)', 'function': 'logicity.utils.pred_converter.z3.IsAmb'}, 'IsOld': {'instance': IsOld, 'arity': 1, 'method': 'IsOld(Entity)', 'function': 'logicity.utils.pred_converter.z3.IsOld'}, 'IsTiro': {'instance': IsTiro, 'arity': 1, 'method': 'IsTiro(Entity)', 'function': 'logicity.utils.pred_converter.z3.IsTiro'}, 'IsAtInter': {'instance': IsAtInter, 'arity': 1, 'method': 'IsAtInter(Entity)', 'function': 'logicity.utils.pred_converter.z3.IsAtInter'}, 'IsInInter': {'instance': IsInInter, 'arity': 1, 'method': 'IsInInter(Entity)', 'function': 'logicity.utils.pred_converter.z3.IsInInter'}, 'HigherPri': {'instance': HigherPri, 'arity': 2, 'method': 'HigherPri(Entity, Entity)', 'function': 'logicity.utils.pred_converter.z3.HigherPri'}, 'CollidingClose': {'instance': CollidingClose, 'arity': 2, 'method': 'CollidingClose(Entity, Entity)', 'function': 'logicity.utils.pred_converter.z3.CollidingClose'}, 'Stop': {'instance': Stop, 'arity': 1, 'method': 'Stop(Entity)', 'function': 'None'}, 'Fast': {'instance': Fast, 'arity': 1, 'method': 'Fast(Entity)', 'function': 'None'}, 'Normal': {'instance': Normal, 'arity': 1, 'method': 'Normal(Entity)', 'function': 'None'}, 'Slow': {'instance': Slow, 'arity': 1, 'method': 'Slow(Entity)', 'function': 'None'}}, the FOV entities {'Entity': 3}, The logic grounding shape is: 39
2026-05-22 21:18:42 [INFO]: Local planner constructed!
2026-05-22 21:18:42 [INFO]: Constructing 22 streets
2026-05-22 21:18:42 [INFO]: Constructing 16 buildings
2026-05-22 21:18:43 [INFO]: Adding 4 agents, they are constrained in 103 region
2026-05-22 21:18:43 [INFO]: Car_1 initialization done!
2026-05-22 21:18:43 [INFO]: Pedestrian_1 initialization done!
2026-05-22 21:18:44 [INFO]: Car_2 initialization done!
2026-05-22 21:18:44 [INFO]: Car_3 initialization done!
2026-05-22 21:18:44 [INFO]: Done!
2026-05-22 21:18:44 [INFO]: ***Init RL Agent in Env***
2026-05-22 21:18:52 [INFO]: will reset agent by success
2026-05-22 21:18:52 [INFO]: ***Reset RL Agent in Env***
2026-05-22 21:18:52 [INFO]: Car_1 initialization done!
2026-05-22 21:18:52 [INFO]: Pedestrian_1 initialization done!
2026-05-22 21:18:53 [INFO]: Car_2 initialization done!
2026-05-22 21:18:53 [INFO]: Car_3 initialization done!
2026-05-22 21:18:53 [INFO]: Agent reset priority to 2/4
2026-05-22 21:18:53 [INFO]: Agent reset concepts to {'type': 'Car', 'priority': 2}
2026-05-22 21:18:54 [INFO]: Episode 20 success.
2026-05-22 21:18:54 [INFO]: Episode 20 achieved a score of 4.490000000000002
2026-05-22 21:18:54 [INFO]: Episode 20 Success: 1
2026-05-22 21:18:54 [INFO]: Episode 20 Decision Step: {3: 0}
2026-05-22 21:18:54 [INFO]: Episode 20 Success Decision: {3: 0}
2026-05-22 21:18:54 [INFO]: Evaluating episode 21...
2026-05-22 21:18:54 [INFO]: Episode label: {'oracle_step': 22, 'stop_count': 0, 'has_stop': False, 'ego_crosses': True, 'ego_eta': 5, 'ego_direction': 'right', 'other_crosses': 3, 'close_other_count': 0, 'pedestrian_close': None, 'conflicting_approach': False, 'total_crosses': 4}
2026-05-22 21:18:54 [INFO]: Get map info from config/maps/square_2x2.yaml
2026-05-22 21:18:54 [INFO]: Get agent info from config/agents/easy_lite/val.yaml
2026-05-22 21:18:54 [INFO]: Get onology and rules info from config/rules/ontology_easy.yaml, config/rules/Nav/easy/expert.yaml
2026-05-22 21:18:54 [INFO]: Number of Entity Types: 1
Entity Types:
- Entity
2026-05-22 21:18:54 [INFO]: Number of Predicates: 13
Predicates:
- IsPedestrian: {'instance': "Function('IsPed', entity_sorts['Entity'], BoolSort())", 'arity': 1, 'method': 'IsPed(Entity)', 'function': 'logicity.utils.pred_converter.z3.IsPed'}
- IsCar: {'instance': "Function('IsCar', entity_sorts['Entity'], BoolSort())", 'arity': 1, 'method': 'IsCar(Entity)', 'function': 'logicity.utils.pred_converter.z3.IsCar'}
- IsAmbulance: {'instance': "Function('IsAmb', entity_sorts['Entity'], BoolSort())", 'arity': 1, 'method': 'IsAmb(Entity)', 'function': 'logicity.utils.pred_converter.z3.IsAmb'}
- IsOld: {'instance': "Function('IsOld', entity_sorts['Entity'], BoolSort())", 'arity': 1, 'method': 'IsOld(Entity)', 'function': 'logicity.utils.pred_converter.z3.IsOld'}
- IsTiro: {'instance': "Function('IsTiro', entity_sorts['Entity'], BoolSort())", 'arity': 1, 'method': 'IsTiro(Entity)', 'function': 'logicity.utils.pred_converter.z3.IsTiro'}
- IsAtInter: {'instance': "Function('IsAtInter', entity_sorts['Entity'], BoolSort())", 'arity': 1, 'method': 'IsAtInter(Entity)', 'function': 'logicity.utils.pred_converter.z3.IsAtInter'}
- IsInInter: {'instance': "Function('IsInInter', entity_sorts['Entity'], BoolSort())", 'arity': 1, 'method': 'IsInInter(Entity)', 'function': 'logicity.utils.pred_converter.z3.IsInInter'}
- HigherPri: {'instance': "Function('HigherPri', entity_sorts['Entity'], entity_sorts['Entity'], BoolSort())", 'arity': 2, 'method': 'HigherPri(Entity, Entity)', 'function': 'logicity.utils.pred_converter.z3.HigherPri'}
- CollidingClose: {'instance': "Function('CollidingClose', entity_sorts['Entity'], entity_sorts['Entity'], BoolSort())", 'arity': 2, 'method': 'CollidingClose(Entity, Entity)', 'function': 'logicity.utils.pred_converter.z3.CollidingClose'}
- Stop: {'instance': "Function('Stop', entity_sorts['Entity'], BoolSort())", 'arity': 1, 'method': 'Stop(Entity)', 'function': 'None'}
- Fast: {'instance': "Function('Fast', entity_sorts['Entity'], BoolSort())", 'arity': 1, 'method': 'Fast(Entity)', 'function': 'None'}
- Normal: {'instance': "Function('Normal', entity_sorts['Entity'], BoolSort())", 'arity': 1, 'method': 'Normal(Entity)', 'function': 'None'}
- Slow: {'instance': "Function('Slow', entity_sorts['Entity'], BoolSort())", 'arity': 1, 'method': 'Slow(Entity)', 'function': 'None'}
2026-05-22 21:18:54 [INFO]: *** Sim Rule ***: Stop -> 
 Stop(entity) == Exists(
  [dummyEntity], 
  Or(
    And(
      IsAtInter(entity), 
      IsInInter(dummyEntity), 
    ),
    And(
      IsAtInter(entity), 
      IsAtInter(dummyEntity), 
      HigherPri(dummyEntity, entity),
    ),
    CollidingClose(entity, dummyEntity)
  )
)

2026-05-22 21:18:54 [INFO]: *** Task Rule ***: Collision and Intersection -> 
 Implies(Exists(
  [dummyEntity], 
    Or(
      And(
        IsAtInter(entity), 
        IsInInter(dummyEntity), 
      ),
      And(
        IsAtInter(entity), 
        IsAtInter(dummyEntity), 
        HigherPri(dummyEntity, entity),
      ),
      CollidingClose(entity, dummyEntity)
    )
  ),
  Stop(entity)
)

2026-05-22 21:18:54 [INFO]: *** Expert Rule ***: Stop -> 
 Stop(entity) == Exists(
[dummyEntity], 
  Or(
    And(
      IsAtInter(entity), 
      IsInInter(dummyEntity), 
    ),
    And(
      IsAtInter(entity), 
      IsAtInter(dummyEntity), 
      HigherPri(dummyEntity, entity),
    ),
    CollidingClose(entity, dummyEntity)
  )
)

2026-05-22 21:18:54 [INFO]: *** Expert Rule ***: Slow -> 
 Not(Slow(entity))

2026-05-22 21:18:54 [INFO]: *** Expert Rule ***: Fast -> 
 Not(Fast(entity))

2026-05-22 21:18:54 [INFO]: *** Expert Rule ***: Normal -> 
 Normal(entity) == Not(Stop(entity))
2026-05-22 21:18:54 [INFO]: Rules created successfully
2026-05-22 21:18:54 [INFO]: Rules will be grounded later...
2026-05-22 21:18:54 [INFO]: Given Predicates {'IsPedestrian': {'instance': IsPed, 'arity': 1, 'method': 'IsPed(Entity)', 'function': 'logicity.utils.pred_converter.z3.IsPed'}, 'IsCar': {'instance': IsCar, 'arity': 1, 'method': 'IsCar(Entity)', 'function': 'logicity.utils.pred_converter.z3.IsCar'}, 'IsAmbulance': {'instance': IsAmb, 'arity': 1, 'method': 'IsAmb(Entity)', 'function': 'logicity.utils.pred_converter.z3.IsAmb'}, 'IsOld': {'instance': IsOld, 'arity': 1, 'method': 'IsOld(Entity)', 'function': 'logicity.utils.pred_converter.z3.IsOld'}, 'IsTiro': {'instance': IsTiro, 'arity': 1, 'method': 'IsTiro(Entity)', 'function': 'logicity.utils.pred_converter.z3.IsTiro'}, 'IsAtInter': {'instance': IsAtInter, 'arity': 1, 'method': 'IsAtInter(Entity)', 'function': 'logicity.utils.pred_converter.z3.IsAtInter'}, 'IsInInter': {'instance': IsInInter, 'arity': 1, 'method': 'IsInInter(Entity)', 'function': 'logicity.utils.pred_converter.z3.IsInInter'}, 'HigherPri': {'instance': HigherPri, 'arity': 2, 'method': 'HigherPri(Entity, Entity)', 'function': 'logicity.utils.pred_converter.z3.HigherPri'}, 'CollidingClose': {'instance': CollidingClose, 'arity': 2, 'method': 'CollidingClose(Entity, Entity)', 'function': 'logicity.utils.pred_converter.z3.CollidingClose'}, 'Stop': {'instance': Stop, 'arity': 1, 'method': 'Stop(Entity)', 'function': 'None'}, 'Fast': {'instance': Fast, 'arity': 1, 'method': 'Fast(Entity)', 'function': 'None'}, 'Normal': {'instance': Normal, 'arity': 1, 'method': 'Normal(Entity)', 'function': 'None'}, 'Slow': {'instance': Slow, 'arity': 1, 'method': 'Slow(Entity)', 'function': 'None'}}, the FOV entities {'Entity': 3}, The logic grounding shape is: 39
2026-05-22 21:18:54 [INFO]: Local planner constructed!
2026-05-22 21:18:54 [INFO]: Constructing 22 streets
2026-05-22 21:18:55 [INFO]: Constructing 16 buildings
2026-05-22 21:18:55 [INFO]: Adding 4 agents, they are constrained in 103 region
2026-05-22 21:18:56 [INFO]: Car_1 initialization done!
2026-05-22 21:18:56 [INFO]: Pedestrian_1 initialization done!
2026-05-22 21:18:57 [INFO]: Car_2 initialization done!
2026-05-22 21:18:58 [INFO]: Car_3 initialization done!
2026-05-22 21:18:58 [INFO]: Done!
2026-05-22 21:18:58 [INFO]: ***Init RL Agent in Env***
2026-05-22 21:19:02 [INFO]: will reset agent by success
2026-05-22 21:19:02 [INFO]: ***Reset RL Agent in Env***
2026-05-22 21:19:03 [INFO]: Car_1 initialization done!
2026-05-22 21:19:03 [INFO]: Pedestrian_1 initialization done!
2026-05-22 21:19:03 [INFO]: Car_2 initialization done!
2026-05-22 21:19:04 [INFO]: Car_3 initialization done!
2026-05-22 21:19:04 [INFO]: Agent reset priority to 3/4
2026-05-22 21:19:04 [INFO]: Agent reset concepts to {'type': 'Car', 'priority': 3}
2026-05-22 21:19:04 [INFO]: Episode 21 success.
2026-05-22 21:19:04 [INFO]: Episode 21 achieved a score of 2.750000000000001
2026-05-22 21:19:04 [INFO]: Episode 21 Success: 1
2026-05-22 21:19:04 [INFO]: Episode 21 Decision Step: {3: 0}
2026-05-22 21:19:04 [INFO]: Episode 21 Success Decision: {3: 0}
2026-05-22 21:19:04 [INFO]: Evaluating episode 22...
2026-05-22 21:19:04 [INFO]: Episode label: {'oracle_step': 90, 'stop_count': 31, 'has_stop': True, 'ego_crosses': True, 'ego_eta': 85, 'ego_direction': 'left', 'other_crosses': 3, 'close_other_count': 0, 'pedestrian_close': None, 'conflicting_approach': False, 'total_crosses': 4}
2026-05-22 21:19:04 [INFO]: Get map info from config/maps/square_2x2.yaml
2026-05-22 21:19:04 [INFO]: Get agent info from config/agents/easy_lite/val.yaml
2026-05-22 21:19:04 [INFO]: Get onology and rules info from config/rules/ontology_easy.yaml, config/rules/Nav/easy/expert.yaml
2026-05-22 21:19:04 [INFO]: Number of Entity Types: 1
Entity Types:
- Entity
2026-05-22 21:19:04 [INFO]: Number of Predicates: 13
Predicates:
- IsPedestrian: {'instance': "Function('IsPed', entity_sorts['Entity'], BoolSort())", 'arity': 1, 'method': 'IsPed(Entity)', 'function': 'logicity.utils.pred_converter.z3.IsPed'}
- IsCar: {'instance': "Function('IsCar', entity_sorts['Entity'], BoolSort())", 'arity': 1, 'method': 'IsCar(Entity)', 'function': 'logicity.utils.pred_converter.z3.IsCar'}
- IsAmbulance: {'instance': "Function('IsAmb', entity_sorts['Entity'], BoolSort())", 'arity': 1, 'method': 'IsAmb(Entity)', 'function': 'logicity.utils.pred_converter.z3.IsAmb'}
- IsOld: {'instance': "Function('IsOld', entity_sorts['Entity'], BoolSort())", 'arity': 1, 'method': 'IsOld(Entity)', 'function': 'logicity.utils.pred_converter.z3.IsOld'}
- IsTiro: {'instance': "Function('IsTiro', entity_sorts['Entity'], BoolSort())", 'arity': 1, 'method': 'IsTiro(Entity)', 'function': 'logicity.utils.pred_converter.z3.IsTiro'}
- IsAtInter: {'instance': "Function('IsAtInter', entity_sorts['Entity'], BoolSort())", 'arity': 1, 'method': 'IsAtInter(Entity)', 'function': 'logicity.utils.pred_converter.z3.IsAtInter'}
- IsInInter: {'instance': "Function('IsInInter', entity_sorts['Entity'], BoolSort())", 'arity': 1, 'method': 'IsInInter(Entity)', 'function': 'logicity.utils.pred_converter.z3.IsInInter'}
- HigherPri: {'instance': "Function('HigherPri', entity_sorts['Entity'], entity_sorts['Entity'], BoolSort())", 'arity': 2, 'method': 'HigherPri(Entity, Entity)', 'function': 'logicity.utils.pred_converter.z3.HigherPri'}
- CollidingClose: {'instance': "Function('CollidingClose', entity_sorts['Entity'], entity_sorts['Entity'], BoolSort())", 'arity': 2, 'method': 'CollidingClose(Entity, Entity)', 'function': 'logicity.utils.pred_converter.z3.CollidingClose'}
- Stop: {'instance': "Function('Stop', entity_sorts['Entity'], BoolSort())", 'arity': 1, 'method': 'Stop(Entity)', 'function': 'None'}
- Fast: {'instance': "Function('Fast', entity_sorts['Entity'], BoolSort())", 'arity': 1, 'method': 'Fast(Entity)', 'function': 'None'}
- Normal: {'instance': "Function('Normal', entity_sorts['Entity'], BoolSort())", 'arity': 1, 'method': 'Normal(Entity)', 'function': 'None'}
- Slow: {'instance': "Function('Slow', entity_sorts['Entity'], BoolSort())", 'arity': 1, 'method': 'Slow(Entity)', 'function': 'None'}
2026-05-22 21:19:04 [INFO]: *** Sim Rule ***: Stop -> 
 Stop(entity) == Exists(
  [dummyEntity], 
  Or(
    And(
      IsAtInter(entity), 
      IsInInter(dummyEntity), 
    ),
    And(
      IsAtInter(entity), 
      IsAtInter(dummyEntity), 
      HigherPri(dummyEntity, entity),
    ),
    CollidingClose(entity, dummyEntity)
  )
)

2026-05-22 21:19:04 [INFO]: *** Task Rule ***: Collision and Intersection -> 
 Implies(Exists(
  [dummyEntity], 
    Or(
      And(
        IsAtInter(entity), 
        IsInInter(dummyEntity), 
      ),
      And(
        IsAtInter(entity), 
        IsAtInter(dummyEntity), 
        HigherPri(dummyEntity, entity),
      ),
      CollidingClose(entity, dummyEntity)
    )
  ),
  Stop(entity)
)

2026-05-22 21:19:04 [INFO]: *** Expert Rule ***: Stop -> 
 Stop(entity) == Exists(
[dummyEntity], 
  Or(
    And(
      IsAtInter(entity), 
      IsInInter(dummyEntity), 
    ),
    And(
      IsAtInter(entity), 
      IsAtInter(dummyEntity), 
      HigherPri(dummyEntity, entity),
    ),
    CollidingClose(entity, dummyEntity)
  )
)

2026-05-22 21:19:04 [INFO]: *** Expert Rule ***: Slow -> 
 Not(Slow(entity))

2026-05-22 21:19:04 [INFO]: *** Expert Rule ***: Fast -> 
 Not(Fast(entity))

2026-05-22 21:19:04 [INFO]: *** Expert Rule ***: Normal -> 
 Normal(entity) == Not(Stop(entity))
2026-05-22 21:19:04 [INFO]: Rules created successfully
2026-05-22 21:19:04 [INFO]: Rules will be grounded later...
2026-05-22 21:19:04 [INFO]: Given Predicates {'IsPedestrian': {'instance': IsPed, 'arity': 1, 'method': 'IsPed(Entity)', 'function': 'logicity.utils.pred_converter.z3.IsPed'}, 'IsCar': {'instance': IsCar, 'arity': 1, 'method': 'IsCar(Entity)', 'function': 'logicity.utils.pred_converter.z3.IsCar'}, 'IsAmbulance': {'instance': IsAmb, 'arity': 1, 'method': 'IsAmb(Entity)', 'function': 'logicity.utils.pred_converter.z3.IsAmb'}, 'IsOld': {'instance': IsOld, 'arity': 1, 'method': 'IsOld(Entity)', 'function': 'logicity.utils.pred_converter.z3.IsOld'}, 'IsTiro': {'instance': IsTiro, 'arity': 1, 'method': 'IsTiro(Entity)', 'function': 'logicity.utils.pred_converter.z3.IsTiro'}, 'IsAtInter': {'instance': IsAtInter, 'arity': 1, 'method': 'IsAtInter(Entity)', 'function': 'logicity.utils.pred_converter.z3.IsAtInter'}, 'IsInInter': {'instance': IsInInter, 'arity': 1, 'method': 'IsInInter(Entity)', 'function': 'logicity.utils.pred_converter.z3.IsInInter'}, 'HigherPri': {'instance': HigherPri, 'arity': 2, 'method': 'HigherPri(Entity, Entity)', 'function': 'logicity.utils.pred_converter.z3.HigherPri'}, 'CollidingClose': {'instance': CollidingClose, 'arity': 2, 'method': 'CollidingClose(Entity, Entity)', 'function': 'logicity.utils.pred_converter.z3.CollidingClose'}, 'Stop': {'instance': Stop, 'arity': 1, 'method': 'Stop(Entity)', 'function': 'None'}, 'Fast': {'instance': Fast, 'arity': 1, 'method': 'Fast(Entity)', 'function': 'None'}, 'Normal': {'instance': Normal, 'arity': 1, 'method': 'Normal(Entity)', 'function': 'None'}, 'Slow': {'instance': Slow, 'arity': 1, 'method': 'Slow(Entity)', 'function': 'None'}}, the FOV entities {'Entity': 3}, The logic grounding shape is: 39
2026-05-22 21:19:04 [INFO]: Local planner constructed!
2026-05-22 21:19:04 [INFO]: Constructing 22 streets
2026-05-22 21:19:05 [INFO]: Constructing 16 buildings
2026-05-22 21:19:06 [INFO]: Adding 4 agents, they are constrained in 103 region
2026-05-22 21:19:06 [INFO]: Car_1 initialization done!
2026-05-22 21:19:06 [INFO]: Pedestrian_1 initialization done!
2026-05-22 21:19:07 [INFO]: Car_2 initialization done!
2026-05-22 21:19:08 [INFO]: Car_3 initialization done!
2026-05-22 21:19:08 [INFO]: Done!
2026-05-22 21:19:08 [INFO]: ***Init RL Agent in Env***
2026-05-22 21:19:39 [INFO]: will reset agent by success
2026-05-22 21:19:39 [INFO]: ***Reset RL Agent in Env***
2026-05-22 21:19:40 [INFO]: Car_1 initialization done!
2026-05-22 21:19:40 [INFO]: Pedestrian_1 initialization done!
2026-05-22 21:19:41 [INFO]: Car_2 initialization done!
2026-05-22 21:19:42 [INFO]: Car_3 initialization done!
2026-05-22 21:19:42 [INFO]: Agent reset priority to 1/4
2026-05-22 21:19:42 [INFO]: Agent reset concepts to {'type': 'Car', 'priority': 1}
2026-05-22 21:19:42 [INFO]: Episode 22 success.
2026-05-22 21:19:42 [INFO]: Episode 22 achieved a score of 5.5700000000000145
2026-05-22 21:19:42 [INFO]: Episode 22 Success: 1
2026-05-22 21:19:42 [INFO]: Episode 22 Decision Step: {3: 1}
2026-05-22 21:19:42 [INFO]: Episode 22 Success Decision: {3: 1}
2026-05-22 21:19:42 [INFO]: Evaluating episode 23...
2026-05-22 21:19:42 [INFO]: Episode label: {'oracle_step': 41, 'stop_count': 0, 'has_stop': False, 'ego_crosses': True, 'ego_eta': 12, 'ego_direction': 'right', 'other_crosses': 3, 'close_other_count': 0, 'pedestrian_close': None, 'conflicting_approach': False, 'total_crosses': 4}
2026-05-22 21:19:42 [INFO]: Get map info from config/maps/square_2x2.yaml
2026-05-22 21:19:42 [INFO]: Get agent info from config/agents/easy_lite/val.yaml
2026-05-22 21:19:42 [INFO]: Get onology and rules info from config/rules/ontology_easy.yaml, config/rules/Nav/easy/expert.yaml
2026-05-22 21:19:42 [INFO]: Number of Entity Types: 1
Entity Types:
- Entity
2026-05-22 21:19:42 [INFO]: Number of Predicates: 13
Predicates:
- IsPedestrian: {'instance': "Function('IsPed', entity_sorts['Entity'], BoolSort())", 'arity': 1, 'method': 'IsPed(Entity)', 'function': 'logicity.utils.pred_converter.z3.IsPed'}
- IsCar: {'instance': "Function('IsCar', entity_sorts['Entity'], BoolSort())", 'arity': 1, 'method': 'IsCar(Entity)', 'function': 'logicity.utils.pred_converter.z3.IsCar'}
- IsAmbulance: {'instance': "Function('IsAmb', entity_sorts['Entity'], BoolSort())", 'arity': 1, 'method': 'IsAmb(Entity)', 'function': 'logicity.utils.pred_converter.z3.IsAmb'}
- IsOld: {'instance': "Function('IsOld', entity_sorts['Entity'], BoolSort())", 'arity': 1, 'method': 'IsOld(Entity)', 'function': 'logicity.utils.pred_converter.z3.IsOld'}
- IsTiro: {'instance': "Function('IsTiro', entity_sorts['Entity'], BoolSort())", 'arity': 1, 'method': 'IsTiro(Entity)', 'function': 'logicity.utils.pred_converter.z3.IsTiro'}
- IsAtInter: {'instance': "Function('IsAtInter', entity_sorts['Entity'], BoolSort())", 'arity': 1, 'method': 'IsAtInter(Entity)', 'function': 'logicity.utils.pred_converter.z3.IsAtInter'}
- IsInInter: {'instance': "Function('IsInInter', entity_sorts['Entity'], BoolSort())", 'arity': 1, 'method': 'IsInInter(Entity)', 'function': 'logicity.utils.pred_converter.z3.IsInInter'}
- HigherPri: {'instance': "Function('HigherPri', entity_sorts['Entity'], entity_sorts['Entity'], BoolSort())", 'arity': 2, 'method': 'HigherPri(Entity, Entity)', 'function': 'logicity.utils.pred_converter.z3.HigherPri'}
- CollidingClose: {'instance': "Function('CollidingClose', entity_sorts['Entity'], entity_sorts['Entity'], BoolSort())", 'arity': 2, 'method': 'CollidingClose(Entity, Entity)', 'function': 'logicity.utils.pred_converter.z3.CollidingClose'}
- Stop: {'instance': "Function('Stop', entity_sorts['Entity'], BoolSort())", 'arity': 1, 'method': 'Stop(Entity)', 'function': 'None'}
- Fast: {'instance': "Function('Fast', entity_sorts['Entity'], BoolSort())", 'arity': 1, 'method': 'Fast(Entity)', 'function': 'None'}
- Normal: {'instance': "Function('Normal', entity_sorts['Entity'], BoolSort())", 'arity': 1, 'method': 'Normal(Entity)', 'function': 'None'}
- Slow: {'instance': "Function('Slow', entity_sorts['Entity'], BoolSort())", 'arity': 1, 'method': 'Slow(Entity)', 'function': 'None'}
2026-05-22 21:19:42 [INFO]: *** Sim Rule ***: Stop -> 
 Stop(entity) == Exists(
  [dummyEntity], 
  Or(
    And(
      IsAtInter(entity), 
      IsInInter(dummyEntity), 
    ),
    And(
      IsAtInter(entity), 
      IsAtInter(dummyEntity), 
      HigherPri(dummyEntity, entity),
    ),
    CollidingClose(entity, dummyEntity)
  )
)

2026-05-22 21:19:42 [INFO]: *** Task Rule ***: Collision and Intersection -> 
 Implies(Exists(
  [dummyEntity], 
    Or(
      And(
        IsAtInter(entity), 
        IsInInter(dummyEntity), 
      ),
      And(
        IsAtInter(entity), 
        IsAtInter(dummyEntity), 
        HigherPri(dummyEntity, entity),
      ),
      CollidingClose(entity, dummyEntity)
    )
  ),
  Stop(entity)
)

2026-05-22 21:19:42 [INFO]: *** Expert Rule ***: Stop -> 
 Stop(entity) == Exists(
[dummyEntity], 
  Or(
    And(
      IsAtInter(entity), 
      IsInInter(dummyEntity), 
    ),
    And(
      IsAtInter(entity), 
      IsAtInter(dummyEntity), 
      HigherPri(dummyEntity, entity),
    ),
    CollidingClose(entity, dummyEntity)
  )
)

2026-05-22 21:19:42 [INFO]: *** Expert Rule ***: Slow -> 
 Not(Slow(entity))

2026-05-22 21:19:42 [INFO]: *** Expert Rule ***: Fast -> 
 Not(Fast(entity))

2026-05-22 21:19:42 [INFO]: *** Expert Rule ***: Normal -> 
 Normal(entity) == Not(Stop(entity))
2026-05-22 21:19:42 [INFO]: Rules created successfully
2026-05-22 21:19:42 [INFO]: Rules will be grounded later...
2026-05-22 21:19:42 [INFO]: Given Predicates {'IsPedestrian': {'instance': IsPed, 'arity': 1, 'method': 'IsPed(Entity)', 'function': 'logicity.utils.pred_converter.z3.IsPed'}, 'IsCar': {'instance': IsCar, 'arity': 1, 'method': 'IsCar(Entity)', 'function': 'logicity.utils.pred_converter.z3.IsCar'}, 'IsAmbulance': {'instance': IsAmb, 'arity': 1, 'method': 'IsAmb(Entity)', 'function': 'logicity.utils.pred_converter.z3.IsAmb'}, 'IsOld': {'instance': IsOld, 'arity': 1, 'method': 'IsOld(Entity)', 'function': 'logicity.utils.pred_converter.z3.IsOld'}, 'IsTiro': {'instance': IsTiro, 'arity': 1, 'method': 'IsTiro(Entity)', 'function': 'logicity.utils.pred_converter.z3.IsTiro'}, 'IsAtInter': {'instance': IsAtInter, 'arity': 1, 'method': 'IsAtInter(Entity)', 'function': 'logicity.utils.pred_converter.z3.IsAtInter'}, 'IsInInter': {'instance': IsInInter, 'arity': 1, 'method': 'IsInInter(Entity)', 'function': 'logicity.utils.pred_converter.z3.IsInInter'}, 'HigherPri': {'instance': HigherPri, 'arity': 2, 'method': 'HigherPri(Entity, Entity)', 'function': 'logicity.utils.pred_converter.z3.HigherPri'}, 'CollidingClose': {'instance': CollidingClose, 'arity': 2, 'method': 'CollidingClose(Entity, Entity)', 'function': 'logicity.utils.pred_converter.z3.CollidingClose'}, 'Stop': {'instance': Stop, 'arity': 1, 'method': 'Stop(Entity)', 'function': 'None'}, 'Fast': {'instance': Fast, 'arity': 1, 'method': 'Fast(Entity)', 'function': 'None'}, 'Normal': {'instance': Normal, 'arity': 1, 'method': 'Normal(Entity)', 'function': 'None'}, 'Slow': {'instance': Slow, 'arity': 1, 'method': 'Slow(Entity)', 'function': 'None'}}, the FOV entities {'Entity': 3}, The logic grounding shape is: 39
2026-05-22 21:19:42 [INFO]: Local planner constructed!
2026-05-22 21:19:42 [INFO]: Constructing 22 streets
2026-05-22 21:19:43 [INFO]: Constructing 16 buildings
2026-05-22 21:19:44 [INFO]: Adding 4 agents, they are constrained in 103 region
2026-05-22 21:19:44 [INFO]: Car_1 initialization done!
2026-05-22 21:19:44 [INFO]: Pedestrian_1 initialization done!
2026-05-22 21:19:45 [INFO]: Car_2 initialization done!
2026-05-22 21:19:45 [INFO]: Car_3 initialization done!
2026-05-22 21:19:45 [INFO]: Done!
2026-05-22 21:19:45 [INFO]: ***Init RL Agent in Env***
2026-05-22 21:19:53 [INFO]: will reset agent by success
2026-05-22 21:19:53 [INFO]: ***Reset RL Agent in Env***
2026-05-22 21:19:53 [INFO]: Car_1 initialization done!
2026-05-22 21:19:53 [INFO]: Pedestrian_1 initialization done!
2026-05-22 21:19:54 [INFO]: Car_2 initialization done!
2026-05-22 21:19:54 [INFO]: Car_3 initialization done!
2026-05-22 21:19:54 [INFO]: Agent reset priority to 1/4
2026-05-22 21:19:54 [INFO]: Agent reset concepts to {'type': 'Car', 'priority': 1}
2026-05-22 21:19:54 [INFO]: Episode 23 success.
2026-05-22 21:19:54 [INFO]: Episode 23 achieved a score of 4.5500000000000025
2026-05-22 21:19:54 [INFO]: Episode 23 Success: 1
2026-05-22 21:19:54 [INFO]: Episode 23 Decision Step: {3: 0}
2026-05-22 21:19:54 [INFO]: Episode 23 Success Decision: {3: 0}
2026-05-22 21:19:54 [INFO]: Evaluating episode 24...
2026-05-22 21:19:54 [INFO]: Episode label: {'oracle_step': 80, 'stop_count': 36, 'has_stop': True, 'ego_crosses': True, 'ego_eta': 56, 'ego_direction': 'up', 'other_crosses': 3, 'close_other_count': 0, 'pedestrian_close': None, 'conflicting_approach': False, 'total_crosses': 4}
2026-05-22 21:19:54 [INFO]: Get map info from config/maps/square_2x2.yaml
2026-05-22 21:19:54 [INFO]: Get agent info from config/agents/easy_lite/val.yaml
2026-05-22 21:19:54 [INFO]: Get onology and rules info from config/rules/ontology_easy.yaml, config/rules/Nav/easy/expert.yaml
2026-05-22 21:19:54 [INFO]: Number of Entity Types: 1
Entity Types:
- Entity
2026-05-22 21:19:54 [INFO]: Number of Predicates: 13
Predicates:
- IsPedestrian: {'instance': "Function('IsPed', entity_sorts['Entity'], BoolSort())", 'arity': 1, 'method': 'IsPed(Entity)', 'function': 'logicity.utils.pred_converter.z3.IsPed'}
- IsCar: {'instance': "Function('IsCar', entity_sorts['Entity'], BoolSort())", 'arity': 1, 'method': 'IsCar(Entity)', 'function': 'logicity.utils.pred_converter.z3.IsCar'}
- IsAmbulance: {'instance': "Function('IsAmb', entity_sorts['Entity'], BoolSort())", 'arity': 1, 'method': 'IsAmb(Entity)', 'function': 'logicity.utils.pred_converter.z3.IsAmb'}
- IsOld: {'instance': "Function('IsOld', entity_sorts['Entity'], BoolSort())", 'arity': 1, 'method': 'IsOld(Entity)', 'function': 'logicity.utils.pred_converter.z3.IsOld'}
- IsTiro: {'instance': "Function('IsTiro', entity_sorts['Entity'], BoolSort())", 'arity': 1, 'method': 'IsTiro(Entity)', 'function': 'logicity.utils.pred_converter.z3.IsTiro'}
- IsAtInter: {'instance': "Function('IsAtInter', entity_sorts['Entity'], BoolSort())", 'arity': 1, 'method': 'IsAtInter(Entity)', 'function': 'logicity.utils.pred_converter.z3.IsAtInter'}
- IsInInter: {'instance': "Function('IsInInter', entity_sorts['Entity'], BoolSort())", 'arity': 1, 'method': 'IsInInter(Entity)', 'function': 'logicity.utils.pred_converter.z3.IsInInter'}
- HigherPri: {'instance': "Function('HigherPri', entity_sorts['Entity'], entity_sorts['Entity'], BoolSort())", 'arity': 2, 'method': 'HigherPri(Entity, Entity)', 'function': 'logicity.utils.pred_converter.z3.HigherPri'}
- CollidingClose: {'instance': "Function('CollidingClose', entity_sorts['Entity'], entity_sorts['Entity'], BoolSort())", 'arity': 2, 'method': 'CollidingClose(Entity, Entity)', 'function': 'logicity.utils.pred_converter.z3.CollidingClose'}
- Stop: {'instance': "Function('Stop', entity_sorts['Entity'], BoolSort())", 'arity': 1, 'method': 'Stop(Entity)', 'function': 'None'}
- Fast: {'instance': "Function('Fast', entity_sorts['Entity'], BoolSort())", 'arity': 1, 'method': 'Fast(Entity)', 'function': 'None'}
- Normal: {'instance': "Function('Normal', entity_sorts['Entity'], BoolSort())", 'arity': 1, 'method': 'Normal(Entity)', 'function': 'None'}
- Slow: {'instance': "Function('Slow', entity_sorts['Entity'], BoolSort())", 'arity': 1, 'method': 'Slow(Entity)', 'function': 'None'}
2026-05-22 21:19:54 [INFO]: *** Sim Rule ***: Stop -> 
 Stop(entity) == Exists(
  [dummyEntity], 
  Or(
    And(
      IsAtInter(entity), 
      IsInInter(dummyEntity), 
    ),
    And(
      IsAtInter(entity), 
      IsAtInter(dummyEntity), 
      HigherPri(dummyEntity, entity),
    ),
    CollidingClose(entity, dummyEntity)
  )
)

2026-05-22 21:19:54 [INFO]: *** Task Rule ***: Collision and Intersection -> 
 Implies(Exists(
  [dummyEntity], 
    Or(
      And(
        IsAtInter(entity), 
        IsInInter(dummyEntity), 
      ),
      And(
        IsAtInter(entity), 
        IsAtInter(dummyEntity), 
        HigherPri(dummyEntity, entity),
      ),
      CollidingClose(entity, dummyEntity)
    )
  ),
  Stop(entity)
)

2026-05-22 21:19:54 [INFO]: *** Expert Rule ***: Stop -> 
 Stop(entity) == Exists(
[dummyEntity], 
  Or(
    And(
      IsAtInter(entity), 
      IsInInter(dummyEntity), 
    ),
    And(
      IsAtInter(entity), 
      IsAtInter(dummyEntity), 
      HigherPri(dummyEntity, entity),
    ),
    CollidingClose(entity, dummyEntity)
  )
)

2026-05-22 21:19:54 [INFO]: *** Expert Rule ***: Slow -> 
 Not(Slow(entity))

2026-05-22 21:19:54 [INFO]: *** Expert Rule ***: Fast -> 
 Not(Fast(entity))

2026-05-22 21:19:54 [INFO]: *** Expert Rule ***: Normal -> 
 Normal(entity) == Not(Stop(entity))
2026-05-22 21:19:54 [INFO]: Rules created successfully
2026-05-22 21:19:54 [INFO]: Rules will be grounded later...
2026-05-22 21:19:54 [INFO]: Given Predicates {'IsPedestrian': {'instance': IsPed, 'arity': 1, 'method': 'IsPed(Entity)', 'function': 'logicity.utils.pred_converter.z3.IsPed'}, 'IsCar': {'instance': IsCar, 'arity': 1, 'method': 'IsCar(Entity)', 'function': 'logicity.utils.pred_converter.z3.IsCar'}, 'IsAmbulance': {'instance': IsAmb, 'arity': 1, 'method': 'IsAmb(Entity)', 'function': 'logicity.utils.pred_converter.z3.IsAmb'}, 'IsOld': {'instance': IsOld, 'arity': 1, 'method': 'IsOld(Entity)', 'function': 'logicity.utils.pred_converter.z3.IsOld'}, 'IsTiro': {'instance': IsTiro, 'arity': 1, 'method': 'IsTiro(Entity)', 'function': 'logicity.utils.pred_converter.z3.IsTiro'}, 'IsAtInter': {'instance': IsAtInter, 'arity': 1, 'method': 'IsAtInter(Entity)', 'function': 'logicity.utils.pred_converter.z3.IsAtInter'}, 'IsInInter': {'instance': IsInInter, 'arity': 1, 'method': 'IsInInter(Entity)', 'function': 'logicity.utils.pred_converter.z3.IsInInter'}, 'HigherPri': {'instance': HigherPri, 'arity': 2, 'method': 'HigherPri(Entity, Entity)', 'function': 'logicity.utils.pred_converter.z3.HigherPri'}, 'CollidingClose': {'instance': CollidingClose, 'arity': 2, 'method': 'CollidingClose(Entity, Entity)', 'function': 'logicity.utils.pred_converter.z3.CollidingClose'}, 'Stop': {'instance': Stop, 'arity': 1, 'method': 'Stop(Entity)', 'function': 'None'}, 'Fast': {'instance': Fast, 'arity': 1, 'method': 'Fast(Entity)', 'function': 'None'}, 'Normal': {'instance': Normal, 'arity': 1, 'method': 'Normal(Entity)', 'function': 'None'}, 'Slow': {'instance': Slow, 'arity': 1, 'method': 'Slow(Entity)', 'function': 'None'}}, the FOV entities {'Entity': 3}, The logic grounding shape is: 39
2026-05-22 21:19:54 [INFO]: Local planner constructed!
2026-05-22 21:19:54 [INFO]: Constructing 22 streets
2026-05-22 21:19:55 [INFO]: Constructing 16 buildings
2026-05-22 21:19:56 [INFO]: Adding 4 agents, they are constrained in 103 region
2026-05-22 21:19:57 [INFO]: Car_1 initialization done!
2026-05-22 21:19:57 [INFO]: Pedestrian_1 initialization done!
2026-05-22 21:19:57 [INFO]: Car_2 initialization done!
2026-05-22 21:19:58 [INFO]: Car_3 initialization done!
2026-05-22 21:19:58 [INFO]: Done!
2026-05-22 21:19:58 [INFO]: ***Init RL Agent in Env***
2026-05-22 21:20:07 [INFO]: will reset agent by success
2026-05-22 21:20:07 [INFO]: ***Reset RL Agent in Env***
2026-05-22 21:20:08 [INFO]: Car_1 initialization done!
2026-05-22 21:20:08 [INFO]: Pedestrian_1 initialization done!
2026-05-22 21:20:08 [INFO]: Car_2 initialization done!
2026-05-22 21:20:09 [INFO]: Car_3 initialization done!
2026-05-22 21:20:09 [INFO]: Agent reset priority to 2/4
2026-05-22 21:20:09 [INFO]: Agent reset concepts to {'type': 'Car', 'priority': 2}
2026-05-22 21:20:09 [INFO]: Episode 24 success.
2026-05-22 21:20:09 [INFO]: Episode 24 achieved a score of 4.880000000000003
2026-05-22 21:20:09 [INFO]: Episode 24 Success: 1
2026-05-22 21:20:09 [INFO]: Episode 24 Decision Step: {3: 1}
2026-05-22 21:20:09 [INFO]: Episode 24 Success Decision: {3: 1}
2026-05-22 21:20:09 [INFO]: Evaluating episode 25...
2026-05-22 21:20:09 [INFO]: Episode label: {'oracle_step': 59, 'stop_count': 8, 'has_stop': True, 'ego_crosses': True, 'ego_eta': 27, 'ego_direction': 'right', 'other_crosses': 3, 'close_other_count': 0, 'pedestrian_close': None, 'conflicting_approach': False, 'total_crosses': 4}
2026-05-22 21:20:09 [INFO]: Get map info from config/maps/square_2x2.yaml
2026-05-22 21:20:09 [INFO]: Get agent info from config/agents/easy_lite/val.yaml
2026-05-22 21:20:09 [INFO]: Get onology and rules info from config/rules/ontology_easy.yaml, config/rules/Nav/easy/expert.yaml
2026-05-22 21:20:09 [INFO]: Number of Entity Types: 1
Entity Types:
- Entity
2026-05-22 21:20:09 [INFO]: Number of Predicates: 13
Predicates:
- IsPedestrian: {'instance': "Function('IsPed', entity_sorts['Entity'], BoolSort())", 'arity': 1, 'method': 'IsPed(Entity)', 'function': 'logicity.utils.pred_converter.z3.IsPed'}
- IsCar: {'instance': "Function('IsCar', entity_sorts['Entity'], BoolSort())", 'arity': 1, 'method': 'IsCar(Entity)', 'function': 'logicity.utils.pred_converter.z3.IsCar'}
- IsAmbulance: {'instance': "Function('IsAmb', entity_sorts['Entity'], BoolSort())", 'arity': 1, 'method': 'IsAmb(Entity)', 'function': 'logicity.utils.pred_converter.z3.IsAmb'}
- IsOld: {'instance': "Function('IsOld', entity_sorts['Entity'], BoolSort())", 'arity': 1, 'method': 'IsOld(Entity)', 'function': 'logicity.utils.pred_converter.z3.IsOld'}
- IsTiro: {'instance': "Function('IsTiro', entity_sorts['Entity'], BoolSort())", 'arity': 1, 'method': 'IsTiro(Entity)', 'function': 'logicity.utils.pred_converter.z3.IsTiro'}
- IsAtInter: {'instance': "Function('IsAtInter', entity_sorts['Entity'], BoolSort())", 'arity': 1, 'method': 'IsAtInter(Entity)', 'function': 'logicity.utils.pred_converter.z3.IsAtInter'}
- IsInInter: {'instance': "Function('IsInInter', entity_sorts['Entity'], BoolSort())", 'arity': 1, 'method': 'IsInInter(Entity)', 'function': 'logicity.utils.pred_converter.z3.IsInInter'}
- HigherPri: {'instance': "Function('HigherPri', entity_sorts['Entity'], entity_sorts['Entity'], BoolSort())", 'arity': 2, 'method': 'HigherPri(Entity, Entity)', 'function': 'logicity.utils.pred_converter.z3.HigherPri'}
- CollidingClose: {'instance': "Function('CollidingClose', entity_sorts['Entity'], entity_sorts['Entity'], BoolSort())", 'arity': 2, 'method': 'CollidingClose(Entity, Entity)', 'function': 'logicity.utils.pred_converter.z3.CollidingClose'}
- Stop: {'instance': "Function('Stop', entity_sorts['Entity'], BoolSort())", 'arity': 1, 'method': 'Stop(Entity)', 'function': 'None'}
- Fast: {'instance': "Function('Fast', entity_sorts['Entity'], BoolSort())", 'arity': 1, 'method': 'Fast(Entity)', 'function': 'None'}
- Normal: {'instance': "Function('Normal', entity_sorts['Entity'], BoolSort())", 'arity': 1, 'method': 'Normal(Entity)', 'function': 'None'}
- Slow: {'instance': "Function('Slow', entity_sorts['Entity'], BoolSort())", 'arity': 1, 'method': 'Slow(Entity)', 'function': 'None'}
2026-05-22 21:20:09 [INFO]: *** Sim Rule ***: Stop -> 
 Stop(entity) == Exists(
  [dummyEntity], 
  Or(
    And(
      IsAtInter(entity), 
      IsInInter(dummyEntity), 
    ),
    And(
      IsAtInter(entity), 
      IsAtInter(dummyEntity), 
      HigherPri(dummyEntity, entity),
    ),
    CollidingClose(entity, dummyEntity)
  )
)

2026-05-22 21:20:09 [INFO]: *** Task Rule ***: Collision and Intersection -> 
 Implies(Exists(
  [dummyEntity], 
    Or(
      And(
        IsAtInter(entity), 
        IsInInter(dummyEntity), 
      ),
      And(
        IsAtInter(entity), 
        IsAtInter(dummyEntity), 
        HigherPri(dummyEntity, entity),
      ),
      CollidingClose(entity, dummyEntity)
    )
  ),
  Stop(entity)
)

2026-05-22 21:20:09 [INFO]: *** Expert Rule ***: Stop -> 
 Stop(entity) == Exists(
[dummyEntity], 
  Or(
    And(
      IsAtInter(entity), 
      IsInInter(dummyEntity), 
    ),
    And(
      IsAtInter(entity), 
      IsAtInter(dummyEntity), 
      HigherPri(dummyEntity, entity),
    ),
    CollidingClose(entity, dummyEntity)
  )
)

2026-05-22 21:20:09 [INFO]: *** Expert Rule ***: Slow -> 
 Not(Slow(entity))

2026-05-22 21:20:09 [INFO]: *** Expert Rule ***: Fast -> 
 Not(Fast(entity))

2026-05-22 21:20:09 [INFO]: *** Expert Rule ***: Normal -> 
 Normal(entity) == Not(Stop(entity))
2026-05-22 21:20:09 [INFO]: Rules created successfully
2026-05-22 21:20:09 [INFO]: Rules will be grounded later...
2026-05-22 21:20:09 [INFO]: Given Predicates {'IsPedestrian': {'instance': IsPed, 'arity': 1, 'method': 'IsPed(Entity)', 'function': 'logicity.utils.pred_converter.z3.IsPed'}, 'IsCar': {'instance': IsCar, 'arity': 1, 'method': 'IsCar(Entity)', 'function': 'logicity.utils.pred_converter.z3.IsCar'}, 'IsAmbulance': {'instance': IsAmb, 'arity': 1, 'method': 'IsAmb(Entity)', 'function': 'logicity.utils.pred_converter.z3.IsAmb'}, 'IsOld': {'instance': IsOld, 'arity': 1, 'method': 'IsOld(Entity)', 'function': 'logicity.utils.pred_converter.z3.IsOld'}, 'IsTiro': {'instance': IsTiro, 'arity': 1, 'method': 'IsTiro(Entity)', 'function': 'logicity.utils.pred_converter.z3.IsTiro'}, 'IsAtInter': {'instance': IsAtInter, 'arity': 1, 'method': 'IsAtInter(Entity)', 'function': 'logicity.utils.pred_converter.z3.IsAtInter'}, 'IsInInter': {'instance': IsInInter, 'arity': 1, 'method': 'IsInInter(Entity)', 'function': 'logicity.utils.pred_converter.z3.IsInInter'}, 'HigherPri': {'instance': HigherPri, 'arity': 2, 'method': 'HigherPri(Entity, Entity)', 'function': 'logicity.utils.pred_converter.z3.HigherPri'}, 'CollidingClose': {'instance': CollidingClose, 'arity': 2, 'method': 'CollidingClose(Entity, Entity)', 'function': 'logicity.utils.pred_converter.z3.CollidingClose'}, 'Stop': {'instance': Stop, 'arity': 1, 'method': 'Stop(Entity)', 'function': 'None'}, 'Fast': {'instance': Fast, 'arity': 1, 'method': 'Fast(Entity)', 'function': 'None'}, 'Normal': {'instance': Normal, 'arity': 1, 'method': 'Normal(Entity)', 'function': 'None'}, 'Slow': {'instance': Slow, 'arity': 1, 'method': 'Slow(Entity)', 'function': 'None'}}, the FOV entities {'Entity': 3}, The logic grounding shape is: 39
2026-05-22 21:20:09 [INFO]: Local planner constructed!
2026-05-22 21:20:09 [INFO]: Constructing 22 streets
2026-05-22 21:20:10 [INFO]: Constructing 16 buildings
2026-05-22 21:20:10 [INFO]: Adding 4 agents, they are constrained in 103 region
2026-05-22 21:20:11 [INFO]: Car_1 initialization done!
2026-05-22 21:20:11 [INFO]: Pedestrian_1 initialization done!
2026-05-22 21:20:11 [INFO]: Car_2 initialization done!
2026-05-22 21:20:12 [INFO]: Car_3 initialization done!
2026-05-22 21:20:12 [INFO]: Done!
2026-05-22 21:20:12 [INFO]: ***Init RL Agent in Env***
2026-05-22 21:20:25 [INFO]: will reset agent by success
2026-05-22 21:20:25 [INFO]: ***Reset RL Agent in Env***
2026-05-22 21:20:25 [INFO]: Car_1 initialization done!
2026-05-22 21:20:25 [INFO]: Pedestrian_1 initialization done!
2026-05-22 21:20:26 [INFO]: Car_2 initialization done!
2026-05-22 21:20:26 [INFO]: Car_3 initialization done!
2026-05-22 21:20:26 [INFO]: Agent reset priority to 1/4
2026-05-22 21:20:26 [INFO]: Agent reset concepts to {'type': 'Car', 'priority': 1}
2026-05-22 21:20:26 [INFO]: Episode 25 success.
2026-05-22 21:20:26 [INFO]: Episode 25 achieved a score of 5.330000000000002
2026-05-22 21:20:26 [INFO]: Episode 25 Success: 1
2026-05-22 21:20:26 [INFO]: Episode 25 Decision Step: {3: 1}
2026-05-22 21:20:26 [INFO]: Episode 25 Success Decision: {3: 1}
2026-05-22 21:20:26 [INFO]: Evaluating episode 26...
2026-05-22 21:20:26 [INFO]: Episode label: {'oracle_step': 46, 'stop_count': 0, 'has_stop': False, 'ego_crosses': True, 'ego_eta': 55, 'ego_direction': 'up', 'other_crosses': 3, 'close_other_count': 0, 'pedestrian_close': None, 'conflicting_approach': False, 'total_crosses': 4}
2026-05-22 21:20:26 [INFO]: Get map info from config/maps/square_2x2.yaml
2026-05-22 21:20:26 [INFO]: Get agent info from config/agents/easy_lite/val.yaml
2026-05-22 21:20:26 [INFO]: Get onology and rules info from config/rules/ontology_easy.yaml, config/rules/Nav/easy/expert.yaml
2026-05-22 21:20:26 [INFO]: Number of Entity Types: 1
Entity Types:
- Entity
2026-05-22 21:20:26 [INFO]: Number of Predicates: 13
Predicates:
- IsPedestrian: {'instance': "Function('IsPed', entity_sorts['Entity'], BoolSort())", 'arity': 1, 'method': 'IsPed(Entity)', 'function': 'logicity.utils.pred_converter.z3.IsPed'}
- IsCar: {'instance': "Function('IsCar', entity_sorts['Entity'], BoolSort())", 'arity': 1, 'method': 'IsCar(Entity)', 'function': 'logicity.utils.pred_converter.z3.IsCar'}
- IsAmbulance: {'instance': "Function('IsAmb', entity_sorts['Entity'], BoolSort())", 'arity': 1, 'method': 'IsAmb(Entity)', 'function': 'logicity.utils.pred_converter.z3.IsAmb'}
- IsOld: {'instance': "Function('IsOld', entity_sorts['Entity'], BoolSort())", 'arity': 1, 'method': 'IsOld(Entity)', 'function': 'logicity.utils.pred_converter.z3.IsOld'}
- IsTiro: {'instance': "Function('IsTiro', entity_sorts['Entity'], BoolSort())", 'arity': 1, 'method': 'IsTiro(Entity)', 'function': 'logicity.utils.pred_converter.z3.IsTiro'}
- IsAtInter: {'instance': "Function('IsAtInter', entity_sorts['Entity'], BoolSort())", 'arity': 1, 'method': 'IsAtInter(Entity)', 'function': 'logicity.utils.pred_converter.z3.IsAtInter'}
- IsInInter: {'instance': "Function('IsInInter', entity_sorts['Entity'], BoolSort())", 'arity': 1, 'method': 'IsInInter(Entity)', 'function': 'logicity.utils.pred_converter.z3.IsInInter'}
- HigherPri: {'instance': "Function('HigherPri', entity_sorts['Entity'], entity_sorts['Entity'], BoolSort())", 'arity': 2, 'method': 'HigherPri(Entity, Entity)', 'function': 'logicity.utils.pred_converter.z3.HigherPri'}
- CollidingClose: {'instance': "Function('CollidingClose', entity_sorts['Entity'], entity_sorts['Entity'], BoolSort())", 'arity': 2, 'method': 'CollidingClose(Entity, Entity)', 'function': 'logicity.utils.pred_converter.z3.CollidingClose'}
- Stop: {'instance': "Function('Stop', entity_sorts['Entity'], BoolSort())", 'arity': 1, 'method': 'Stop(Entity)', 'function': 'None'}
- Fast: {'instance': "Function('Fast', entity_sorts['Entity'], BoolSort())", 'arity': 1, 'method': 'Fast(Entity)', 'function': 'None'}
- Normal: {'instance': "Function('Normal', entity_sorts['Entity'], BoolSort())", 'arity': 1, 'method': 'Normal(Entity)', 'function': 'None'}
- Slow: {'instance': "Function('Slow', entity_sorts['Entity'], BoolSort())", 'arity': 1, 'method': 'Slow(Entity)', 'function': 'None'}
2026-05-22 21:20:26 [INFO]: *** Sim Rule ***: Stop -> 
 Stop(entity) == Exists(
  [dummyEntity], 
  Or(
    And(
      IsAtInter(entity), 
      IsInInter(dummyEntity), 
    ),
    And(
      IsAtInter(entity), 
      IsAtInter(dummyEntity), 
      HigherPri(dummyEntity, entity),
    ),
    CollidingClose(entity, dummyEntity)
  )
)

2026-05-22 21:20:26 [INFO]: *** Task Rule ***: Collision and Intersection -> 
 Implies(Exists(
  [dummyEntity], 
    Or(
      And(
        IsAtInter(entity), 
        IsInInter(dummyEntity), 
      ),
      And(
        IsAtInter(entity), 
        IsAtInter(dummyEntity), 
        HigherPri(dummyEntity, entity),
      ),
      CollidingClose(entity, dummyEntity)
    )
  ),
  Stop(entity)
)

2026-05-22 21:20:26 [INFO]: *** Expert Rule ***: Stop -> 
 Stop(entity) == Exists(
[dummyEntity], 
  Or(
    And(
      IsAtInter(entity), 
      IsInInter(dummyEntity), 
    ),
    And(
      IsAtInter(entity), 
      IsAtInter(dummyEntity), 
      HigherPri(dummyEntity, entity),
    ),
    CollidingClose(entity, dummyEntity)
  )
)

2026-05-22 21:20:26 [INFO]: *** Expert Rule ***: Slow -> 
 Not(Slow(entity))

2026-05-22 21:20:26 [INFO]: *** Expert Rule ***: Fast -> 
 Not(Fast(entity))

2026-05-22 21:20:26 [INFO]: *** Expert Rule ***: Normal -> 
 Normal(entity) == Not(Stop(entity))
2026-05-22 21:20:26 [INFO]: Rules created successfully
2026-05-22 21:20:26 [INFO]: Rules will be grounded later...
2026-05-22 21:20:26 [INFO]: Given Predicates {'IsPedestrian': {'instance': IsPed, 'arity': 1, 'method': 'IsPed(Entity)', 'function': 'logicity.utils.pred_converter.z3.IsPed'}, 'IsCar': {'instance': IsCar, 'arity': 1, 'method': 'IsCar(Entity)', 'function': 'logicity.utils.pred_converter.z3.IsCar'}, 'IsAmbulance': {'instance': IsAmb, 'arity': 1, 'method': 'IsAmb(Entity)', 'function': 'logicity.utils.pred_converter.z3.IsAmb'}, 'IsOld': {'instance': IsOld, 'arity': 1, 'method': 'IsOld(Entity)', 'function': 'logicity.utils.pred_converter.z3.IsOld'}, 'IsTiro': {'instance': IsTiro, 'arity': 1, 'method': 'IsTiro(Entity)', 'function': 'logicity.utils.pred_converter.z3.IsTiro'}, 'IsAtInter': {'instance': IsAtInter, 'arity': 1, 'method': 'IsAtInter(Entity)', 'function': 'logicity.utils.pred_converter.z3.IsAtInter'}, 'IsInInter': {'instance': IsInInter, 'arity': 1, 'method': 'IsInInter(Entity)', 'function': 'logicity.utils.pred_converter.z3.IsInInter'}, 'HigherPri': {'instance': HigherPri, 'arity': 2, 'method': 'HigherPri(Entity, Entity)', 'function': 'logicity.utils.pred_converter.z3.HigherPri'}, 'CollidingClose': {'instance': CollidingClose, 'arity': 2, 'method': 'CollidingClose(Entity, Entity)', 'function': 'logicity.utils.pred_converter.z3.CollidingClose'}, 'Stop': {'instance': Stop, 'arity': 1, 'method': 'Stop(Entity)', 'function': 'None'}, 'Fast': {'instance': Fast, 'arity': 1, 'method': 'Fast(Entity)', 'function': 'None'}, 'Normal': {'instance': Normal, 'arity': 1, 'method': 'Normal(Entity)', 'function': 'None'}, 'Slow': {'instance': Slow, 'arity': 1, 'method': 'Slow(Entity)', 'function': 'None'}}, the FOV entities {'Entity': 3}, The logic grounding shape is: 39
2026-05-22 21:20:26 [INFO]: Local planner constructed!
2026-05-22 21:20:26 [INFO]: Constructing 22 streets
2026-05-22 21:20:27 [INFO]: Constructing 16 buildings
2026-05-22 21:20:28 [INFO]: Adding 4 agents, they are constrained in 103 region
2026-05-22 21:20:29 [INFO]: Car_1 initialization done!
2026-05-22 21:20:29 [INFO]: Pedestrian_1 initialization done!
2026-05-22 21:20:30 [INFO]: Car_2 initialization done!
2026-05-22 21:20:30 [INFO]: Car_3 initialization done!
2026-05-22 21:20:30 [INFO]: Done!
2026-05-22 21:20:30 [INFO]: ***Init RL Agent in Env***
2026-05-22 21:20:38 [INFO]: will reset agent by success
2026-05-22 21:20:38 [INFO]: ***Reset RL Agent in Env***
2026-05-22 21:20:39 [INFO]: Car_1 initialization done!
2026-05-22 21:20:39 [INFO]: Pedestrian_1 initialization done!
2026-05-22 21:20:39 [INFO]: Car_2 initialization done!
2026-05-22 21:20:39 [INFO]: Car_3 initialization done!
2026-05-22 21:20:39 [INFO]: Agent reset priority to 2/4
2026-05-22 21:20:39 [INFO]: Agent reset concepts to {'type': 'Car', 'priority': 2}
2026-05-22 21:20:40 [INFO]: Episode 26 success.
2026-05-22 21:20:40 [INFO]: Episode 26 achieved a score of 5.030000000000003
2026-05-22 21:20:40 [INFO]: Episode 26 Success: 1
2026-05-22 21:20:40 [INFO]: Episode 26 Decision Step: {3: 0}
2026-05-22 21:20:40 [INFO]: Episode 26 Success Decision: {3: 0}
2026-05-22 21:20:40 [INFO]: Evaluating episode 27...
2026-05-22 21:20:40 [INFO]: Episode label: {'oracle_step': 43, 'stop_count': 0, 'has_stop': False, 'ego_crosses': True, 'ego_eta': 8, 'ego_direction': 'left', 'other_crosses': 3, 'close_other_count': 0, 'pedestrian_close': None, 'conflicting_approach': False, 'total_crosses': 4}
2026-05-22 21:20:40 [INFO]: Get map info from config/maps/square_2x2.yaml
2026-05-22 21:20:40 [INFO]: Get agent info from config/agents/easy_lite/val.yaml
2026-05-22 21:20:40 [INFO]: Get onology and rules info from config/rules/ontology_easy.yaml, config/rules/Nav/easy/expert.yaml
2026-05-22 21:20:40 [INFO]: Number of Entity Types: 1
Entity Types:
- Entity
2026-05-22 21:20:40 [INFO]: Number of Predicates: 13
Predicates:
- IsPedestrian: {'instance': "Function('IsPed', entity_sorts['Entity'], BoolSort())", 'arity': 1, 'method': 'IsPed(Entity)', 'function': 'logicity.utils.pred_converter.z3.IsPed'}
- IsCar: {'instance': "Function('IsCar', entity_sorts['Entity'], BoolSort())", 'arity': 1, 'method': 'IsCar(Entity)', 'function': 'logicity.utils.pred_converter.z3.IsCar'}
- IsAmbulance: {'instance': "Function('IsAmb', entity_sorts['Entity'], BoolSort())", 'arity': 1, 'method': 'IsAmb(Entity)', 'function': 'logicity.utils.pred_converter.z3.IsAmb'}
- IsOld: {'instance': "Function('IsOld', entity_sorts['Entity'], BoolSort())", 'arity': 1, 'method': 'IsOld(Entity)', 'function': 'logicity.utils.pred_converter.z3.IsOld'}
- IsTiro: {'instance': "Function('IsTiro', entity_sorts['Entity'], BoolSort())", 'arity': 1, 'method': 'IsTiro(Entity)', 'function': 'logicity.utils.pred_converter.z3.IsTiro'}
- IsAtInter: {'instance': "Function('IsAtInter', entity_sorts['Entity'], BoolSort())", 'arity': 1, 'method': 'IsAtInter(Entity)', 'function': 'logicity.utils.pred_converter.z3.IsAtInter'}
- IsInInter: {'instance': "Function('IsInInter', entity_sorts['Entity'], BoolSort())", 'arity': 1, 'method': 'IsInInter(Entity)', 'function': 'logicity.utils.pred_converter.z3.IsInInter'}
- HigherPri: {'instance': "Function('HigherPri', entity_sorts['Entity'], entity_sorts['Entity'], BoolSort())", 'arity': 2, 'method': 'HigherPri(Entity, Entity)', 'function': 'logicity.utils.pred_converter.z3.HigherPri'}
- CollidingClose: {'instance': "Function('CollidingClose', entity_sorts['Entity'], entity_sorts['Entity'], BoolSort())", 'arity': 2, 'method': 'CollidingClose(Entity, Entity)', 'function': 'logicity.utils.pred_converter.z3.CollidingClose'}
- Stop: {'instance': "Function('Stop', entity_sorts['Entity'], BoolSort())", 'arity': 1, 'method': 'Stop(Entity)', 'function': 'None'}
- Fast: {'instance': "Function('Fast', entity_sorts['Entity'], BoolSort())", 'arity': 1, 'method': 'Fast(Entity)', 'function': 'None'}
- Normal: {'instance': "Function('Normal', entity_sorts['Entity'], BoolSort())", 'arity': 1, 'method': 'Normal(Entity)', 'function': 'None'}
- Slow: {'instance': "Function('Slow', entity_sorts['Entity'], BoolSort())", 'arity': 1, 'method': 'Slow(Entity)', 'function': 'None'}
2026-05-22 21:20:40 [INFO]: *** Sim Rule ***: Stop -> 
 Stop(entity) == Exists(
  [dummyEntity], 
  Or(
    And(
      IsAtInter(entity), 
      IsInInter(dummyEntity), 
    ),
    And(
      IsAtInter(entity), 
      IsAtInter(dummyEntity), 
      HigherPri(dummyEntity, entity),
    ),
    CollidingClose(entity, dummyEntity)
  )
)

2026-05-22 21:20:40 [INFO]: *** Task Rule ***: Collision and Intersection -> 
 Implies(Exists(
  [dummyEntity], 
    Or(
      And(
        IsAtInter(entity), 
        IsInInter(dummyEntity), 
      ),
      And(
        IsAtInter(entity), 
        IsAtInter(dummyEntity), 
        HigherPri(dummyEntity, entity),
      ),
      CollidingClose(entity, dummyEntity)
    )
  ),
  Stop(entity)
)

2026-05-22 21:20:40 [INFO]: *** Expert Rule ***: Stop -> 
 Stop(entity) == Exists(
[dummyEntity], 
  Or(
    And(
      IsAtInter(entity), 
      IsInInter(dummyEntity), 
    ),
    And(
      IsAtInter(entity), 
      IsAtInter(dummyEntity), 
      HigherPri(dummyEntity, entity),
    ),
    CollidingClose(entity, dummyEntity)
  )
)

2026-05-22 21:20:40 [INFO]: *** Expert Rule ***: Slow -> 
 Not(Slow(entity))

2026-05-22 21:20:40 [INFO]: *** Expert Rule ***: Fast -> 
 Not(Fast(entity))

2026-05-22 21:20:40 [INFO]: *** Expert Rule ***: Normal -> 
 Normal(entity) == Not(Stop(entity))
2026-05-22 21:20:40 [INFO]: Rules created successfully
2026-05-22 21:20:40 [INFO]: Rules will be grounded later...
2026-05-22 21:20:40 [INFO]: Given Predicates {'IsPedestrian': {'instance': IsPed, 'arity': 1, 'method': 'IsPed(Entity)', 'function': 'logicity.utils.pred_converter.z3.IsPed'}, 'IsCar': {'instance': IsCar, 'arity': 1, 'method': 'IsCar(Entity)', 'function': 'logicity.utils.pred_converter.z3.IsCar'}, 'IsAmbulance': {'instance': IsAmb, 'arity': 1, 'method': 'IsAmb(Entity)', 'function': 'logicity.utils.pred_converter.z3.IsAmb'}, 'IsOld': {'instance': IsOld, 'arity': 1, 'method': 'IsOld(Entity)', 'function': 'logicity.utils.pred_converter.z3.IsOld'}, 'IsTiro': {'instance': IsTiro, 'arity': 1, 'method': 'IsTiro(Entity)', 'function': 'logicity.utils.pred_converter.z3.IsTiro'}, 'IsAtInter': {'instance': IsAtInter, 'arity': 1, 'method': 'IsAtInter(Entity)', 'function': 'logicity.utils.pred_converter.z3.IsAtInter'}, 'IsInInter': {'instance': IsInInter, 'arity': 1, 'method': 'IsInInter(Entity)', 'function': 'logicity.utils.pred_converter.z3.IsInInter'}, 'HigherPri': {'instance': HigherPri, 'arity': 2, 'method': 'HigherPri(Entity, Entity)', 'function': 'logicity.utils.pred_converter.z3.HigherPri'}, 'CollidingClose': {'instance': CollidingClose, 'arity': 2, 'method': 'CollidingClose(Entity, Entity)', 'function': 'logicity.utils.pred_converter.z3.CollidingClose'}, 'Stop': {'instance': Stop, 'arity': 1, 'method': 'Stop(Entity)', 'function': 'None'}, 'Fast': {'instance': Fast, 'arity': 1, 'method': 'Fast(Entity)', 'function': 'None'}, 'Normal': {'instance': Normal, 'arity': 1, 'method': 'Normal(Entity)', 'function': 'None'}, 'Slow': {'instance': Slow, 'arity': 1, 'method': 'Slow(Entity)', 'function': 'None'}}, the FOV entities {'Entity': 3}, The logic grounding shape is: 39
2026-05-22 21:20:40 [INFO]: Local planner constructed!
2026-05-22 21:20:40 [INFO]: Constructing 22 streets
2026-05-22 21:20:40 [INFO]: Constructing 16 buildings
2026-05-22 21:20:41 [INFO]: Adding 4 agents, they are constrained in 103 region
2026-05-22 21:20:41 [INFO]: Car_1 initialization done!
2026-05-22 21:20:41 [INFO]: Pedestrian_1 initialization done!
2026-05-22 21:20:42 [INFO]: Car_2 initialization done!
2026-05-22 21:20:43 [INFO]: Car_3 initialization done!
2026-05-22 21:20:43 [INFO]: Done!
2026-05-22 21:20:43 [INFO]: ***Init RL Agent in Env***
2026-05-22 21:20:51 [INFO]: will reset agent by success
2026-05-22 21:20:51 [INFO]: ***Reset RL Agent in Env***
2026-05-22 21:20:52 [INFO]: Car_1 initialization done!
2026-05-22 21:20:52 [INFO]: Pedestrian_1 initialization done!
2026-05-22 21:20:52 [INFO]: Car_2 initialization done!
2026-05-22 21:20:53 [INFO]: Car_3 initialization done!
2026-05-22 21:20:53 [INFO]: Agent reset priority to 3/4
2026-05-22 21:20:53 [INFO]: Agent reset concepts to {'type': 'Car', 'priority': 3}
2026-05-22 21:20:53 [INFO]: Episode 27 success.
2026-05-22 21:20:53 [INFO]: Episode 27 achieved a score of 4.770000000000002
2026-05-22 21:20:53 [INFO]: Episode 27 Success: 1
2026-05-22 21:20:53 [INFO]: Episode 27 Decision Step: {3: 0}
2026-05-22 21:20:53 [INFO]: Episode 27 Success Decision: {3: 0}
2026-05-22 21:20:53 [INFO]: Evaluating episode 28...
2026-05-22 21:20:53 [INFO]: Episode label: {'oracle_step': 69, 'stop_count': 0, 'has_stop': False, 'ego_crosses': True, 'ego_eta': 5, 'ego_direction': 'left', 'other_crosses': 3, 'close_other_count': 0, 'pedestrian_close': None, 'conflicting_approach': False, 'total_crosses': 4}
2026-05-22 21:20:54 [INFO]: Get map info from config/maps/square_2x2.yaml
2026-05-22 21:20:54 [INFO]: Get agent info from config/agents/easy_lite/val.yaml
2026-05-22 21:20:54 [INFO]: Get onology and rules info from config/rules/ontology_easy.yaml, config/rules/Nav/easy/expert.yaml
2026-05-22 21:20:54 [INFO]: Number of Entity Types: 1
Entity Types:
- Entity
2026-05-22 21:20:54 [INFO]: Number of Predicates: 13
Predicates:
- IsPedestrian: {'instance': "Function('IsPed', entity_sorts['Entity'], BoolSort())", 'arity': 1, 'method': 'IsPed(Entity)', 'function': 'logicity.utils.pred_converter.z3.IsPed'}
- IsCar: {'instance': "Function('IsCar', entity_sorts['Entity'], BoolSort())", 'arity': 1, 'method': 'IsCar(Entity)', 'function': 'logicity.utils.pred_converter.z3.IsCar'}
- IsAmbulance: {'instance': "Function('IsAmb', entity_sorts['Entity'], BoolSort())", 'arity': 1, 'method': 'IsAmb(Entity)', 'function': 'logicity.utils.pred_converter.z3.IsAmb'}
- IsOld: {'instance': "Function('IsOld', entity_sorts['Entity'], BoolSort())", 'arity': 1, 'method': 'IsOld(Entity)', 'function': 'logicity.utils.pred_converter.z3.IsOld'}
- IsTiro: {'instance': "Function('IsTiro', entity_sorts['Entity'], BoolSort())", 'arity': 1, 'method': 'IsTiro(Entity)', 'function': 'logicity.utils.pred_converter.z3.IsTiro'}
- IsAtInter: {'instance': "Function('IsAtInter', entity_sorts['Entity'], BoolSort())", 'arity': 1, 'method': 'IsAtInter(Entity)', 'function': 'logicity.utils.pred_converter.z3.IsAtInter'}
- IsInInter: {'instance': "Function('IsInInter', entity_sorts['Entity'], BoolSort())", 'arity': 1, 'method': 'IsInInter(Entity)', 'function': 'logicity.utils.pred_converter.z3.IsInInter'}
- HigherPri: {'instance': "Function('HigherPri', entity_sorts['Entity'], entity_sorts['Entity'], BoolSort())", 'arity': 2, 'method': 'HigherPri(Entity, Entity)', 'function': 'logicity.utils.pred_converter.z3.HigherPri'}
- CollidingClose: {'instance': "Function('CollidingClose', entity_sorts['Entity'], entity_sorts['Entity'], BoolSort())", 'arity': 2, 'method': 'CollidingClose(Entity, Entity)', 'function': 'logicity.utils.pred_converter.z3.CollidingClose'}
- Stop: {'instance': "Function('Stop', entity_sorts['Entity'], BoolSort())", 'arity': 1, 'method': 'Stop(Entity)', 'function': 'None'}
- Fast: {'instance': "Function('Fast', entity_sorts['Entity'], BoolSort())", 'arity': 1, 'method': 'Fast(Entity)', 'function': 'None'}
- Normal: {'instance': "Function('Normal', entity_sorts['Entity'], BoolSort())", 'arity': 1, 'method': 'Normal(Entity)', 'function': 'None'}
- Slow: {'instance': "Function('Slow', entity_sorts['Entity'], BoolSort())", 'arity': 1, 'method': 'Slow(Entity)', 'function': 'None'}
2026-05-22 21:20:54 [INFO]: *** Sim Rule ***: Stop -> 
 Stop(entity) == Exists(
  [dummyEntity], 
  Or(
    And(
      IsAtInter(entity), 
      IsInInter(dummyEntity), 
    ),
    And(
      IsAtInter(entity), 
      IsAtInter(dummyEntity), 
      HigherPri(dummyEntity, entity),
    ),
    CollidingClose(entity, dummyEntity)
  )
)

2026-05-22 21:20:54 [INFO]: *** Task Rule ***: Collision and Intersection -> 
 Implies(Exists(
  [dummyEntity], 
    Or(
      And(
        IsAtInter(entity), 
        IsInInter(dummyEntity), 
      ),
      And(
        IsAtInter(entity), 
        IsAtInter(dummyEntity), 
        HigherPri(dummyEntity, entity),
      ),
      CollidingClose(entity, dummyEntity)
    )
  ),
  Stop(entity)
)

2026-05-22 21:20:54 [INFO]: *** Expert Rule ***: Stop -> 
 Stop(entity) == Exists(
[dummyEntity], 
  Or(
    And(
      IsAtInter(entity), 
      IsInInter(dummyEntity), 
    ),
    And(
      IsAtInter(entity), 
      IsAtInter(dummyEntity), 
      HigherPri(dummyEntity, entity),
    ),
    CollidingClose(entity, dummyEntity)
  )
)

2026-05-22 21:20:54 [INFO]: *** Expert Rule ***: Slow -> 
 Not(Slow(entity))

2026-05-22 21:20:54 [INFO]: *** Expert Rule ***: Fast -> 
 Not(Fast(entity))

2026-05-22 21:20:54 [INFO]: *** Expert Rule ***: Normal -> 
 Normal(entity) == Not(Stop(entity))
2026-05-22 21:20:54 [INFO]: Rules created successfully
2026-05-22 21:20:54 [INFO]: Rules will be grounded later...
2026-05-22 21:20:54 [INFO]: Given Predicates {'IsPedestrian': {'instance': IsPed, 'arity': 1, 'method': 'IsPed(Entity)', 'function': 'logicity.utils.pred_converter.z3.IsPed'}, 'IsCar': {'instance': IsCar, 'arity': 1, 'method': 'IsCar(Entity)', 'function': 'logicity.utils.pred_converter.z3.IsCar'}, 'IsAmbulance': {'instance': IsAmb, 'arity': 1, 'method': 'IsAmb(Entity)', 'function': 'logicity.utils.pred_converter.z3.IsAmb'}, 'IsOld': {'instance': IsOld, 'arity': 1, 'method': 'IsOld(Entity)', 'function': 'logicity.utils.pred_converter.z3.IsOld'}, 'IsTiro': {'instance': IsTiro, 'arity': 1, 'method': 'IsTiro(Entity)', 'function': 'logicity.utils.pred_converter.z3.IsTiro'}, 'IsAtInter': {'instance': IsAtInter, 'arity': 1, 'method': 'IsAtInter(Entity)', 'function': 'logicity.utils.pred_converter.z3.IsAtInter'}, 'IsInInter': {'instance': IsInInter, 'arity': 1, 'method': 'IsInInter(Entity)', 'function': 'logicity.utils.pred_converter.z3.IsInInter'}, 'HigherPri': {'instance': HigherPri, 'arity': 2, 'method': 'HigherPri(Entity, Entity)', 'function': 'logicity.utils.pred_converter.z3.HigherPri'}, 'CollidingClose': {'instance': CollidingClose, 'arity': 2, 'method': 'CollidingClose(Entity, Entity)', 'function': 'logicity.utils.pred_converter.z3.CollidingClose'}, 'Stop': {'instance': Stop, 'arity': 1, 'method': 'Stop(Entity)', 'function': 'None'}, 'Fast': {'instance': Fast, 'arity': 1, 'method': 'Fast(Entity)', 'function': 'None'}, 'Normal': {'instance': Normal, 'arity': 1, 'method': 'Normal(Entity)', 'function': 'None'}, 'Slow': {'instance': Slow, 'arity': 1, 'method': 'Slow(Entity)', 'function': 'None'}}, the FOV entities {'Entity': 3}, The logic grounding shape is: 39
2026-05-22 21:20:54 [INFO]: Local planner constructed!
2026-05-22 21:20:54 [INFO]: Constructing 22 streets
2026-05-22 21:20:54 [INFO]: Constructing 16 buildings
2026-05-22 21:20:55 [INFO]: Adding 4 agents, they are constrained in 103 region
2026-05-22 21:20:56 [INFO]: Car_1 initialization done!
2026-05-22 21:20:56 [INFO]: Pedestrian_1 initialization done!
2026-05-22 21:20:56 [INFO]: Car_2 initialization done!
2026-05-22 21:20:57 [INFO]: Car_3 initialization done!
2026-05-22 21:20:57 [INFO]: Done!
2026-05-22 21:20:57 [INFO]: ***Init RL Agent in Env***
2026-05-22 21:21:10 [INFO]: will reset agent by success
2026-05-22 21:21:10 [INFO]: ***Reset RL Agent in Env***
2026-05-22 21:21:11 [INFO]: Car_1 initialization done!
2026-05-22 21:21:11 [INFO]: Pedestrian_1 initialization done!
2026-05-22 21:21:12 [INFO]: Car_2 initialization done!
2026-05-22 21:21:12 [INFO]: Car_3 initialization done!
2026-05-22 21:21:12 [INFO]: Agent reset priority to 1/4
2026-05-22 21:21:13 [INFO]: Agent reset concepts to {'type': 'Car', 'priority': 1}
2026-05-22 21:21:13 [INFO]: Episode 28 success.
2026-05-22 21:21:13 [INFO]: Episode 28 achieved a score of 7.079999999999998
2026-05-22 21:21:13 [INFO]: Episode 28 Success: 1
2026-05-22 21:21:13 [INFO]: Episode 28 Decision Step: {3: 0}
2026-05-22 21:21:13 [INFO]: Episode 28 Success Decision: {3: 0}
2026-05-22 21:21:13 [INFO]: Evaluating episode 29...
2026-05-22 21:21:13 [INFO]: Episode label: {'oracle_step': 186, 'stop_count': 111, 'has_stop': True, 'ego_crosses': True, 'ego_eta': 54, 'ego_direction': 'down', 'other_crosses': 3, 'close_other_count': 0, 'pedestrian_close': None, 'conflicting_approach': False, 'total_crosses': 4}
2026-05-22 21:21:13 [INFO]: Get map info from config/maps/square_2x2.yaml
2026-05-22 21:21:13 [INFO]: Get agent info from config/agents/easy_lite/val.yaml
2026-05-22 21:21:13 [INFO]: Get onology and rules info from config/rules/ontology_easy.yaml, config/rules/Nav/easy/expert.yaml
2026-05-22 21:21:13 [INFO]: Number of Entity Types: 1
Entity Types:
- Entity
2026-05-22 21:21:13 [INFO]: Number of Predicates: 13
Predicates:
- IsPedestrian: {'instance': "Function('IsPed', entity_sorts['Entity'], BoolSort())", 'arity': 1, 'method': 'IsPed(Entity)', 'function': 'logicity.utils.pred_converter.z3.IsPed'}
- IsCar: {'instance': "Function('IsCar', entity_sorts['Entity'], BoolSort())", 'arity': 1, 'method': 'IsCar(Entity)', 'function': 'logicity.utils.pred_converter.z3.IsCar'}
- IsAmbulance: {'instance': "Function('IsAmb', entity_sorts['Entity'], BoolSort())", 'arity': 1, 'method': 'IsAmb(Entity)', 'function': 'logicity.utils.pred_converter.z3.IsAmb'}
- IsOld: {'instance': "Function('IsOld', entity_sorts['Entity'], BoolSort())", 'arity': 1, 'method': 'IsOld(Entity)', 'function': 'logicity.utils.pred_converter.z3.IsOld'}
- IsTiro: {'instance': "Function('IsTiro', entity_sorts['Entity'], BoolSort())", 'arity': 1, 'method': 'IsTiro(Entity)', 'function': 'logicity.utils.pred_converter.z3.IsTiro'}
- IsAtInter: {'instance': "Function('IsAtInter', entity_sorts['Entity'], BoolSort())", 'arity': 1, 'method': 'IsAtInter(Entity)', 'function': 'logicity.utils.pred_converter.z3.IsAtInter'}
- IsInInter: {'instance': "Function('IsInInter', entity_sorts['Entity'], BoolSort())", 'arity': 1, 'method': 'IsInInter(Entity)', 'function': 'logicity.utils.pred_converter.z3.IsInInter'}
- HigherPri: {'instance': "Function('HigherPri', entity_sorts['Entity'], entity_sorts['Entity'], BoolSort())", 'arity': 2, 'method': 'HigherPri(Entity, Entity)', 'function': 'logicity.utils.pred_converter.z3.HigherPri'}
- CollidingClose: {'instance': "Function('CollidingClose', entity_sorts['Entity'], entity_sorts['Entity'], BoolSort())", 'arity': 2, 'method': 'CollidingClose(Entity, Entity)', 'function': 'logicity.utils.pred_converter.z3.CollidingClose'}
- Stop: {'instance': "Function('Stop', entity_sorts['Entity'], BoolSort())", 'arity': 1, 'method': 'Stop(Entity)', 'function': 'None'}
- Fast: {'instance': "Function('Fast', entity_sorts['Entity'], BoolSort())", 'arity': 1, 'method': 'Fast(Entity)', 'function': 'None'}
- Normal: {'instance': "Function('Normal', entity_sorts['Entity'], BoolSort())", 'arity': 1, 'method': 'Normal(Entity)', 'function': 'None'}
- Slow: {'instance': "Function('Slow', entity_sorts['Entity'], BoolSort())", 'arity': 1, 'method': 'Slow(Entity)', 'function': 'None'}
2026-05-22 21:21:13 [INFO]: *** Sim Rule ***: Stop -> 
 Stop(entity) == Exists(
  [dummyEntity], 
  Or(
    And(
      IsAtInter(entity), 
      IsInInter(dummyEntity), 
    ),
    And(
      IsAtInter(entity), 
      IsAtInter(dummyEntity), 
      HigherPri(dummyEntity, entity),
    ),
    CollidingClose(entity, dummyEntity)
  )
)

2026-05-22 21:21:13 [INFO]: *** Task Rule ***: Collision and Intersection -> 
 Implies(Exists(
  [dummyEntity], 
    Or(
      And(
        IsAtInter(entity), 
        IsInInter(dummyEntity), 
      ),
      And(
        IsAtInter(entity), 
        IsAtInter(dummyEntity), 
        HigherPri(dummyEntity, entity),
      ),
      CollidingClose(entity, dummyEntity)
    )
  ),
  Stop(entity)
)

2026-05-22 21:21:13 [INFO]: *** Expert Rule ***: Stop -> 
 Stop(entity) == Exists(
[dummyEntity], 
  Or(
    And(
      IsAtInter(entity), 
      IsInInter(dummyEntity), 
    ),
    And(
      IsAtInter(entity), 
      IsAtInter(dummyEntity), 
      HigherPri(dummyEntity, entity),
    ),
    CollidingClose(entity, dummyEntity)
  )
)

2026-05-22 21:21:13 [INFO]: *** Expert Rule ***: Slow -> 
 Not(Slow(entity))

2026-05-22 21:21:13 [INFO]: *** Expert Rule ***: Fast -> 
 Not(Fast(entity))

2026-05-22 21:21:13 [INFO]: *** Expert Rule ***: Normal -> 
 Normal(entity) == Not(Stop(entity))
2026-05-22 21:21:13 [INFO]: Rules created successfully
2026-05-22 21:21:13 [INFO]: Rules will be grounded later...
2026-05-22 21:21:13 [INFO]: Given Predicates {'IsPedestrian': {'instance': IsPed, 'arity': 1, 'method': 'IsPed(Entity)', 'function': 'logicity.utils.pred_converter.z3.IsPed'}, 'IsCar': {'instance': IsCar, 'arity': 1, 'method': 'IsCar(Entity)', 'function': 'logicity.utils.pred_converter.z3.IsCar'}, 'IsAmbulance': {'instance': IsAmb, 'arity': 1, 'method': 'IsAmb(Entity)', 'function': 'logicity.utils.pred_converter.z3.IsAmb'}, 'IsOld': {'instance': IsOld, 'arity': 1, 'method': 'IsOld(Entity)', 'function': 'logicity.utils.pred_converter.z3.IsOld'}, 'IsTiro': {'instance': IsTiro, 'arity': 1, 'method': 'IsTiro(Entity)', 'function': 'logicity.utils.pred_converter.z3.IsTiro'}, 'IsAtInter': {'instance': IsAtInter, 'arity': 1, 'method': 'IsAtInter(Entity)', 'function': 'logicity.utils.pred_converter.z3.IsAtInter'}, 'IsInInter': {'instance': IsInInter, 'arity': 1, 'method': 'IsInInter(Entity)', 'function': 'logicity.utils.pred_converter.z3.IsInInter'}, 'HigherPri': {'instance': HigherPri, 'arity': 2, 'method': 'HigherPri(Entity, Entity)', 'function': 'logicity.utils.pred_converter.z3.HigherPri'}, 'CollidingClose': {'instance': CollidingClose, 'arity': 2, 'method': 'CollidingClose(Entity, Entity)', 'function': 'logicity.utils.pred_converter.z3.CollidingClose'}, 'Stop': {'instance': Stop, 'arity': 1, 'method': 'Stop(Entity)', 'function': 'None'}, 'Fast': {'instance': Fast, 'arity': 1, 'method': 'Fast(Entity)', 'function': 'None'}, 'Normal': {'instance': Normal, 'arity': 1, 'method': 'Normal(Entity)', 'function': 'None'}, 'Slow': {'instance': Slow, 'arity': 1, 'method': 'Slow(Entity)', 'function': 'None'}}, the FOV entities {'Entity': 3}, The logic grounding shape is: 39
2026-05-22 21:21:13 [INFO]: Local planner constructed!
2026-05-22 21:21:13 [INFO]: Constructing 22 streets
2026-05-22 21:21:14 [INFO]: Constructing 16 buildings
2026-05-22 21:21:15 [INFO]: Adding 4 agents, they are constrained in 103 region
2026-05-22 21:21:15 [INFO]: Car_1 initialization done!
2026-05-22 21:21:15 [INFO]: Pedestrian_1 initialization done!
2026-05-22 21:21:16 [INFO]: Car_2 initialization done!
2026-05-22 21:21:17 [INFO]: Car_3 initialization done!
2026-05-22 21:21:17 [INFO]: Done!
2026-05-22 21:21:17 [INFO]: ***Init RL Agent in Env***
2026-05-22 21:22:01 [INFO]: will reset agent by success
2026-05-22 21:22:01 [INFO]: ***Reset RL Agent in Env***
2026-05-22 21:22:02 [INFO]: Car_1 initialization done!
2026-05-22 21:22:02 [INFO]: Pedestrian_1 initialization done!
2026-05-22 21:22:02 [INFO]: Car_2 initialization done!
2026-05-22 21:22:02 [INFO]: Car_3 initialization done!
2026-05-22 21:22:02 [INFO]: Agent reset priority to 1/4
2026-05-22 21:22:02 [INFO]: Agent reset concepts to {'type': 'Car', 'priority': 1}
2026-05-22 21:22:03 [INFO]: Episode 29 success.
2026-05-22 21:22:03 [INFO]: Episode 29 achieved a score of 6.329999999999999
2026-05-22 21:22:03 [INFO]: Episode 29 Success: 1
2026-05-22 21:22:03 [INFO]: Episode 29 Decision Step: {3: 1}
2026-05-22 21:22:03 [INFO]: Episode 29 Success Decision: {3: 1}
2026-05-22 21:22:03 [INFO]: Evaluating episode 30...
2026-05-22 21:22:03 [INFO]: Episode label: {'oracle_step': 86, 'stop_count': 19, 'has_stop': True, 'ego_crosses': True, 'ego_eta': 56, 'ego_direction': 'down', 'other_crosses': 3, 'close_other_count': 0, 'pedestrian_close': None, 'conflicting_approach': False, 'total_crosses': 4}
2026-05-22 21:22:03 [INFO]: Get map info from config/maps/square_2x2.yaml
2026-05-22 21:22:03 [INFO]: Get agent info from config/agents/easy_lite/val.yaml
2026-05-22 21:22:03 [INFO]: Get onology and rules info from config/rules/ontology_easy.yaml, config/rules/Nav/easy/expert.yaml
2026-05-22 21:22:03 [INFO]: Number of Entity Types: 1
Entity Types:
- Entity
2026-05-22 21:22:03 [INFO]: Number of Predicates: 13
Predicates:
- IsPedestrian: {'instance': "Function('IsPed', entity_sorts['Entity'], BoolSort())", 'arity': 1, 'method': 'IsPed(Entity)', 'function': 'logicity.utils.pred_converter.z3.IsPed'}
- IsCar: {'instance': "Function('IsCar', entity_sorts['Entity'], BoolSort())", 'arity': 1, 'method': 'IsCar(Entity)', 'function': 'logicity.utils.pred_converter.z3.IsCar'}
- IsAmbulance: {'instance': "Function('IsAmb', entity_sorts['Entity'], BoolSort())", 'arity': 1, 'method': 'IsAmb(Entity)', 'function': 'logicity.utils.pred_converter.z3.IsAmb'}
- IsOld: {'instance': "Function('IsOld', entity_sorts['Entity'], BoolSort())", 'arity': 1, 'method': 'IsOld(Entity)', 'function': 'logicity.utils.pred_converter.z3.IsOld'}
- IsTiro: {'instance': "Function('IsTiro', entity_sorts['Entity'], BoolSort())", 'arity': 1, 'method': 'IsTiro(Entity)', 'function': 'logicity.utils.pred_converter.z3.IsTiro'}
- IsAtInter: {'instance': "Function('IsAtInter', entity_sorts['Entity'], BoolSort())", 'arity': 1, 'method': 'IsAtInter(Entity)', 'function': 'logicity.utils.pred_converter.z3.IsAtInter'}
- IsInInter: {'instance': "Function('IsInInter', entity_sorts['Entity'], BoolSort())", 'arity': 1, 'method': 'IsInInter(Entity)', 'function': 'logicity.utils.pred_converter.z3.IsInInter'}
- HigherPri: {'instance': "Function('HigherPri', entity_sorts['Entity'], entity_sorts['Entity'], BoolSort())", 'arity': 2, 'method': 'HigherPri(Entity, Entity)', 'function': 'logicity.utils.pred_converter.z3.HigherPri'}
- CollidingClose: {'instance': "Function('CollidingClose', entity_sorts['Entity'], entity_sorts['Entity'], BoolSort())", 'arity': 2, 'method': 'CollidingClose(Entity, Entity)', 'function': 'logicity.utils.pred_converter.z3.CollidingClose'}
- Stop: {'instance': "Function('Stop', entity_sorts['Entity'], BoolSort())", 'arity': 1, 'method': 'Stop(Entity)', 'function': 'None'}
- Fast: {'instance': "Function('Fast', entity_sorts['Entity'], BoolSort())", 'arity': 1, 'method': 'Fast(Entity)', 'function': 'None'}
- Normal: {'instance': "Function('Normal', entity_sorts['Entity'], BoolSort())", 'arity': 1, 'method': 'Normal(Entity)', 'function': 'None'}
- Slow: {'instance': "Function('Slow', entity_sorts['Entity'], BoolSort())", 'arity': 1, 'method': 'Slow(Entity)', 'function': 'None'}
2026-05-22 21:22:03 [INFO]: *** Sim Rule ***: Stop -> 
 Stop(entity) == Exists(
  [dummyEntity], 
  Or(
    And(
      IsAtInter(entity), 
      IsInInter(dummyEntity), 
    ),
    And(
      IsAtInter(entity), 
      IsAtInter(dummyEntity), 
      HigherPri(dummyEntity, entity),
    ),
    CollidingClose(entity, dummyEntity)
  )
)

2026-05-22 21:22:03 [INFO]: *** Task Rule ***: Collision and Intersection -> 
 Implies(Exists(
  [dummyEntity], 
    Or(
      And(
        IsAtInter(entity), 
        IsInInter(dummyEntity), 
      ),
      And(
        IsAtInter(entity), 
        IsAtInter(dummyEntity), 
        HigherPri(dummyEntity, entity),
      ),
      CollidingClose(entity, dummyEntity)
    )
  ),
  Stop(entity)
)

2026-05-22 21:22:03 [INFO]: *** Expert Rule ***: Stop -> 
 Stop(entity) == Exists(
[dummyEntity], 
  Or(
    And(
      IsAtInter(entity), 
      IsInInter(dummyEntity), 
    ),
    And(
      IsAtInter(entity), 
      IsAtInter(dummyEntity), 
      HigherPri(dummyEntity, entity),
    ),
    CollidingClose(entity, dummyEntity)
  )
)

2026-05-22 21:22:03 [INFO]: *** Expert Rule ***: Slow -> 
 Not(Slow(entity))

2026-05-22 21:22:03 [INFO]: *** Expert Rule ***: Fast -> 
 Not(Fast(entity))

2026-05-22 21:22:03 [INFO]: *** Expert Rule ***: Normal -> 
 Normal(entity) == Not(Stop(entity))
2026-05-22 21:22:03 [INFO]: Rules created successfully
2026-05-22 21:22:03 [INFO]: Rules will be grounded later...
2026-05-22 21:22:03 [INFO]: Given Predicates {'IsPedestrian': {'instance': IsPed, 'arity': 1, 'method': 'IsPed(Entity)', 'function': 'logicity.utils.pred_converter.z3.IsPed'}, 'IsCar': {'instance': IsCar, 'arity': 1, 'method': 'IsCar(Entity)', 'function': 'logicity.utils.pred_converter.z3.IsCar'}, 'IsAmbulance': {'instance': IsAmb, 'arity': 1, 'method': 'IsAmb(Entity)', 'function': 'logicity.utils.pred_converter.z3.IsAmb'}, 'IsOld': {'instance': IsOld, 'arity': 1, 'method': 'IsOld(Entity)', 'function': 'logicity.utils.pred_converter.z3.IsOld'}, 'IsTiro': {'instance': IsTiro, 'arity': 1, 'method': 'IsTiro(Entity)', 'function': 'logicity.utils.pred_converter.z3.IsTiro'}, 'IsAtInter': {'instance': IsAtInter, 'arity': 1, 'method': 'IsAtInter(Entity)', 'function': 'logicity.utils.pred_converter.z3.IsAtInter'}, 'IsInInter': {'instance': IsInInter, 'arity': 1, 'method': 'IsInInter(Entity)', 'function': 'logicity.utils.pred_converter.z3.IsInInter'}, 'HigherPri': {'instance': HigherPri, 'arity': 2, 'method': 'HigherPri(Entity, Entity)', 'function': 'logicity.utils.pred_converter.z3.HigherPri'}, 'CollidingClose': {'instance': CollidingClose, 'arity': 2, 'method': 'CollidingClose(Entity, Entity)', 'function': 'logicity.utils.pred_converter.z3.CollidingClose'}, 'Stop': {'instance': Stop, 'arity': 1, 'method': 'Stop(Entity)', 'function': 'None'}, 'Fast': {'instance': Fast, 'arity': 1, 'method': 'Fast(Entity)', 'function': 'None'}, 'Normal': {'instance': Normal, 'arity': 1, 'method': 'Normal(Entity)', 'function': 'None'}, 'Slow': {'instance': Slow, 'arity': 1, 'method': 'Slow(Entity)', 'function': 'None'}}, the FOV entities {'Entity': 3}, The logic grounding shape is: 39
2026-05-22 21:22:03 [INFO]: Local planner constructed!
2026-05-22 21:22:03 [INFO]: Constructing 22 streets
2026-05-22 21:22:03 [INFO]: Constructing 16 buildings
2026-05-22 21:22:04 [INFO]: Adding 4 agents, they are constrained in 103 region
2026-05-22 21:22:04 [INFO]: Car_1 initialization done!
2026-05-22 21:22:04 [INFO]: Pedestrian_1 initialization done!
2026-05-22 21:22:05 [INFO]: Car_2 initialization done!
2026-05-22 21:22:06 [INFO]: Car_3 initialization done!
2026-05-22 21:22:06 [INFO]: Done!
2026-05-22 21:22:06 [INFO]: ***Init RL Agent in Env***
2026-05-22 21:22:21 [INFO]: will reset agent by success
2026-05-22 21:22:21 [INFO]: ***Reset RL Agent in Env***
2026-05-22 21:22:22 [INFO]: Car_1 initialization done!
2026-05-22 21:22:22 [INFO]: Pedestrian_1 initialization done!
2026-05-22 21:22:22 [INFO]: Car_2 initialization done!
2026-05-22 21:22:23 [INFO]: Car_3 initialization done!
2026-05-22 21:22:23 [INFO]: Agent reset priority to 1/4
2026-05-22 21:22:23 [INFO]: Agent reset concepts to {'type': 'Car', 'priority': 1}
2026-05-22 21:22:23 [INFO]: Episode 30 success.
2026-05-22 21:22:23 [INFO]: Episode 30 achieved a score of 6.939999999999999
2026-05-22 21:22:23 [INFO]: Episode 30 Success: 1
2026-05-22 21:22:23 [INFO]: Episode 30 Decision Step: {3: 0}
2026-05-22 21:22:23 [INFO]: Episode 30 Success Decision: {3: 0}
2026-05-22 21:22:23 [INFO]: Evaluating episode 31...
2026-05-22 21:22:23 [INFO]: Episode label: {'oracle_step': 69, 'stop_count': 25, 'has_stop': True, 'ego_crosses': True, 'ego_eta': 56, 'ego_direction': 'right', 'other_crosses': 3, 'close_other_count': 0, 'pedestrian_close': None, 'conflicting_approach': False, 'total_crosses': 4}
2026-05-22 21:22:23 [INFO]: Get map info from config/maps/square_2x2.yaml
2026-05-22 21:22:23 [INFO]: Get agent info from config/agents/easy_lite/val.yaml
2026-05-22 21:22:23 [INFO]: Get onology and rules info from config/rules/ontology_easy.yaml, config/rules/Nav/easy/expert.yaml
2026-05-22 21:22:23 [INFO]: Number of Entity Types: 1
Entity Types:
- Entity
2026-05-22 21:22:23 [INFO]: Number of Predicates: 13
Predicates:
- IsPedestrian: {'instance': "Function('IsPed', entity_sorts['Entity'], BoolSort())", 'arity': 1, 'method': 'IsPed(Entity)', 'function': 'logicity.utils.pred_converter.z3.IsPed'}
- IsCar: {'instance': "Function('IsCar', entity_sorts['Entity'], BoolSort())", 'arity': 1, 'method': 'IsCar(Entity)', 'function': 'logicity.utils.pred_converter.z3.IsCar'}
- IsAmbulance: {'instance': "Function('IsAmb', entity_sorts['Entity'], BoolSort())", 'arity': 1, 'method': 'IsAmb(Entity)', 'function': 'logicity.utils.pred_converter.z3.IsAmb'}
- IsOld: {'instance': "Function('IsOld', entity_sorts['Entity'], BoolSort())", 'arity': 1, 'method': 'IsOld(Entity)', 'function': 'logicity.utils.pred_converter.z3.IsOld'}
- IsTiro: {'instance': "Function('IsTiro', entity_sorts['Entity'], BoolSort())", 'arity': 1, 'method': 'IsTiro(Entity)', 'function': 'logicity.utils.pred_converter.z3.IsTiro'}
- IsAtInter: {'instance': "Function('IsAtInter', entity_sorts['Entity'], BoolSort())", 'arity': 1, 'method': 'IsAtInter(Entity)', 'function': 'logicity.utils.pred_converter.z3.IsAtInter'}
- IsInInter: {'instance': "Function('IsInInter', entity_sorts['Entity'], BoolSort())", 'arity': 1, 'method': 'IsInInter(Entity)', 'function': 'logicity.utils.pred_converter.z3.IsInInter'}
- HigherPri: {'instance': "Function('HigherPri', entity_sorts['Entity'], entity_sorts['Entity'], BoolSort())", 'arity': 2, 'method': 'HigherPri(Entity, Entity)', 'function': 'logicity.utils.pred_converter.z3.HigherPri'}
- CollidingClose: {'instance': "Function('CollidingClose', entity_sorts['Entity'], entity_sorts['Entity'], BoolSort())", 'arity': 2, 'method': 'CollidingClose(Entity, Entity)', 'function': 'logicity.utils.pred_converter.z3.CollidingClose'}
- Stop: {'instance': "Function('Stop', entity_sorts['Entity'], BoolSort())", 'arity': 1, 'method': 'Stop(Entity)', 'function': 'None'}
- Fast: {'instance': "Function('Fast', entity_sorts['Entity'], BoolSort())", 'arity': 1, 'method': 'Fast(Entity)', 'function': 'None'}
- Normal: {'instance': "Function('Normal', entity_sorts['Entity'], BoolSort())", 'arity': 1, 'method': 'Normal(Entity)', 'function': 'None'}
- Slow: {'instance': "Function('Slow', entity_sorts['Entity'], BoolSort())", 'arity': 1, 'method': 'Slow(Entity)', 'function': 'None'}
2026-05-22 21:22:23 [INFO]: *** Sim Rule ***: Stop -> 
 Stop(entity) == Exists(
  [dummyEntity], 
  Or(
    And(
      IsAtInter(entity), 
      IsInInter(dummyEntity), 
    ),
    And(
      IsAtInter(entity), 
      IsAtInter(dummyEntity), 
      HigherPri(dummyEntity, entity),
    ),
    CollidingClose(entity, dummyEntity)
  )
)

2026-05-22 21:22:23 [INFO]: *** Task Rule ***: Collision and Intersection -> 
 Implies(Exists(
  [dummyEntity], 
    Or(
      And(
        IsAtInter(entity), 
        IsInInter(dummyEntity), 
      ),
      And(
        IsAtInter(entity), 
        IsAtInter(dummyEntity), 
        HigherPri(dummyEntity, entity),
      ),
      CollidingClose(entity, dummyEntity)
    )
  ),
  Stop(entity)
)

2026-05-22 21:22:23 [INFO]: *** Expert Rule ***: Stop -> 
 Stop(entity) == Exists(
[dummyEntity], 
  Or(
    And(
      IsAtInter(entity), 
      IsInInter(dummyEntity), 
    ),
    And(
      IsAtInter(entity), 
      IsAtInter(dummyEntity), 
      HigherPri(dummyEntity, entity),
    ),
    CollidingClose(entity, dummyEntity)
  )
)

2026-05-22 21:22:23 [INFO]: *** Expert Rule ***: Slow -> 
 Not(Slow(entity))

2026-05-22 21:22:23 [INFO]: *** Expert Rule ***: Fast -> 
 Not(Fast(entity))

2026-05-22 21:22:23 [INFO]: *** Expert Rule ***: Normal -> 
 Normal(entity) == Not(Stop(entity))
2026-05-22 21:22:23 [INFO]: Rules created successfully
2026-05-22 21:22:23 [INFO]: Rules will be grounded later...
2026-05-22 21:22:23 [INFO]: Given Predicates {'IsPedestrian': {'instance': IsPed, 'arity': 1, 'method': 'IsPed(Entity)', 'function': 'logicity.utils.pred_converter.z3.IsPed'}, 'IsCar': {'instance': IsCar, 'arity': 1, 'method': 'IsCar(Entity)', 'function': 'logicity.utils.pred_converter.z3.IsCar'}, 'IsAmbulance': {'instance': IsAmb, 'arity': 1, 'method': 'IsAmb(Entity)', 'function': 'logicity.utils.pred_converter.z3.IsAmb'}, 'IsOld': {'instance': IsOld, 'arity': 1, 'method': 'IsOld(Entity)', 'function': 'logicity.utils.pred_converter.z3.IsOld'}, 'IsTiro': {'instance': IsTiro, 'arity': 1, 'method': 'IsTiro(Entity)', 'function': 'logicity.utils.pred_converter.z3.IsTiro'}, 'IsAtInter': {'instance': IsAtInter, 'arity': 1, 'method': 'IsAtInter(Entity)', 'function': 'logicity.utils.pred_converter.z3.IsAtInter'}, 'IsInInter': {'instance': IsInInter, 'arity': 1, 'method': 'IsInInter(Entity)', 'function': 'logicity.utils.pred_converter.z3.IsInInter'}, 'HigherPri': {'instance': HigherPri, 'arity': 2, 'method': 'HigherPri(Entity, Entity)', 'function': 'logicity.utils.pred_converter.z3.HigherPri'}, 'CollidingClose': {'instance': CollidingClose, 'arity': 2, 'method': 'CollidingClose(Entity, Entity)', 'function': 'logicity.utils.pred_converter.z3.CollidingClose'}, 'Stop': {'instance': Stop, 'arity': 1, 'method': 'Stop(Entity)', 'function': 'None'}, 'Fast': {'instance': Fast, 'arity': 1, 'method': 'Fast(Entity)', 'function': 'None'}, 'Normal': {'instance': Normal, 'arity': 1, 'method': 'Normal(Entity)', 'function': 'None'}, 'Slow': {'instance': Slow, 'arity': 1, 'method': 'Slow(Entity)', 'function': 'None'}}, the FOV entities {'Entity': 3}, The logic grounding shape is: 39
2026-05-22 21:22:23 [INFO]: Local planner constructed!
2026-05-22 21:22:23 [INFO]: Constructing 22 streets
2026-05-22 21:22:24 [INFO]: Constructing 16 buildings
2026-05-22 21:22:24 [INFO]: Adding 4 agents, they are constrained in 103 region
2026-05-22 21:22:25 [INFO]: Car_1 initialization done!
2026-05-22 21:22:25 [INFO]: Pedestrian_1 initialization done!
2026-05-22 21:22:25 [INFO]: Car_2 initialization done!
2026-05-22 21:22:26 [INFO]: Car_3 initialization done!
2026-05-22 21:22:26 [INFO]: Done!
2026-05-22 21:22:26 [INFO]: ***Init RL Agent in Env***
2026-05-22 21:22:43 [INFO]: will reset agent by success
2026-05-22 21:22:43 [INFO]: ***Reset RL Agent in Env***
2026-05-22 21:22:44 [INFO]: Car_1 initialization done!
2026-05-22 21:22:44 [INFO]: Pedestrian_1 initialization done!
2026-05-22 21:22:45 [INFO]: Car_2 initialization done!
2026-05-22 21:22:45 [INFO]: Car_3 initialization done!
2026-05-22 21:22:45 [INFO]: Agent reset priority to 1/4
2026-05-22 21:22:45 [INFO]: Agent reset concepts to {'type': 'Car', 'priority': 1}
2026-05-22 21:22:45 [INFO]: Episode 31 success.
2026-05-22 21:22:45 [INFO]: Episode 31 achieved a score of 4.4600000000000115
2026-05-22 21:22:45 [INFO]: Episode 31 Success: 1
2026-05-22 21:22:45 [INFO]: Episode 31 Decision Step: {3: 1}
2026-05-22 21:22:45 [INFO]: Episode 31 Success Decision: {3: 1}
2026-05-22 21:22:45 [INFO]: Evaluating episode 32...
2026-05-22 21:22:45 [INFO]: Episode label: {'oracle_step': 31, 'stop_count': 0, 'has_stop': False, 'ego_crosses': True, 'ego_eta': 5, 'ego_direction': 'down', 'other_crosses': 3, 'close_other_count': 0, 'pedestrian_close': None, 'conflicting_approach': False, 'total_crosses': 4}
2026-05-22 21:22:46 [INFO]: Get map info from config/maps/square_2x2.yaml
2026-05-22 21:22:46 [INFO]: Get agent info from config/agents/easy_lite/val.yaml
2026-05-22 21:22:46 [INFO]: Get onology and rules info from config/rules/ontology_easy.yaml, config/rules/Nav/easy/expert.yaml
2026-05-22 21:22:46 [INFO]: Number of Entity Types: 1
Entity Types:
- Entity
2026-05-22 21:22:46 [INFO]: Number of Predicates: 13
Predicates:
- IsPedestrian: {'instance': "Function('IsPed', entity_sorts['Entity'], BoolSort())", 'arity': 1, 'method': 'IsPed(Entity)', 'function': 'logicity.utils.pred_converter.z3.IsPed'}
- IsCar: {'instance': "Function('IsCar', entity_sorts['Entity'], BoolSort())", 'arity': 1, 'method': 'IsCar(Entity)', 'function': 'logicity.utils.pred_converter.z3.IsCar'}
- IsAmbulance: {'instance': "Function('IsAmb', entity_sorts['Entity'], BoolSort())", 'arity': 1, 'method': 'IsAmb(Entity)', 'function': 'logicity.utils.pred_converter.z3.IsAmb'}
- IsOld: {'instance': "Function('IsOld', entity_sorts['Entity'], BoolSort())", 'arity': 1, 'method': 'IsOld(Entity)', 'function': 'logicity.utils.pred_converter.z3.IsOld'}
- IsTiro: {'instance': "Function('IsTiro', entity_sorts['Entity'], BoolSort())", 'arity': 1, 'method': 'IsTiro(Entity)', 'function': 'logicity.utils.pred_converter.z3.IsTiro'}
- IsAtInter: {'instance': "Function('IsAtInter', entity_sorts['Entity'], BoolSort())", 'arity': 1, 'method': 'IsAtInter(Entity)', 'function': 'logicity.utils.pred_converter.z3.IsAtInter'}
- IsInInter: {'instance': "Function('IsInInter', entity_sorts['Entity'], BoolSort())", 'arity': 1, 'method': 'IsInInter(Entity)', 'function': 'logicity.utils.pred_converter.z3.IsInInter'}
- HigherPri: {'instance': "Function('HigherPri', entity_sorts['Entity'], entity_sorts['Entity'], BoolSort())", 'arity': 2, 'method': 'HigherPri(Entity, Entity)', 'function': 'logicity.utils.pred_converter.z3.HigherPri'}
- CollidingClose: {'instance': "Function('CollidingClose', entity_sorts['Entity'], entity_sorts['Entity'], BoolSort())", 'arity': 2, 'method': 'CollidingClose(Entity, Entity)', 'function': 'logicity.utils.pred_converter.z3.CollidingClose'}
- Stop: {'instance': "Function('Stop', entity_sorts['Entity'], BoolSort())", 'arity': 1, 'method': 'Stop(Entity)', 'function': 'None'}
- Fast: {'instance': "Function('Fast', entity_sorts['Entity'], BoolSort())", 'arity': 1, 'method': 'Fast(Entity)', 'function': 'None'}
- Normal: {'instance': "Function('Normal', entity_sorts['Entity'], BoolSort())", 'arity': 1, 'method': 'Normal(Entity)', 'function': 'None'}
- Slow: {'instance': "Function('Slow', entity_sorts['Entity'], BoolSort())", 'arity': 1, 'method': 'Slow(Entity)', 'function': 'None'}
2026-05-22 21:22:46 [INFO]: *** Sim Rule ***: Stop -> 
 Stop(entity) == Exists(
  [dummyEntity], 
  Or(
    And(
      IsAtInter(entity), 
      IsInInter(dummyEntity), 
    ),
    And(
      IsAtInter(entity), 
      IsAtInter(dummyEntity), 
      HigherPri(dummyEntity, entity),
    ),
    CollidingClose(entity, dummyEntity)
  )
)

2026-05-22 21:22:46 [INFO]: *** Task Rule ***: Collision and Intersection -> 
 Implies(Exists(
  [dummyEntity], 
    Or(
      And(
        IsAtInter(entity), 
        IsInInter(dummyEntity), 
      ),
      And(
        IsAtInter(entity), 
        IsAtInter(dummyEntity), 
        HigherPri(dummyEntity, entity),
      ),
      CollidingClose(entity, dummyEntity)
    )
  ),
  Stop(entity)
)

2026-05-22 21:22:46 [INFO]: *** Expert Rule ***: Stop -> 
 Stop(entity) == Exists(
[dummyEntity], 
  Or(
    And(
      IsAtInter(entity), 
      IsInInter(dummyEntity), 
    ),
    And(
      IsAtInter(entity), 
      IsAtInter(dummyEntity), 
      HigherPri(dummyEntity, entity),
    ),
    CollidingClose(entity, dummyEntity)
  )
)

2026-05-22 21:22:46 [INFO]: *** Expert Rule ***: Slow -> 
 Not(Slow(entity))

2026-05-22 21:22:46 [INFO]: *** Expert Rule ***: Fast -> 
 Not(Fast(entity))

2026-05-22 21:22:46 [INFO]: *** Expert Rule ***: Normal -> 
 Normal(entity) == Not(Stop(entity))
2026-05-22 21:22:46 [INFO]: Rules created successfully
2026-05-22 21:22:46 [INFO]: Rules will be grounded later...
2026-05-22 21:22:46 [INFO]: Given Predicates {'IsPedestrian': {'instance': IsPed, 'arity': 1, 'method': 'IsPed(Entity)', 'function': 'logicity.utils.pred_converter.z3.IsPed'}, 'IsCar': {'instance': IsCar, 'arity': 1, 'method': 'IsCar(Entity)', 'function': 'logicity.utils.pred_converter.z3.IsCar'}, 'IsAmbulance': {'instance': IsAmb, 'arity': 1, 'method': 'IsAmb(Entity)', 'function': 'logicity.utils.pred_converter.z3.IsAmb'}, 'IsOld': {'instance': IsOld, 'arity': 1, 'method': 'IsOld(Entity)', 'function': 'logicity.utils.pred_converter.z3.IsOld'}, 'IsTiro': {'instance': IsTiro, 'arity': 1, 'method': 'IsTiro(Entity)', 'function': 'logicity.utils.pred_converter.z3.IsTiro'}, 'IsAtInter': {'instance': IsAtInter, 'arity': 1, 'method': 'IsAtInter(Entity)', 'function': 'logicity.utils.pred_converter.z3.IsAtInter'}, 'IsInInter': {'instance': IsInInter, 'arity': 1, 'method': 'IsInInter(Entity)', 'function': 'logicity.utils.pred_converter.z3.IsInInter'}, 'HigherPri': {'instance': HigherPri, 'arity': 2, 'method': 'HigherPri(Entity, Entity)', 'function': 'logicity.utils.pred_converter.z3.HigherPri'}, 'CollidingClose': {'instance': CollidingClose, 'arity': 2, 'method': 'CollidingClose(Entity, Entity)', 'function': 'logicity.utils.pred_converter.z3.CollidingClose'}, 'Stop': {'instance': Stop, 'arity': 1, 'method': 'Stop(Entity)', 'function': 'None'}, 'Fast': {'instance': Fast, 'arity': 1, 'method': 'Fast(Entity)', 'function': 'None'}, 'Normal': {'instance': Normal, 'arity': 1, 'method': 'Normal(Entity)', 'function': 'None'}, 'Slow': {'instance': Slow, 'arity': 1, 'method': 'Slow(Entity)', 'function': 'None'}}, the FOV entities {'Entity': 3}, The logic grounding shape is: 39
2026-05-22 21:22:46 [INFO]: Local planner constructed!
2026-05-22 21:22:46 [INFO]: Constructing 22 streets
2026-05-22 21:22:46 [INFO]: Constructing 16 buildings
2026-05-22 21:22:47 [INFO]: Adding 4 agents, they are constrained in 103 region
2026-05-22 21:22:48 [INFO]: Car_1 initialization done!
2026-05-22 21:22:48 [INFO]: Pedestrian_1 initialization done!
2026-05-22 21:22:49 [INFO]: Car_2 initialization done!
2026-05-22 21:22:50 [INFO]: Car_3 initialization done!
2026-05-22 21:22:50 [INFO]: Done!
2026-05-22 21:22:50 [INFO]: ***Init RL Agent in Env***
2026-05-22 21:22:55 [INFO]: will reset agent by success
2026-05-22 21:22:55 [INFO]: ***Reset RL Agent in Env***
2026-05-22 21:22:56 [INFO]: Car_1 initialization done!
2026-05-22 21:22:56 [INFO]: Pedestrian_1 initialization done!
2026-05-22 21:22:56 [INFO]: Car_2 initialization done!
2026-05-22 21:22:57 [INFO]: Car_3 initialization done!
2026-05-22 21:22:57 [INFO]: Agent reset priority to 3/4
2026-05-22 21:22:57 [INFO]: Agent reset concepts to {'type': 'Car', 'priority': 3}
2026-05-22 21:22:57 [INFO]: Episode 32 success.
2026-05-22 21:22:57 [INFO]: Episode 32 achieved a score of 3.570000000000001
2026-05-22 21:22:57 [INFO]: Episode 32 Success: 1
2026-05-22 21:22:57 [INFO]: Episode 32 Decision Step: {3: 0}
2026-05-22 21:22:57 [INFO]: Episode 32 Success Decision: {3: 0}
2026-05-22 21:22:57 [INFO]: Evaluating episode 33...
2026-05-22 21:22:57 [INFO]: Episode label: {'oracle_step': 69, 'stop_count': 0, 'has_stop': False, 'ego_crosses': True, 'ego_eta': 14, 'ego_direction': 'down', 'other_crosses': 3, 'close_other_count': 0, 'pedestrian_close': None, 'conflicting_approach': False, 'total_crosses': 4}
2026-05-22 21:22:57 [INFO]: Get map info from config/maps/square_2x2.yaml
2026-05-22 21:22:57 [INFO]: Get agent info from config/agents/easy_lite/val.yaml
2026-05-22 21:22:57 [INFO]: Get onology and rules info from config/rules/ontology_easy.yaml, config/rules/Nav/easy/expert.yaml
2026-05-22 21:22:57 [INFO]: Number of Entity Types: 1
Entity Types:
- Entity
2026-05-22 21:22:57 [INFO]: Number of Predicates: 13
Predicates:
- IsPedestrian: {'instance': "Function('IsPed', entity_sorts['Entity'], BoolSort())", 'arity': 1, 'method': 'IsPed(Entity)', 'function': 'logicity.utils.pred_converter.z3.IsPed'}
- IsCar: {'instance': "Function('IsCar', entity_sorts['Entity'], BoolSort())", 'arity': 1, 'method': 'IsCar(Entity)', 'function': 'logicity.utils.pred_converter.z3.IsCar'}
- IsAmbulance: {'instance': "Function('IsAmb', entity_sorts['Entity'], BoolSort())", 'arity': 1, 'method': 'IsAmb(Entity)', 'function': 'logicity.utils.pred_converter.z3.IsAmb'}
- IsOld: {'instance': "Function('IsOld', entity_sorts['Entity'], BoolSort())", 'arity': 1, 'method': 'IsOld(Entity)', 'function': 'logicity.utils.pred_converter.z3.IsOld'}
- IsTiro: {'instance': "Function('IsTiro', entity_sorts['Entity'], BoolSort())", 'arity': 1, 'method': 'IsTiro(Entity)', 'function': 'logicity.utils.pred_converter.z3.IsTiro'}
- IsAtInter: {'instance': "Function('IsAtInter', entity_sorts['Entity'], BoolSort())", 'arity': 1, 'method': 'IsAtInter(Entity)', 'function': 'logicity.utils.pred_converter.z3.IsAtInter'}
- IsInInter: {'instance': "Function('IsInInter', entity_sorts['Entity'], BoolSort())", 'arity': 1, 'method': 'IsInInter(Entity)', 'function': 'logicity.utils.pred_converter.z3.IsInInter'}
- HigherPri: {'instance': "Function('HigherPri', entity_sorts['Entity'], entity_sorts['Entity'], BoolSort())", 'arity': 2, 'method': 'HigherPri(Entity, Entity)', 'function': 'logicity.utils.pred_converter.z3.HigherPri'}
- CollidingClose: {'instance': "Function('CollidingClose', entity_sorts['Entity'], entity_sorts['Entity'], BoolSort())", 'arity': 2, 'method': 'CollidingClose(Entity, Entity)', 'function': 'logicity.utils.pred_converter.z3.CollidingClose'}
- Stop: {'instance': "Function('Stop', entity_sorts['Entity'], BoolSort())", 'arity': 1, 'method': 'Stop(Entity)', 'function': 'None'}
- Fast: {'instance': "Function('Fast', entity_sorts['Entity'], BoolSort())", 'arity': 1, 'method': 'Fast(Entity)', 'function': 'None'}
- Normal: {'instance': "Function('Normal', entity_sorts['Entity'], BoolSort())", 'arity': 1, 'method': 'Normal(Entity)', 'function': 'None'}
- Slow: {'instance': "Function('Slow', entity_sorts['Entity'], BoolSort())", 'arity': 1, 'method': 'Slow(Entity)', 'function': 'None'}
2026-05-22 21:22:57 [INFO]: *** Sim Rule ***: Stop -> 
 Stop(entity) == Exists(
  [dummyEntity], 
  Or(
    And(
      IsAtInter(entity), 
      IsInInter(dummyEntity), 
    ),
    And(
      IsAtInter(entity), 
      IsAtInter(dummyEntity), 
      HigherPri(dummyEntity, entity),
    ),
    CollidingClose(entity, dummyEntity)
  )
)

2026-05-22 21:22:57 [INFO]: *** Task Rule ***: Collision and Intersection -> 
 Implies(Exists(
  [dummyEntity], 
    Or(
      And(
        IsAtInter(entity), 
        IsInInter(dummyEntity), 
      ),
      And(
        IsAtInter(entity), 
        IsAtInter(dummyEntity), 
        HigherPri(dummyEntity, entity),
      ),
      CollidingClose(entity, dummyEntity)
    )
  ),
  Stop(entity)
)

2026-05-22 21:22:57 [INFO]: *** Expert Rule ***: Stop -> 
 Stop(entity) == Exists(
[dummyEntity], 
  Or(
    And(
      IsAtInter(entity), 
      IsInInter(dummyEntity), 
    ),
    And(
      IsAtInter(entity), 
      IsAtInter(dummyEntity), 
      HigherPri(dummyEntity, entity),
    ),
    CollidingClose(entity, dummyEntity)
  )
)

2026-05-22 21:22:57 [INFO]: *** Expert Rule ***: Slow -> 
 Not(Slow(entity))

2026-05-22 21:22:57 [INFO]: *** Expert Rule ***: Fast -> 
 Not(Fast(entity))

2026-05-22 21:22:57 [INFO]: *** Expert Rule ***: Normal -> 
 Normal(entity) == Not(Stop(entity))
2026-05-22 21:22:57 [INFO]: Rules created successfully
2026-05-22 21:22:57 [INFO]: Rules will be grounded later...
2026-05-22 21:22:57 [INFO]: Given Predicates {'IsPedestrian': {'instance': IsPed, 'arity': 1, 'method': 'IsPed(Entity)', 'function': 'logicity.utils.pred_converter.z3.IsPed'}, 'IsCar': {'instance': IsCar, 'arity': 1, 'method': 'IsCar(Entity)', 'function': 'logicity.utils.pred_converter.z3.IsCar'}, 'IsAmbulance': {'instance': IsAmb, 'arity': 1, 'method': 'IsAmb(Entity)', 'function': 'logicity.utils.pred_converter.z3.IsAmb'}, 'IsOld': {'instance': IsOld, 'arity': 1, 'method': 'IsOld(Entity)', 'function': 'logicity.utils.pred_converter.z3.IsOld'}, 'IsTiro': {'instance': IsTiro, 'arity': 1, 'method': 'IsTiro(Entity)', 'function': 'logicity.utils.pred_converter.z3.IsTiro'}, 'IsAtInter': {'instance': IsAtInter, 'arity': 1, 'method': 'IsAtInter(Entity)', 'function': 'logicity.utils.pred_converter.z3.IsAtInter'}, 'IsInInter': {'instance': IsInInter, 'arity': 1, 'method': 'IsInInter(Entity)', 'function': 'logicity.utils.pred_converter.z3.IsInInter'}, 'HigherPri': {'instance': HigherPri, 'arity': 2, 'method': 'HigherPri(Entity, Entity)', 'function': 'logicity.utils.pred_converter.z3.HigherPri'}, 'CollidingClose': {'instance': CollidingClose, 'arity': 2, 'method': 'CollidingClose(Entity, Entity)', 'function': 'logicity.utils.pred_converter.z3.CollidingClose'}, 'Stop': {'instance': Stop, 'arity': 1, 'method': 'Stop(Entity)', 'function': 'None'}, 'Fast': {'instance': Fast, 'arity': 1, 'method': 'Fast(Entity)', 'function': 'None'}, 'Normal': {'instance': Normal, 'arity': 1, 'method': 'Normal(Entity)', 'function': 'None'}, 'Slow': {'instance': Slow, 'arity': 1, 'method': 'Slow(Entity)', 'function': 'None'}}, the FOV entities {'Entity': 3}, The logic grounding shape is: 39
2026-05-22 21:22:57 [INFO]: Local planner constructed!
2026-05-22 21:22:57 [INFO]: Constructing 22 streets
2026-05-22 21:22:58 [INFO]: Constructing 16 buildings
2026-05-22 21:22:59 [INFO]: Adding 4 agents, they are constrained in 103 region
2026-05-22 21:23:00 [INFO]: Car_1 initialization done!
2026-05-22 21:23:00 [INFO]: Pedestrian_1 initialization done!
2026-05-22 21:23:01 [INFO]: Car_2 initialization done!
2026-05-22 21:23:01 [INFO]: Car_3 initialization done!
2026-05-22 21:23:01 [INFO]: Done!
2026-05-22 21:23:01 [INFO]: ***Init RL Agent in Env***
2026-05-22 21:23:14 [INFO]: will reset agent by success
2026-05-22 21:23:14 [INFO]: ***Reset RL Agent in Env***
2026-05-22 21:23:15 [INFO]: Car_1 initialization done!
2026-05-22 21:23:15 [INFO]: Pedestrian_1 initialization done!
2026-05-22 21:23:16 [INFO]: Car_2 initialization done!
2026-05-22 21:23:16 [INFO]: Car_3 initialization done!
2026-05-22 21:23:16 [INFO]: Agent reset priority to 2/4
2026-05-22 21:23:16 [INFO]: Agent reset concepts to {'type': 'Car', 'priority': 2}
2026-05-22 21:23:17 [INFO]: Episode 33 success.
2026-05-22 21:23:17 [INFO]: Episode 33 achieved a score of 7.099999999999999
2026-05-22 21:23:17 [INFO]: Episode 33 Success: 1
2026-05-22 21:23:17 [INFO]: Episode 33 Decision Step: {3: 0}
2026-05-22 21:23:17 [INFO]: Episode 33 Success Decision: {3: 0}
2026-05-22 21:23:17 [INFO]: Evaluating episode 34...
2026-05-22 21:23:17 [INFO]: Episode label: {'oracle_step': 82, 'stop_count': 32, 'has_stop': True, 'ego_crosses': True, 'ego_eta': 55, 'ego_direction': 'down', 'other_crosses': 3, 'close_other_count': 0, 'pedestrian_close': None, 'conflicting_approach': False, 'total_crosses': 4}
2026-05-22 21:23:17 [INFO]: Get map info from config/maps/square_2x2.yaml
2026-05-22 21:23:17 [INFO]: Get agent info from config/agents/easy_lite/val.yaml
2026-05-22 21:23:17 [INFO]: Get onology and rules info from config/rules/ontology_easy.yaml, config/rules/Nav/easy/expert.yaml
2026-05-22 21:23:17 [INFO]: Number of Entity Types: 1
Entity Types:
- Entity
2026-05-22 21:23:17 [INFO]: Number of Predicates: 13
Predicates:
- IsPedestrian: {'instance': "Function('IsPed', entity_sorts['Entity'], BoolSort())", 'arity': 1, 'method': 'IsPed(Entity)', 'function': 'logicity.utils.pred_converter.z3.IsPed'}
- IsCar: {'instance': "Function('IsCar', entity_sorts['Entity'], BoolSort())", 'arity': 1, 'method': 'IsCar(Entity)', 'function': 'logicity.utils.pred_converter.z3.IsCar'}
- IsAmbulance: {'instance': "Function('IsAmb', entity_sorts['Entity'], BoolSort())", 'arity': 1, 'method': 'IsAmb(Entity)', 'function': 'logicity.utils.pred_converter.z3.IsAmb'}
- IsOld: {'instance': "Function('IsOld', entity_sorts['Entity'], BoolSort())", 'arity': 1, 'method': 'IsOld(Entity)', 'function': 'logicity.utils.pred_converter.z3.IsOld'}
- IsTiro: {'instance': "Function('IsTiro', entity_sorts['Entity'], BoolSort())", 'arity': 1, 'method': 'IsTiro(Entity)', 'function': 'logicity.utils.pred_converter.z3.IsTiro'}
- IsAtInter: {'instance': "Function('IsAtInter', entity_sorts['Entity'], BoolSort())", 'arity': 1, 'method': 'IsAtInter(Entity)', 'function': 'logicity.utils.pred_converter.z3.IsAtInter'}
- IsInInter: {'instance': "Function('IsInInter', entity_sorts['Entity'], BoolSort())", 'arity': 1, 'method': 'IsInInter(Entity)', 'function': 'logicity.utils.pred_converter.z3.IsInInter'}
- HigherPri: {'instance': "Function('HigherPri', entity_sorts['Entity'], entity_sorts['Entity'], BoolSort())", 'arity': 2, 'method': 'HigherPri(Entity, Entity)', 'function': 'logicity.utils.pred_converter.z3.HigherPri'}
- CollidingClose: {'instance': "Function('CollidingClose', entity_sorts['Entity'], entity_sorts['Entity'], BoolSort())", 'arity': 2, 'method': 'CollidingClose(Entity, Entity)', 'function': 'logicity.utils.pred_converter.z3.CollidingClose'}
- Stop: {'instance': "Function('Stop', entity_sorts['Entity'], BoolSort())", 'arity': 1, 'method': 'Stop(Entity)', 'function': 'None'}
- Fast: {'instance': "Function('Fast', entity_sorts['Entity'], BoolSort())", 'arity': 1, 'method': 'Fast(Entity)', 'function': 'None'}
- Normal: {'instance': "Function('Normal', entity_sorts['Entity'], BoolSort())", 'arity': 1, 'method': 'Normal(Entity)', 'function': 'None'}
- Slow: {'instance': "Function('Slow', entity_sorts['Entity'], BoolSort())", 'arity': 1, 'method': 'Slow(Entity)', 'function': 'None'}
2026-05-22 21:23:17 [INFO]: *** Sim Rule ***: Stop -> 
 Stop(entity) == Exists(
  [dummyEntity], 
  Or(
    And(
      IsAtInter(entity), 
      IsInInter(dummyEntity), 
    ),
    And(
      IsAtInter(entity), 
      IsAtInter(dummyEntity), 
      HigherPri(dummyEntity, entity),
    ),
    CollidingClose(entity, dummyEntity)
  )
)

2026-05-22 21:23:17 [INFO]: *** Task Rule ***: Collision and Intersection -> 
 Implies(Exists(
  [dummyEntity], 
    Or(
      And(
        IsAtInter(entity), 
        IsInInter(dummyEntity), 
      ),
      And(
        IsAtInter(entity), 
        IsAtInter(dummyEntity), 
        HigherPri(dummyEntity, entity),
      ),
      CollidingClose(entity, dummyEntity)
    )
  ),
  Stop(entity)
)

2026-05-22 21:23:17 [INFO]: *** Expert Rule ***: Stop -> 
 Stop(entity) == Exists(
[dummyEntity], 
  Or(
    And(
      IsAtInter(entity), 
      IsInInter(dummyEntity), 
    ),
    And(
      IsAtInter(entity), 
      IsAtInter(dummyEntity), 
      HigherPri(dummyEntity, entity),
    ),
    CollidingClose(entity, dummyEntity)
  )
)

2026-05-22 21:23:17 [INFO]: *** Expert Rule ***: Slow -> 
 Not(Slow(entity))

2026-05-22 21:23:17 [INFO]: *** Expert Rule ***: Fast -> 
 Not(Fast(entity))

2026-05-22 21:23:17 [INFO]: *** Expert Rule ***: Normal -> 
 Normal(entity) == Not(Stop(entity))
2026-05-22 21:23:17 [INFO]: Rules created successfully
2026-05-22 21:23:17 [INFO]: Rules will be grounded later...
2026-05-22 21:23:17 [INFO]: Given Predicates {'IsPedestrian': {'instance': IsPed, 'arity': 1, 'method': 'IsPed(Entity)', 'function': 'logicity.utils.pred_converter.z3.IsPed'}, 'IsCar': {'instance': IsCar, 'arity': 1, 'method': 'IsCar(Entity)', 'function': 'logicity.utils.pred_converter.z3.IsCar'}, 'IsAmbulance': {'instance': IsAmb, 'arity': 1, 'method': 'IsAmb(Entity)', 'function': 'logicity.utils.pred_converter.z3.IsAmb'}, 'IsOld': {'instance': IsOld, 'arity': 1, 'method': 'IsOld(Entity)', 'function': 'logicity.utils.pred_converter.z3.IsOld'}, 'IsTiro': {'instance': IsTiro, 'arity': 1, 'method': 'IsTiro(Entity)', 'function': 'logicity.utils.pred_converter.z3.IsTiro'}, 'IsAtInter': {'instance': IsAtInter, 'arity': 1, 'method': 'IsAtInter(Entity)', 'function': 'logicity.utils.pred_converter.z3.IsAtInter'}, 'IsInInter': {'instance': IsInInter, 'arity': 1, 'method': 'IsInInter(Entity)', 'function': 'logicity.utils.pred_converter.z3.IsInInter'}, 'HigherPri': {'instance': HigherPri, 'arity': 2, 'method': 'HigherPri(Entity, Entity)', 'function': 'logicity.utils.pred_converter.z3.HigherPri'}, 'CollidingClose': {'instance': CollidingClose, 'arity': 2, 'method': 'CollidingClose(Entity, Entity)', 'function': 'logicity.utils.pred_converter.z3.CollidingClose'}, 'Stop': {'instance': Stop, 'arity': 1, 'method': 'Stop(Entity)', 'function': 'None'}, 'Fast': {'instance': Fast, 'arity': 1, 'method': 'Fast(Entity)', 'function': 'None'}, 'Normal': {'instance': Normal, 'arity': 1, 'method': 'Normal(Entity)', 'function': 'None'}, 'Slow': {'instance': Slow, 'arity': 1, 'method': 'Slow(Entity)', 'function': 'None'}}, the FOV entities {'Entity': 3}, The logic grounding shape is: 39
2026-05-22 21:23:17 [INFO]: Local planner constructed!
2026-05-22 21:23:17 [INFO]: Constructing 22 streets
2026-05-22 21:23:18 [INFO]: Constructing 16 buildings
2026-05-22 21:23:18 [INFO]: Adding 4 agents, they are constrained in 103 region
2026-05-22 21:23:19 [INFO]: Car_1 initialization done!
2026-05-22 21:23:19 [INFO]: Pedestrian_1 initialization done!
2026-05-22 21:23:20 [INFO]: Car_2 initialization done!
2026-05-22 21:23:21 [INFO]: Car_3 initialization done!
2026-05-22 21:23:21 [INFO]: Done!
2026-05-22 21:23:21 [INFO]: ***Init RL Agent in Env***
2026-05-22 21:23:51 [INFO]: will reset agent by success
2026-05-22 21:23:51 [INFO]: ***Reset RL Agent in Env***
2026-05-22 21:23:52 [INFO]: Car_1 initialization done!
2026-05-22 21:23:52 [INFO]: Pedestrian_1 initialization done!
2026-05-22 21:23:53 [INFO]: Car_2 initialization done!
2026-05-22 21:23:54 [INFO]: Car_3 initialization done!
2026-05-22 21:23:54 [INFO]: Agent reset priority to 3/4
2026-05-22 21:23:54 [INFO]: Agent reset concepts to {'type': 'Car', 'priority': 3}
2026-05-22 21:23:54 [INFO]: Episode 34 success.
2026-05-22 21:23:54 [INFO]: Episode 34 achieved a score of 4.590000000000013
2026-05-22 21:23:54 [INFO]: Episode 34 Success: 1
2026-05-22 21:23:54 [INFO]: Episode 34 Decision Step: {3: 1}
2026-05-22 21:23:54 [INFO]: Episode 34 Success Decision: {3: 1}
2026-05-22 21:23:54 [INFO]: Evaluating episode 35...
2026-05-22 21:23:54 [INFO]: Episode label: {'oracle_step': 71, 'stop_count': 0, 'has_stop': False, 'ego_crosses': True, 'ego_eta': 10, 'ego_direction': 'up', 'other_crosses': 3, 'close_other_count': 0, 'pedestrian_close': None, 'conflicting_approach': False, 'total_crosses': 4}
2026-05-22 21:23:54 [INFO]: Get map info from config/maps/square_2x2.yaml
2026-05-22 21:23:54 [INFO]: Get agent info from config/agents/easy_lite/val.yaml
2026-05-22 21:23:54 [INFO]: Get onology and rules info from config/rules/ontology_easy.yaml, config/rules/Nav/easy/expert.yaml
2026-05-22 21:23:54 [INFO]: Number of Entity Types: 1
Entity Types:
- Entity
2026-05-22 21:23:54 [INFO]: Number of Predicates: 13
Predicates:
- IsPedestrian: {'instance': "Function('IsPed', entity_sorts['Entity'], BoolSort())", 'arity': 1, 'method': 'IsPed(Entity)', 'function': 'logicity.utils.pred_converter.z3.IsPed'}
- IsCar: {'instance': "Function('IsCar', entity_sorts['Entity'], BoolSort())", 'arity': 1, 'method': 'IsCar(Entity)', 'function': 'logicity.utils.pred_converter.z3.IsCar'}
- IsAmbulance: {'instance': "Function('IsAmb', entity_sorts['Entity'], BoolSort())", 'arity': 1, 'method': 'IsAmb(Entity)', 'function': 'logicity.utils.pred_converter.z3.IsAmb'}
- IsOld: {'instance': "Function('IsOld', entity_sorts['Entity'], BoolSort())", 'arity': 1, 'method': 'IsOld(Entity)', 'function': 'logicity.utils.pred_converter.z3.IsOld'}
- IsTiro: {'instance': "Function('IsTiro', entity_sorts['Entity'], BoolSort())", 'arity': 1, 'method': 'IsTiro(Entity)', 'function': 'logicity.utils.pred_converter.z3.IsTiro'}
- IsAtInter: {'instance': "Function('IsAtInter', entity_sorts['Entity'], BoolSort())", 'arity': 1, 'method': 'IsAtInter(Entity)', 'function': 'logicity.utils.pred_converter.z3.IsAtInter'}
- IsInInter: {'instance': "Function('IsInInter', entity_sorts['Entity'], BoolSort())", 'arity': 1, 'method': 'IsInInter(Entity)', 'function': 'logicity.utils.pred_converter.z3.IsInInter'}
- HigherPri: {'instance': "Function('HigherPri', entity_sorts['Entity'], entity_sorts['Entity'], BoolSort())", 'arity': 2, 'method': 'HigherPri(Entity, Entity)', 'function': 'logicity.utils.pred_converter.z3.HigherPri'}
- CollidingClose: {'instance': "Function('CollidingClose', entity_sorts['Entity'], entity_sorts['Entity'], BoolSort())", 'arity': 2, 'method': 'CollidingClose(Entity, Entity)', 'function': 'logicity.utils.pred_converter.z3.CollidingClose'}
- Stop: {'instance': "Function('Stop', entity_sorts['Entity'], BoolSort())", 'arity': 1, 'method': 'Stop(Entity)', 'function': 'None'}
- Fast: {'instance': "Function('Fast', entity_sorts['Entity'], BoolSort())", 'arity': 1, 'method': 'Fast(Entity)', 'function': 'None'}
- Normal: {'instance': "Function('Normal', entity_sorts['Entity'], BoolSort())", 'arity': 1, 'method': 'Normal(Entity)', 'function': 'None'}
- Slow: {'instance': "Function('Slow', entity_sorts['Entity'], BoolSort())", 'arity': 1, 'method': 'Slow(Entity)', 'function': 'None'}
2026-05-22 21:23:54 [INFO]: *** Sim Rule ***: Stop -> 
 Stop(entity) == Exists(
  [dummyEntity], 
  Or(
    And(
      IsAtInter(entity), 
      IsInInter(dummyEntity), 
    ),
    And(
      IsAtInter(entity), 
      IsAtInter(dummyEntity), 
      HigherPri(dummyEntity, entity),
    ),
    CollidingClose(entity, dummyEntity)
  )
)

2026-05-22 21:23:54 [INFO]: *** Task Rule ***: Collision and Intersection -> 
 Implies(Exists(
  [dummyEntity], 
    Or(
      And(
        IsAtInter(entity), 
        IsInInter(dummyEntity), 
      ),
      And(
        IsAtInter(entity), 
        IsAtInter(dummyEntity), 
        HigherPri(dummyEntity, entity),
      ),
      CollidingClose(entity, dummyEntity)
    )
  ),
  Stop(entity)
)

2026-05-22 21:23:54 [INFO]: *** Expert Rule ***: Stop -> 
 Stop(entity) == Exists(
[dummyEntity], 
  Or(
    And(
      IsAtInter(entity), 
      IsInInter(dummyEntity), 
    ),
    And(
      IsAtInter(entity), 
      IsAtInter(dummyEntity), 
      HigherPri(dummyEntity, entity),
    ),
    CollidingClose(entity, dummyEntity)
  )
)

2026-05-22 21:23:54 [INFO]: *** Expert Rule ***: Slow -> 
 Not(Slow(entity))

2026-05-22 21:23:54 [INFO]: *** Expert Rule ***: Fast -> 
 Not(Fast(entity))

2026-05-22 21:23:54 [INFO]: *** Expert Rule ***: Normal -> 
 Normal(entity) == Not(Stop(entity))
2026-05-22 21:23:54 [INFO]: Rules created successfully
2026-05-22 21:23:54 [INFO]: Rules will be grounded later...
2026-05-22 21:23:54 [INFO]: Given Predicates {'IsPedestrian': {'instance': IsPed, 'arity': 1, 'method': 'IsPed(Entity)', 'function': 'logicity.utils.pred_converter.z3.IsPed'}, 'IsCar': {'instance': IsCar, 'arity': 1, 'method': 'IsCar(Entity)', 'function': 'logicity.utils.pred_converter.z3.IsCar'}, 'IsAmbulance': {'instance': IsAmb, 'arity': 1, 'method': 'IsAmb(Entity)', 'function': 'logicity.utils.pred_converter.z3.IsAmb'}, 'IsOld': {'instance': IsOld, 'arity': 1, 'method': 'IsOld(Entity)', 'function': 'logicity.utils.pred_converter.z3.IsOld'}, 'IsTiro': {'instance': IsTiro, 'arity': 1, 'method': 'IsTiro(Entity)', 'function': 'logicity.utils.pred_converter.z3.IsTiro'}, 'IsAtInter': {'instance': IsAtInter, 'arity': 1, 'method': 'IsAtInter(Entity)', 'function': 'logicity.utils.pred_converter.z3.IsAtInter'}, 'IsInInter': {'instance': IsInInter, 'arity': 1, 'method': 'IsInInter(Entity)', 'function': 'logicity.utils.pred_converter.z3.IsInInter'}, 'HigherPri': {'instance': HigherPri, 'arity': 2, 'method': 'HigherPri(Entity, Entity)', 'function': 'logicity.utils.pred_converter.z3.HigherPri'}, 'CollidingClose': {'instance': CollidingClose, 'arity': 2, 'method': 'CollidingClose(Entity, Entity)', 'function': 'logicity.utils.pred_converter.z3.CollidingClose'}, 'Stop': {'instance': Stop, 'arity': 1, 'method': 'Stop(Entity)', 'function': 'None'}, 'Fast': {'instance': Fast, 'arity': 1, 'method': 'Fast(Entity)', 'function': 'None'}, 'Normal': {'instance': Normal, 'arity': 1, 'method': 'Normal(Entity)', 'function': 'None'}, 'Slow': {'instance': Slow, 'arity': 1, 'method': 'Slow(Entity)', 'function': 'None'}}, the FOV entities {'Entity': 3}, The logic grounding shape is: 39
2026-05-22 21:23:54 [INFO]: Local planner constructed!
2026-05-22 21:23:54 [INFO]: Constructing 22 streets
2026-05-22 21:23:55 [INFO]: Constructing 16 buildings
2026-05-22 21:23:56 [INFO]: Adding 4 agents, they are constrained in 103 region
2026-05-22 21:23:57 [INFO]: Car_1 initialization done!
2026-05-22 21:23:57 [INFO]: Pedestrian_1 initialization done!
2026-05-22 21:23:58 [INFO]: Car_2 initialization done!
2026-05-22 21:23:59 [INFO]: Car_3 initialization done!
2026-05-22 21:23:59 [INFO]: Done!
2026-05-22 21:23:59 [INFO]: ***Init RL Agent in Env***
2026-05-22 21:24:12 [INFO]: will reset agent by success
2026-05-22 21:24:12 [INFO]: ***Reset RL Agent in Env***
2026-05-22 21:24:12 [INFO]: Car_1 initialization done!
2026-05-22 21:24:12 [INFO]: Pedestrian_1 initialization done!
2026-05-22 21:24:13 [INFO]: Car_2 initialization done!
2026-05-22 21:24:13 [INFO]: Car_3 initialization done!
2026-05-22 21:24:13 [INFO]: Agent reset priority to 3/4
2026-05-22 21:24:13 [INFO]: Agent reset concepts to {'type': 'Car', 'priority': 3}
2026-05-22 21:24:14 [INFO]: Episode 35 success.
2026-05-22 21:24:14 [INFO]: Episode 35 achieved a score of 7.399999999999998
2026-05-22 21:24:14 [INFO]: Episode 35 Success: 1
2026-05-22 21:24:14 [INFO]: Episode 35 Decision Step: {3: 0}
2026-05-22 21:24:14 [INFO]: Episode 35 Success Decision: {3: 0}
2026-05-22 21:24:14 [INFO]: Evaluating episode 36...
2026-05-22 21:24:14 [INFO]: Episode label: {'oracle_step': 48, 'stop_count': 1, 'has_stop': True, 'ego_crosses': True, 'ego_eta': 23, 'ego_direction': 'right', 'other_crosses': 3, 'close_other_count': 0, 'pedestrian_close': None, 'conflicting_approach': False, 'total_crosses': 4}
2026-05-22 21:24:14 [INFO]: Get map info from config/maps/square_2x2.yaml
2026-05-22 21:24:14 [INFO]: Get agent info from config/agents/easy_lite/val.yaml
2026-05-22 21:24:14 [INFO]: Get onology and rules info from config/rules/ontology_easy.yaml, config/rules/Nav/easy/expert.yaml
2026-05-22 21:24:14 [INFO]: Number of Entity Types: 1
Entity Types:
- Entity
2026-05-22 21:24:14 [INFO]: Number of Predicates: 13
Predicates:
- IsPedestrian: {'instance': "Function('IsPed', entity_sorts['Entity'], BoolSort())", 'arity': 1, 'method': 'IsPed(Entity)', 'function': 'logicity.utils.pred_converter.z3.IsPed'}
- IsCar: {'instance': "Function('IsCar', entity_sorts['Entity'], BoolSort())", 'arity': 1, 'method': 'IsCar(Entity)', 'function': 'logicity.utils.pred_converter.z3.IsCar'}
- IsAmbulance: {'instance': "Function('IsAmb', entity_sorts['Entity'], BoolSort())", 'arity': 1, 'method': 'IsAmb(Entity)', 'function': 'logicity.utils.pred_converter.z3.IsAmb'}
- IsOld: {'instance': "Function('IsOld', entity_sorts['Entity'], BoolSort())", 'arity': 1, 'method': 'IsOld(Entity)', 'function': 'logicity.utils.pred_converter.z3.IsOld'}
- IsTiro: {'instance': "Function('IsTiro', entity_sorts['Entity'], BoolSort())", 'arity': 1, 'method': 'IsTiro(Entity)', 'function': 'logicity.utils.pred_converter.z3.IsTiro'}
- IsAtInter: {'instance': "Function('IsAtInter', entity_sorts['Entity'], BoolSort())", 'arity': 1, 'method': 'IsAtInter(Entity)', 'function': 'logicity.utils.pred_converter.z3.IsAtInter'}
- IsInInter: {'instance': "Function('IsInInter', entity_sorts['Entity'], BoolSort())", 'arity': 1, 'method': 'IsInInter(Entity)', 'function': 'logicity.utils.pred_converter.z3.IsInInter'}
- HigherPri: {'instance': "Function('HigherPri', entity_sorts['Entity'], entity_sorts['Entity'], BoolSort())", 'arity': 2, 'method': 'HigherPri(Entity, Entity)', 'function': 'logicity.utils.pred_converter.z3.HigherPri'}
- CollidingClose: {'instance': "Function('CollidingClose', entity_sorts['Entity'], entity_sorts['Entity'], BoolSort())", 'arity': 2, 'method': 'CollidingClose(Entity, Entity)', 'function': 'logicity.utils.pred_converter.z3.CollidingClose'}
- Stop: {'instance': "Function('Stop', entity_sorts['Entity'], BoolSort())", 'arity': 1, 'method': 'Stop(Entity)', 'function': 'None'}
- Fast: {'instance': "Function('Fast', entity_sorts['Entity'], BoolSort())", 'arity': 1, 'method': 'Fast(Entity)', 'function': 'None'}
- Normal: {'instance': "Function('Normal', entity_sorts['Entity'], BoolSort())", 'arity': 1, 'method': 'Normal(Entity)', 'function': 'None'}
- Slow: {'instance': "Function('Slow', entity_sorts['Entity'], BoolSort())", 'arity': 1, 'method': 'Slow(Entity)', 'function': 'None'}
2026-05-22 21:24:14 [INFO]: *** Sim Rule ***: Stop -> 
 Stop(entity) == Exists(
  [dummyEntity], 
  Or(
    And(
      IsAtInter(entity), 
      IsInInter(dummyEntity), 
    ),
    And(
      IsAtInter(entity), 
      IsAtInter(dummyEntity), 
      HigherPri(dummyEntity, entity),
    ),
    CollidingClose(entity, dummyEntity)
  )
)

2026-05-22 21:24:14 [INFO]: *** Task Rule ***: Collision and Intersection -> 
 Implies(Exists(
  [dummyEntity], 
    Or(
      And(
        IsAtInter(entity), 
        IsInInter(dummyEntity), 
      ),
      And(
        IsAtInter(entity), 
        IsAtInter(dummyEntity), 
        HigherPri(dummyEntity, entity),
      ),
      CollidingClose(entity, dummyEntity)
    )
  ),
  Stop(entity)
)

2026-05-22 21:24:14 [INFO]: *** Expert Rule ***: Stop -> 
 Stop(entity) == Exists(
[dummyEntity], 
  Or(
    And(
      IsAtInter(entity), 
      IsInInter(dummyEntity), 
    ),
    And(
      IsAtInter(entity), 
      IsAtInter(dummyEntity), 
      HigherPri(dummyEntity, entity),
    ),
    CollidingClose(entity, dummyEntity)
  )
)

2026-05-22 21:24:14 [INFO]: *** Expert Rule ***: Slow -> 
 Not(Slow(entity))

2026-05-22 21:24:14 [INFO]: *** Expert Rule ***: Fast -> 
 Not(Fast(entity))

2026-05-22 21:24:14 [INFO]: *** Expert Rule ***: Normal -> 
 Normal(entity) == Not(Stop(entity))
2026-05-22 21:24:14 [INFO]: Rules created successfully
2026-05-22 21:24:14 [INFO]: Rules will be grounded later...
2026-05-22 21:24:14 [INFO]: Given Predicates {'IsPedestrian': {'instance': IsPed, 'arity': 1, 'method': 'IsPed(Entity)', 'function': 'logicity.utils.pred_converter.z3.IsPed'}, 'IsCar': {'instance': IsCar, 'arity': 1, 'method': 'IsCar(Entity)', 'function': 'logicity.utils.pred_converter.z3.IsCar'}, 'IsAmbulance': {'instance': IsAmb, 'arity': 1, 'method': 'IsAmb(Entity)', 'function': 'logicity.utils.pred_converter.z3.IsAmb'}, 'IsOld': {'instance': IsOld, 'arity': 1, 'method': 'IsOld(Entity)', 'function': 'logicity.utils.pred_converter.z3.IsOld'}, 'IsTiro': {'instance': IsTiro, 'arity': 1, 'method': 'IsTiro(Entity)', 'function': 'logicity.utils.pred_converter.z3.IsTiro'}, 'IsAtInter': {'instance': IsAtInter, 'arity': 1, 'method': 'IsAtInter(Entity)', 'function': 'logicity.utils.pred_converter.z3.IsAtInter'}, 'IsInInter': {'instance': IsInInter, 'arity': 1, 'method': 'IsInInter(Entity)', 'function': 'logicity.utils.pred_converter.z3.IsInInter'}, 'HigherPri': {'instance': HigherPri, 'arity': 2, 'method': 'HigherPri(Entity, Entity)', 'function': 'logicity.utils.pred_converter.z3.HigherPri'}, 'CollidingClose': {'instance': CollidingClose, 'arity': 2, 'method': 'CollidingClose(Entity, Entity)', 'function': 'logicity.utils.pred_converter.z3.CollidingClose'}, 'Stop': {'instance': Stop, 'arity': 1, 'method': 'Stop(Entity)', 'function': 'None'}, 'Fast': {'instance': Fast, 'arity': 1, 'method': 'Fast(Entity)', 'function': 'None'}, 'Normal': {'instance': Normal, 'arity': 1, 'method': 'Normal(Entity)', 'function': 'None'}, 'Slow': {'instance': Slow, 'arity': 1, 'method': 'Slow(Entity)', 'function': 'None'}}, the FOV entities {'Entity': 3}, The logic grounding shape is: 39
2026-05-22 21:24:14 [INFO]: Local planner constructed!
2026-05-22 21:24:14 [INFO]: Constructing 22 streets
2026-05-22 21:24:15 [INFO]: Constructing 16 buildings
2026-05-22 21:24:15 [INFO]: Adding 4 agents, they are constrained in 103 region
2026-05-22 21:24:16 [INFO]: Car_1 initialization done!
2026-05-22 21:24:16 [INFO]: Pedestrian_1 initialization done!
2026-05-22 21:24:16 [INFO]: Car_2 initialization done!
2026-05-22 21:24:17 [INFO]: Car_3 initialization done!
2026-05-22 21:24:17 [INFO]: Done!
2026-05-22 21:24:17 [INFO]: ***Init RL Agent in Env***
2026-05-22 21:24:27 [INFO]: will reset agent by success
2026-05-22 21:24:27 [INFO]: ***Reset RL Agent in Env***
2026-05-22 21:24:27 [INFO]: Car_1 initialization done!
2026-05-22 21:24:27 [INFO]: Pedestrian_1 initialization done!
2026-05-22 21:24:28 [INFO]: Car_2 initialization done!
2026-05-22 21:24:28 [INFO]: Car_3 initialization done!
2026-05-22 21:24:28 [INFO]: Agent reset priority to 2/4
2026-05-22 21:24:28 [INFO]: Agent reset concepts to {'type': 'Car', 'priority': 2}
2026-05-22 21:24:28 [INFO]: Episode 36 success.
2026-05-22 21:24:28 [INFO]: Episode 36 achieved a score of 4.970000000000002
2026-05-22 21:24:28 [INFO]: Episode 36 Success: 1
2026-05-22 21:24:28 [INFO]: Episode 36 Decision Step: {3: 1}
2026-05-22 21:24:28 [INFO]: Episode 36 Success Decision: {3: 1}
2026-05-22 21:24:28 [INFO]: Evaluating episode 37...
2026-05-22 21:24:28 [INFO]: Episode label: {'oracle_step': 83, 'stop_count': 35, 'has_stop': True, 'ego_crosses': True, 'ego_eta': 58, 'ego_direction': 'right', 'other_crosses': 3, 'close_other_count': 0, 'pedestrian_close': None, 'conflicting_approach': False, 'total_crosses': 4}
2026-05-22 21:24:28 [INFO]: Get map info from config/maps/square_2x2.yaml
2026-05-22 21:24:28 [INFO]: Get agent info from config/agents/easy_lite/val.yaml
2026-05-22 21:24:28 [INFO]: Get onology and rules info from config/rules/ontology_easy.yaml, config/rules/Nav/easy/expert.yaml
2026-05-22 21:24:28 [INFO]: Number of Entity Types: 1
Entity Types:
- Entity
2026-05-22 21:24:28 [INFO]: Number of Predicates: 13
Predicates:
- IsPedestrian: {'instance': "Function('IsPed', entity_sorts['Entity'], BoolSort())", 'arity': 1, 'method': 'IsPed(Entity)', 'function': 'logicity.utils.pred_converter.z3.IsPed'}
- IsCar: {'instance': "Function('IsCar', entity_sorts['Entity'], BoolSort())", 'arity': 1, 'method': 'IsCar(Entity)', 'function': 'logicity.utils.pred_converter.z3.IsCar'}
- IsAmbulance: {'instance': "Function('IsAmb', entity_sorts['Entity'], BoolSort())", 'arity': 1, 'method': 'IsAmb(Entity)', 'function': 'logicity.utils.pred_converter.z3.IsAmb'}
- IsOld: {'instance': "Function('IsOld', entity_sorts['Entity'], BoolSort())", 'arity': 1, 'method': 'IsOld(Entity)', 'function': 'logicity.utils.pred_converter.z3.IsOld'}
- IsTiro: {'instance': "Function('IsTiro', entity_sorts['Entity'], BoolSort())", 'arity': 1, 'method': 'IsTiro(Entity)', 'function': 'logicity.utils.pred_converter.z3.IsTiro'}
- IsAtInter: {'instance': "Function('IsAtInter', entity_sorts['Entity'], BoolSort())", 'arity': 1, 'method': 'IsAtInter(Entity)', 'function': 'logicity.utils.pred_converter.z3.IsAtInter'}
- IsInInter: {'instance': "Function('IsInInter', entity_sorts['Entity'], BoolSort())", 'arity': 1, 'method': 'IsInInter(Entity)', 'function': 'logicity.utils.pred_converter.z3.IsInInter'}
- HigherPri: {'instance': "Function('HigherPri', entity_sorts['Entity'], entity_sorts['Entity'], BoolSort())", 'arity': 2, 'method': 'HigherPri(Entity, Entity)', 'function': 'logicity.utils.pred_converter.z3.HigherPri'}
- CollidingClose: {'instance': "Function('CollidingClose', entity_sorts['Entity'], entity_sorts['Entity'], BoolSort())", 'arity': 2, 'method': 'CollidingClose(Entity, Entity)', 'function': 'logicity.utils.pred_converter.z3.CollidingClose'}
- Stop: {'instance': "Function('Stop', entity_sorts['Entity'], BoolSort())", 'arity': 1, 'method': 'Stop(Entity)', 'function': 'None'}
- Fast: {'instance': "Function('Fast', entity_sorts['Entity'], BoolSort())", 'arity': 1, 'method': 'Fast(Entity)', 'function': 'None'}
- Normal: {'instance': "Function('Normal', entity_sorts['Entity'], BoolSort())", 'arity': 1, 'method': 'Normal(Entity)', 'function': 'None'}
- Slow: {'instance': "Function('Slow', entity_sorts['Entity'], BoolSort())", 'arity': 1, 'method': 'Slow(Entity)', 'function': 'None'}
2026-05-22 21:24:28 [INFO]: *** Sim Rule ***: Stop -> 
 Stop(entity) == Exists(
  [dummyEntity], 
  Or(
    And(
      IsAtInter(entity), 
      IsInInter(dummyEntity), 
    ),
    And(
      IsAtInter(entity), 
      IsAtInter(dummyEntity), 
      HigherPri(dummyEntity, entity),
    ),
    CollidingClose(entity, dummyEntity)
  )
)

2026-05-22 21:24:28 [INFO]: *** Task Rule ***: Collision and Intersection -> 
 Implies(Exists(
  [dummyEntity], 
    Or(
      And(
        IsAtInter(entity), 
        IsInInter(dummyEntity), 
      ),
      And(
        IsAtInter(entity), 
        IsAtInter(dummyEntity), 
        HigherPri(dummyEntity, entity),
      ),
      CollidingClose(entity, dummyEntity)
    )
  ),
  Stop(entity)
)

2026-05-22 21:24:28 [INFO]: *** Expert Rule ***: Stop -> 
 Stop(entity) == Exists(
[dummyEntity], 
  Or(
    And(
      IsAtInter(entity), 
      IsInInter(dummyEntity), 
    ),
    And(
      IsAtInter(entity), 
      IsAtInter(dummyEntity), 
      HigherPri(dummyEntity, entity),
    ),
    CollidingClose(entity, dummyEntity)
  )
)

2026-05-22 21:24:28 [INFO]: *** Expert Rule ***: Slow -> 
 Not(Slow(entity))

2026-05-22 21:24:28 [INFO]: *** Expert Rule ***: Fast -> 
 Not(Fast(entity))

2026-05-22 21:24:28 [INFO]: *** Expert Rule ***: Normal -> 
 Normal(entity) == Not(Stop(entity))
2026-05-22 21:24:28 [INFO]: Rules created successfully
2026-05-22 21:24:28 [INFO]: Rules will be grounded later...
2026-05-22 21:24:28 [INFO]: Given Predicates {'IsPedestrian': {'instance': IsPed, 'arity': 1, 'method': 'IsPed(Entity)', 'function': 'logicity.utils.pred_converter.z3.IsPed'}, 'IsCar': {'instance': IsCar, 'arity': 1, 'method': 'IsCar(Entity)', 'function': 'logicity.utils.pred_converter.z3.IsCar'}, 'IsAmbulance': {'instance': IsAmb, 'arity': 1, 'method': 'IsAmb(Entity)', 'function': 'logicity.utils.pred_converter.z3.IsAmb'}, 'IsOld': {'instance': IsOld, 'arity': 1, 'method': 'IsOld(Entity)', 'function': 'logicity.utils.pred_converter.z3.IsOld'}, 'IsTiro': {'instance': IsTiro, 'arity': 1, 'method': 'IsTiro(Entity)', 'function': 'logicity.utils.pred_converter.z3.IsTiro'}, 'IsAtInter': {'instance': IsAtInter, 'arity': 1, 'method': 'IsAtInter(Entity)', 'function': 'logicity.utils.pred_converter.z3.IsAtInter'}, 'IsInInter': {'instance': IsInInter, 'arity': 1, 'method': 'IsInInter(Entity)', 'function': 'logicity.utils.pred_converter.z3.IsInInter'}, 'HigherPri': {'instance': HigherPri, 'arity': 2, 'method': 'HigherPri(Entity, Entity)', 'function': 'logicity.utils.pred_converter.z3.HigherPri'}, 'CollidingClose': {'instance': CollidingClose, 'arity': 2, 'method': 'CollidingClose(Entity, Entity)', 'function': 'logicity.utils.pred_converter.z3.CollidingClose'}, 'Stop': {'instance': Stop, 'arity': 1, 'method': 'Stop(Entity)', 'function': 'None'}, 'Fast': {'instance': Fast, 'arity': 1, 'method': 'Fast(Entity)', 'function': 'None'}, 'Normal': {'instance': Normal, 'arity': 1, 'method': 'Normal(Entity)', 'function': 'None'}, 'Slow': {'instance': Slow, 'arity': 1, 'method': 'Slow(Entity)', 'function': 'None'}}, the FOV entities {'Entity': 3}, The logic grounding shape is: 39
2026-05-22 21:24:28 [INFO]: Local planner constructed!
2026-05-22 21:24:28 [INFO]: Constructing 22 streets
2026-05-22 21:24:29 [INFO]: Constructing 16 buildings
2026-05-22 21:24:30 [INFO]: Adding 4 agents, they are constrained in 103 region
2026-05-22 21:24:31 [INFO]: Car_1 initialization done!
2026-05-22 21:24:31 [INFO]: Pedestrian_1 initialization done!
2026-05-22 21:24:32 [INFO]: Car_2 initialization done!
2026-05-22 21:24:32 [INFO]: Car_3 initialization done!
2026-05-22 21:24:32 [INFO]: Done!
2026-05-22 21:24:32 [INFO]: ***Init RL Agent in Env***
2026-05-22 21:24:52 [INFO]: will reset agent by success
2026-05-22 21:24:52 [INFO]: ***Reset RL Agent in Env***
2026-05-22 21:24:53 [INFO]: Car_1 initialization done!
2026-05-22 21:24:53 [INFO]: Pedestrian_1 initialization done!
2026-05-22 21:24:54 [INFO]: Car_2 initialization done!
2026-05-22 21:24:54 [INFO]: Car_3 initialization done!
2026-05-22 21:24:54 [INFO]: Agent reset priority to 2/4
2026-05-22 21:24:54 [INFO]: Agent reset concepts to {'type': 'Car', 'priority': 2}
2026-05-22 21:24:55 [INFO]: Episode 37 success.
2026-05-22 21:24:55 [INFO]: Episode 37 achieved a score of 4.810000000000012
2026-05-22 21:24:55 [INFO]: Episode 37 Success: 1
2026-05-22 21:24:55 [INFO]: Episode 37 Decision Step: {3: 1}
2026-05-22 21:24:55 [INFO]: Episode 37 Success Decision: {3: 1}
2026-05-22 21:24:55 [INFO]: Evaluating episode 38...
2026-05-22 21:24:55 [INFO]: Episode label: {'oracle_step': 57, 'stop_count': 1, 'has_stop': True, 'ego_crosses': True, 'ego_eta': 27, 'ego_direction': 'right', 'other_crosses': 3, 'close_other_count': 0, 'pedestrian_close': None, 'conflicting_approach': False, 'total_crosses': 4}
2026-05-22 21:24:55 [INFO]: Get map info from config/maps/square_2x2.yaml
2026-05-22 21:24:55 [INFO]: Get agent info from config/agents/easy_lite/val.yaml
2026-05-22 21:24:55 [INFO]: Get onology and rules info from config/rules/ontology_easy.yaml, config/rules/Nav/easy/expert.yaml
2026-05-22 21:24:55 [INFO]: Number of Entity Types: 1
Entity Types:
- Entity
2026-05-22 21:24:55 [INFO]: Number of Predicates: 13
Predicates:
- IsPedestrian: {'instance': "Function('IsPed', entity_sorts['Entity'], BoolSort())", 'arity': 1, 'method': 'IsPed(Entity)', 'function': 'logicity.utils.pred_converter.z3.IsPed'}
- IsCar: {'instance': "Function('IsCar', entity_sorts['Entity'], BoolSort())", 'arity': 1, 'method': 'IsCar(Entity)', 'function': 'logicity.utils.pred_converter.z3.IsCar'}
- IsAmbulance: {'instance': "Function('IsAmb', entity_sorts['Entity'], BoolSort())", 'arity': 1, 'method': 'IsAmb(Entity)', 'function': 'logicity.utils.pred_converter.z3.IsAmb'}
- IsOld: {'instance': "Function('IsOld', entity_sorts['Entity'], BoolSort())", 'arity': 1, 'method': 'IsOld(Entity)', 'function': 'logicity.utils.pred_converter.z3.IsOld'}
- IsTiro: {'instance': "Function('IsTiro', entity_sorts['Entity'], BoolSort())", 'arity': 1, 'method': 'IsTiro(Entity)', 'function': 'logicity.utils.pred_converter.z3.IsTiro'}
- IsAtInter: {'instance': "Function('IsAtInter', entity_sorts['Entity'], BoolSort())", 'arity': 1, 'method': 'IsAtInter(Entity)', 'function': 'logicity.utils.pred_converter.z3.IsAtInter'}
- IsInInter: {'instance': "Function('IsInInter', entity_sorts['Entity'], BoolSort())", 'arity': 1, 'method': 'IsInInter(Entity)', 'function': 'logicity.utils.pred_converter.z3.IsInInter'}
- HigherPri: {'instance': "Function('HigherPri', entity_sorts['Entity'], entity_sorts['Entity'], BoolSort())", 'arity': 2, 'method': 'HigherPri(Entity, Entity)', 'function': 'logicity.utils.pred_converter.z3.HigherPri'}
- CollidingClose: {'instance': "Function('CollidingClose', entity_sorts['Entity'], entity_sorts['Entity'], BoolSort())", 'arity': 2, 'method': 'CollidingClose(Entity, Entity)', 'function': 'logicity.utils.pred_converter.z3.CollidingClose'}
- Stop: {'instance': "Function('Stop', entity_sorts['Entity'], BoolSort())", 'arity': 1, 'method': 'Stop(Entity)', 'function': 'None'}
- Fast: {'instance': "Function('Fast', entity_sorts['Entity'], BoolSort())", 'arity': 1, 'method': 'Fast(Entity)', 'function': 'None'}
- Normal: {'instance': "Function('Normal', entity_sorts['Entity'], BoolSort())", 'arity': 1, 'method': 'Normal(Entity)', 'function': 'None'}
- Slow: {'instance': "Function('Slow', entity_sorts['Entity'], BoolSort())", 'arity': 1, 'method': 'Slow(Entity)', 'function': 'None'}
2026-05-22 21:24:55 [INFO]: *** Sim Rule ***: Stop -> 
 Stop(entity) == Exists(
  [dummyEntity], 
  Or(
    And(
      IsAtInter(entity), 
      IsInInter(dummyEntity), 
    ),
    And(
      IsAtInter(entity), 
      IsAtInter(dummyEntity), 
      HigherPri(dummyEntity, entity),
    ),
    CollidingClose(entity, dummyEntity)
  )
)

2026-05-22 21:24:55 [INFO]: *** Task Rule ***: Collision and Intersection -> 
 Implies(Exists(
  [dummyEntity], 
    Or(
      And(
        IsAtInter(entity), 
        IsInInter(dummyEntity), 
      ),
      And(
        IsAtInter(entity), 
        IsAtInter(dummyEntity), 
        HigherPri(dummyEntity, entity),
      ),
      CollidingClose(entity, dummyEntity)
    )
  ),
  Stop(entity)
)

2026-05-22 21:24:55 [INFO]: *** Expert Rule ***: Stop -> 
 Stop(entity) == Exists(
[dummyEntity], 
  Or(
    And(
      IsAtInter(entity), 
      IsInInter(dummyEntity), 
    ),
    And(
      IsAtInter(entity), 
      IsAtInter(dummyEntity), 
      HigherPri(dummyEntity, entity),
    ),
    CollidingClose(entity, dummyEntity)
  )
)

2026-05-22 21:24:55 [INFO]: *** Expert Rule ***: Slow -> 
 Not(Slow(entity))

2026-05-22 21:24:55 [INFO]: *** Expert Rule ***: Fast -> 
 Not(Fast(entity))

2026-05-22 21:24:55 [INFO]: *** Expert Rule ***: Normal -> 
 Normal(entity) == Not(Stop(entity))
2026-05-22 21:24:55 [INFO]: Rules created successfully
2026-05-22 21:24:55 [INFO]: Rules will be grounded later...
2026-05-22 21:24:55 [INFO]: Given Predicates {'IsPedestrian': {'instance': IsPed, 'arity': 1, 'method': 'IsPed(Entity)', 'function': 'logicity.utils.pred_converter.z3.IsPed'}, 'IsCar': {'instance': IsCar, 'arity': 1, 'method': 'IsCar(Entity)', 'function': 'logicity.utils.pred_converter.z3.IsCar'}, 'IsAmbulance': {'instance': IsAmb, 'arity': 1, 'method': 'IsAmb(Entity)', 'function': 'logicity.utils.pred_converter.z3.IsAmb'}, 'IsOld': {'instance': IsOld, 'arity': 1, 'method': 'IsOld(Entity)', 'function': 'logicity.utils.pred_converter.z3.IsOld'}, 'IsTiro': {'instance': IsTiro, 'arity': 1, 'method': 'IsTiro(Entity)', 'function': 'logicity.utils.pred_converter.z3.IsTiro'}, 'IsAtInter': {'instance': IsAtInter, 'arity': 1, 'method': 'IsAtInter(Entity)', 'function': 'logicity.utils.pred_converter.z3.IsAtInter'}, 'IsInInter': {'instance': IsInInter, 'arity': 1, 'method': 'IsInInter(Entity)', 'function': 'logicity.utils.pred_converter.z3.IsInInter'}, 'HigherPri': {'instance': HigherPri, 'arity': 2, 'method': 'HigherPri(Entity, Entity)', 'function': 'logicity.utils.pred_converter.z3.HigherPri'}, 'CollidingClose': {'instance': CollidingClose, 'arity': 2, 'method': 'CollidingClose(Entity, Entity)', 'function': 'logicity.utils.pred_converter.z3.CollidingClose'}, 'Stop': {'instance': Stop, 'arity': 1, 'method': 'Stop(Entity)', 'function': 'None'}, 'Fast': {'instance': Fast, 'arity': 1, 'method': 'Fast(Entity)', 'function': 'None'}, 'Normal': {'instance': Normal, 'arity': 1, 'method': 'Normal(Entity)', 'function': 'None'}, 'Slow': {'instance': Slow, 'arity': 1, 'method': 'Slow(Entity)', 'function': 'None'}}, the FOV entities {'Entity': 3}, The logic grounding shape is: 39
2026-05-22 21:24:55 [INFO]: Local planner constructed!
2026-05-22 21:24:55 [INFO]: Constructing 22 streets
2026-05-22 21:24:56 [INFO]: Constructing 16 buildings
2026-05-22 21:24:56 [INFO]: Adding 4 agents, they are constrained in 103 region
2026-05-22 21:24:57 [INFO]: Car_1 initialization done!
2026-05-22 21:24:57 [INFO]: Pedestrian_1 initialization done!
2026-05-22 21:24:58 [INFO]: Car_2 initialization done!
2026-05-22 21:24:59 [INFO]: Car_3 initialization done!
2026-05-22 21:24:59 [INFO]: Done!
2026-05-22 21:24:59 [INFO]: ***Init RL Agent in Env***
2026-05-22 21:25:10 [INFO]: will reset agent by success
2026-05-22 21:25:10 [INFO]: ***Reset RL Agent in Env***
2026-05-22 21:25:10 [INFO]: Car_1 initialization done!
2026-05-22 21:25:10 [INFO]: Pedestrian_1 initialization done!
2026-05-22 21:25:11 [INFO]: Car_2 initialization done!
2026-05-22 21:25:11 [INFO]: Car_3 initialization done!
2026-05-22 21:25:11 [INFO]: Agent reset priority to 1/4
2026-05-22 21:25:11 [INFO]: Agent reset concepts to {'type': 'Car', 'priority': 1}
2026-05-22 21:25:12 [INFO]: Episode 38 success.
2026-05-22 21:25:12 [INFO]: Episode 38 achieved a score of 5.91
2026-05-22 21:25:12 [INFO]: Episode 38 Success: 1
2026-05-22 21:25:12 [INFO]: Episode 38 Decision Step: {3: 1}
2026-05-22 21:25:12 [INFO]: Episode 38 Success Decision: {3: 1}
2026-05-22 21:25:12 [INFO]: Evaluating episode 39...
2026-05-22 21:25:12 [INFO]: Episode label: {'oracle_step': 49, 'stop_count': 7, 'has_stop': True, 'ego_crosses': True, 'ego_eta': 12, 'ego_direction': 'down', 'other_crosses': 3, 'close_other_count': 0, 'pedestrian_close': None, 'conflicting_approach': False, 'total_crosses': 4}
2026-05-22 21:25:12 [INFO]: Get map info from config/maps/square_2x2.yaml
2026-05-22 21:25:12 [INFO]: Get agent info from config/agents/easy_lite/val.yaml
2026-05-22 21:25:12 [INFO]: Get onology and rules info from config/rules/ontology_easy.yaml, config/rules/Nav/easy/expert.yaml
2026-05-22 21:25:12 [INFO]: Number of Entity Types: 1
Entity Types:
- Entity
2026-05-22 21:25:12 [INFO]: Number of Predicates: 13
Predicates:
- IsPedestrian: {'instance': "Function('IsPed', entity_sorts['Entity'], BoolSort())", 'arity': 1, 'method': 'IsPed(Entity)', 'function': 'logicity.utils.pred_converter.z3.IsPed'}
- IsCar: {'instance': "Function('IsCar', entity_sorts['Entity'], BoolSort())", 'arity': 1, 'method': 'IsCar(Entity)', 'function': 'logicity.utils.pred_converter.z3.IsCar'}
- IsAmbulance: {'instance': "Function('IsAmb', entity_sorts['Entity'], BoolSort())", 'arity': 1, 'method': 'IsAmb(Entity)', 'function': 'logicity.utils.pred_converter.z3.IsAmb'}
- IsOld: {'instance': "Function('IsOld', entity_sorts['Entity'], BoolSort())", 'arity': 1, 'method': 'IsOld(Entity)', 'function': 'logicity.utils.pred_converter.z3.IsOld'}
- IsTiro: {'instance': "Function('IsTiro', entity_sorts['Entity'], BoolSort())", 'arity': 1, 'method': 'IsTiro(Entity)', 'function': 'logicity.utils.pred_converter.z3.IsTiro'}
- IsAtInter: {'instance': "Function('IsAtInter', entity_sorts['Entity'], BoolSort())", 'arity': 1, 'method': 'IsAtInter(Entity)', 'function': 'logicity.utils.pred_converter.z3.IsAtInter'}
- IsInInter: {'instance': "Function('IsInInter', entity_sorts['Entity'], BoolSort())", 'arity': 1, 'method': 'IsInInter(Entity)', 'function': 'logicity.utils.pred_converter.z3.IsInInter'}
- HigherPri: {'instance': "Function('HigherPri', entity_sorts['Entity'], entity_sorts['Entity'], BoolSort())", 'arity': 2, 'method': 'HigherPri(Entity, Entity)', 'function': 'logicity.utils.pred_converter.z3.HigherPri'}
- CollidingClose: {'instance': "Function('CollidingClose', entity_sorts['Entity'], entity_sorts['Entity'], BoolSort())", 'arity': 2, 'method': 'CollidingClose(Entity, Entity)', 'function': 'logicity.utils.pred_converter.z3.CollidingClose'}
- Stop: {'instance': "Function('Stop', entity_sorts['Entity'], BoolSort())", 'arity': 1, 'method': 'Stop(Entity)', 'function': 'None'}
- Fast: {'instance': "Function('Fast', entity_sorts['Entity'], BoolSort())", 'arity': 1, 'method': 'Fast(Entity)', 'function': 'None'}
- Normal: {'instance': "Function('Normal', entity_sorts['Entity'], BoolSort())", 'arity': 1, 'method': 'Normal(Entity)', 'function': 'None'}
- Slow: {'instance': "Function('Slow', entity_sorts['Entity'], BoolSort())", 'arity': 1, 'method': 'Slow(Entity)', 'function': 'None'}
2026-05-22 21:25:12 [INFO]: *** Sim Rule ***: Stop -> 
 Stop(entity) == Exists(
  [dummyEntity], 
  Or(
    And(
      IsAtInter(entity), 
      IsInInter(dummyEntity), 
    ),
    And(
      IsAtInter(entity), 
      IsAtInter(dummyEntity), 
      HigherPri(dummyEntity, entity),
    ),
    CollidingClose(entity, dummyEntity)
  )
)

2026-05-22 21:25:12 [INFO]: *** Task Rule ***: Collision and Intersection -> 
 Implies(Exists(
  [dummyEntity], 
    Or(
      And(
        IsAtInter(entity), 
        IsInInter(dummyEntity), 
      ),
      And(
        IsAtInter(entity), 
        IsAtInter(dummyEntity), 
        HigherPri(dummyEntity, entity),
      ),
      CollidingClose(entity, dummyEntity)
    )
  ),
  Stop(entity)
)

2026-05-22 21:25:12 [INFO]: *** Expert Rule ***: Stop -> 
 Stop(entity) == Exists(
[dummyEntity], 
  Or(
    And(
      IsAtInter(entity), 
      IsInInter(dummyEntity), 
    ),
    And(
      IsAtInter(entity), 
      IsAtInter(dummyEntity), 
      HigherPri(dummyEntity, entity),
    ),
    CollidingClose(entity, dummyEntity)
  )
)

2026-05-22 21:25:12 [INFO]: *** Expert Rule ***: Slow -> 
 Not(Slow(entity))

2026-05-22 21:25:12 [INFO]: *** Expert Rule ***: Fast -> 
 Not(Fast(entity))

2026-05-22 21:25:12 [INFO]: *** Expert Rule ***: Normal -> 
 Normal(entity) == Not(Stop(entity))
2026-05-22 21:25:12 [INFO]: Rules created successfully
2026-05-22 21:25:12 [INFO]: Rules will be grounded later...
2026-05-22 21:25:12 [INFO]: Given Predicates {'IsPedestrian': {'instance': IsPed, 'arity': 1, 'method': 'IsPed(Entity)', 'function': 'logicity.utils.pred_converter.z3.IsPed'}, 'IsCar': {'instance': IsCar, 'arity': 1, 'method': 'IsCar(Entity)', 'function': 'logicity.utils.pred_converter.z3.IsCar'}, 'IsAmbulance': {'instance': IsAmb, 'arity': 1, 'method': 'IsAmb(Entity)', 'function': 'logicity.utils.pred_converter.z3.IsAmb'}, 'IsOld': {'instance': IsOld, 'arity': 1, 'method': 'IsOld(Entity)', 'function': 'logicity.utils.pred_converter.z3.IsOld'}, 'IsTiro': {'instance': IsTiro, 'arity': 1, 'method': 'IsTiro(Entity)', 'function': 'logicity.utils.pred_converter.z3.IsTiro'}, 'IsAtInter': {'instance': IsAtInter, 'arity': 1, 'method': 'IsAtInter(Entity)', 'function': 'logicity.utils.pred_converter.z3.IsAtInter'}, 'IsInInter': {'instance': IsInInter, 'arity': 1, 'method': 'IsInInter(Entity)', 'function': 'logicity.utils.pred_converter.z3.IsInInter'}, 'HigherPri': {'instance': HigherPri, 'arity': 2, 'method': 'HigherPri(Entity, Entity)', 'function': 'logicity.utils.pred_converter.z3.HigherPri'}, 'CollidingClose': {'instance': CollidingClose, 'arity': 2, 'method': 'CollidingClose(Entity, Entity)', 'function': 'logicity.utils.pred_converter.z3.CollidingClose'}, 'Stop': {'instance': Stop, 'arity': 1, 'method': 'Stop(Entity)', 'function': 'None'}, 'Fast': {'instance': Fast, 'arity': 1, 'method': 'Fast(Entity)', 'function': 'None'}, 'Normal': {'instance': Normal, 'arity': 1, 'method': 'Normal(Entity)', 'function': 'None'}, 'Slow': {'instance': Slow, 'arity': 1, 'method': 'Slow(Entity)', 'function': 'None'}}, the FOV entities {'Entity': 3}, The logic grounding shape is: 39
2026-05-22 21:25:12 [INFO]: Local planner constructed!
2026-05-22 21:25:12 [INFO]: Constructing 22 streets
2026-05-22 21:25:12 [INFO]: Constructing 16 buildings
2026-05-22 21:25:13 [INFO]: Adding 4 agents, they are constrained in 103 region
2026-05-22 21:25:14 [INFO]: Car_1 initialization done!
2026-05-22 21:25:14 [INFO]: Pedestrian_1 initialization done!
2026-05-22 21:25:14 [INFO]: Car_2 initialization done!
2026-05-22 21:25:15 [INFO]: Car_3 initialization done!
2026-05-22 21:25:15 [INFO]: Done!
2026-05-22 21:25:15 [INFO]: ***Init RL Agent in Env***
2026-05-22 21:25:23 [INFO]: will reset agent by success
2026-05-22 21:25:23 [INFO]: ***Reset RL Agent in Env***
2026-05-22 21:25:24 [INFO]: Car_1 initialization done!
2026-05-22 21:25:24 [INFO]: Pedestrian_1 initialization done!
2026-05-22 21:25:25 [INFO]: Car_2 initialization done!
2026-05-22 21:25:26 [INFO]: Car_3 initialization done!
2026-05-22 21:25:26 [INFO]: Agent reset priority to 3/4
2026-05-22 21:25:26 [INFO]: Agent reset concepts to {'type': 'Car', 'priority': 3}
2026-05-22 21:25:26 [INFO]: Episode 39 success.
2026-05-22 21:25:26 [INFO]: Episode 39 achieved a score of 4.600000000000001
2026-05-22 21:25:26 [INFO]: Episode 39 Success: 1
2026-05-22 21:25:26 [INFO]: Episode 39 Decision Step: {3: 1}
2026-05-22 21:25:26 [INFO]: Episode 39 Success Decision: {3: 1}
2026-05-22 21:25:26 [INFO]: Timestep: 5000 - Elapsed Time (s): 1407.94 - Success Rate: 0.95 - Mean Reward: 4.781500000000003 

2026-05-22 21:25:26 [INFO]: Failure Rate: 0.0 - Timeout Rate: 0.05 - Mean Episode Length: 55.35
2026-05-22 21:25:26 [INFO]: Mean Decision Succ: 1.0
2026-05-22 21:25:26 [INFO]: Average Decision Succ: 1.0
2026-05-22 21:25:26 [INFO]: Decision Succ for each action: {3: 1.0}
2026-05-22 21:25:26 [INFO]: Action Histogram: {0: 0, 1: 0, 2: 1395, 3: 819}
2026-05-22 21:25:26 [INFO]: Failure Rule Counts: {}
2026-05-22 21:25:26 [INFO]: Training Rollout Since Last Eval: failures=0 timeouts=10 successes=50
2026-05-22 21:25:26 [INFO]: PLPG Metrics: base_safe=0.7186377288230174 shielded_safe=0.9999999981424027 gain=0.28136226931938524 intervention_rate=0.7154471544715447 kl=4.670244836004476 l1=0.5627245438750412 hazard_rate=0.3699186991869919 forced_stop_rate=1.0
2026-05-22 21:49:04 [INFO]: Evaluating episode 0...
2026-05-22 21:49:04 [INFO]: Episode label: {'oracle_step': 40, 'stop_count': 0, 'has_stop': False, 'ego_crosses': True, 'ego_eta': 12, 'ego_direction': 'up', 'other_crosses': 3, 'close_other_count': 0, 'pedestrian_close': None, 'conflicting_approach': False, 'total_crosses': 4}
2026-05-22 21:49:04 [INFO]: Get map info from config/maps/square_2x2.yaml
2026-05-22 21:49:04 [INFO]: Get agent info from config/agents/easy_lite/val.yaml
2026-05-22 21:49:04 [INFO]: Get onology and rules info from config/rules/ontology_easy.yaml, config/rules/Nav/easy/expert.yaml
2026-05-22 21:49:04 [INFO]: Number of Entity Types: 1
Entity Types:
- Entity
2026-05-22 21:49:04 [INFO]: Number of Predicates: 13
Predicates:
- IsPedestrian: {'instance': "Function('IsPed', entity_sorts['Entity'], BoolSort())", 'arity': 1, 'method': 'IsPed(Entity)', 'function': 'logicity.utils.pred_converter.z3.IsPed'}
- IsCar: {'instance': "Function('IsCar', entity_sorts['Entity'], BoolSort())", 'arity': 1, 'method': 'IsCar(Entity)', 'function': 'logicity.utils.pred_converter.z3.IsCar'}
- IsAmbulance: {'instance': "Function('IsAmb', entity_sorts['Entity'], BoolSort())", 'arity': 1, 'method': 'IsAmb(Entity)', 'function': 'logicity.utils.pred_converter.z3.IsAmb'}
- IsOld: {'instance': "Function('IsOld', entity_sorts['Entity'], BoolSort())", 'arity': 1, 'method': 'IsOld(Entity)', 'function': 'logicity.utils.pred_converter.z3.IsOld'}
- IsTiro: {'instance': "Function('IsTiro', entity_sorts['Entity'], BoolSort())", 'arity': 1, 'method': 'IsTiro(Entity)', 'function': 'logicity.utils.pred_converter.z3.IsTiro'}
- IsAtInter: {'instance': "Function('IsAtInter', entity_sorts['Entity'], BoolSort())", 'arity': 1, 'method': 'IsAtInter(Entity)', 'function': 'logicity.utils.pred_converter.z3.IsAtInter'}
- IsInInter: {'instance': "Function('IsInInter', entity_sorts['Entity'], BoolSort())", 'arity': 1, 'method': 'IsInInter(Entity)', 'function': 'logicity.utils.pred_converter.z3.IsInInter'}
- HigherPri: {'instance': "Function('HigherPri', entity_sorts['Entity'], entity_sorts['Entity'], BoolSort())", 'arity': 2, 'method': 'HigherPri(Entity, Entity)', 'function': 'logicity.utils.pred_converter.z3.HigherPri'}
- CollidingClose: {'instance': "Function('CollidingClose', entity_sorts['Entity'], entity_sorts['Entity'], BoolSort())", 'arity': 2, 'method': 'CollidingClose(Entity, Entity)', 'function': 'logicity.utils.pred_converter.z3.CollidingClose'}
- Stop: {'instance': "Function('Stop', entity_sorts['Entity'], BoolSort())", 'arity': 1, 'method': 'Stop(Entity)', 'function': 'None'}
- Fast: {'instance': "Function('Fast', entity_sorts['Entity'], BoolSort())", 'arity': 1, 'method': 'Fast(Entity)', 'function': 'None'}
- Normal: {'instance': "Function('Normal', entity_sorts['Entity'], BoolSort())", 'arity': 1, 'method': 'Normal(Entity)', 'function': 'None'}
- Slow: {'instance': "Function('Slow', entity_sorts['Entity'], BoolSort())", 'arity': 1, 'method': 'Slow(Entity)', 'function': 'None'}
2026-05-22 21:49:04 [INFO]: *** Sim Rule ***: Stop -> 
 Stop(entity) == Exists(
  [dummyEntity], 
  Or(
    And(
      IsAtInter(entity), 
      IsInInter(dummyEntity), 
    ),
    And(
      IsAtInter(entity), 
      IsAtInter(dummyEntity), 
      HigherPri(dummyEntity, entity),
    ),
    CollidingClose(entity, dummyEntity)
  )
)

2026-05-22 21:49:04 [INFO]: *** Task Rule ***: Collision and Intersection -> 
 Implies(Exists(
  [dummyEntity], 
    Or(
      And(
        IsAtInter(entity), 
        IsInInter(dummyEntity), 
      ),
      And(
        IsAtInter(entity), 
        IsAtInter(dummyEntity), 
        HigherPri(dummyEntity, entity),
      ),
      CollidingClose(entity, dummyEntity)
    )
  ),
  Stop(entity)
)

2026-05-22 21:49:04 [INFO]: *** Expert Rule ***: Stop -> 
 Stop(entity) == Exists(
[dummyEntity], 
  Or(
    And(
      IsAtInter(entity), 
      IsInInter(dummyEntity), 
    ),
    And(
      IsAtInter(entity), 
      IsAtInter(dummyEntity), 
      HigherPri(dummyEntity, entity),
    ),
    CollidingClose(entity, dummyEntity)
  )
)

2026-05-22 21:49:04 [INFO]: *** Expert Rule ***: Slow -> 
 Not(Slow(entity))

2026-05-22 21:49:04 [INFO]: *** Expert Rule ***: Fast -> 
 Not(Fast(entity))

2026-05-22 21:49:04 [INFO]: *** Expert Rule ***: Normal -> 
 Normal(entity) == Not(Stop(entity))
2026-05-22 21:49:04 [INFO]: Rules created successfully
2026-05-22 21:49:04 [INFO]: Rules will be grounded later...
2026-05-22 21:49:04 [INFO]: Given Predicates {'IsPedestrian': {'instance': IsPed, 'arity': 1, 'method': 'IsPed(Entity)', 'function': 'logicity.utils.pred_converter.z3.IsPed'}, 'IsCar': {'instance': IsCar, 'arity': 1, 'method': 'IsCar(Entity)', 'function': 'logicity.utils.pred_converter.z3.IsCar'}, 'IsAmbulance': {'instance': IsAmb, 'arity': 1, 'method': 'IsAmb(Entity)', 'function': 'logicity.utils.pred_converter.z3.IsAmb'}, 'IsOld': {'instance': IsOld, 'arity': 1, 'method': 'IsOld(Entity)', 'function': 'logicity.utils.pred_converter.z3.IsOld'}, 'IsTiro': {'instance': IsTiro, 'arity': 1, 'method': 'IsTiro(Entity)', 'function': 'logicity.utils.pred_converter.z3.IsTiro'}, 'IsAtInter': {'instance': IsAtInter, 'arity': 1, 'method': 'IsAtInter(Entity)', 'function': 'logicity.utils.pred_converter.z3.IsAtInter'}, 'IsInInter': {'instance': IsInInter, 'arity': 1, 'method': 'IsInInter(Entity)', 'function': 'logicity.utils.pred_converter.z3.IsInInter'}, 'HigherPri': {'instance': HigherPri, 'arity': 2, 'method': 'HigherPri(Entity, Entity)', 'function': 'logicity.utils.pred_converter.z3.HigherPri'}, 'CollidingClose': {'instance': CollidingClose, 'arity': 2, 'method': 'CollidingClose(Entity, Entity)', 'function': 'logicity.utils.pred_converter.z3.CollidingClose'}, 'Stop': {'instance': Stop, 'arity': 1, 'method': 'Stop(Entity)', 'function': 'None'}, 'Fast': {'instance': Fast, 'arity': 1, 'method': 'Fast(Entity)', 'function': 'None'}, 'Normal': {'instance': Normal, 'arity': 1, 'method': 'Normal(Entity)', 'function': 'None'}, 'Slow': {'instance': Slow, 'arity': 1, 'method': 'Slow(Entity)', 'function': 'None'}}, the FOV entities {'Entity': 3}, The logic grounding shape is: 39
2026-05-22 21:49:04 [INFO]: Local planner constructed!
2026-05-22 21:49:04 [INFO]: Constructing 22 streets
2026-05-22 21:49:04 [INFO]: Constructing 16 buildings
2026-05-22 21:49:05 [INFO]: Adding 4 agents, they are constrained in 103 region
2026-05-22 21:49:06 [INFO]: Car_1 initialization done!
2026-05-22 21:49:06 [INFO]: Pedestrian_1 initialization done!
2026-05-22 21:49:06 [INFO]: Car_2 initialization done!
2026-05-22 21:49:07 [INFO]: Car_3 initialization done!
2026-05-22 21:49:07 [INFO]: Done!
2026-05-22 21:49:07 [INFO]: ***Init RL Agent in Env***
2026-05-22 21:49:14 [INFO]: will reset agent by success
2026-05-22 21:49:14 [INFO]: ***Reset RL Agent in Env***
2026-05-22 21:49:14 [INFO]: Car_1 initialization done!
2026-05-22 21:49:14 [INFO]: Pedestrian_1 initialization done!
2026-05-22 21:49:15 [INFO]: Car_2 initialization done!
2026-05-22 21:49:15 [INFO]: Car_3 initialization done!
2026-05-22 21:49:15 [INFO]: Agent reset priority to 1/4
2026-05-22 21:49:15 [INFO]: Agent reset concepts to {'type': 'Car', 'priority': 1}
2026-05-22 21:49:16 [INFO]: Episode 0 success.
2026-05-22 21:49:16 [INFO]: Episode 0 achieved a score of 4.510000000000002
2026-05-22 21:49:16 [INFO]: Episode 0 Success: 1
2026-05-22 21:49:16 [INFO]: Episode 0 Decision Step: {3: 0}
2026-05-22 21:49:16 [INFO]: Episode 0 Success Decision: {3: 0}
2026-05-22 21:49:16 [INFO]: Evaluating episode 1...
2026-05-22 21:49:16 [INFO]: Episode label: {'oracle_step': 28, 'stop_count': 0, 'has_stop': False, 'ego_crosses': True, 'ego_eta': 24, 'ego_direction': 'right', 'other_crosses': 3, 'close_other_count': 0, 'pedestrian_close': None, 'conflicting_approach': False, 'total_crosses': 4}
2026-05-22 21:49:16 [INFO]: Get map info from config/maps/square_2x2.yaml
2026-05-22 21:49:16 [INFO]: Get agent info from config/agents/easy_lite/val.yaml
2026-05-22 21:49:16 [INFO]: Get onology and rules info from config/rules/ontology_easy.yaml, config/rules/Nav/easy/expert.yaml
2026-05-22 21:49:16 [INFO]: Number of Entity Types: 1
Entity Types:
- Entity
2026-05-22 21:49:16 [INFO]: Number of Predicates: 13
Predicates:
- IsPedestrian: {'instance': "Function('IsPed', entity_sorts['Entity'], BoolSort())", 'arity': 1, 'method': 'IsPed(Entity)', 'function': 'logicity.utils.pred_converter.z3.IsPed'}
- IsCar: {'instance': "Function('IsCar', entity_sorts['Entity'], BoolSort())", 'arity': 1, 'method': 'IsCar(Entity)', 'function': 'logicity.utils.pred_converter.z3.IsCar'}
- IsAmbulance: {'instance': "Function('IsAmb', entity_sorts['Entity'], BoolSort())", 'arity': 1, 'method': 'IsAmb(Entity)', 'function': 'logicity.utils.pred_converter.z3.IsAmb'}
- IsOld: {'instance': "Function('IsOld', entity_sorts['Entity'], BoolSort())", 'arity': 1, 'method': 'IsOld(Entity)', 'function': 'logicity.utils.pred_converter.z3.IsOld'}
- IsTiro: {'instance': "Function('IsTiro', entity_sorts['Entity'], BoolSort())", 'arity': 1, 'method': 'IsTiro(Entity)', 'function': 'logicity.utils.pred_converter.z3.IsTiro'}
- IsAtInter: {'instance': "Function('IsAtInter', entity_sorts['Entity'], BoolSort())", 'arity': 1, 'method': 'IsAtInter(Entity)', 'function': 'logicity.utils.pred_converter.z3.IsAtInter'}
- IsInInter: {'instance': "Function('IsInInter', entity_sorts['Entity'], BoolSort())", 'arity': 1, 'method': 'IsInInter(Entity)', 'function': 'logicity.utils.pred_converter.z3.IsInInter'}
- HigherPri: {'instance': "Function('HigherPri', entity_sorts['Entity'], entity_sorts['Entity'], BoolSort())", 'arity': 2, 'method': 'HigherPri(Entity, Entity)', 'function': 'logicity.utils.pred_converter.z3.HigherPri'}
- CollidingClose: {'instance': "Function('CollidingClose', entity_sorts['Entity'], entity_sorts['Entity'], BoolSort())", 'arity': 2, 'method': 'CollidingClose(Entity, Entity)', 'function': 'logicity.utils.pred_converter.z3.CollidingClose'}
- Stop: {'instance': "Function('Stop', entity_sorts['Entity'], BoolSort())", 'arity': 1, 'method': 'Stop(Entity)', 'function': 'None'}
- Fast: {'instance': "Function('Fast', entity_sorts['Entity'], BoolSort())", 'arity': 1, 'method': 'Fast(Entity)', 'function': 'None'}
- Normal: {'instance': "Function('Normal', entity_sorts['Entity'], BoolSort())", 'arity': 1, 'method': 'Normal(Entity)', 'function': 'None'}
- Slow: {'instance': "Function('Slow', entity_sorts['Entity'], BoolSort())", 'arity': 1, 'method': 'Slow(Entity)', 'function': 'None'}
2026-05-22 21:49:16 [INFO]: *** Sim Rule ***: Stop -> 
 Stop(entity) == Exists(
  [dummyEntity], 
  Or(
    And(
      IsAtInter(entity), 
      IsInInter(dummyEntity), 
    ),
    And(
      IsAtInter(entity), 
      IsAtInter(dummyEntity), 
      HigherPri(dummyEntity, entity),
    ),
    CollidingClose(entity, dummyEntity)
  )
)

2026-05-22 21:49:16 [INFO]: *** Task Rule ***: Collision and Intersection -> 
 Implies(Exists(
  [dummyEntity], 
    Or(
      And(
        IsAtInter(entity), 
        IsInInter(dummyEntity), 
      ),
      And(
        IsAtInter(entity), 
        IsAtInter(dummyEntity), 
        HigherPri(dummyEntity, entity),
      ),
      CollidingClose(entity, dummyEntity)
    )
  ),
  Stop(entity)
)

2026-05-22 21:49:16 [INFO]: *** Expert Rule ***: Stop -> 
 Stop(entity) == Exists(
[dummyEntity], 
  Or(
    And(
      IsAtInter(entity), 
      IsInInter(dummyEntity), 
    ),
    And(
      IsAtInter(entity), 
      IsAtInter(dummyEntity), 
      HigherPri(dummyEntity, entity),
    ),
    CollidingClose(entity, dummyEntity)
  )
)

2026-05-22 21:49:16 [INFO]: *** Expert Rule ***: Slow -> 
 Not(Slow(entity))

2026-05-22 21:49:16 [INFO]: *** Expert Rule ***: Fast -> 
 Not(Fast(entity))

2026-05-22 21:49:16 [INFO]: *** Expert Rule ***: Normal -> 
 Normal(entity) == Not(Stop(entity))
2026-05-22 21:49:16 [INFO]: Rules created successfully
2026-05-22 21:49:16 [INFO]: Rules will be grounded later...
2026-05-22 21:49:16 [INFO]: Given Predicates {'IsPedestrian': {'instance': IsPed, 'arity': 1, 'method': 'IsPed(Entity)', 'function': 'logicity.utils.pred_converter.z3.IsPed'}, 'IsCar': {'instance': IsCar, 'arity': 1, 'method': 'IsCar(Entity)', 'function': 'logicity.utils.pred_converter.z3.IsCar'}, 'IsAmbulance': {'instance': IsAmb, 'arity': 1, 'method': 'IsAmb(Entity)', 'function': 'logicity.utils.pred_converter.z3.IsAmb'}, 'IsOld': {'instance': IsOld, 'arity': 1, 'method': 'IsOld(Entity)', 'function': 'logicity.utils.pred_converter.z3.IsOld'}, 'IsTiro': {'instance': IsTiro, 'arity': 1, 'method': 'IsTiro(Entity)', 'function': 'logicity.utils.pred_converter.z3.IsTiro'}, 'IsAtInter': {'instance': IsAtInter, 'arity': 1, 'method': 'IsAtInter(Entity)', 'function': 'logicity.utils.pred_converter.z3.IsAtInter'}, 'IsInInter': {'instance': IsInInter, 'arity': 1, 'method': 'IsInInter(Entity)', 'function': 'logicity.utils.pred_converter.z3.IsInInter'}, 'HigherPri': {'instance': HigherPri, 'arity': 2, 'method': 'HigherPri(Entity, Entity)', 'function': 'logicity.utils.pred_converter.z3.HigherPri'}, 'CollidingClose': {'instance': CollidingClose, 'arity': 2, 'method': 'CollidingClose(Entity, Entity)', 'function': 'logicity.utils.pred_converter.z3.CollidingClose'}, 'Stop': {'instance': Stop, 'arity': 1, 'method': 'Stop(Entity)', 'function': 'None'}, 'Fast': {'instance': Fast, 'arity': 1, 'method': 'Fast(Entity)', 'function': 'None'}, 'Normal': {'instance': Normal, 'arity': 1, 'method': 'Normal(Entity)', 'function': 'None'}, 'Slow': {'instance': Slow, 'arity': 1, 'method': 'Slow(Entity)', 'function': 'None'}}, the FOV entities {'Entity': 3}, The logic grounding shape is: 39
2026-05-22 21:49:16 [INFO]: Local planner constructed!
2026-05-22 21:49:16 [INFO]: Constructing 22 streets
2026-05-22 21:49:16 [INFO]: Constructing 16 buildings
2026-05-22 21:49:17 [INFO]: Adding 4 agents, they are constrained in 103 region
2026-05-22 21:49:17 [INFO]: Car_1 initialization done!
2026-05-22 21:49:17 [INFO]: Pedestrian_1 initialization done!
2026-05-22 21:49:18 [INFO]: Car_2 initialization done!
2026-05-22 21:49:18 [INFO]: Car_3 initialization done!
2026-05-22 21:49:18 [INFO]: Done!
2026-05-22 21:49:18 [INFO]: ***Init RL Agent in Env***
2026-05-22 21:49:23 [INFO]: will reset agent by success
2026-05-22 21:49:23 [INFO]: ***Reset RL Agent in Env***
2026-05-22 21:49:23 [INFO]: Car_1 initialization done!
2026-05-22 21:49:23 [INFO]: Pedestrian_1 initialization done!
2026-05-22 21:49:24 [INFO]: Car_2 initialization done!
2026-05-22 21:49:25 [INFO]: Car_3 initialization done!
2026-05-22 21:49:25 [INFO]: Agent reset priority to 1/4
2026-05-22 21:49:25 [INFO]: Agent reset concepts to {'type': 'Car', 'priority': 1}
2026-05-22 21:49:25 [INFO]: Episode 1 success.
2026-05-22 21:49:25 [INFO]: Episode 1 achieved a score of 3.3500000000000014
2026-05-22 21:49:25 [INFO]: Episode 1 Success: 1
2026-05-22 21:49:25 [INFO]: Episode 1 Decision Step: {3: 0}
2026-05-22 21:49:25 [INFO]: Episode 1 Success Decision: {3: 0}
2026-05-22 21:49:25 [INFO]: Evaluating episode 2...
2026-05-22 21:49:25 [INFO]: Episode label: {'oracle_step': 56, 'stop_count': 0, 'has_stop': False, 'ego_crosses': True, 'ego_eta': 55, 'ego_direction': 'up', 'other_crosses': 3, 'close_other_count': 0, 'pedestrian_close': None, 'conflicting_approach': False, 'total_crosses': 4}
2026-05-22 21:49:25 [INFO]: Get map info from config/maps/square_2x2.yaml
2026-05-22 21:49:25 [INFO]: Get agent info from config/agents/easy_lite/val.yaml
2026-05-22 21:49:25 [INFO]: Get onology and rules info from config/rules/ontology_easy.yaml, config/rules/Nav/easy/expert.yaml
2026-05-22 21:49:25 [INFO]: Number of Entity Types: 1
Entity Types:
- Entity
2026-05-22 21:49:25 [INFO]: Number of Predicates: 13
Predicates:
- IsPedestrian: {'instance': "Function('IsPed', entity_sorts['Entity'], BoolSort())", 'arity': 1, 'method': 'IsPed(Entity)', 'function': 'logicity.utils.pred_converter.z3.IsPed'}
- IsCar: {'instance': "Function('IsCar', entity_sorts['Entity'], BoolSort())", 'arity': 1, 'method': 'IsCar(Entity)', 'function': 'logicity.utils.pred_converter.z3.IsCar'}
- IsAmbulance: {'instance': "Function('IsAmb', entity_sorts['Entity'], BoolSort())", 'arity': 1, 'method': 'IsAmb(Entity)', 'function': 'logicity.utils.pred_converter.z3.IsAmb'}
- IsOld: {'instance': "Function('IsOld', entity_sorts['Entity'], BoolSort())", 'arity': 1, 'method': 'IsOld(Entity)', 'function': 'logicity.utils.pred_converter.z3.IsOld'}
- IsTiro: {'instance': "Function('IsTiro', entity_sorts['Entity'], BoolSort())", 'arity': 1, 'method': 'IsTiro(Entity)', 'function': 'logicity.utils.pred_converter.z3.IsTiro'}
- IsAtInter: {'instance': "Function('IsAtInter', entity_sorts['Entity'], BoolSort())", 'arity': 1, 'method': 'IsAtInter(Entity)', 'function': 'logicity.utils.pred_converter.z3.IsAtInter'}
- IsInInter: {'instance': "Function('IsInInter', entity_sorts['Entity'], BoolSort())", 'arity': 1, 'method': 'IsInInter(Entity)', 'function': 'logicity.utils.pred_converter.z3.IsInInter'}
- HigherPri: {'instance': "Function('HigherPri', entity_sorts['Entity'], entity_sorts['Entity'], BoolSort())", 'arity': 2, 'method': 'HigherPri(Entity, Entity)', 'function': 'logicity.utils.pred_converter.z3.HigherPri'}
- CollidingClose: {'instance': "Function('CollidingClose', entity_sorts['Entity'], entity_sorts['Entity'], BoolSort())", 'arity': 2, 'method': 'CollidingClose(Entity, Entity)', 'function': 'logicity.utils.pred_converter.z3.CollidingClose'}
- Stop: {'instance': "Function('Stop', entity_sorts['Entity'], BoolSort())", 'arity': 1, 'method': 'Stop(Entity)', 'function': 'None'}
- Fast: {'instance': "Function('Fast', entity_sorts['Entity'], BoolSort())", 'arity': 1, 'method': 'Fast(Entity)', 'function': 'None'}
- Normal: {'instance': "Function('Normal', entity_sorts['Entity'], BoolSort())", 'arity': 1, 'method': 'Normal(Entity)', 'function': 'None'}
- Slow: {'instance': "Function('Slow', entity_sorts['Entity'], BoolSort())", 'arity': 1, 'method': 'Slow(Entity)', 'function': 'None'}
2026-05-22 21:49:25 [INFO]: *** Sim Rule ***: Stop -> 
 Stop(entity) == Exists(
  [dummyEntity], 
  Or(
    And(
      IsAtInter(entity), 
      IsInInter(dummyEntity), 
    ),
    And(
      IsAtInter(entity), 
      IsAtInter(dummyEntity), 
      HigherPri(dummyEntity, entity),
    ),
    CollidingClose(entity, dummyEntity)
  )
)

2026-05-22 21:49:25 [INFO]: *** Task Rule ***: Collision and Intersection -> 
 Implies(Exists(
  [dummyEntity], 
    Or(
      And(
        IsAtInter(entity), 
        IsInInter(dummyEntity), 
      ),
      And(
        IsAtInter(entity), 
        IsAtInter(dummyEntity), 
        HigherPri(dummyEntity, entity),
      ),
      CollidingClose(entity, dummyEntity)
    )
  ),
  Stop(entity)
)

2026-05-22 21:49:25 [INFO]: *** Expert Rule ***: Stop -> 
 Stop(entity) == Exists(
[dummyEntity], 
  Or(
    And(
      IsAtInter(entity), 
      IsInInter(dummyEntity), 
    ),
    And(
      IsAtInter(entity), 
      IsAtInter(dummyEntity), 
      HigherPri(dummyEntity, entity),
    ),
    CollidingClose(entity, dummyEntity)
  )
)

2026-05-22 21:49:25 [INFO]: *** Expert Rule ***: Slow -> 
 Not(Slow(entity))

2026-05-22 21:49:25 [INFO]: *** Expert Rule ***: Fast -> 
 Not(Fast(entity))

2026-05-22 21:49:25 [INFO]: *** Expert Rule ***: Normal -> 
 Normal(entity) == Not(Stop(entity))
2026-05-22 21:49:25 [INFO]: Rules created successfully
2026-05-22 21:49:25 [INFO]: Rules will be grounded later...
2026-05-22 21:49:25 [INFO]: Given Predicates {'IsPedestrian': {'instance': IsPed, 'arity': 1, 'method': 'IsPed(Entity)', 'function': 'logicity.utils.pred_converter.z3.IsPed'}, 'IsCar': {'instance': IsCar, 'arity': 1, 'method': 'IsCar(Entity)', 'function': 'logicity.utils.pred_converter.z3.IsCar'}, 'IsAmbulance': {'instance': IsAmb, 'arity': 1, 'method': 'IsAmb(Entity)', 'function': 'logicity.utils.pred_converter.z3.IsAmb'}, 'IsOld': {'instance': IsOld, 'arity': 1, 'method': 'IsOld(Entity)', 'function': 'logicity.utils.pred_converter.z3.IsOld'}, 'IsTiro': {'instance': IsTiro, 'arity': 1, 'method': 'IsTiro(Entity)', 'function': 'logicity.utils.pred_converter.z3.IsTiro'}, 'IsAtInter': {'instance': IsAtInter, 'arity': 1, 'method': 'IsAtInter(Entity)', 'function': 'logicity.utils.pred_converter.z3.IsAtInter'}, 'IsInInter': {'instance': IsInInter, 'arity': 1, 'method': 'IsInInter(Entity)', 'function': 'logicity.utils.pred_converter.z3.IsInInter'}, 'HigherPri': {'instance': HigherPri, 'arity': 2, 'method': 'HigherPri(Entity, Entity)', 'function': 'logicity.utils.pred_converter.z3.HigherPri'}, 'CollidingClose': {'instance': CollidingClose, 'arity': 2, 'method': 'CollidingClose(Entity, Entity)', 'function': 'logicity.utils.pred_converter.z3.CollidingClose'}, 'Stop': {'instance': Stop, 'arity': 1, 'method': 'Stop(Entity)', 'function': 'None'}, 'Fast': {'instance': Fast, 'arity': 1, 'method': 'Fast(Entity)', 'function': 'None'}, 'Normal': {'instance': Normal, 'arity': 1, 'method': 'Normal(Entity)', 'function': 'None'}, 'Slow': {'instance': Slow, 'arity': 1, 'method': 'Slow(Entity)', 'function': 'None'}}, the FOV entities {'Entity': 3}, The logic grounding shape is: 39
2026-05-22 21:49:25 [INFO]: Local planner constructed!
2026-05-22 21:49:25 [INFO]: Constructing 22 streets
2026-05-22 21:49:25 [INFO]: Constructing 16 buildings
2026-05-22 21:49:26 [INFO]: Adding 4 agents, they are constrained in 103 region
2026-05-22 21:49:26 [INFO]: Car_1 initialization done!
2026-05-22 21:49:26 [INFO]: Pedestrian_1 initialization done!
2026-05-22 21:49:27 [INFO]: Car_2 initialization done!
2026-05-22 21:49:28 [INFO]: Car_3 initialization done!
2026-05-22 21:49:28 [INFO]: Done!
2026-05-22 21:49:28 [INFO]: ***Init RL Agent in Env***
2026-05-22 21:49:37 [INFO]: will reset agent by success
2026-05-22 21:49:37 [INFO]: ***Reset RL Agent in Env***
2026-05-22 21:49:37 [INFO]: Car_1 initialization done!
2026-05-22 21:49:37 [INFO]: Pedestrian_1 initialization done!
2026-05-22 21:49:38 [INFO]: Car_2 initialization done!
2026-05-22 21:49:38 [INFO]: Car_3 initialization done!
2026-05-22 21:49:38 [INFO]: Agent reset priority to 1/4
2026-05-22 21:49:38 [INFO]: Agent reset concepts to {'type': 'Car', 'priority': 1}
2026-05-22 21:49:38 [INFO]: Episode 2 success.
2026-05-22 21:49:38 [INFO]: Episode 2 achieved a score of 5.910000000000001
2026-05-22 21:49:38 [INFO]: Episode 2 Success: 1
2026-05-22 21:49:38 [INFO]: Episode 2 Decision Step: {3: 0}
2026-05-22 21:49:38 [INFO]: Episode 2 Success Decision: {3: 0}
2026-05-22 21:49:38 [INFO]: Evaluating episode 3...
2026-05-22 21:49:38 [INFO]: Episode label: {'oracle_step': 41, 'stop_count': 0, 'has_stop': False, 'ego_crosses': True, 'ego_eta': 52, 'ego_direction': 'left', 'other_crosses': 3, 'close_other_count': 0, 'pedestrian_close': None, 'conflicting_approach': False, 'total_crosses': 4}
2026-05-22 21:49:39 [INFO]: Get map info from config/maps/square_2x2.yaml
2026-05-22 21:49:39 [INFO]: Get agent info from config/agents/easy_lite/val.yaml
2026-05-22 21:49:39 [INFO]: Get onology and rules info from config/rules/ontology_easy.yaml, config/rules/Nav/easy/expert.yaml
2026-05-22 21:49:39 [INFO]: Number of Entity Types: 1
Entity Types:
- Entity
2026-05-22 21:49:39 [INFO]: Number of Predicates: 13
Predicates:
- IsPedestrian: {'instance': "Function('IsPed', entity_sorts['Entity'], BoolSort())", 'arity': 1, 'method': 'IsPed(Entity)', 'function': 'logicity.utils.pred_converter.z3.IsPed'}
- IsCar: {'instance': "Function('IsCar', entity_sorts['Entity'], BoolSort())", 'arity': 1, 'method': 'IsCar(Entity)', 'function': 'logicity.utils.pred_converter.z3.IsCar'}
- IsAmbulance: {'instance': "Function('IsAmb', entity_sorts['Entity'], BoolSort())", 'arity': 1, 'method': 'IsAmb(Entity)', 'function': 'logicity.utils.pred_converter.z3.IsAmb'}
- IsOld: {'instance': "Function('IsOld', entity_sorts['Entity'], BoolSort())", 'arity': 1, 'method': 'IsOld(Entity)', 'function': 'logicity.utils.pred_converter.z3.IsOld'}
- IsTiro: {'instance': "Function('IsTiro', entity_sorts['Entity'], BoolSort())", 'arity': 1, 'method': 'IsTiro(Entity)', 'function': 'logicity.utils.pred_converter.z3.IsTiro'}
- IsAtInter: {'instance': "Function('IsAtInter', entity_sorts['Entity'], BoolSort())", 'arity': 1, 'method': 'IsAtInter(Entity)', 'function': 'logicity.utils.pred_converter.z3.IsAtInter'}
- IsInInter: {'instance': "Function('IsInInter', entity_sorts['Entity'], BoolSort())", 'arity': 1, 'method': 'IsInInter(Entity)', 'function': 'logicity.utils.pred_converter.z3.IsInInter'}
- HigherPri: {'instance': "Function('HigherPri', entity_sorts['Entity'], entity_sorts['Entity'], BoolSort())", 'arity': 2, 'method': 'HigherPri(Entity, Entity)', 'function': 'logicity.utils.pred_converter.z3.HigherPri'}
- CollidingClose: {'instance': "Function('CollidingClose', entity_sorts['Entity'], entity_sorts['Entity'], BoolSort())", 'arity': 2, 'method': 'CollidingClose(Entity, Entity)', 'function': 'logicity.utils.pred_converter.z3.CollidingClose'}
- Stop: {'instance': "Function('Stop', entity_sorts['Entity'], BoolSort())", 'arity': 1, 'method': 'Stop(Entity)', 'function': 'None'}
- Fast: {'instance': "Function('Fast', entity_sorts['Entity'], BoolSort())", 'arity': 1, 'method': 'Fast(Entity)', 'function': 'None'}
- Normal: {'instance': "Function('Normal', entity_sorts['Entity'], BoolSort())", 'arity': 1, 'method': 'Normal(Entity)', 'function': 'None'}
- Slow: {'instance': "Function('Slow', entity_sorts['Entity'], BoolSort())", 'arity': 1, 'method': 'Slow(Entity)', 'function': 'None'}
2026-05-22 21:49:39 [INFO]: *** Sim Rule ***: Stop -> 
 Stop(entity) == Exists(
  [dummyEntity], 
  Or(
    And(
      IsAtInter(entity), 
      IsInInter(dummyEntity), 
    ),
    And(
      IsAtInter(entity), 
      IsAtInter(dummyEntity), 
      HigherPri(dummyEntity, entity),
    ),
    CollidingClose(entity, dummyEntity)
  )
)

2026-05-22 21:49:39 [INFO]: *** Task Rule ***: Collision and Intersection -> 
 Implies(Exists(
  [dummyEntity], 
    Or(
      And(
        IsAtInter(entity), 
        IsInInter(dummyEntity), 
      ),
      And(
        IsAtInter(entity), 
        IsAtInter(dummyEntity), 
        HigherPri(dummyEntity, entity),
      ),
      CollidingClose(entity, dummyEntity)
    )
  ),
  Stop(entity)
)

2026-05-22 21:49:39 [INFO]: *** Expert Rule ***: Stop -> 
 Stop(entity) == Exists(
[dummyEntity], 
  Or(
    And(
      IsAtInter(entity), 
      IsInInter(dummyEntity), 
    ),
    And(
      IsAtInter(entity), 
      IsAtInter(dummyEntity), 
      HigherPri(dummyEntity, entity),
    ),
    CollidingClose(entity, dummyEntity)
  )
)

2026-05-22 21:49:39 [INFO]: *** Expert Rule ***: Slow -> 
 Not(Slow(entity))

2026-05-22 21:49:39 [INFO]: *** Expert Rule ***: Fast -> 
 Not(Fast(entity))

2026-05-22 21:49:39 [INFO]: *** Expert Rule ***: Normal -> 
 Normal(entity) == Not(Stop(entity))
2026-05-22 21:49:39 [INFO]: Rules created successfully
2026-05-22 21:49:39 [INFO]: Rules will be grounded later...
2026-05-22 21:49:39 [INFO]: Given Predicates {'IsPedestrian': {'instance': IsPed, 'arity': 1, 'method': 'IsPed(Entity)', 'function': 'logicity.utils.pred_converter.z3.IsPed'}, 'IsCar': {'instance': IsCar, 'arity': 1, 'method': 'IsCar(Entity)', 'function': 'logicity.utils.pred_converter.z3.IsCar'}, 'IsAmbulance': {'instance': IsAmb, 'arity': 1, 'method': 'IsAmb(Entity)', 'function': 'logicity.utils.pred_converter.z3.IsAmb'}, 'IsOld': {'instance': IsOld, 'arity': 1, 'method': 'IsOld(Entity)', 'function': 'logicity.utils.pred_converter.z3.IsOld'}, 'IsTiro': {'instance': IsTiro, 'arity': 1, 'method': 'IsTiro(Entity)', 'function': 'logicity.utils.pred_converter.z3.IsTiro'}, 'IsAtInter': {'instance': IsAtInter, 'arity': 1, 'method': 'IsAtInter(Entity)', 'function': 'logicity.utils.pred_converter.z3.IsAtInter'}, 'IsInInter': {'instance': IsInInter, 'arity': 1, 'method': 'IsInInter(Entity)', 'function': 'logicity.utils.pred_converter.z3.IsInInter'}, 'HigherPri': {'instance': HigherPri, 'arity': 2, 'method': 'HigherPri(Entity, Entity)', 'function': 'logicity.utils.pred_converter.z3.HigherPri'}, 'CollidingClose': {'instance': CollidingClose, 'arity': 2, 'method': 'CollidingClose(Entity, Entity)', 'function': 'logicity.utils.pred_converter.z3.CollidingClose'}, 'Stop': {'instance': Stop, 'arity': 1, 'method': 'Stop(Entity)', 'function': 'None'}, 'Fast': {'instance': Fast, 'arity': 1, 'method': 'Fast(Entity)', 'function': 'None'}, 'Normal': {'instance': Normal, 'arity': 1, 'method': 'Normal(Entity)', 'function': 'None'}, 'Slow': {'instance': Slow, 'arity': 1, 'method': 'Slow(Entity)', 'function': 'None'}}, the FOV entities {'Entity': 3}, The logic grounding shape is: 39
2026-05-22 21:49:39 [INFO]: Local planner constructed!
2026-05-22 21:49:39 [INFO]: Constructing 22 streets
2026-05-22 21:49:39 [INFO]: Constructing 16 buildings
2026-05-22 21:49:40 [INFO]: Adding 4 agents, they are constrained in 103 region
2026-05-22 21:49:41 [INFO]: Car_1 initialization done!
2026-05-22 21:49:41 [INFO]: Pedestrian_1 initialization done!
2026-05-22 21:49:41 [INFO]: Car_2 initialization done!
2026-05-22 21:49:42 [INFO]: Car_3 initialization done!
2026-05-22 21:49:42 [INFO]: Done!
2026-05-22 21:49:42 [INFO]: ***Init RL Agent in Env***
2026-05-22 21:49:54 [INFO]: will reset agent by success
2026-05-22 21:49:54 [INFO]: ***Reset RL Agent in Env***
2026-05-22 21:49:55 [INFO]: Car_1 initialization done!
2026-05-22 21:49:55 [INFO]: Pedestrian_1 initialization done!
2026-05-22 21:49:56 [INFO]: Car_2 initialization done!
2026-05-22 21:49:56 [INFO]: Car_3 initialization done!
2026-05-22 21:49:56 [INFO]: Agent reset priority to 1/4
2026-05-22 21:49:56 [INFO]: Agent reset concepts to {'type': 'Car', 'priority': 1}
2026-05-22 21:49:56 [INFO]: Episode 3 success.
2026-05-22 21:49:56 [INFO]: Episode 3 achieved a score of 4.380000000000006
2026-05-22 21:49:56 [INFO]: Episode 3 Success: 1
2026-05-22 21:49:56 [INFO]: Episode 3 Decision Step: {3: 1}
2026-05-22 21:49:56 [INFO]: Episode 3 Success Decision: {3: 1}
2026-05-22 21:49:56 [INFO]: Evaluating episode 4...
2026-05-22 21:49:56 [INFO]: Episode label: {'oracle_step': 26, 'stop_count': 0, 'has_stop': False, 'ego_crosses': True, 'ego_eta': 23, 'ego_direction': 'right', 'other_crosses': 3, 'close_other_count': 0, 'pedestrian_close': None, 'conflicting_approach': False, 'total_crosses': 4}
2026-05-22 21:49:56 [INFO]: Get map info from config/maps/square_2x2.yaml
2026-05-22 21:49:56 [INFO]: Get agent info from config/agents/easy_lite/val.yaml
2026-05-22 21:49:56 [INFO]: Get onology and rules info from config/rules/ontology_easy.yaml, config/rules/Nav/easy/expert.yaml
2026-05-22 21:49:56 [INFO]: Number of Entity Types: 1
Entity Types:
- Entity
2026-05-22 21:49:56 [INFO]: Number of Predicates: 13
Predicates:
- IsPedestrian: {'instance': "Function('IsPed', entity_sorts['Entity'], BoolSort())", 'arity': 1, 'method': 'IsPed(Entity)', 'function': 'logicity.utils.pred_converter.z3.IsPed'}
- IsCar: {'instance': "Function('IsCar', entity_sorts['Entity'], BoolSort())", 'arity': 1, 'method': 'IsCar(Entity)', 'function': 'logicity.utils.pred_converter.z3.IsCar'}
- IsAmbulance: {'instance': "Function('IsAmb', entity_sorts['Entity'], BoolSort())", 'arity': 1, 'method': 'IsAmb(Entity)', 'function': 'logicity.utils.pred_converter.z3.IsAmb'}
- IsOld: {'instance': "Function('IsOld', entity_sorts['Entity'], BoolSort())", 'arity': 1, 'method': 'IsOld(Entity)', 'function': 'logicity.utils.pred_converter.z3.IsOld'}
- IsTiro: {'instance': "Function('IsTiro', entity_sorts['Entity'], BoolSort())", 'arity': 1, 'method': 'IsTiro(Entity)', 'function': 'logicity.utils.pred_converter.z3.IsTiro'}
- IsAtInter: {'instance': "Function('IsAtInter', entity_sorts['Entity'], BoolSort())", 'arity': 1, 'method': 'IsAtInter(Entity)', 'function': 'logicity.utils.pred_converter.z3.IsAtInter'}
- IsInInter: {'instance': "Function('IsInInter', entity_sorts['Entity'], BoolSort())", 'arity': 1, 'method': 'IsInInter(Entity)', 'function': 'logicity.utils.pred_converter.z3.IsInInter'}
- HigherPri: {'instance': "Function('HigherPri', entity_sorts['Entity'], entity_sorts['Entity'], BoolSort())", 'arity': 2, 'method': 'HigherPri(Entity, Entity)', 'function': 'logicity.utils.pred_converter.z3.HigherPri'}
- CollidingClose: {'instance': "Function('CollidingClose', entity_sorts['Entity'], entity_sorts['Entity'], BoolSort())", 'arity': 2, 'method': 'CollidingClose(Entity, Entity)', 'function': 'logicity.utils.pred_converter.z3.CollidingClose'}
- Stop: {'instance': "Function('Stop', entity_sorts['Entity'], BoolSort())", 'arity': 1, 'method': 'Stop(Entity)', 'function': 'None'}
- Fast: {'instance': "Function('Fast', entity_sorts['Entity'], BoolSort())", 'arity': 1, 'method': 'Fast(Entity)', 'function': 'None'}
- Normal: {'instance': "Function('Normal', entity_sorts['Entity'], BoolSort())", 'arity': 1, 'method': 'Normal(Entity)', 'function': 'None'}
- Slow: {'instance': "Function('Slow', entity_sorts['Entity'], BoolSort())", 'arity': 1, 'method': 'Slow(Entity)', 'function': 'None'}
2026-05-22 21:49:56 [INFO]: *** Sim Rule ***: Stop -> 
 Stop(entity) == Exists(
  [dummyEntity], 
  Or(
    And(
      IsAtInter(entity), 
      IsInInter(dummyEntity), 
    ),
    And(
      IsAtInter(entity), 
      IsAtInter(dummyEntity), 
      HigherPri(dummyEntity, entity),
    ),
    CollidingClose(entity, dummyEntity)
  )
)

2026-05-22 21:49:56 [INFO]: *** Task Rule ***: Collision and Intersection -> 
 Implies(Exists(
  [dummyEntity], 
    Or(
      And(
        IsAtInter(entity), 
        IsInInter(dummyEntity), 
      ),
      And(
        IsAtInter(entity), 
        IsAtInter(dummyEntity), 
        HigherPri(dummyEntity, entity),
      ),
      CollidingClose(entity, dummyEntity)
    )
  ),
  Stop(entity)
)

2026-05-22 21:49:56 [INFO]: *** Expert Rule ***: Stop -> 
 Stop(entity) == Exists(
[dummyEntity], 
  Or(
    And(
      IsAtInter(entity), 
      IsInInter(dummyEntity), 
    ),
    And(
      IsAtInter(entity), 
      IsAtInter(dummyEntity), 
      HigherPri(dummyEntity, entity),
    ),
    CollidingClose(entity, dummyEntity)
  )
)

2026-05-22 21:49:56 [INFO]: *** Expert Rule ***: Slow -> 
 Not(Slow(entity))

2026-05-22 21:49:56 [INFO]: *** Expert Rule ***: Fast -> 
 Not(Fast(entity))

2026-05-22 21:49:56 [INFO]: *** Expert Rule ***: Normal -> 
 Normal(entity) == Not(Stop(entity))
2026-05-22 21:49:56 [INFO]: Rules created successfully
2026-05-22 21:49:56 [INFO]: Rules will be grounded later...
2026-05-22 21:49:56 [INFO]: Given Predicates {'IsPedestrian': {'instance': IsPed, 'arity': 1, 'method': 'IsPed(Entity)', 'function': 'logicity.utils.pred_converter.z3.IsPed'}, 'IsCar': {'instance': IsCar, 'arity': 1, 'method': 'IsCar(Entity)', 'function': 'logicity.utils.pred_converter.z3.IsCar'}, 'IsAmbulance': {'instance': IsAmb, 'arity': 1, 'method': 'IsAmb(Entity)', 'function': 'logicity.utils.pred_converter.z3.IsAmb'}, 'IsOld': {'instance': IsOld, 'arity': 1, 'method': 'IsOld(Entity)', 'function': 'logicity.utils.pred_converter.z3.IsOld'}, 'IsTiro': {'instance': IsTiro, 'arity': 1, 'method': 'IsTiro(Entity)', 'function': 'logicity.utils.pred_converter.z3.IsTiro'}, 'IsAtInter': {'instance': IsAtInter, 'arity': 1, 'method': 'IsAtInter(Entity)', 'function': 'logicity.utils.pred_converter.z3.IsAtInter'}, 'IsInInter': {'instance': IsInInter, 'arity': 1, 'method': 'IsInInter(Entity)', 'function': 'logicity.utils.pred_converter.z3.IsInInter'}, 'HigherPri': {'instance': HigherPri, 'arity': 2, 'method': 'HigherPri(Entity, Entity)', 'function': 'logicity.utils.pred_converter.z3.HigherPri'}, 'CollidingClose': {'instance': CollidingClose, 'arity': 2, 'method': 'CollidingClose(Entity, Entity)', 'function': 'logicity.utils.pred_converter.z3.CollidingClose'}, 'Stop': {'instance': Stop, 'arity': 1, 'method': 'Stop(Entity)', 'function': 'None'}, 'Fast': {'instance': Fast, 'arity': 1, 'method': 'Fast(Entity)', 'function': 'None'}, 'Normal': {'instance': Normal, 'arity': 1, 'method': 'Normal(Entity)', 'function': 'None'}, 'Slow': {'instance': Slow, 'arity': 1, 'method': 'Slow(Entity)', 'function': 'None'}}, the FOV entities {'Entity': 3}, The logic grounding shape is: 39
2026-05-22 21:49:56 [INFO]: Local planner constructed!
2026-05-22 21:49:56 [INFO]: Constructing 22 streets
2026-05-22 21:49:57 [INFO]: Constructing 16 buildings
2026-05-22 21:49:58 [INFO]: Adding 4 agents, they are constrained in 103 region
2026-05-22 21:49:58 [INFO]: Car_1 initialization done!
2026-05-22 21:49:58 [INFO]: Pedestrian_1 initialization done!
2026-05-22 21:49:59 [INFO]: Car_2 initialization done!
2026-05-22 21:49:59 [INFO]: Car_3 initialization done!
2026-05-22 21:49:59 [INFO]: Done!
2026-05-22 21:49:59 [INFO]: ***Init RL Agent in Env***
2026-05-22 21:50:13 [INFO]: Episode 4 failed.
2026-05-22 21:50:13 [INFO]: Episode 4 achieved a score of -2.4200000000000004
2026-05-22 21:50:13 [INFO]: Episode 4 Success: 0
2026-05-22 21:50:13 [INFO]: Episode 4 Decision Step: {3: 1}
2026-05-22 21:50:13 [INFO]: Episode 4 Success Decision: {3: 1}
2026-05-22 21:50:13 [INFO]: Evaluating episode 5...
2026-05-22 21:50:13 [INFO]: Episode label: {'oracle_step': 51, 'stop_count': 0, 'has_stop': False, 'ego_crosses': True, 'ego_eta': 9, 'ego_direction': 'down', 'other_crosses': 3, 'close_other_count': 0, 'pedestrian_close': None, 'conflicting_approach': False, 'total_crosses': 4}
2026-05-22 21:50:13 [INFO]: Get map info from config/maps/square_2x2.yaml
2026-05-22 21:50:13 [INFO]: Get agent info from config/agents/easy_lite/val.yaml
2026-05-22 21:50:13 [INFO]: Get onology and rules info from config/rules/ontology_easy.yaml, config/rules/Nav/easy/expert.yaml
2026-05-22 21:50:13 [INFO]: Number of Entity Types: 1
Entity Types:
- Entity
2026-05-22 21:50:13 [INFO]: Number of Predicates: 13
Predicates:
- IsPedestrian: {'instance': "Function('IsPed', entity_sorts['Entity'], BoolSort())", 'arity': 1, 'method': 'IsPed(Entity)', 'function': 'logicity.utils.pred_converter.z3.IsPed'}
- IsCar: {'instance': "Function('IsCar', entity_sorts['Entity'], BoolSort())", 'arity': 1, 'method': 'IsCar(Entity)', 'function': 'logicity.utils.pred_converter.z3.IsCar'}
- IsAmbulance: {'instance': "Function('IsAmb', entity_sorts['Entity'], BoolSort())", 'arity': 1, 'method': 'IsAmb(Entity)', 'function': 'logicity.utils.pred_converter.z3.IsAmb'}
- IsOld: {'instance': "Function('IsOld', entity_sorts['Entity'], BoolSort())", 'arity': 1, 'method': 'IsOld(Entity)', 'function': 'logicity.utils.pred_converter.z3.IsOld'}
- IsTiro: {'instance': "Function('IsTiro', entity_sorts['Entity'], BoolSort())", 'arity': 1, 'method': 'IsTiro(Entity)', 'function': 'logicity.utils.pred_converter.z3.IsTiro'}
- IsAtInter: {'instance': "Function('IsAtInter', entity_sorts['Entity'], BoolSort())", 'arity': 1, 'method': 'IsAtInter(Entity)', 'function': 'logicity.utils.pred_converter.z3.IsAtInter'}
- IsInInter: {'instance': "Function('IsInInter', entity_sorts['Entity'], BoolSort())", 'arity': 1, 'method': 'IsInInter(Entity)', 'function': 'logicity.utils.pred_converter.z3.IsInInter'}
- HigherPri: {'instance': "Function('HigherPri', entity_sorts['Entity'], entity_sorts['Entity'], BoolSort())", 'arity': 2, 'method': 'HigherPri(Entity, Entity)', 'function': 'logicity.utils.pred_converter.z3.HigherPri'}
- CollidingClose: {'instance': "Function('CollidingClose', entity_sorts['Entity'], entity_sorts['Entity'], BoolSort())", 'arity': 2, 'method': 'CollidingClose(Entity, Entity)', 'function': 'logicity.utils.pred_converter.z3.CollidingClose'}
- Stop: {'instance': "Function('Stop', entity_sorts['Entity'], BoolSort())", 'arity': 1, 'method': 'Stop(Entity)', 'function': 'None'}
- Fast: {'instance': "Function('Fast', entity_sorts['Entity'], BoolSort())", 'arity': 1, 'method': 'Fast(Entity)', 'function': 'None'}
- Normal: {'instance': "Function('Normal', entity_sorts['Entity'], BoolSort())", 'arity': 1, 'method': 'Normal(Entity)', 'function': 'None'}
- Slow: {'instance': "Function('Slow', entity_sorts['Entity'], BoolSort())", 'arity': 1, 'method': 'Slow(Entity)', 'function': 'None'}
2026-05-22 21:50:13 [INFO]: *** Sim Rule ***: Stop -> 
 Stop(entity) == Exists(
  [dummyEntity], 
  Or(
    And(
      IsAtInter(entity), 
      IsInInter(dummyEntity), 
    ),
    And(
      IsAtInter(entity), 
      IsAtInter(dummyEntity), 
      HigherPri(dummyEntity, entity),
    ),
    CollidingClose(entity, dummyEntity)
  )
)

2026-05-22 21:50:13 [INFO]: *** Task Rule ***: Collision and Intersection -> 
 Implies(Exists(
  [dummyEntity], 
    Or(
      And(
        IsAtInter(entity), 
        IsInInter(dummyEntity), 
      ),
      And(
        IsAtInter(entity), 
        IsAtInter(dummyEntity), 
        HigherPri(dummyEntity, entity),
      ),
      CollidingClose(entity, dummyEntity)
    )
  ),
  Stop(entity)
)

2026-05-22 21:50:13 [INFO]: *** Expert Rule ***: Stop -> 
 Stop(entity) == Exists(
[dummyEntity], 
  Or(
    And(
      IsAtInter(entity), 
      IsInInter(dummyEntity), 
    ),
    And(
      IsAtInter(entity), 
      IsAtInter(dummyEntity), 
      HigherPri(dummyEntity, entity),
    ),
    CollidingClose(entity, dummyEntity)
  )
)

2026-05-22 21:50:13 [INFO]: *** Expert Rule ***: Slow -> 
 Not(Slow(entity))

2026-05-22 21:50:13 [INFO]: *** Expert Rule ***: Fast -> 
 Not(Fast(entity))

2026-05-22 21:50:13 [INFO]: *** Expert Rule ***: Normal -> 
 Normal(entity) == Not(Stop(entity))
2026-05-22 21:50:13 [INFO]: Rules created successfully
2026-05-22 21:50:13 [INFO]: Rules will be grounded later...
2026-05-22 21:50:13 [INFO]: Given Predicates {'IsPedestrian': {'instance': IsPed, 'arity': 1, 'method': 'IsPed(Entity)', 'function': 'logicity.utils.pred_converter.z3.IsPed'}, 'IsCar': {'instance': IsCar, 'arity': 1, 'method': 'IsCar(Entity)', 'function': 'logicity.utils.pred_converter.z3.IsCar'}, 'IsAmbulance': {'instance': IsAmb, 'arity': 1, 'method': 'IsAmb(Entity)', 'function': 'logicity.utils.pred_converter.z3.IsAmb'}, 'IsOld': {'instance': IsOld, 'arity': 1, 'method': 'IsOld(Entity)', 'function': 'logicity.utils.pred_converter.z3.IsOld'}, 'IsTiro': {'instance': IsTiro, 'arity': 1, 'method': 'IsTiro(Entity)', 'function': 'logicity.utils.pred_converter.z3.IsTiro'}, 'IsAtInter': {'instance': IsAtInter, 'arity': 1, 'method': 'IsAtInter(Entity)', 'function': 'logicity.utils.pred_converter.z3.IsAtInter'}, 'IsInInter': {'instance': IsInInter, 'arity': 1, 'method': 'IsInInter(Entity)', 'function': 'logicity.utils.pred_converter.z3.IsInInter'}, 'HigherPri': {'instance': HigherPri, 'arity': 2, 'method': 'HigherPri(Entity, Entity)', 'function': 'logicity.utils.pred_converter.z3.HigherPri'}, 'CollidingClose': {'instance': CollidingClose, 'arity': 2, 'method': 'CollidingClose(Entity, Entity)', 'function': 'logicity.utils.pred_converter.z3.CollidingClose'}, 'Stop': {'instance': Stop, 'arity': 1, 'method': 'Stop(Entity)', 'function': 'None'}, 'Fast': {'instance': Fast, 'arity': 1, 'method': 'Fast(Entity)', 'function': 'None'}, 'Normal': {'instance': Normal, 'arity': 1, 'method': 'Normal(Entity)', 'function': 'None'}, 'Slow': {'instance': Slow, 'arity': 1, 'method': 'Slow(Entity)', 'function': 'None'}}, the FOV entities {'Entity': 3}, The logic grounding shape is: 39
2026-05-22 21:50:13 [INFO]: Local planner constructed!
2026-05-22 21:50:13 [INFO]: Constructing 22 streets
2026-05-22 21:50:14 [INFO]: Constructing 16 buildings
2026-05-22 21:50:15 [INFO]: Adding 4 agents, they are constrained in 103 region
2026-05-22 21:50:15 [INFO]: Car_1 initialization done!
2026-05-22 21:50:15 [INFO]: Pedestrian_1 initialization done!
2026-05-22 21:50:16 [INFO]: Car_2 initialization done!
2026-05-22 21:50:16 [INFO]: Car_3 initialization done!
2026-05-22 21:50:16 [INFO]: Done!
2026-05-22 21:50:16 [INFO]: ***Init RL Agent in Env***
2026-05-22 21:50:25 [INFO]: will reset agent by success
2026-05-22 21:50:25 [INFO]: ***Reset RL Agent in Env***
2026-05-22 21:50:26 [INFO]: Car_1 initialization done!
2026-05-22 21:50:26 [INFO]: Pedestrian_1 initialization done!
2026-05-22 21:50:26 [INFO]: Car_2 initialization done!
2026-05-22 21:50:27 [INFO]: Car_3 initialization done!
2026-05-22 21:50:27 [INFO]: Agent reset priority to 2/4
2026-05-22 21:50:27 [INFO]: Agent reset concepts to {'type': 'Car', 'priority': 2}
2026-05-22 21:50:27 [INFO]: Episode 5 success.
2026-05-22 21:50:27 [INFO]: Episode 5 achieved a score of 5.4300000000000015
2026-05-22 21:50:27 [INFO]: Episode 5 Success: 1
2026-05-22 21:50:27 [INFO]: Episode 5 Decision Step: {3: 0}
2026-05-22 21:50:27 [INFO]: Episode 5 Success Decision: {3: 0}
2026-05-22 21:50:27 [INFO]: Evaluating episode 6...
2026-05-22 21:50:27 [INFO]: Episode label: {'oracle_step': 21, 'stop_count': 0, 'has_stop': False, 'ego_crosses': True, 'ego_eta': 11, 'ego_direction': 'right', 'other_crosses': 3, 'close_other_count': 0, 'pedestrian_close': None, 'conflicting_approach': False, 'total_crosses': 4}
2026-05-22 21:50:27 [INFO]: Get map info from config/maps/square_2x2.yaml
2026-05-22 21:50:27 [INFO]: Get agent info from config/agents/easy_lite/val.yaml
2026-05-22 21:50:27 [INFO]: Get onology and rules info from config/rules/ontology_easy.yaml, config/rules/Nav/easy/expert.yaml
2026-05-22 21:50:27 [INFO]: Number of Entity Types: 1
Entity Types:
- Entity
2026-05-22 21:50:27 [INFO]: Number of Predicates: 13
Predicates:
- IsPedestrian: {'instance': "Function('IsPed', entity_sorts['Entity'], BoolSort())", 'arity': 1, 'method': 'IsPed(Entity)', 'function': 'logicity.utils.pred_converter.z3.IsPed'}
- IsCar: {'instance': "Function('IsCar', entity_sorts['Entity'], BoolSort())", 'arity': 1, 'method': 'IsCar(Entity)', 'function': 'logicity.utils.pred_converter.z3.IsCar'}
- IsAmbulance: {'instance': "Function('IsAmb', entity_sorts['Entity'], BoolSort())", 'arity': 1, 'method': 'IsAmb(Entity)', 'function': 'logicity.utils.pred_converter.z3.IsAmb'}
- IsOld: {'instance': "Function('IsOld', entity_sorts['Entity'], BoolSort())", 'arity': 1, 'method': 'IsOld(Entity)', 'function': 'logicity.utils.pred_converter.z3.IsOld'}
- IsTiro: {'instance': "Function('IsTiro', entity_sorts['Entity'], BoolSort())", 'arity': 1, 'method': 'IsTiro(Entity)', 'function': 'logicity.utils.pred_converter.z3.IsTiro'}
- IsAtInter: {'instance': "Function('IsAtInter', entity_sorts['Entity'], BoolSort())", 'arity': 1, 'method': 'IsAtInter(Entity)', 'function': 'logicity.utils.pred_converter.z3.IsAtInter'}
- IsInInter: {'instance': "Function('IsInInter', entity_sorts['Entity'], BoolSort())", 'arity': 1, 'method': 'IsInInter(Entity)', 'function': 'logicity.utils.pred_converter.z3.IsInInter'}
- HigherPri: {'instance': "Function('HigherPri', entity_sorts['Entity'], entity_sorts['Entity'], BoolSort())", 'arity': 2, 'method': 'HigherPri(Entity, Entity)', 'function': 'logicity.utils.pred_converter.z3.HigherPri'}
- CollidingClose: {'instance': "Function('CollidingClose', entity_sorts['Entity'], entity_sorts['Entity'], BoolSort())", 'arity': 2, 'method': 'CollidingClose(Entity, Entity)', 'function': 'logicity.utils.pred_converter.z3.CollidingClose'}
- Stop: {'instance': "Function('Stop', entity_sorts['Entity'], BoolSort())", 'arity': 1, 'method': 'Stop(Entity)', 'function': 'None'}
- Fast: {'instance': "Function('Fast', entity_sorts['Entity'], BoolSort())", 'arity': 1, 'method': 'Fast(Entity)', 'function': 'None'}
- Normal: {'instance': "Function('Normal', entity_sorts['Entity'], BoolSort())", 'arity': 1, 'method': 'Normal(Entity)', 'function': 'None'}
- Slow: {'instance': "Function('Slow', entity_sorts['Entity'], BoolSort())", 'arity': 1, 'method': 'Slow(Entity)', 'function': 'None'}
2026-05-22 21:50:27 [INFO]: *** Sim Rule ***: Stop -> 
 Stop(entity) == Exists(
  [dummyEntity], 
  Or(
    And(
      IsAtInter(entity), 
      IsInInter(dummyEntity), 
    ),
    And(
      IsAtInter(entity), 
      IsAtInter(dummyEntity), 
      HigherPri(dummyEntity, entity),
    ),
    CollidingClose(entity, dummyEntity)
  )
)

2026-05-22 21:50:27 [INFO]: *** Task Rule ***: Collision and Intersection -> 
 Implies(Exists(
  [dummyEntity], 
    Or(
      And(
        IsAtInter(entity), 
        IsInInter(dummyEntity), 
      ),
      And(
        IsAtInter(entity), 
        IsAtInter(dummyEntity), 
        HigherPri(dummyEntity, entity),
      ),
      CollidingClose(entity, dummyEntity)
    )
  ),
  Stop(entity)
)

2026-05-22 21:50:27 [INFO]: *** Expert Rule ***: Stop -> 
 Stop(entity) == Exists(
[dummyEntity], 
  Or(
    And(
      IsAtInter(entity), 
      IsInInter(dummyEntity), 
    ),
    And(
      IsAtInter(entity), 
      IsAtInter(dummyEntity), 
      HigherPri(dummyEntity, entity),
    ),
    CollidingClose(entity, dummyEntity)
  )
)

2026-05-22 21:50:27 [INFO]: *** Expert Rule ***: Slow -> 
 Not(Slow(entity))

2026-05-22 21:50:27 [INFO]: *** Expert Rule ***: Fast -> 
 Not(Fast(entity))

2026-05-22 21:50:27 [INFO]: *** Expert Rule ***: Normal -> 
 Normal(entity) == Not(Stop(entity))
2026-05-22 21:50:27 [INFO]: Rules created successfully
2026-05-22 21:50:27 [INFO]: Rules will be grounded later...
2026-05-22 21:50:27 [INFO]: Given Predicates {'IsPedestrian': {'instance': IsPed, 'arity': 1, 'method': 'IsPed(Entity)', 'function': 'logicity.utils.pred_converter.z3.IsPed'}, 'IsCar': {'instance': IsCar, 'arity': 1, 'method': 'IsCar(Entity)', 'function': 'logicity.utils.pred_converter.z3.IsCar'}, 'IsAmbulance': {'instance': IsAmb, 'arity': 1, 'method': 'IsAmb(Entity)', 'function': 'logicity.utils.pred_converter.z3.IsAmb'}, 'IsOld': {'instance': IsOld, 'arity': 1, 'method': 'IsOld(Entity)', 'function': 'logicity.utils.pred_converter.z3.IsOld'}, 'IsTiro': {'instance': IsTiro, 'arity': 1, 'method': 'IsTiro(Entity)', 'function': 'logicity.utils.pred_converter.z3.IsTiro'}, 'IsAtInter': {'instance': IsAtInter, 'arity': 1, 'method': 'IsAtInter(Entity)', 'function': 'logicity.utils.pred_converter.z3.IsAtInter'}, 'IsInInter': {'instance': IsInInter, 'arity': 1, 'method': 'IsInInter(Entity)', 'function': 'logicity.utils.pred_converter.z3.IsInInter'}, 'HigherPri': {'instance': HigherPri, 'arity': 2, 'method': 'HigherPri(Entity, Entity)', 'function': 'logicity.utils.pred_converter.z3.HigherPri'}, 'CollidingClose': {'instance': CollidingClose, 'arity': 2, 'method': 'CollidingClose(Entity, Entity)', 'function': 'logicity.utils.pred_converter.z3.CollidingClose'}, 'Stop': {'instance': Stop, 'arity': 1, 'method': 'Stop(Entity)', 'function': 'None'}, 'Fast': {'instance': Fast, 'arity': 1, 'method': 'Fast(Entity)', 'function': 'None'}, 'Normal': {'instance': Normal, 'arity': 1, 'method': 'Normal(Entity)', 'function': 'None'}, 'Slow': {'instance': Slow, 'arity': 1, 'method': 'Slow(Entity)', 'function': 'None'}}, the FOV entities {'Entity': 3}, The logic grounding shape is: 39
2026-05-22 21:50:27 [INFO]: Local planner constructed!
2026-05-22 21:50:27 [INFO]: Constructing 22 streets
2026-05-22 21:50:27 [INFO]: Constructing 16 buildings
2026-05-22 21:50:28 [INFO]: Adding 4 agents, they are constrained in 103 region
2026-05-22 21:50:28 [INFO]: Car_1 initialization done!
2026-05-22 21:50:28 [INFO]: Pedestrian_1 initialization done!
2026-05-22 21:50:29 [INFO]: Car_2 initialization done!
2026-05-22 21:50:30 [INFO]: Car_3 initialization done!
2026-05-22 21:50:30 [INFO]: Done!
2026-05-22 21:50:30 [INFO]: ***Init RL Agent in Env***
2026-05-22 21:50:33 [INFO]: will reset agent by success
2026-05-22 21:50:33 [INFO]: ***Reset RL Agent in Env***
2026-05-22 21:50:34 [INFO]: Car_1 initialization done!
2026-05-22 21:50:34 [INFO]: Pedestrian_1 initialization done!
2026-05-22 21:50:34 [INFO]: Car_2 initialization done!
2026-05-22 21:50:35 [INFO]: Car_3 initialization done!
2026-05-22 21:50:35 [INFO]: Agent reset priority to 1/4
2026-05-22 21:50:35 [INFO]: Agent reset concepts to {'type': 'Car', 'priority': 1}
2026-05-22 21:50:35 [INFO]: Episode 6 success.
2026-05-22 21:50:35 [INFO]: Episode 6 achieved a score of 2.6400000000000006
2026-05-22 21:50:35 [INFO]: Episode 6 Success: 1
2026-05-22 21:50:35 [INFO]: Episode 6 Decision Step: {3: 0}
2026-05-22 21:50:35 [INFO]: Episode 6 Success Decision: {3: 0}
2026-05-22 21:50:35 [INFO]: Evaluating episode 7...
2026-05-22 21:50:35 [INFO]: Episode label: {'oracle_step': 83, 'stop_count': 41, 'has_stop': True, 'ego_crosses': True, 'ego_eta': 57, 'ego_direction': 'down', 'other_crosses': 3, 'close_other_count': 0, 'pedestrian_close': None, 'conflicting_approach': False, 'total_crosses': 4}
2026-05-22 21:50:35 [INFO]: Get map info from config/maps/square_2x2.yaml
2026-05-22 21:50:35 [INFO]: Get agent info from config/agents/easy_lite/val.yaml
2026-05-22 21:50:35 [INFO]: Get onology and rules info from config/rules/ontology_easy.yaml, config/rules/Nav/easy/expert.yaml
2026-05-22 21:50:35 [INFO]: Number of Entity Types: 1
Entity Types:
- Entity
2026-05-22 21:50:35 [INFO]: Number of Predicates: 13
Predicates:
- IsPedestrian: {'instance': "Function('IsPed', entity_sorts['Entity'], BoolSort())", 'arity': 1, 'method': 'IsPed(Entity)', 'function': 'logicity.utils.pred_converter.z3.IsPed'}
- IsCar: {'instance': "Function('IsCar', entity_sorts['Entity'], BoolSort())", 'arity': 1, 'method': 'IsCar(Entity)', 'function': 'logicity.utils.pred_converter.z3.IsCar'}
- IsAmbulance: {'instance': "Function('IsAmb', entity_sorts['Entity'], BoolSort())", 'arity': 1, 'method': 'IsAmb(Entity)', 'function': 'logicity.utils.pred_converter.z3.IsAmb'}
- IsOld: {'instance': "Function('IsOld', entity_sorts['Entity'], BoolSort())", 'arity': 1, 'method': 'IsOld(Entity)', 'function': 'logicity.utils.pred_converter.z3.IsOld'}
- IsTiro: {'instance': "Function('IsTiro', entity_sorts['Entity'], BoolSort())", 'arity': 1, 'method': 'IsTiro(Entity)', 'function': 'logicity.utils.pred_converter.z3.IsTiro'}
- IsAtInter: {'instance': "Function('IsAtInter', entity_sorts['Entity'], BoolSort())", 'arity': 1, 'method': 'IsAtInter(Entity)', 'function': 'logicity.utils.pred_converter.z3.IsAtInter'}
- IsInInter: {'instance': "Function('IsInInter', entity_sorts['Entity'], BoolSort())", 'arity': 1, 'method': 'IsInInter(Entity)', 'function': 'logicity.utils.pred_converter.z3.IsInInter'}
- HigherPri: {'instance': "Function('HigherPri', entity_sorts['Entity'], entity_sorts['Entity'], BoolSort())", 'arity': 2, 'method': 'HigherPri(Entity, Entity)', 'function': 'logicity.utils.pred_converter.z3.HigherPri'}
- CollidingClose: {'instance': "Function('CollidingClose', entity_sorts['Entity'], entity_sorts['Entity'], BoolSort())", 'arity': 2, 'method': 'CollidingClose(Entity, Entity)', 'function': 'logicity.utils.pred_converter.z3.CollidingClose'}
- Stop: {'instance': "Function('Stop', entity_sorts['Entity'], BoolSort())", 'arity': 1, 'method': 'Stop(Entity)', 'function': 'None'}
- Fast: {'instance': "Function('Fast', entity_sorts['Entity'], BoolSort())", 'arity': 1, 'method': 'Fast(Entity)', 'function': 'None'}
- Normal: {'instance': "Function('Normal', entity_sorts['Entity'], BoolSort())", 'arity': 1, 'method': 'Normal(Entity)', 'function': 'None'}
- Slow: {'instance': "Function('Slow', entity_sorts['Entity'], BoolSort())", 'arity': 1, 'method': 'Slow(Entity)', 'function': 'None'}
2026-05-22 21:50:35 [INFO]: *** Sim Rule ***: Stop -> 
 Stop(entity) == Exists(
  [dummyEntity], 
  Or(
    And(
      IsAtInter(entity), 
      IsInInter(dummyEntity), 
    ),
    And(
      IsAtInter(entity), 
      IsAtInter(dummyEntity), 
      HigherPri(dummyEntity, entity),
    ),
    CollidingClose(entity, dummyEntity)
  )
)

2026-05-22 21:50:35 [INFO]: *** Task Rule ***: Collision and Intersection -> 
 Implies(Exists(
  [dummyEntity], 
    Or(
      And(
        IsAtInter(entity), 
        IsInInter(dummyEntity), 
      ),
      And(
        IsAtInter(entity), 
        IsAtInter(dummyEntity), 
        HigherPri(dummyEntity, entity),
      ),
      CollidingClose(entity, dummyEntity)
    )
  ),
  Stop(entity)
)

2026-05-22 21:50:35 [INFO]: *** Expert Rule ***: Stop -> 
 Stop(entity) == Exists(
[dummyEntity], 
  Or(
    And(
      IsAtInter(entity), 
      IsInInter(dummyEntity), 
    ),
    And(
      IsAtInter(entity), 
      IsAtInter(dummyEntity), 
      HigherPri(dummyEntity, entity),
    ),
    CollidingClose(entity, dummyEntity)
  )
)

2026-05-22 21:50:35 [INFO]: *** Expert Rule ***: Slow -> 
 Not(Slow(entity))

2026-05-22 21:50:35 [INFO]: *** Expert Rule ***: Fast -> 
 Not(Fast(entity))

2026-05-22 21:50:35 [INFO]: *** Expert Rule ***: Normal -> 
 Normal(entity) == Not(Stop(entity))
2026-05-22 21:50:35 [INFO]: Rules created successfully
2026-05-22 21:50:35 [INFO]: Rules will be grounded later...
2026-05-22 21:50:35 [INFO]: Given Predicates {'IsPedestrian': {'instance': IsPed, 'arity': 1, 'method': 'IsPed(Entity)', 'function': 'logicity.utils.pred_converter.z3.IsPed'}, 'IsCar': {'instance': IsCar, 'arity': 1, 'method': 'IsCar(Entity)', 'function': 'logicity.utils.pred_converter.z3.IsCar'}, 'IsAmbulance': {'instance': IsAmb, 'arity': 1, 'method': 'IsAmb(Entity)', 'function': 'logicity.utils.pred_converter.z3.IsAmb'}, 'IsOld': {'instance': IsOld, 'arity': 1, 'method': 'IsOld(Entity)', 'function': 'logicity.utils.pred_converter.z3.IsOld'}, 'IsTiro': {'instance': IsTiro, 'arity': 1, 'method': 'IsTiro(Entity)', 'function': 'logicity.utils.pred_converter.z3.IsTiro'}, 'IsAtInter': {'instance': IsAtInter, 'arity': 1, 'method': 'IsAtInter(Entity)', 'function': 'logicity.utils.pred_converter.z3.IsAtInter'}, 'IsInInter': {'instance': IsInInter, 'arity': 1, 'method': 'IsInInter(Entity)', 'function': 'logicity.utils.pred_converter.z3.IsInInter'}, 'HigherPri': {'instance': HigherPri, 'arity': 2, 'method': 'HigherPri(Entity, Entity)', 'function': 'logicity.utils.pred_converter.z3.HigherPri'}, 'CollidingClose': {'instance': CollidingClose, 'arity': 2, 'method': 'CollidingClose(Entity, Entity)', 'function': 'logicity.utils.pred_converter.z3.CollidingClose'}, 'Stop': {'instance': Stop, 'arity': 1, 'method': 'Stop(Entity)', 'function': 'None'}, 'Fast': {'instance': Fast, 'arity': 1, 'method': 'Fast(Entity)', 'function': 'None'}, 'Normal': {'instance': Normal, 'arity': 1, 'method': 'Normal(Entity)', 'function': 'None'}, 'Slow': {'instance': Slow, 'arity': 1, 'method': 'Slow(Entity)', 'function': 'None'}}, the FOV entities {'Entity': 3}, The logic grounding shape is: 39
2026-05-22 21:50:35 [INFO]: Local planner constructed!
2026-05-22 21:50:35 [INFO]: Constructing 22 streets
2026-05-22 21:50:36 [INFO]: Constructing 16 buildings
2026-05-22 21:50:36 [INFO]: Adding 4 agents, they are constrained in 103 region
2026-05-22 21:50:37 [INFO]: Car_1 initialization done!
2026-05-22 21:50:37 [INFO]: Pedestrian_1 initialization done!
2026-05-22 21:50:37 [INFO]: Car_2 initialization done!
2026-05-22 21:50:38 [INFO]: Car_3 initialization done!
2026-05-22 21:50:38 [INFO]: Done!
2026-05-22 21:50:38 [INFO]: ***Init RL Agent in Env***
2026-05-22 21:50:59 [INFO]: will reset agent by success
2026-05-22 21:50:59 [INFO]: ***Reset RL Agent in Env***
2026-05-22 21:50:59 [INFO]: Car_1 initialization done!
2026-05-22 21:50:59 [INFO]: Pedestrian_1 initialization done!
2026-05-22 21:51:00 [INFO]: Car_2 initialization done!
2026-05-22 21:51:00 [INFO]: Car_3 initialization done!
2026-05-22 21:51:00 [INFO]: Agent reset priority to 2/4
2026-05-22 21:51:00 [INFO]: Agent reset concepts to {'type': 'Car', 'priority': 2}
2026-05-22 21:51:01 [INFO]: Episode 7 success.
2026-05-22 21:51:01 [INFO]: Episode 7 achieved a score of 4.080000000000012
2026-05-22 21:51:01 [INFO]: Episode 7 Success: 1
2026-05-22 21:51:01 [INFO]: Episode 7 Decision Step: {3: 1}
2026-05-22 21:51:01 [INFO]: Episode 7 Success Decision: {3: 1}
2026-05-22 21:51:01 [INFO]: Evaluating episode 8...
2026-05-22 21:51:01 [INFO]: Episode label: {'oracle_step': 33, 'stop_count': 0, 'has_stop': False, 'ego_crosses': True, 'ego_eta': 9, 'ego_direction': 'down', 'other_crosses': 3, 'close_other_count': 0, 'pedestrian_close': None, 'conflicting_approach': False, 'total_crosses': 4}
2026-05-22 21:51:01 [INFO]: Get map info from config/maps/square_2x2.yaml
2026-05-22 21:51:01 [INFO]: Get agent info from config/agents/easy_lite/val.yaml
2026-05-22 21:51:01 [INFO]: Get onology and rules info from config/rules/ontology_easy.yaml, config/rules/Nav/easy/expert.yaml
2026-05-22 21:51:01 [INFO]: Number of Entity Types: 1
Entity Types:
- Entity
2026-05-22 21:51:01 [INFO]: Number of Predicates: 13
Predicates:
- IsPedestrian: {'instance': "Function('IsPed', entity_sorts['Entity'], BoolSort())", 'arity': 1, 'method': 'IsPed(Entity)', 'function': 'logicity.utils.pred_converter.z3.IsPed'}
- IsCar: {'instance': "Function('IsCar', entity_sorts['Entity'], BoolSort())", 'arity': 1, 'method': 'IsCar(Entity)', 'function': 'logicity.utils.pred_converter.z3.IsCar'}
- IsAmbulance: {'instance': "Function('IsAmb', entity_sorts['Entity'], BoolSort())", 'arity': 1, 'method': 'IsAmb(Entity)', 'function': 'logicity.utils.pred_converter.z3.IsAmb'}
- IsOld: {'instance': "Function('IsOld', entity_sorts['Entity'], BoolSort())", 'arity': 1, 'method': 'IsOld(Entity)', 'function': 'logicity.utils.pred_converter.z3.IsOld'}
- IsTiro: {'instance': "Function('IsTiro', entity_sorts['Entity'], BoolSort())", 'arity': 1, 'method': 'IsTiro(Entity)', 'function': 'logicity.utils.pred_converter.z3.IsTiro'}
- IsAtInter: {'instance': "Function('IsAtInter', entity_sorts['Entity'], BoolSort())", 'arity': 1, 'method': 'IsAtInter(Entity)', 'function': 'logicity.utils.pred_converter.z3.IsAtInter'}
- IsInInter: {'instance': "Function('IsInInter', entity_sorts['Entity'], BoolSort())", 'arity': 1, 'method': 'IsInInter(Entity)', 'function': 'logicity.utils.pred_converter.z3.IsInInter'}
- HigherPri: {'instance': "Function('HigherPri', entity_sorts['Entity'], entity_sorts['Entity'], BoolSort())", 'arity': 2, 'method': 'HigherPri(Entity, Entity)', 'function': 'logicity.utils.pred_converter.z3.HigherPri'}
- CollidingClose: {'instance': "Function('CollidingClose', entity_sorts['Entity'], entity_sorts['Entity'], BoolSort())", 'arity': 2, 'method': 'CollidingClose(Entity, Entity)', 'function': 'logicity.utils.pred_converter.z3.CollidingClose'}
- Stop: {'instance': "Function('Stop', entity_sorts['Entity'], BoolSort())", 'arity': 1, 'method': 'Stop(Entity)', 'function': 'None'}
- Fast: {'instance': "Function('Fast', entity_sorts['Entity'], BoolSort())", 'arity': 1, 'method': 'Fast(Entity)', 'function': 'None'}
- Normal: {'instance': "Function('Normal', entity_sorts['Entity'], BoolSort())", 'arity': 1, 'method': 'Normal(Entity)', 'function': 'None'}
- Slow: {'instance': "Function('Slow', entity_sorts['Entity'], BoolSort())", 'arity': 1, 'method': 'Slow(Entity)', 'function': 'None'}
2026-05-22 21:51:01 [INFO]: *** Sim Rule ***: Stop -> 
 Stop(entity) == Exists(
  [dummyEntity], 
  Or(
    And(
      IsAtInter(entity), 
      IsInInter(dummyEntity), 
    ),
    And(
      IsAtInter(entity), 
      IsAtInter(dummyEntity), 
      HigherPri(dummyEntity, entity),
    ),
    CollidingClose(entity, dummyEntity)
  )
)

2026-05-22 21:51:01 [INFO]: *** Task Rule ***: Collision and Intersection -> 
 Implies(Exists(
  [dummyEntity], 
    Or(
      And(
        IsAtInter(entity), 
        IsInInter(dummyEntity), 
      ),
      And(
        IsAtInter(entity), 
        IsAtInter(dummyEntity), 
        HigherPri(dummyEntity, entity),
      ),
      CollidingClose(entity, dummyEntity)
    )
  ),
  Stop(entity)
)

2026-05-22 21:51:01 [INFO]: *** Expert Rule ***: Stop -> 
 Stop(entity) == Exists(
[dummyEntity], 
  Or(
    And(
      IsAtInter(entity), 
      IsInInter(dummyEntity), 
    ),
    And(
      IsAtInter(entity), 
      IsAtInter(dummyEntity), 
      HigherPri(dummyEntity, entity),
    ),
    CollidingClose(entity, dummyEntity)
  )
)

2026-05-22 21:51:01 [INFO]: *** Expert Rule ***: Slow -> 
 Not(Slow(entity))

2026-05-22 21:51:01 [INFO]: *** Expert Rule ***: Fast -> 
 Not(Fast(entity))

2026-05-22 21:51:01 [INFO]: *** Expert Rule ***: Normal -> 
 Normal(entity) == Not(Stop(entity))
2026-05-22 21:51:01 [INFO]: Rules created successfully
2026-05-22 21:51:01 [INFO]: Rules will be grounded later...
2026-05-22 21:51:01 [INFO]: Given Predicates {'IsPedestrian': {'instance': IsPed, 'arity': 1, 'method': 'IsPed(Entity)', 'function': 'logicity.utils.pred_converter.z3.IsPed'}, 'IsCar': {'instance': IsCar, 'arity': 1, 'method': 'IsCar(Entity)', 'function': 'logicity.utils.pred_converter.z3.IsCar'}, 'IsAmbulance': {'instance': IsAmb, 'arity': 1, 'method': 'IsAmb(Entity)', 'function': 'logicity.utils.pred_converter.z3.IsAmb'}, 'IsOld': {'instance': IsOld, 'arity': 1, 'method': 'IsOld(Entity)', 'function': 'logicity.utils.pred_converter.z3.IsOld'}, 'IsTiro': {'instance': IsTiro, 'arity': 1, 'method': 'IsTiro(Entity)', 'function': 'logicity.utils.pred_converter.z3.IsTiro'}, 'IsAtInter': {'instance': IsAtInter, 'arity': 1, 'method': 'IsAtInter(Entity)', 'function': 'logicity.utils.pred_converter.z3.IsAtInter'}, 'IsInInter': {'instance': IsInInter, 'arity': 1, 'method': 'IsInInter(Entity)', 'function': 'logicity.utils.pred_converter.z3.IsInInter'}, 'HigherPri': {'instance': HigherPri, 'arity': 2, 'method': 'HigherPri(Entity, Entity)', 'function': 'logicity.utils.pred_converter.z3.HigherPri'}, 'CollidingClose': {'instance': CollidingClose, 'arity': 2, 'method': 'CollidingClose(Entity, Entity)', 'function': 'logicity.utils.pred_converter.z3.CollidingClose'}, 'Stop': {'instance': Stop, 'arity': 1, 'method': 'Stop(Entity)', 'function': 'None'}, 'Fast': {'instance': Fast, 'arity': 1, 'method': 'Fast(Entity)', 'function': 'None'}, 'Normal': {'instance': Normal, 'arity': 1, 'method': 'Normal(Entity)', 'function': 'None'}, 'Slow': {'instance': Slow, 'arity': 1, 'method': 'Slow(Entity)', 'function': 'None'}}, the FOV entities {'Entity': 3}, The logic grounding shape is: 39
2026-05-22 21:51:01 [INFO]: Local planner constructed!
2026-05-22 21:51:01 [INFO]: Constructing 22 streets
2026-05-22 21:51:01 [INFO]: Constructing 16 buildings
2026-05-22 21:51:02 [INFO]: Adding 4 agents, they are constrained in 103 region
2026-05-22 21:51:02 [INFO]: Car_1 initialization done!
2026-05-22 21:51:02 [INFO]: Pedestrian_1 initialization done!
2026-05-22 21:51:03 [INFO]: Car_2 initialization done!
2026-05-22 21:51:03 [INFO]: Car_3 initialization done!
2026-05-22 21:51:03 [INFO]: Done!
2026-05-22 21:51:03 [INFO]: ***Init RL Agent in Env***
2026-05-22 21:51:11 [INFO]: will reset agent by success
2026-05-22 21:51:11 [INFO]: ***Reset RL Agent in Env***
2026-05-22 21:51:11 [INFO]: Car_1 initialization done!
2026-05-22 21:51:11 [INFO]: Pedestrian_1 initialization done!
2026-05-22 21:51:12 [INFO]: Car_2 initialization done!
2026-05-22 21:51:13 [INFO]: Car_3 initialization done!
2026-05-22 21:51:13 [INFO]: Agent reset priority to 2/4
2026-05-22 21:51:13 [INFO]: Agent reset concepts to {'type': 'Car', 'priority': 2}
2026-05-22 21:51:13 [INFO]: Episode 8 success.
2026-05-22 21:51:13 [INFO]: Episode 8 achieved a score of 3.7700000000000014
2026-05-22 21:51:13 [INFO]: Episode 8 Success: 1
2026-05-22 21:51:13 [INFO]: Episode 8 Decision Step: {3: 0}
2026-05-22 21:51:13 [INFO]: Episode 8 Success Decision: {3: 0}
2026-05-22 21:51:13 [INFO]: Evaluating episode 9...
2026-05-22 21:51:13 [INFO]: Episode label: {'oracle_step': 65, 'stop_count': 0, 'has_stop': False, 'ego_crosses': True, 'ego_eta': 52, 'ego_direction': 'up', 'other_crosses': 3, 'close_other_count': 0, 'pedestrian_close': None, 'conflicting_approach': False, 'total_crosses': 4}
2026-05-22 21:51:13 [INFO]: Get map info from config/maps/square_2x2.yaml
2026-05-22 21:51:13 [INFO]: Get agent info from config/agents/easy_lite/val.yaml
2026-05-22 21:51:13 [INFO]: Get onology and rules info from config/rules/ontology_easy.yaml, config/rules/Nav/easy/expert.yaml
2026-05-22 21:51:13 [INFO]: Number of Entity Types: 1
Entity Types:
- Entity
2026-05-22 21:51:13 [INFO]: Number of Predicates: 13
Predicates:
- IsPedestrian: {'instance': "Function('IsPed', entity_sorts['Entity'], BoolSort())", 'arity': 1, 'method': 'IsPed(Entity)', 'function': 'logicity.utils.pred_converter.z3.IsPed'}
- IsCar: {'instance': "Function('IsCar', entity_sorts['Entity'], BoolSort())", 'arity': 1, 'method': 'IsCar(Entity)', 'function': 'logicity.utils.pred_converter.z3.IsCar'}
- IsAmbulance: {'instance': "Function('IsAmb', entity_sorts['Entity'], BoolSort())", 'arity': 1, 'method': 'IsAmb(Entity)', 'function': 'logicity.utils.pred_converter.z3.IsAmb'}
- IsOld: {'instance': "Function('IsOld', entity_sorts['Entity'], BoolSort())", 'arity': 1, 'method': 'IsOld(Entity)', 'function': 'logicity.utils.pred_converter.z3.IsOld'}
- IsTiro: {'instance': "Function('IsTiro', entity_sorts['Entity'], BoolSort())", 'arity': 1, 'method': 'IsTiro(Entity)', 'function': 'logicity.utils.pred_converter.z3.IsTiro'}
- IsAtInter: {'instance': "Function('IsAtInter', entity_sorts['Entity'], BoolSort())", 'arity': 1, 'method': 'IsAtInter(Entity)', 'function': 'logicity.utils.pred_converter.z3.IsAtInter'}
- IsInInter: {'instance': "Function('IsInInter', entity_sorts['Entity'], BoolSort())", 'arity': 1, 'method': 'IsInInter(Entity)', 'function': 'logicity.utils.pred_converter.z3.IsInInter'}
- HigherPri: {'instance': "Function('HigherPri', entity_sorts['Entity'], entity_sorts['Entity'], BoolSort())", 'arity': 2, 'method': 'HigherPri(Entity, Entity)', 'function': 'logicity.utils.pred_converter.z3.HigherPri'}
- CollidingClose: {'instance': "Function('CollidingClose', entity_sorts['Entity'], entity_sorts['Entity'], BoolSort())", 'arity': 2, 'method': 'CollidingClose(Entity, Entity)', 'function': 'logicity.utils.pred_converter.z3.CollidingClose'}
- Stop: {'instance': "Function('Stop', entity_sorts['Entity'], BoolSort())", 'arity': 1, 'method': 'Stop(Entity)', 'function': 'None'}
- Fast: {'instance': "Function('Fast', entity_sorts['Entity'], BoolSort())", 'arity': 1, 'method': 'Fast(Entity)', 'function': 'None'}
- Normal: {'instance': "Function('Normal', entity_sorts['Entity'], BoolSort())", 'arity': 1, 'method': 'Normal(Entity)', 'function': 'None'}
- Slow: {'instance': "Function('Slow', entity_sorts['Entity'], BoolSort())", 'arity': 1, 'method': 'Slow(Entity)', 'function': 'None'}
2026-05-22 21:51:13 [INFO]: *** Sim Rule ***: Stop -> 
 Stop(entity) == Exists(
  [dummyEntity], 
  Or(
    And(
      IsAtInter(entity), 
      IsInInter(dummyEntity), 
    ),
    And(
      IsAtInter(entity), 
      IsAtInter(dummyEntity), 
      HigherPri(dummyEntity, entity),
    ),
    CollidingClose(entity, dummyEntity)
  )
)

2026-05-22 21:51:13 [INFO]: *** Task Rule ***: Collision and Intersection -> 
 Implies(Exists(
  [dummyEntity], 
    Or(
      And(
        IsAtInter(entity), 
        IsInInter(dummyEntity), 
      ),
      And(
        IsAtInter(entity), 
        IsAtInter(dummyEntity), 
        HigherPri(dummyEntity, entity),
      ),
      CollidingClose(entity, dummyEntity)
    )
  ),
  Stop(entity)
)

2026-05-22 21:51:13 [INFO]: *** Expert Rule ***: Stop -> 
 Stop(entity) == Exists(
[dummyEntity], 
  Or(
    And(
      IsAtInter(entity), 
      IsInInter(dummyEntity), 
    ),
    And(
      IsAtInter(entity), 
      IsAtInter(dummyEntity), 
      HigherPri(dummyEntity, entity),
    ),
    CollidingClose(entity, dummyEntity)
  )
)

2026-05-22 21:51:13 [INFO]: *** Expert Rule ***: Slow -> 
 Not(Slow(entity))

2026-05-22 21:51:13 [INFO]: *** Expert Rule ***: Fast -> 
 Not(Fast(entity))

2026-05-22 21:51:13 [INFO]: *** Expert Rule ***: Normal -> 
 Normal(entity) == Not(Stop(entity))
2026-05-22 21:51:13 [INFO]: Rules created successfully
2026-05-22 21:51:13 [INFO]: Rules will be grounded later...
2026-05-22 21:51:13 [INFO]: Given Predicates {'IsPedestrian': {'instance': IsPed, 'arity': 1, 'method': 'IsPed(Entity)', 'function': 'logicity.utils.pred_converter.z3.IsPed'}, 'IsCar': {'instance': IsCar, 'arity': 1, 'method': 'IsCar(Entity)', 'function': 'logicity.utils.pred_converter.z3.IsCar'}, 'IsAmbulance': {'instance': IsAmb, 'arity': 1, 'method': 'IsAmb(Entity)', 'function': 'logicity.utils.pred_converter.z3.IsAmb'}, 'IsOld': {'instance': IsOld, 'arity': 1, 'method': 'IsOld(Entity)', 'function': 'logicity.utils.pred_converter.z3.IsOld'}, 'IsTiro': {'instance': IsTiro, 'arity': 1, 'method': 'IsTiro(Entity)', 'function': 'logicity.utils.pred_converter.z3.IsTiro'}, 'IsAtInter': {'instance': IsAtInter, 'arity': 1, 'method': 'IsAtInter(Entity)', 'function': 'logicity.utils.pred_converter.z3.IsAtInter'}, 'IsInInter': {'instance': IsInInter, 'arity': 1, 'method': 'IsInInter(Entity)', 'function': 'logicity.utils.pred_converter.z3.IsInInter'}, 'HigherPri': {'instance': HigherPri, 'arity': 2, 'method': 'HigherPri(Entity, Entity)', 'function': 'logicity.utils.pred_converter.z3.HigherPri'}, 'CollidingClose': {'instance': CollidingClose, 'arity': 2, 'method': 'CollidingClose(Entity, Entity)', 'function': 'logicity.utils.pred_converter.z3.CollidingClose'}, 'Stop': {'instance': Stop, 'arity': 1, 'method': 'Stop(Entity)', 'function': 'None'}, 'Fast': {'instance': Fast, 'arity': 1, 'method': 'Fast(Entity)', 'function': 'None'}, 'Normal': {'instance': Normal, 'arity': 1, 'method': 'Normal(Entity)', 'function': 'None'}, 'Slow': {'instance': Slow, 'arity': 1, 'method': 'Slow(Entity)', 'function': 'None'}}, the FOV entities {'Entity': 3}, The logic grounding shape is: 39
2026-05-22 21:51:13 [INFO]: Local planner constructed!
2026-05-22 21:51:13 [INFO]: Constructing 22 streets
2026-05-22 21:51:14 [INFO]: Constructing 16 buildings
2026-05-22 21:51:15 [INFO]: Adding 4 agents, they are constrained in 103 region
2026-05-22 21:51:16 [INFO]: Car_1 initialization done!
2026-05-22 21:51:16 [INFO]: Pedestrian_1 initialization done!
2026-05-22 21:51:17 [INFO]: Car_2 initialization done!
2026-05-22 21:51:17 [INFO]: Car_3 initialization done!
2026-05-22 21:51:17 [INFO]: Done!
2026-05-22 21:51:17 [INFO]: ***Init RL Agent in Env***
2026-05-22 21:51:44 [INFO]: will reset agent by success
2026-05-22 21:51:44 [INFO]: ***Reset RL Agent in Env***
2026-05-22 21:51:44 [INFO]: Car_1 initialization done!
2026-05-22 21:51:44 [INFO]: Pedestrian_1 initialization done!
2026-05-22 21:51:45 [INFO]: Car_2 initialization done!
2026-05-22 21:51:46 [INFO]: Car_3 initialization done!
2026-05-22 21:51:46 [INFO]: Agent reset priority to 2/4
2026-05-22 21:51:46 [INFO]: Agent reset concepts to {'type': 'Car', 'priority': 2}
2026-05-22 21:51:46 [INFO]: Episode 9 success.
2026-05-22 21:51:46 [INFO]: Episode 9 achieved a score of 6.160000000000008
2026-05-22 21:51:46 [INFO]: Episode 9 Success: 1
2026-05-22 21:51:46 [INFO]: Episode 9 Decision Step: {3: 1}
2026-05-22 21:51:46 [INFO]: Episode 9 Success Decision: {3: 1}
2026-05-22 21:51:46 [INFO]: Evaluating episode 10...
2026-05-22 21:51:46 [INFO]: Episode label: {'oracle_step': 54, 'stop_count': 0, 'has_stop': False, 'ego_crosses': True, 'ego_eta': 12, 'ego_direction': 'down', 'other_crosses': 3, 'close_other_count': 0, 'pedestrian_close': None, 'conflicting_approach': False, 'total_crosses': 4}
2026-05-22 21:51:46 [INFO]: Get map info from config/maps/square_2x2.yaml
2026-05-22 21:51:46 [INFO]: Get agent info from config/agents/easy_lite/val.yaml
2026-05-22 21:51:46 [INFO]: Get onology and rules info from config/rules/ontology_easy.yaml, config/rules/Nav/easy/expert.yaml
2026-05-22 21:51:46 [INFO]: Number of Entity Types: 1
Entity Types:
- Entity
2026-05-22 21:51:46 [INFO]: Number of Predicates: 13
Predicates:
- IsPedestrian: {'instance': "Function('IsPed', entity_sorts['Entity'], BoolSort())", 'arity': 1, 'method': 'IsPed(Entity)', 'function': 'logicity.utils.pred_converter.z3.IsPed'}
- IsCar: {'instance': "Function('IsCar', entity_sorts['Entity'], BoolSort())", 'arity': 1, 'method': 'IsCar(Entity)', 'function': 'logicity.utils.pred_converter.z3.IsCar'}
- IsAmbulance: {'instance': "Function('IsAmb', entity_sorts['Entity'], BoolSort())", 'arity': 1, 'method': 'IsAmb(Entity)', 'function': 'logicity.utils.pred_converter.z3.IsAmb'}
- IsOld: {'instance': "Function('IsOld', entity_sorts['Entity'], BoolSort())", 'arity': 1, 'method': 'IsOld(Entity)', 'function': 'logicity.utils.pred_converter.z3.IsOld'}
- IsTiro: {'instance': "Function('IsTiro', entity_sorts['Entity'], BoolSort())", 'arity': 1, 'method': 'IsTiro(Entity)', 'function': 'logicity.utils.pred_converter.z3.IsTiro'}
- IsAtInter: {'instance': "Function('IsAtInter', entity_sorts['Entity'], BoolSort())", 'arity': 1, 'method': 'IsAtInter(Entity)', 'function': 'logicity.utils.pred_converter.z3.IsAtInter'}
- IsInInter: {'instance': "Function('IsInInter', entity_sorts['Entity'], BoolSort())", 'arity': 1, 'method': 'IsInInter(Entity)', 'function': 'logicity.utils.pred_converter.z3.IsInInter'}
- HigherPri: {'instance': "Function('HigherPri', entity_sorts['Entity'], entity_sorts['Entity'], BoolSort())", 'arity': 2, 'method': 'HigherPri(Entity, Entity)', 'function': 'logicity.utils.pred_converter.z3.HigherPri'}
- CollidingClose: {'instance': "Function('CollidingClose', entity_sorts['Entity'], entity_sorts['Entity'], BoolSort())", 'arity': 2, 'method': 'CollidingClose(Entity, Entity)', 'function': 'logicity.utils.pred_converter.z3.CollidingClose'}
- Stop: {'instance': "Function('Stop', entity_sorts['Entity'], BoolSort())", 'arity': 1, 'method': 'Stop(Entity)', 'function': 'None'}
- Fast: {'instance': "Function('Fast', entity_sorts['Entity'], BoolSort())", 'arity': 1, 'method': 'Fast(Entity)', 'function': 'None'}
- Normal: {'instance': "Function('Normal', entity_sorts['Entity'], BoolSort())", 'arity': 1, 'method': 'Normal(Entity)', 'function': 'None'}
- Slow: {'instance': "Function('Slow', entity_sorts['Entity'], BoolSort())", 'arity': 1, 'method': 'Slow(Entity)', 'function': 'None'}
2026-05-22 21:51:46 [INFO]: *** Sim Rule ***: Stop -> 
 Stop(entity) == Exists(
  [dummyEntity], 
  Or(
    And(
      IsAtInter(entity), 
      IsInInter(dummyEntity), 
    ),
    And(
      IsAtInter(entity), 
      IsAtInter(dummyEntity), 
      HigherPri(dummyEntity, entity),
    ),
    CollidingClose(entity, dummyEntity)
  )
)

2026-05-22 21:51:46 [INFO]: *** Task Rule ***: Collision and Intersection -> 
 Implies(Exists(
  [dummyEntity], 
    Or(
      And(
        IsAtInter(entity), 
        IsInInter(dummyEntity), 
      ),
      And(
        IsAtInter(entity), 
        IsAtInter(dummyEntity), 
        HigherPri(dummyEntity, entity),
      ),
      CollidingClose(entity, dummyEntity)
    )
  ),
  Stop(entity)
)

2026-05-22 21:51:46 [INFO]: *** Expert Rule ***: Stop -> 
 Stop(entity) == Exists(
[dummyEntity], 
  Or(
    And(
      IsAtInter(entity), 
      IsInInter(dummyEntity), 
    ),
    And(
      IsAtInter(entity), 
      IsAtInter(dummyEntity), 
      HigherPri(dummyEntity, entity),
    ),
    CollidingClose(entity, dummyEntity)
  )
)

2026-05-22 21:51:46 [INFO]: *** Expert Rule ***: Slow -> 
 Not(Slow(entity))

2026-05-22 21:51:46 [INFO]: *** Expert Rule ***: Fast -> 
 Not(Fast(entity))

2026-05-22 21:51:46 [INFO]: *** Expert Rule ***: Normal -> 
 Normal(entity) == Not(Stop(entity))
2026-05-22 21:51:46 [INFO]: Rules created successfully
2026-05-22 21:51:46 [INFO]: Rules will be grounded later...
2026-05-22 21:51:46 [INFO]: Given Predicates {'IsPedestrian': {'instance': IsPed, 'arity': 1, 'method': 'IsPed(Entity)', 'function': 'logicity.utils.pred_converter.z3.IsPed'}, 'IsCar': {'instance': IsCar, 'arity': 1, 'method': 'IsCar(Entity)', 'function': 'logicity.utils.pred_converter.z3.IsCar'}, 'IsAmbulance': {'instance': IsAmb, 'arity': 1, 'method': 'IsAmb(Entity)', 'function': 'logicity.utils.pred_converter.z3.IsAmb'}, 'IsOld': {'instance': IsOld, 'arity': 1, 'method': 'IsOld(Entity)', 'function': 'logicity.utils.pred_converter.z3.IsOld'}, 'IsTiro': {'instance': IsTiro, 'arity': 1, 'method': 'IsTiro(Entity)', 'function': 'logicity.utils.pred_converter.z3.IsTiro'}, 'IsAtInter': {'instance': IsAtInter, 'arity': 1, 'method': 'IsAtInter(Entity)', 'function': 'logicity.utils.pred_converter.z3.IsAtInter'}, 'IsInInter': {'instance': IsInInter, 'arity': 1, 'method': 'IsInInter(Entity)', 'function': 'logicity.utils.pred_converter.z3.IsInInter'}, 'HigherPri': {'instance': HigherPri, 'arity': 2, 'method': 'HigherPri(Entity, Entity)', 'function': 'logicity.utils.pred_converter.z3.HigherPri'}, 'CollidingClose': {'instance': CollidingClose, 'arity': 2, 'method': 'CollidingClose(Entity, Entity)', 'function': 'logicity.utils.pred_converter.z3.CollidingClose'}, 'Stop': {'instance': Stop, 'arity': 1, 'method': 'Stop(Entity)', 'function': 'None'}, 'Fast': {'instance': Fast, 'arity': 1, 'method': 'Fast(Entity)', 'function': 'None'}, 'Normal': {'instance': Normal, 'arity': 1, 'method': 'Normal(Entity)', 'function': 'None'}, 'Slow': {'instance': Slow, 'arity': 1, 'method': 'Slow(Entity)', 'function': 'None'}}, the FOV entities {'Entity': 3}, The logic grounding shape is: 39
2026-05-22 21:51:46 [INFO]: Local planner constructed!
2026-05-22 21:51:46 [INFO]: Constructing 22 streets
2026-05-22 21:51:47 [INFO]: Constructing 16 buildings
2026-05-22 21:51:48 [INFO]: Adding 4 agents, they are constrained in 103 region
2026-05-22 21:51:49 [INFO]: Car_1 initialization done!
2026-05-22 21:51:49 [INFO]: Pedestrian_1 initialization done!
2026-05-22 21:51:50 [INFO]: Car_2 initialization done!
2026-05-22 21:51:51 [INFO]: Car_3 initialization done!
2026-05-22 21:51:51 [INFO]: Done!
2026-05-22 21:51:51 [INFO]: ***Init RL Agent in Env***
2026-05-22 21:51:59 [INFO]: will reset agent by success
2026-05-22 21:51:59 [INFO]: ***Reset RL Agent in Env***
2026-05-22 21:52:00 [INFO]: Car_1 initialization done!
2026-05-22 21:52:00 [INFO]: Pedestrian_1 initialization done!
2026-05-22 21:52:00 [INFO]: Car_2 initialization done!
2026-05-22 21:52:01 [INFO]: Car_3 initialization done!
2026-05-22 21:52:01 [INFO]: Agent reset priority to 2/4
2026-05-22 21:52:01 [INFO]: Agent reset concepts to {'type': 'Car', 'priority': 2}
2026-05-22 21:52:01 [INFO]: Episode 10 success.
2026-05-22 21:52:01 [INFO]: Episode 10 achieved a score of 5.760000000000001
2026-05-22 21:52:01 [INFO]: Episode 10 Success: 1
2026-05-22 21:52:01 [INFO]: Episode 10 Decision Step: {3: 0}
2026-05-22 21:52:01 [INFO]: Episode 10 Success Decision: {3: 0}
2026-05-22 21:52:01 [INFO]: Evaluating episode 11...
2026-05-22 21:52:01 [INFO]: Episode label: {'oracle_step': 72, 'stop_count': 29, 'has_stop': True, 'ego_crosses': True, 'ego_eta': 59, 'ego_direction': 'left', 'other_crosses': 3, 'close_other_count': 0, 'pedestrian_close': None, 'conflicting_approach': False, 'total_crosses': 4}
2026-05-22 21:52:01 [INFO]: Get map info from config/maps/square_2x2.yaml
2026-05-22 21:52:01 [INFO]: Get agent info from config/agents/easy_lite/val.yaml
2026-05-22 21:52:01 [INFO]: Get onology and rules info from config/rules/ontology_easy.yaml, config/rules/Nav/easy/expert.yaml
2026-05-22 21:52:01 [INFO]: Number of Entity Types: 1
Entity Types:
- Entity
2026-05-22 21:52:01 [INFO]: Number of Predicates: 13
Predicates:
- IsPedestrian: {'instance': "Function('IsPed', entity_sorts['Entity'], BoolSort())", 'arity': 1, 'method': 'IsPed(Entity)', 'function': 'logicity.utils.pred_converter.z3.IsPed'}
- IsCar: {'instance': "Function('IsCar', entity_sorts['Entity'], BoolSort())", 'arity': 1, 'method': 'IsCar(Entity)', 'function': 'logicity.utils.pred_converter.z3.IsCar'}
- IsAmbulance: {'instance': "Function('IsAmb', entity_sorts['Entity'], BoolSort())", 'arity': 1, 'method': 'IsAmb(Entity)', 'function': 'logicity.utils.pred_converter.z3.IsAmb'}
- IsOld: {'instance': "Function('IsOld', entity_sorts['Entity'], BoolSort())", 'arity': 1, 'method': 'IsOld(Entity)', 'function': 'logicity.utils.pred_converter.z3.IsOld'}
- IsTiro: {'instance': "Function('IsTiro', entity_sorts['Entity'], BoolSort())", 'arity': 1, 'method': 'IsTiro(Entity)', 'function': 'logicity.utils.pred_converter.z3.IsTiro'}
- IsAtInter: {'instance': "Function('IsAtInter', entity_sorts['Entity'], BoolSort())", 'arity': 1, 'method': 'IsAtInter(Entity)', 'function': 'logicity.utils.pred_converter.z3.IsAtInter'}
- IsInInter: {'instance': "Function('IsInInter', entity_sorts['Entity'], BoolSort())", 'arity': 1, 'method': 'IsInInter(Entity)', 'function': 'logicity.utils.pred_converter.z3.IsInInter'}
- HigherPri: {'instance': "Function('HigherPri', entity_sorts['Entity'], entity_sorts['Entity'], BoolSort())", 'arity': 2, 'method': 'HigherPri(Entity, Entity)', 'function': 'logicity.utils.pred_converter.z3.HigherPri'}
- CollidingClose: {'instance': "Function('CollidingClose', entity_sorts['Entity'], entity_sorts['Entity'], BoolSort())", 'arity': 2, 'method': 'CollidingClose(Entity, Entity)', 'function': 'logicity.utils.pred_converter.z3.CollidingClose'}
- Stop: {'instance': "Function('Stop', entity_sorts['Entity'], BoolSort())", 'arity': 1, 'method': 'Stop(Entity)', 'function': 'None'}
- Fast: {'instance': "Function('Fast', entity_sorts['Entity'], BoolSort())", 'arity': 1, 'method': 'Fast(Entity)', 'function': 'None'}
- Normal: {'instance': "Function('Normal', entity_sorts['Entity'], BoolSort())", 'arity': 1, 'method': 'Normal(Entity)', 'function': 'None'}
- Slow: {'instance': "Function('Slow', entity_sorts['Entity'], BoolSort())", 'arity': 1, 'method': 'Slow(Entity)', 'function': 'None'}
2026-05-22 21:52:01 [INFO]: *** Sim Rule ***: Stop -> 
 Stop(entity) == Exists(
  [dummyEntity], 
  Or(
    And(
      IsAtInter(entity), 
      IsInInter(dummyEntity), 
    ),
    And(
      IsAtInter(entity), 
      IsAtInter(dummyEntity), 
      HigherPri(dummyEntity, entity),
    ),
    CollidingClose(entity, dummyEntity)
  )
)

2026-05-22 21:52:01 [INFO]: *** Task Rule ***: Collision and Intersection -> 
 Implies(Exists(
  [dummyEntity], 
    Or(
      And(
        IsAtInter(entity), 
        IsInInter(dummyEntity), 
      ),
      And(
        IsAtInter(entity), 
        IsAtInter(dummyEntity), 
        HigherPri(dummyEntity, entity),
      ),
      CollidingClose(entity, dummyEntity)
    )
  ),
  Stop(entity)
)

2026-05-22 21:52:01 [INFO]: *** Expert Rule ***: Stop -> 
 Stop(entity) == Exists(
[dummyEntity], 
  Or(
    And(
      IsAtInter(entity), 
      IsInInter(dummyEntity), 
    ),
    And(
      IsAtInter(entity), 
      IsAtInter(dummyEntity), 
      HigherPri(dummyEntity, entity),
    ),
    CollidingClose(entity, dummyEntity)
  )
)

2026-05-22 21:52:01 [INFO]: *** Expert Rule ***: Slow -> 
 Not(Slow(entity))

2026-05-22 21:52:01 [INFO]: *** Expert Rule ***: Fast -> 
 Not(Fast(entity))

2026-05-22 21:52:01 [INFO]: *** Expert Rule ***: Normal -> 
 Normal(entity) == Not(Stop(entity))
2026-05-22 21:52:01 [INFO]: Rules created successfully
2026-05-22 21:52:01 [INFO]: Rules will be grounded later...
2026-05-22 21:52:01 [INFO]: Given Predicates {'IsPedestrian': {'instance': IsPed, 'arity': 1, 'method': 'IsPed(Entity)', 'function': 'logicity.utils.pred_converter.z3.IsPed'}, 'IsCar': {'instance': IsCar, 'arity': 1, 'method': 'IsCar(Entity)', 'function': 'logicity.utils.pred_converter.z3.IsCar'}, 'IsAmbulance': {'instance': IsAmb, 'arity': 1, 'method': 'IsAmb(Entity)', 'function': 'logicity.utils.pred_converter.z3.IsAmb'}, 'IsOld': {'instance': IsOld, 'arity': 1, 'method': 'IsOld(Entity)', 'function': 'logicity.utils.pred_converter.z3.IsOld'}, 'IsTiro': {'instance': IsTiro, 'arity': 1, 'method': 'IsTiro(Entity)', 'function': 'logicity.utils.pred_converter.z3.IsTiro'}, 'IsAtInter': {'instance': IsAtInter, 'arity': 1, 'method': 'IsAtInter(Entity)', 'function': 'logicity.utils.pred_converter.z3.IsAtInter'}, 'IsInInter': {'instance': IsInInter, 'arity': 1, 'method': 'IsInInter(Entity)', 'function': 'logicity.utils.pred_converter.z3.IsInInter'}, 'HigherPri': {'instance': HigherPri, 'arity': 2, 'method': 'HigherPri(Entity, Entity)', 'function': 'logicity.utils.pred_converter.z3.HigherPri'}, 'CollidingClose': {'instance': CollidingClose, 'arity': 2, 'method': 'CollidingClose(Entity, Entity)', 'function': 'logicity.utils.pred_converter.z3.CollidingClose'}, 'Stop': {'instance': Stop, 'arity': 1, 'method': 'Stop(Entity)', 'function': 'None'}, 'Fast': {'instance': Fast, 'arity': 1, 'method': 'Fast(Entity)', 'function': 'None'}, 'Normal': {'instance': Normal, 'arity': 1, 'method': 'Normal(Entity)', 'function': 'None'}, 'Slow': {'instance': Slow, 'arity': 1, 'method': 'Slow(Entity)', 'function': 'None'}}, the FOV entities {'Entity': 3}, The logic grounding shape is: 39
2026-05-22 21:52:01 [INFO]: Local planner constructed!
2026-05-22 21:52:01 [INFO]: Constructing 22 streets
2026-05-22 21:52:02 [INFO]: Constructing 16 buildings
2026-05-22 21:52:02 [INFO]: Adding 4 agents, they are constrained in 103 region
2026-05-22 21:52:03 [INFO]: Car_1 initialization done!
2026-05-22 21:52:03 [INFO]: Pedestrian_1 initialization done!
2026-05-22 21:52:03 [INFO]: Car_2 initialization done!
2026-05-22 21:52:04 [INFO]: Car_3 initialization done!
2026-05-22 21:52:04 [INFO]: Done!
2026-05-22 21:52:04 [INFO]: ***Init RL Agent in Env***
2026-05-22 21:52:26 [INFO]: will reset agent by success
2026-05-22 21:52:26 [INFO]: ***Reset RL Agent in Env***
2026-05-22 21:52:26 [INFO]: Car_1 initialization done!
2026-05-22 21:52:26 [INFO]: Pedestrian_1 initialization done!
2026-05-22 21:52:27 [INFO]: Car_2 initialization done!
2026-05-22 21:52:27 [INFO]: Car_3 initialization done!
2026-05-22 21:52:27 [INFO]: Agent reset priority to 2/4
2026-05-22 21:52:27 [INFO]: Agent reset concepts to {'type': 'Car', 'priority': 2}
2026-05-22 21:52:27 [INFO]: Episode 11 success.
2026-05-22 21:52:27 [INFO]: Episode 11 achieved a score of 4.150000000000015
2026-05-22 21:52:27 [INFO]: Episode 11 Success: 1
2026-05-22 21:52:27 [INFO]: Episode 11 Decision Step: {3: 1}
2026-05-22 21:52:27 [INFO]: Episode 11 Success Decision: {3: 1}
2026-05-22 21:52:27 [INFO]: Evaluating episode 12...
2026-05-22 21:52:27 [INFO]: Episode label: {'oracle_step': 59, 'stop_count': 0, 'has_stop': False, 'ego_crosses': True, 'ego_eta': 50, 'ego_direction': 'up', 'other_crosses': 3, 'close_other_count': 0, 'pedestrian_close': None, 'conflicting_approach': False, 'total_crosses': 4}
2026-05-22 21:52:27 [INFO]: Get map info from config/maps/square_2x2.yaml
2026-05-22 21:52:27 [INFO]: Get agent info from config/agents/easy_lite/val.yaml
2026-05-22 21:52:27 [INFO]: Get onology and rules info from config/rules/ontology_easy.yaml, config/rules/Nav/easy/expert.yaml
2026-05-22 21:52:27 [INFO]: Number of Entity Types: 1
Entity Types:
- Entity
2026-05-22 21:52:27 [INFO]: Number of Predicates: 13
Predicates:
- IsPedestrian: {'instance': "Function('IsPed', entity_sorts['Entity'], BoolSort())", 'arity': 1, 'method': 'IsPed(Entity)', 'function': 'logicity.utils.pred_converter.z3.IsPed'}
- IsCar: {'instance': "Function('IsCar', entity_sorts['Entity'], BoolSort())", 'arity': 1, 'method': 'IsCar(Entity)', 'function': 'logicity.utils.pred_converter.z3.IsCar'}
- IsAmbulance: {'instance': "Function('IsAmb', entity_sorts['Entity'], BoolSort())", 'arity': 1, 'method': 'IsAmb(Entity)', 'function': 'logicity.utils.pred_converter.z3.IsAmb'}
- IsOld: {'instance': "Function('IsOld', entity_sorts['Entity'], BoolSort())", 'arity': 1, 'method': 'IsOld(Entity)', 'function': 'logicity.utils.pred_converter.z3.IsOld'}
- IsTiro: {'instance': "Function('IsTiro', entity_sorts['Entity'], BoolSort())", 'arity': 1, 'method': 'IsTiro(Entity)', 'function': 'logicity.utils.pred_converter.z3.IsTiro'}
- IsAtInter: {'instance': "Function('IsAtInter', entity_sorts['Entity'], BoolSort())", 'arity': 1, 'method': 'IsAtInter(Entity)', 'function': 'logicity.utils.pred_converter.z3.IsAtInter'}
- IsInInter: {'instance': "Function('IsInInter', entity_sorts['Entity'], BoolSort())", 'arity': 1, 'method': 'IsInInter(Entity)', 'function': 'logicity.utils.pred_converter.z3.IsInInter'}
- HigherPri: {'instance': "Function('HigherPri', entity_sorts['Entity'], entity_sorts['Entity'], BoolSort())", 'arity': 2, 'method': 'HigherPri(Entity, Entity)', 'function': 'logicity.utils.pred_converter.z3.HigherPri'}
- CollidingClose: {'instance': "Function('CollidingClose', entity_sorts['Entity'], entity_sorts['Entity'], BoolSort())", 'arity': 2, 'method': 'CollidingClose(Entity, Entity)', 'function': 'logicity.utils.pred_converter.z3.CollidingClose'}
- Stop: {'instance': "Function('Stop', entity_sorts['Entity'], BoolSort())", 'arity': 1, 'method': 'Stop(Entity)', 'function': 'None'}
- Fast: {'instance': "Function('Fast', entity_sorts['Entity'], BoolSort())", 'arity': 1, 'method': 'Fast(Entity)', 'function': 'None'}
- Normal: {'instance': "Function('Normal', entity_sorts['Entity'], BoolSort())", 'arity': 1, 'method': 'Normal(Entity)', 'function': 'None'}
- Slow: {'instance': "Function('Slow', entity_sorts['Entity'], BoolSort())", 'arity': 1, 'method': 'Slow(Entity)', 'function': 'None'}
2026-05-22 21:52:27 [INFO]: *** Sim Rule ***: Stop -> 
 Stop(entity) == Exists(
  [dummyEntity], 
  Or(
    And(
      IsAtInter(entity), 
      IsInInter(dummyEntity), 
    ),
    And(
      IsAtInter(entity), 
      IsAtInter(dummyEntity), 
      HigherPri(dummyEntity, entity),
    ),
    CollidingClose(entity, dummyEntity)
  )
)

2026-05-22 21:52:27 [INFO]: *** Task Rule ***: Collision and Intersection -> 
 Implies(Exists(
  [dummyEntity], 
    Or(
      And(
        IsAtInter(entity), 
        IsInInter(dummyEntity), 
      ),
      And(
        IsAtInter(entity), 
        IsAtInter(dummyEntity), 
        HigherPri(dummyEntity, entity),
      ),
      CollidingClose(entity, dummyEntity)
    )
  ),
  Stop(entity)
)

2026-05-22 21:52:27 [INFO]: *** Expert Rule ***: Stop -> 
 Stop(entity) == Exists(
[dummyEntity], 
  Or(
    And(
      IsAtInter(entity), 
      IsInInter(dummyEntity), 
    ),
    And(
      IsAtInter(entity), 
      IsAtInter(dummyEntity), 
      HigherPri(dummyEntity, entity),
    ),
    CollidingClose(entity, dummyEntity)
  )
)

2026-05-22 21:52:27 [INFO]: *** Expert Rule ***: Slow -> 
 Not(Slow(entity))

2026-05-22 21:52:27 [INFO]: *** Expert Rule ***: Fast -> 
 Not(Fast(entity))

2026-05-22 21:52:27 [INFO]: *** Expert Rule ***: Normal -> 
 Normal(entity) == Not(Stop(entity))
2026-05-22 21:52:27 [INFO]: Rules created successfully
2026-05-22 21:52:27 [INFO]: Rules will be grounded later...
2026-05-22 21:52:27 [INFO]: Given Predicates {'IsPedestrian': {'instance': IsPed, 'arity': 1, 'method': 'IsPed(Entity)', 'function': 'logicity.utils.pred_converter.z3.IsPed'}, 'IsCar': {'instance': IsCar, 'arity': 1, 'method': 'IsCar(Entity)', 'function': 'logicity.utils.pred_converter.z3.IsCar'}, 'IsAmbulance': {'instance': IsAmb, 'arity': 1, 'method': 'IsAmb(Entity)', 'function': 'logicity.utils.pred_converter.z3.IsAmb'}, 'IsOld': {'instance': IsOld, 'arity': 1, 'method': 'IsOld(Entity)', 'function': 'logicity.utils.pred_converter.z3.IsOld'}, 'IsTiro': {'instance': IsTiro, 'arity': 1, 'method': 'IsTiro(Entity)', 'function': 'logicity.utils.pred_converter.z3.IsTiro'}, 'IsAtInter': {'instance': IsAtInter, 'arity': 1, 'method': 'IsAtInter(Entity)', 'function': 'logicity.utils.pred_converter.z3.IsAtInter'}, 'IsInInter': {'instance': IsInInter, 'arity': 1, 'method': 'IsInInter(Entity)', 'function': 'logicity.utils.pred_converter.z3.IsInInter'}, 'HigherPri': {'instance': HigherPri, 'arity': 2, 'method': 'HigherPri(Entity, Entity)', 'function': 'logicity.utils.pred_converter.z3.HigherPri'}, 'CollidingClose': {'instance': CollidingClose, 'arity': 2, 'method': 'CollidingClose(Entity, Entity)', 'function': 'logicity.utils.pred_converter.z3.CollidingClose'}, 'Stop': {'instance': Stop, 'arity': 1, 'method': 'Stop(Entity)', 'function': 'None'}, 'Fast': {'instance': Fast, 'arity': 1, 'method': 'Fast(Entity)', 'function': 'None'}, 'Normal': {'instance': Normal, 'arity': 1, 'method': 'Normal(Entity)', 'function': 'None'}, 'Slow': {'instance': Slow, 'arity': 1, 'method': 'Slow(Entity)', 'function': 'None'}}, the FOV entities {'Entity': 3}, The logic grounding shape is: 39
2026-05-22 21:52:27 [INFO]: Local planner constructed!
2026-05-22 21:52:27 [INFO]: Constructing 22 streets
2026-05-22 21:52:28 [INFO]: Constructing 16 buildings
2026-05-22 21:52:29 [INFO]: Adding 4 agents, they are constrained in 103 region
2026-05-22 21:52:30 [INFO]: Car_1 initialization done!
2026-05-22 21:52:30 [INFO]: Pedestrian_1 initialization done!
2026-05-22 21:52:30 [INFO]: Car_2 initialization done!
2026-05-22 21:52:31 [INFO]: Car_3 initialization done!
2026-05-22 21:52:31 [INFO]: Done!
2026-05-22 21:52:31 [INFO]: ***Init RL Agent in Env***
2026-05-22 21:52:44 [INFO]: will reset agent by success
2026-05-22 21:52:44 [INFO]: ***Reset RL Agent in Env***
2026-05-22 21:52:44 [INFO]: Car_1 initialization done!
2026-05-22 21:52:44 [INFO]: Pedestrian_1 initialization done!
2026-05-22 21:52:45 [INFO]: Car_2 initialization done!
2026-05-22 21:52:45 [INFO]: Car_3 initialization done!
2026-05-22 21:52:45 [INFO]: Agent reset priority to 2/4
2026-05-22 21:52:45 [INFO]: Agent reset concepts to {'type': 'Car', 'priority': 2}
2026-05-22 21:52:45 [INFO]: Episode 12 success.
2026-05-22 21:52:45 [INFO]: Episode 12 achieved a score of 6.210000000000001
2026-05-22 21:52:45 [INFO]: Episode 12 Success: 1
2026-05-22 21:52:45 [INFO]: Episode 12 Decision Step: {3: 1}
2026-05-22 21:52:45 [INFO]: Episode 12 Success Decision: {3: 1}
2026-05-22 21:52:45 [INFO]: Evaluating episode 13...
2026-05-22 21:52:45 [INFO]: Episode label: {'oracle_step': 47, 'stop_count': 0, 'has_stop': False, 'ego_crosses': True, 'ego_eta': 11, 'ego_direction': 'down', 'other_crosses': 3, 'close_other_count': 0, 'pedestrian_close': None, 'conflicting_approach': False, 'total_crosses': 4}
2026-05-22 21:52:45 [INFO]: Get map info from config/maps/square_2x2.yaml
2026-05-22 21:52:45 [INFO]: Get agent info from config/agents/easy_lite/val.yaml
2026-05-22 21:52:45 [INFO]: Get onology and rules info from config/rules/ontology_easy.yaml, config/rules/Nav/easy/expert.yaml
2026-05-22 21:52:45 [INFO]: Number of Entity Types: 1
Entity Types:
- Entity
2026-05-22 21:52:45 [INFO]: Number of Predicates: 13
Predicates:
- IsPedestrian: {'instance': "Function('IsPed', entity_sorts['Entity'], BoolSort())", 'arity': 1, 'method': 'IsPed(Entity)', 'function': 'logicity.utils.pred_converter.z3.IsPed'}
- IsCar: {'instance': "Function('IsCar', entity_sorts['Entity'], BoolSort())", 'arity': 1, 'method': 'IsCar(Entity)', 'function': 'logicity.utils.pred_converter.z3.IsCar'}
- IsAmbulance: {'instance': "Function('IsAmb', entity_sorts['Entity'], BoolSort())", 'arity': 1, 'method': 'IsAmb(Entity)', 'function': 'logicity.utils.pred_converter.z3.IsAmb'}
- IsOld: {'instance': "Function('IsOld', entity_sorts['Entity'], BoolSort())", 'arity': 1, 'method': 'IsOld(Entity)', 'function': 'logicity.utils.pred_converter.z3.IsOld'}
- IsTiro: {'instance': "Function('IsTiro', entity_sorts['Entity'], BoolSort())", 'arity': 1, 'method': 'IsTiro(Entity)', 'function': 'logicity.utils.pred_converter.z3.IsTiro'}
- IsAtInter: {'instance': "Function('IsAtInter', entity_sorts['Entity'], BoolSort())", 'arity': 1, 'method': 'IsAtInter(Entity)', 'function': 'logicity.utils.pred_converter.z3.IsAtInter'}
- IsInInter: {'instance': "Function('IsInInter', entity_sorts['Entity'], BoolSort())", 'arity': 1, 'method': 'IsInInter(Entity)', 'function': 'logicity.utils.pred_converter.z3.IsInInter'}
- HigherPri: {'instance': "Function('HigherPri', entity_sorts['Entity'], entity_sorts['Entity'], BoolSort())", 'arity': 2, 'method': 'HigherPri(Entity, Entity)', 'function': 'logicity.utils.pred_converter.z3.HigherPri'}
- CollidingClose: {'instance': "Function('CollidingClose', entity_sorts['Entity'], entity_sorts['Entity'], BoolSort())", 'arity': 2, 'method': 'CollidingClose(Entity, Entity)', 'function': 'logicity.utils.pred_converter.z3.CollidingClose'}
- Stop: {'instance': "Function('Stop', entity_sorts['Entity'], BoolSort())", 'arity': 1, 'method': 'Stop(Entity)', 'function': 'None'}
- Fast: {'instance': "Function('Fast', entity_sorts['Entity'], BoolSort())", 'arity': 1, 'method': 'Fast(Entity)', 'function': 'None'}
- Normal: {'instance': "Function('Normal', entity_sorts['Entity'], BoolSort())", 'arity': 1, 'method': 'Normal(Entity)', 'function': 'None'}
- Slow: {'instance': "Function('Slow', entity_sorts['Entity'], BoolSort())", 'arity': 1, 'method': 'Slow(Entity)', 'function': 'None'}
2026-05-22 21:52:45 [INFO]: *** Sim Rule ***: Stop -> 
 Stop(entity) == Exists(
  [dummyEntity], 
  Or(
    And(
      IsAtInter(entity), 
      IsInInter(dummyEntity), 
    ),
    And(
      IsAtInter(entity), 
      IsAtInter(dummyEntity), 
      HigherPri(dummyEntity, entity),
    ),
    CollidingClose(entity, dummyEntity)
  )
)

2026-05-22 21:52:45 [INFO]: *** Task Rule ***: Collision and Intersection -> 
 Implies(Exists(
  [dummyEntity], 
    Or(
      And(
        IsAtInter(entity), 
        IsInInter(dummyEntity), 
      ),
      And(
        IsAtInter(entity), 
        IsAtInter(dummyEntity), 
        HigherPri(dummyEntity, entity),
      ),
      CollidingClose(entity, dummyEntity)
    )
  ),
  Stop(entity)
)

2026-05-22 21:52:45 [INFO]: *** Expert Rule ***: Stop -> 
 Stop(entity) == Exists(
[dummyEntity], 
  Or(
    And(
      IsAtInter(entity), 
      IsInInter(dummyEntity), 
    ),
    And(
      IsAtInter(entity), 
      IsAtInter(dummyEntity), 
      HigherPri(dummyEntity, entity),
    ),
    CollidingClose(entity, dummyEntity)
  )
)

2026-05-22 21:52:45 [INFO]: *** Expert Rule ***: Slow -> 
 Not(Slow(entity))

2026-05-22 21:52:45 [INFO]: *** Expert Rule ***: Fast -> 
 Not(Fast(entity))

2026-05-22 21:52:45 [INFO]: *** Expert Rule ***: Normal -> 
 Normal(entity) == Not(Stop(entity))
2026-05-22 21:52:45 [INFO]: Rules created successfully
2026-05-22 21:52:45 [INFO]: Rules will be grounded later...
2026-05-22 21:52:45 [INFO]: Given Predicates {'IsPedestrian': {'instance': IsPed, 'arity': 1, 'method': 'IsPed(Entity)', 'function': 'logicity.utils.pred_converter.z3.IsPed'}, 'IsCar': {'instance': IsCar, 'arity': 1, 'method': 'IsCar(Entity)', 'function': 'logicity.utils.pred_converter.z3.IsCar'}, 'IsAmbulance': {'instance': IsAmb, 'arity': 1, 'method': 'IsAmb(Entity)', 'function': 'logicity.utils.pred_converter.z3.IsAmb'}, 'IsOld': {'instance': IsOld, 'arity': 1, 'method': 'IsOld(Entity)', 'function': 'logicity.utils.pred_converter.z3.IsOld'}, 'IsTiro': {'instance': IsTiro, 'arity': 1, 'method': 'IsTiro(Entity)', 'function': 'logicity.utils.pred_converter.z3.IsTiro'}, 'IsAtInter': {'instance': IsAtInter, 'arity': 1, 'method': 'IsAtInter(Entity)', 'function': 'logicity.utils.pred_converter.z3.IsAtInter'}, 'IsInInter': {'instance': IsInInter, 'arity': 1, 'method': 'IsInInter(Entity)', 'function': 'logicity.utils.pred_converter.z3.IsInInter'}, 'HigherPri': {'instance': HigherPri, 'arity': 2, 'method': 'HigherPri(Entity, Entity)', 'function': 'logicity.utils.pred_converter.z3.HigherPri'}, 'CollidingClose': {'instance': CollidingClose, 'arity': 2, 'method': 'CollidingClose(Entity, Entity)', 'function': 'logicity.utils.pred_converter.z3.CollidingClose'}, 'Stop': {'instance': Stop, 'arity': 1, 'method': 'Stop(Entity)', 'function': 'None'}, 'Fast': {'instance': Fast, 'arity': 1, 'method': 'Fast(Entity)', 'function': 'None'}, 'Normal': {'instance': Normal, 'arity': 1, 'method': 'Normal(Entity)', 'function': 'None'}, 'Slow': {'instance': Slow, 'arity': 1, 'method': 'Slow(Entity)', 'function': 'None'}}, the FOV entities {'Entity': 3}, The logic grounding shape is: 39
2026-05-22 21:52:45 [INFO]: Local planner constructed!
2026-05-22 21:52:45 [INFO]: Constructing 22 streets
2026-05-22 21:52:46 [INFO]: Constructing 16 buildings
2026-05-22 21:52:46 [INFO]: Adding 4 agents, they are constrained in 103 region
2026-05-22 21:52:47 [INFO]: Car_1 initialization done!
2026-05-22 21:52:47 [INFO]: Pedestrian_1 initialization done!
2026-05-22 21:52:47 [INFO]: Car_2 initialization done!
2026-05-22 21:52:48 [INFO]: Car_3 initialization done!
2026-05-22 21:52:48 [INFO]: Done!
2026-05-22 21:52:48 [INFO]: ***Init RL Agent in Env***
2026-05-22 21:52:58 [INFO]: will reset agent by success
2026-05-22 21:52:58 [INFO]: ***Reset RL Agent in Env***
2026-05-22 21:52:58 [INFO]: Car_1 initialization done!
2026-05-22 21:52:58 [INFO]: Pedestrian_1 initialization done!
2026-05-22 21:52:59 [INFO]: Car_2 initialization done!
2026-05-22 21:52:59 [INFO]: Car_3 initialization done!
2026-05-22 21:52:59 [INFO]: Agent reset priority to 1/4
2026-05-22 21:52:59 [INFO]: Agent reset concepts to {'type': 'Car', 'priority': 1}
2026-05-22 21:53:00 [INFO]: Episode 13 success.
2026-05-22 21:53:00 [INFO]: Episode 13 achieved a score of 5.110000000000003
2026-05-22 21:53:00 [INFO]: Episode 13 Success: 1
2026-05-22 21:53:00 [INFO]: Episode 13 Decision Step: {3: 0}
2026-05-22 21:53:00 [INFO]: Episode 13 Success Decision: {3: 0}
2026-05-22 21:53:00 [INFO]: Evaluating episode 14...
2026-05-22 21:53:00 [INFO]: Episode label: {'oracle_step': 41, 'stop_count': 0, 'has_stop': False, 'ego_crosses': True, 'ego_eta': 5, 'ego_direction': 'up', 'other_crosses': 3, 'close_other_count': 0, 'pedestrian_close': None, 'conflicting_approach': False, 'total_crosses': 4}
2026-05-22 21:53:00 [INFO]: Get map info from config/maps/square_2x2.yaml
2026-05-22 21:53:00 [INFO]: Get agent info from config/agents/easy_lite/val.yaml
2026-05-22 21:53:00 [INFO]: Get onology and rules info from config/rules/ontology_easy.yaml, config/rules/Nav/easy/expert.yaml
2026-05-22 21:53:00 [INFO]: Number of Entity Types: 1
Entity Types:
- Entity
2026-05-22 21:53:00 [INFO]: Number of Predicates: 13
Predicates:
- IsPedestrian: {'instance': "Function('IsPed', entity_sorts['Entity'], BoolSort())", 'arity': 1, 'method': 'IsPed(Entity)', 'function': 'logicity.utils.pred_converter.z3.IsPed'}
- IsCar: {'instance': "Function('IsCar', entity_sorts['Entity'], BoolSort())", 'arity': 1, 'method': 'IsCar(Entity)', 'function': 'logicity.utils.pred_converter.z3.IsCar'}
- IsAmbulance: {'instance': "Function('IsAmb', entity_sorts['Entity'], BoolSort())", 'arity': 1, 'method': 'IsAmb(Entity)', 'function': 'logicity.utils.pred_converter.z3.IsAmb'}
- IsOld: {'instance': "Function('IsOld', entity_sorts['Entity'], BoolSort())", 'arity': 1, 'method': 'IsOld(Entity)', 'function': 'logicity.utils.pred_converter.z3.IsOld'}
- IsTiro: {'instance': "Function('IsTiro', entity_sorts['Entity'], BoolSort())", 'arity': 1, 'method': 'IsTiro(Entity)', 'function': 'logicity.utils.pred_converter.z3.IsTiro'}
- IsAtInter: {'instance': "Function('IsAtInter', entity_sorts['Entity'], BoolSort())", 'arity': 1, 'method': 'IsAtInter(Entity)', 'function': 'logicity.utils.pred_converter.z3.IsAtInter'}
- IsInInter: {'instance': "Function('IsInInter', entity_sorts['Entity'], BoolSort())", 'arity': 1, 'method': 'IsInInter(Entity)', 'function': 'logicity.utils.pred_converter.z3.IsInInter'}
- HigherPri: {'instance': "Function('HigherPri', entity_sorts['Entity'], entity_sorts['Entity'], BoolSort())", 'arity': 2, 'method': 'HigherPri(Entity, Entity)', 'function': 'logicity.utils.pred_converter.z3.HigherPri'}
- CollidingClose: {'instance': "Function('CollidingClose', entity_sorts['Entity'], entity_sorts['Entity'], BoolSort())", 'arity': 2, 'method': 'CollidingClose(Entity, Entity)', 'function': 'logicity.utils.pred_converter.z3.CollidingClose'}
- Stop: {'instance': "Function('Stop', entity_sorts['Entity'], BoolSort())", 'arity': 1, 'method': 'Stop(Entity)', 'function': 'None'}
- Fast: {'instance': "Function('Fast', entity_sorts['Entity'], BoolSort())", 'arity': 1, 'method': 'Fast(Entity)', 'function': 'None'}
- Normal: {'instance': "Function('Normal', entity_sorts['Entity'], BoolSort())", 'arity': 1, 'method': 'Normal(Entity)', 'function': 'None'}
- Slow: {'instance': "Function('Slow', entity_sorts['Entity'], BoolSort())", 'arity': 1, 'method': 'Slow(Entity)', 'function': 'None'}
2026-05-22 21:53:00 [INFO]: *** Sim Rule ***: Stop -> 
 Stop(entity) == Exists(
  [dummyEntity], 
  Or(
    And(
      IsAtInter(entity), 
      IsInInter(dummyEntity), 
    ),
    And(
      IsAtInter(entity), 
      IsAtInter(dummyEntity), 
      HigherPri(dummyEntity, entity),
    ),
    CollidingClose(entity, dummyEntity)
  )
)

2026-05-22 21:53:00 [INFO]: *** Task Rule ***: Collision and Intersection -> 
 Implies(Exists(
  [dummyEntity], 
    Or(
      And(
        IsAtInter(entity), 
        IsInInter(dummyEntity), 
      ),
      And(
        IsAtInter(entity), 
        IsAtInter(dummyEntity), 
        HigherPri(dummyEntity, entity),
      ),
      CollidingClose(entity, dummyEntity)
    )
  ),
  Stop(entity)
)

2026-05-22 21:53:00 [INFO]: *** Expert Rule ***: Stop -> 
 Stop(entity) == Exists(
[dummyEntity], 
  Or(
    And(
      IsAtInter(entity), 
      IsInInter(dummyEntity), 
    ),
    And(
      IsAtInter(entity), 
      IsAtInter(dummyEntity), 
      HigherPri(dummyEntity, entity),
    ),
    CollidingClose(entity, dummyEntity)
  )
)

2026-05-22 21:53:00 [INFO]: *** Expert Rule ***: Slow -> 
 Not(Slow(entity))

2026-05-22 21:53:00 [INFO]: *** Expert Rule ***: Fast -> 
 Not(Fast(entity))

2026-05-22 21:53:00 [INFO]: *** Expert Rule ***: Normal -> 
 Normal(entity) == Not(Stop(entity))
2026-05-22 21:53:00 [INFO]: Rules created successfully
2026-05-22 21:53:00 [INFO]: Rules will be grounded later...
2026-05-22 21:53:00 [INFO]: Given Predicates {'IsPedestrian': {'instance': IsPed, 'arity': 1, 'method': 'IsPed(Entity)', 'function': 'logicity.utils.pred_converter.z3.IsPed'}, 'IsCar': {'instance': IsCar, 'arity': 1, 'method': 'IsCar(Entity)', 'function': 'logicity.utils.pred_converter.z3.IsCar'}, 'IsAmbulance': {'instance': IsAmb, 'arity': 1, 'method': 'IsAmb(Entity)', 'function': 'logicity.utils.pred_converter.z3.IsAmb'}, 'IsOld': {'instance': IsOld, 'arity': 1, 'method': 'IsOld(Entity)', 'function': 'logicity.utils.pred_converter.z3.IsOld'}, 'IsTiro': {'instance': IsTiro, 'arity': 1, 'method': 'IsTiro(Entity)', 'function': 'logicity.utils.pred_converter.z3.IsTiro'}, 'IsAtInter': {'instance': IsAtInter, 'arity': 1, 'method': 'IsAtInter(Entity)', 'function': 'logicity.utils.pred_converter.z3.IsAtInter'}, 'IsInInter': {'instance': IsInInter, 'arity': 1, 'method': 'IsInInter(Entity)', 'function': 'logicity.utils.pred_converter.z3.IsInInter'}, 'HigherPri': {'instance': HigherPri, 'arity': 2, 'method': 'HigherPri(Entity, Entity)', 'function': 'logicity.utils.pred_converter.z3.HigherPri'}, 'CollidingClose': {'instance': CollidingClose, 'arity': 2, 'method': 'CollidingClose(Entity, Entity)', 'function': 'logicity.utils.pred_converter.z3.CollidingClose'}, 'Stop': {'instance': Stop, 'arity': 1, 'method': 'Stop(Entity)', 'function': 'None'}, 'Fast': {'instance': Fast, 'arity': 1, 'method': 'Fast(Entity)', 'function': 'None'}, 'Normal': {'instance': Normal, 'arity': 1, 'method': 'Normal(Entity)', 'function': 'None'}, 'Slow': {'instance': Slow, 'arity': 1, 'method': 'Slow(Entity)', 'function': 'None'}}, the FOV entities {'Entity': 3}, The logic grounding shape is: 39
2026-05-22 21:53:00 [INFO]: Local planner constructed!
2026-05-22 21:53:00 [INFO]: Constructing 22 streets
2026-05-22 21:53:00 [INFO]: Constructing 16 buildings
2026-05-22 21:53:01 [INFO]: Adding 4 agents, they are constrained in 103 region
2026-05-22 21:53:01 [INFO]: Car_1 initialization done!
2026-05-22 21:53:01 [INFO]: Pedestrian_1 initialization done!
2026-05-22 21:53:02 [INFO]: Car_2 initialization done!
2026-05-22 21:53:02 [INFO]: Car_3 initialization done!
2026-05-22 21:53:02 [INFO]: Done!
2026-05-22 21:53:02 [INFO]: ***Init RL Agent in Env***
2026-05-22 21:53:21 [INFO]: will reset agent by success
2026-05-22 21:53:21 [INFO]: ***Reset RL Agent in Env***
2026-05-22 21:53:21 [INFO]: Car_1 initialization done!
2026-05-22 21:53:21 [INFO]: Pedestrian_1 initialization done!
2026-05-22 21:53:22 [INFO]: Car_2 initialization done!
2026-05-22 21:53:22 [INFO]: Car_3 initialization done!
2026-05-22 21:53:22 [INFO]: Agent reset priority to 1/4
2026-05-22 21:53:22 [INFO]: Agent reset concepts to {'type': 'Car', 'priority': 1}
2026-05-22 21:53:22 [INFO]: Episode 14 success.
2026-05-22 21:53:22 [INFO]: Episode 14 achieved a score of 4.070000000000001
2026-05-22 21:53:22 [INFO]: Episode 14 Success: 1
2026-05-22 21:53:22 [INFO]: Episode 14 Decision Step: {3: 1}
2026-05-22 21:53:22 [INFO]: Episode 14 Success Decision: {3: 1}
2026-05-22 21:53:22 [INFO]: Evaluating episode 15...
2026-05-22 21:53:22 [INFO]: Episode label: {'oracle_step': 67, 'stop_count': 0, 'has_stop': False, 'ego_crosses': True, 'ego_eta': 5, 'ego_direction': 'down', 'other_crosses': 3, 'close_other_count': 0, 'pedestrian_close': None, 'conflicting_approach': False, 'total_crosses': 4}
2026-05-22 21:53:22 [INFO]: Get map info from config/maps/square_2x2.yaml
2026-05-22 21:53:22 [INFO]: Get agent info from config/agents/easy_lite/val.yaml
2026-05-22 21:53:22 [INFO]: Get onology and rules info from config/rules/ontology_easy.yaml, config/rules/Nav/easy/expert.yaml
2026-05-22 21:53:22 [INFO]: Number of Entity Types: 1
Entity Types:
- Entity
2026-05-22 21:53:22 [INFO]: Number of Predicates: 13
Predicates:
- IsPedestrian: {'instance': "Function('IsPed', entity_sorts['Entity'], BoolSort())", 'arity': 1, 'method': 'IsPed(Entity)', 'function': 'logicity.utils.pred_converter.z3.IsPed'}
- IsCar: {'instance': "Function('IsCar', entity_sorts['Entity'], BoolSort())", 'arity': 1, 'method': 'IsCar(Entity)', 'function': 'logicity.utils.pred_converter.z3.IsCar'}
- IsAmbulance: {'instance': "Function('IsAmb', entity_sorts['Entity'], BoolSort())", 'arity': 1, 'method': 'IsAmb(Entity)', 'function': 'logicity.utils.pred_converter.z3.IsAmb'}
- IsOld: {'instance': "Function('IsOld', entity_sorts['Entity'], BoolSort())", 'arity': 1, 'method': 'IsOld(Entity)', 'function': 'logicity.utils.pred_converter.z3.IsOld'}
- IsTiro: {'instance': "Function('IsTiro', entity_sorts['Entity'], BoolSort())", 'arity': 1, 'method': 'IsTiro(Entity)', 'function': 'logicity.utils.pred_converter.z3.IsTiro'}
- IsAtInter: {'instance': "Function('IsAtInter', entity_sorts['Entity'], BoolSort())", 'arity': 1, 'method': 'IsAtInter(Entity)', 'function': 'logicity.utils.pred_converter.z3.IsAtInter'}
- IsInInter: {'instance': "Function('IsInInter', entity_sorts['Entity'], BoolSort())", 'arity': 1, 'method': 'IsInInter(Entity)', 'function': 'logicity.utils.pred_converter.z3.IsInInter'}
- HigherPri: {'instance': "Function('HigherPri', entity_sorts['Entity'], entity_sorts['Entity'], BoolSort())", 'arity': 2, 'method': 'HigherPri(Entity, Entity)', 'function': 'logicity.utils.pred_converter.z3.HigherPri'}
- CollidingClose: {'instance': "Function('CollidingClose', entity_sorts['Entity'], entity_sorts['Entity'], BoolSort())", 'arity': 2, 'method': 'CollidingClose(Entity, Entity)', 'function': 'logicity.utils.pred_converter.z3.CollidingClose'}
- Stop: {'instance': "Function('Stop', entity_sorts['Entity'], BoolSort())", 'arity': 1, 'method': 'Stop(Entity)', 'function': 'None'}
- Fast: {'instance': "Function('Fast', entity_sorts['Entity'], BoolSort())", 'arity': 1, 'method': 'Fast(Entity)', 'function': 'None'}
- Normal: {'instance': "Function('Normal', entity_sorts['Entity'], BoolSort())", 'arity': 1, 'method': 'Normal(Entity)', 'function': 'None'}
- Slow: {'instance': "Function('Slow', entity_sorts['Entity'], BoolSort())", 'arity': 1, 'method': 'Slow(Entity)', 'function': 'None'}
2026-05-22 21:53:22 [INFO]: *** Sim Rule ***: Stop -> 
 Stop(entity) == Exists(
  [dummyEntity], 
  Or(
    And(
      IsAtInter(entity), 
      IsInInter(dummyEntity), 
    ),
    And(
      IsAtInter(entity), 
      IsAtInter(dummyEntity), 
      HigherPri(dummyEntity, entity),
    ),
    CollidingClose(entity, dummyEntity)
  )
)

2026-05-22 21:53:22 [INFO]: *** Task Rule ***: Collision and Intersection -> 
 Implies(Exists(
  [dummyEntity], 
    Or(
      And(
        IsAtInter(entity), 
        IsInInter(dummyEntity), 
      ),
      And(
        IsAtInter(entity), 
        IsAtInter(dummyEntity), 
        HigherPri(dummyEntity, entity),
      ),
      CollidingClose(entity, dummyEntity)
    )
  ),
  Stop(entity)
)

2026-05-22 21:53:22 [INFO]: *** Expert Rule ***: Stop -> 
 Stop(entity) == Exists(
[dummyEntity], 
  Or(
    And(
      IsAtInter(entity), 
      IsInInter(dummyEntity), 
    ),
    And(
      IsAtInter(entity), 
      IsAtInter(dummyEntity), 
      HigherPri(dummyEntity, entity),
    ),
    CollidingClose(entity, dummyEntity)
  )
)

2026-05-22 21:53:22 [INFO]: *** Expert Rule ***: Slow -> 
 Not(Slow(entity))

2026-05-22 21:53:22 [INFO]: *** Expert Rule ***: Fast -> 
 Not(Fast(entity))

2026-05-22 21:53:22 [INFO]: *** Expert Rule ***: Normal -> 
 Normal(entity) == Not(Stop(entity))
2026-05-22 21:53:22 [INFO]: Rules created successfully
2026-05-22 21:53:22 [INFO]: Rules will be grounded later...
2026-05-22 21:53:22 [INFO]: Given Predicates {'IsPedestrian': {'instance': IsPed, 'arity': 1, 'method': 'IsPed(Entity)', 'function': 'logicity.utils.pred_converter.z3.IsPed'}, 'IsCar': {'instance': IsCar, 'arity': 1, 'method': 'IsCar(Entity)', 'function': 'logicity.utils.pred_converter.z3.IsCar'}, 'IsAmbulance': {'instance': IsAmb, 'arity': 1, 'method': 'IsAmb(Entity)', 'function': 'logicity.utils.pred_converter.z3.IsAmb'}, 'IsOld': {'instance': IsOld, 'arity': 1, 'method': 'IsOld(Entity)', 'function': 'logicity.utils.pred_converter.z3.IsOld'}, 'IsTiro': {'instance': IsTiro, 'arity': 1, 'method': 'IsTiro(Entity)', 'function': 'logicity.utils.pred_converter.z3.IsTiro'}, 'IsAtInter': {'instance': IsAtInter, 'arity': 1, 'method': 'IsAtInter(Entity)', 'function': 'logicity.utils.pred_converter.z3.IsAtInter'}, 'IsInInter': {'instance': IsInInter, 'arity': 1, 'method': 'IsInInter(Entity)', 'function': 'logicity.utils.pred_converter.z3.IsInInter'}, 'HigherPri': {'instance': HigherPri, 'arity': 2, 'method': 'HigherPri(Entity, Entity)', 'function': 'logicity.utils.pred_converter.z3.HigherPri'}, 'CollidingClose': {'instance': CollidingClose, 'arity': 2, 'method': 'CollidingClose(Entity, Entity)', 'function': 'logicity.utils.pred_converter.z3.CollidingClose'}, 'Stop': {'instance': Stop, 'arity': 1, 'method': 'Stop(Entity)', 'function': 'None'}, 'Fast': {'instance': Fast, 'arity': 1, 'method': 'Fast(Entity)', 'function': 'None'}, 'Normal': {'instance': Normal, 'arity': 1, 'method': 'Normal(Entity)', 'function': 'None'}, 'Slow': {'instance': Slow, 'arity': 1, 'method': 'Slow(Entity)', 'function': 'None'}}, the FOV entities {'Entity': 3}, The logic grounding shape is: 39
2026-05-22 21:53:22 [INFO]: Local planner constructed!
2026-05-22 21:53:22 [INFO]: Constructing 22 streets
2026-05-22 21:53:23 [INFO]: Constructing 16 buildings
2026-05-22 21:53:23 [INFO]: Adding 4 agents, they are constrained in 103 region
2026-05-22 21:53:24 [INFO]: Car_1 initialization done!
2026-05-22 21:53:24 [INFO]: Pedestrian_1 initialization done!
2026-05-22 21:53:24 [INFO]: Car_2 initialization done!
2026-05-22 21:53:25 [INFO]: Car_3 initialization done!
2026-05-22 21:53:25 [INFO]: Done!
2026-05-22 21:53:25 [INFO]: ***Init RL Agent in Env***
2026-05-22 21:53:36 [INFO]: will reset agent by success
2026-05-22 21:53:36 [INFO]: ***Reset RL Agent in Env***
2026-05-22 21:53:36 [INFO]: Car_1 initialization done!
2026-05-22 21:53:36 [INFO]: Pedestrian_1 initialization done!
2026-05-22 21:53:37 [INFO]: Car_2 initialization done!
2026-05-22 21:53:38 [INFO]: Car_3 initialization done!
2026-05-22 21:53:38 [INFO]: Agent reset priority to 3/4
2026-05-22 21:53:38 [INFO]: Agent reset concepts to {'type': 'Car', 'priority': 3}
2026-05-22 21:53:38 [INFO]: Episode 15 success.
2026-05-22 21:53:38 [INFO]: Episode 15 achieved a score of 6.909999999999999
2026-05-22 21:53:38 [INFO]: Episode 15 Success: 1
2026-05-22 21:53:38 [INFO]: Episode 15 Decision Step: {3: 0}
2026-05-22 21:53:38 [INFO]: Episode 15 Success Decision: {3: 0}
2026-05-22 21:53:38 [INFO]: Evaluating episode 16...
2026-05-22 21:53:38 [INFO]: Episode label: {'oracle_step': 30, 'stop_count': 0, 'has_stop': False, 'ego_crosses': True, 'ego_eta': 28, 'ego_direction': 'down', 'other_crosses': 3, 'close_other_count': 0, 'pedestrian_close': None, 'conflicting_approach': False, 'total_crosses': 4}
2026-05-22 21:53:38 [INFO]: Get map info from config/maps/square_2x2.yaml
2026-05-22 21:53:38 [INFO]: Get agent info from config/agents/easy_lite/val.yaml
2026-05-22 21:53:38 [INFO]: Get onology and rules info from config/rules/ontology_easy.yaml, config/rules/Nav/easy/expert.yaml
2026-05-22 21:53:38 [INFO]: Number of Entity Types: 1
Entity Types:
- Entity
2026-05-22 21:53:38 [INFO]: Number of Predicates: 13
Predicates:
- IsPedestrian: {'instance': "Function('IsPed', entity_sorts['Entity'], BoolSort())", 'arity': 1, 'method': 'IsPed(Entity)', 'function': 'logicity.utils.pred_converter.z3.IsPed'}
- IsCar: {'instance': "Function('IsCar', entity_sorts['Entity'], BoolSort())", 'arity': 1, 'method': 'IsCar(Entity)', 'function': 'logicity.utils.pred_converter.z3.IsCar'}
- IsAmbulance: {'instance': "Function('IsAmb', entity_sorts['Entity'], BoolSort())", 'arity': 1, 'method': 'IsAmb(Entity)', 'function': 'logicity.utils.pred_converter.z3.IsAmb'}
- IsOld: {'instance': "Function('IsOld', entity_sorts['Entity'], BoolSort())", 'arity': 1, 'method': 'IsOld(Entity)', 'function': 'logicity.utils.pred_converter.z3.IsOld'}
- IsTiro: {'instance': "Function('IsTiro', entity_sorts['Entity'], BoolSort())", 'arity': 1, 'method': 'IsTiro(Entity)', 'function': 'logicity.utils.pred_converter.z3.IsTiro'}
- IsAtInter: {'instance': "Function('IsAtInter', entity_sorts['Entity'], BoolSort())", 'arity': 1, 'method': 'IsAtInter(Entity)', 'function': 'logicity.utils.pred_converter.z3.IsAtInter'}
- IsInInter: {'instance': "Function('IsInInter', entity_sorts['Entity'], BoolSort())", 'arity': 1, 'method': 'IsInInter(Entity)', 'function': 'logicity.utils.pred_converter.z3.IsInInter'}
- HigherPri: {'instance': "Function('HigherPri', entity_sorts['Entity'], entity_sorts['Entity'], BoolSort())", 'arity': 2, 'method': 'HigherPri(Entity, Entity)', 'function': 'logicity.utils.pred_converter.z3.HigherPri'}
- CollidingClose: {'instance': "Function('CollidingClose', entity_sorts['Entity'], entity_sorts['Entity'], BoolSort())", 'arity': 2, 'method': 'CollidingClose(Entity, Entity)', 'function': 'logicity.utils.pred_converter.z3.CollidingClose'}
- Stop: {'instance': "Function('Stop', entity_sorts['Entity'], BoolSort())", 'arity': 1, 'method': 'Stop(Entity)', 'function': 'None'}
- Fast: {'instance': "Function('Fast', entity_sorts['Entity'], BoolSort())", 'arity': 1, 'method': 'Fast(Entity)', 'function': 'None'}
- Normal: {'instance': "Function('Normal', entity_sorts['Entity'], BoolSort())", 'arity': 1, 'method': 'Normal(Entity)', 'function': 'None'}
- Slow: {'instance': "Function('Slow', entity_sorts['Entity'], BoolSort())", 'arity': 1, 'method': 'Slow(Entity)', 'function': 'None'}
2026-05-22 21:53:38 [INFO]: *** Sim Rule ***: Stop -> 
 Stop(entity) == Exists(
  [dummyEntity], 
  Or(
    And(
      IsAtInter(entity), 
      IsInInter(dummyEntity), 
    ),
    And(
      IsAtInter(entity), 
      IsAtInter(dummyEntity), 
      HigherPri(dummyEntity, entity),
    ),
    CollidingClose(entity, dummyEntity)
  )
)

2026-05-22 21:53:38 [INFO]: *** Task Rule ***: Collision and Intersection -> 
 Implies(Exists(
  [dummyEntity], 
    Or(
      And(
        IsAtInter(entity), 
        IsInInter(dummyEntity), 
      ),
      And(
        IsAtInter(entity), 
        IsAtInter(dummyEntity), 
        HigherPri(dummyEntity, entity),
      ),
      CollidingClose(entity, dummyEntity)
    )
  ),
  Stop(entity)
)

2026-05-22 21:53:38 [INFO]: *** Expert Rule ***: Stop -> 
 Stop(entity) == Exists(
[dummyEntity], 
  Or(
    And(
      IsAtInter(entity), 
      IsInInter(dummyEntity), 
    ),
    And(
      IsAtInter(entity), 
      IsAtInter(dummyEntity), 
      HigherPri(dummyEntity, entity),
    ),
    CollidingClose(entity, dummyEntity)
  )
)

2026-05-22 21:53:38 [INFO]: *** Expert Rule ***: Slow -> 
 Not(Slow(entity))

2026-05-22 21:53:38 [INFO]: *** Expert Rule ***: Fast -> 
 Not(Fast(entity))

2026-05-22 21:53:38 [INFO]: *** Expert Rule ***: Normal -> 
 Normal(entity) == Not(Stop(entity))
2026-05-22 21:53:38 [INFO]: Rules created successfully
2026-05-22 21:53:38 [INFO]: Rules will be grounded later...
2026-05-22 21:53:38 [INFO]: Given Predicates {'IsPedestrian': {'instance': IsPed, 'arity': 1, 'method': 'IsPed(Entity)', 'function': 'logicity.utils.pred_converter.z3.IsPed'}, 'IsCar': {'instance': IsCar, 'arity': 1, 'method': 'IsCar(Entity)', 'function': 'logicity.utils.pred_converter.z3.IsCar'}, 'IsAmbulance': {'instance': IsAmb, 'arity': 1, 'method': 'IsAmb(Entity)', 'function': 'logicity.utils.pred_converter.z3.IsAmb'}, 'IsOld': {'instance': IsOld, 'arity': 1, 'method': 'IsOld(Entity)', 'function': 'logicity.utils.pred_converter.z3.IsOld'}, 'IsTiro': {'instance': IsTiro, 'arity': 1, 'method': 'IsTiro(Entity)', 'function': 'logicity.utils.pred_converter.z3.IsTiro'}, 'IsAtInter': {'instance': IsAtInter, 'arity': 1, 'method': 'IsAtInter(Entity)', 'function': 'logicity.utils.pred_converter.z3.IsAtInter'}, 'IsInInter': {'instance': IsInInter, 'arity': 1, 'method': 'IsInInter(Entity)', 'function': 'logicity.utils.pred_converter.z3.IsInInter'}, 'HigherPri': {'instance': HigherPri, 'arity': 2, 'method': 'HigherPri(Entity, Entity)', 'function': 'logicity.utils.pred_converter.z3.HigherPri'}, 'CollidingClose': {'instance': CollidingClose, 'arity': 2, 'method': 'CollidingClose(Entity, Entity)', 'function': 'logicity.utils.pred_converter.z3.CollidingClose'}, 'Stop': {'instance': Stop, 'arity': 1, 'method': 'Stop(Entity)', 'function': 'None'}, 'Fast': {'instance': Fast, 'arity': 1, 'method': 'Fast(Entity)', 'function': 'None'}, 'Normal': {'instance': Normal, 'arity': 1, 'method': 'Normal(Entity)', 'function': 'None'}, 'Slow': {'instance': Slow, 'arity': 1, 'method': 'Slow(Entity)', 'function': 'None'}}, the FOV entities {'Entity': 3}, The logic grounding shape is: 39
2026-05-22 21:53:38 [INFO]: Local planner constructed!
2026-05-22 21:53:38 [INFO]: Constructing 22 streets
2026-05-22 21:53:39 [INFO]: Constructing 16 buildings
2026-05-22 21:53:40 [INFO]: Adding 4 agents, they are constrained in 103 region
2026-05-22 21:53:41 [INFO]: Car_1 initialization done!
2026-05-22 21:53:41 [INFO]: Pedestrian_1 initialization done!
2026-05-22 21:53:41 [INFO]: Car_2 initialization done!
2026-05-22 21:53:42 [INFO]: Car_3 initialization done!
2026-05-22 21:53:42 [INFO]: Done!
2026-05-22 21:53:42 [INFO]: ***Init RL Agent in Env***
2026-05-22 21:53:49 [INFO]: will reset agent by success
2026-05-22 21:53:49 [INFO]: ***Reset RL Agent in Env***
2026-05-22 21:53:49 [INFO]: Car_1 initialization done!
2026-05-22 21:53:50 [INFO]: Pedestrian_1 initialization done!
2026-05-22 21:53:50 [INFO]: Car_2 initialization done!
2026-05-22 21:53:50 [INFO]: Car_3 initialization done!
2026-05-22 21:53:50 [INFO]: Agent reset priority to 1/4
2026-05-22 21:53:50 [INFO]: Agent reset concepts to {'type': 'Car', 'priority': 1}
2026-05-22 21:53:51 [INFO]: Episode 16 success.
2026-05-22 21:53:51 [INFO]: Episode 16 achieved a score of 3.5500000000000016
2026-05-22 21:53:51 [INFO]: Episode 16 Success: 1
2026-05-22 21:53:51 [INFO]: Episode 16 Decision Step: {3: 1}
2026-05-22 21:53:51 [INFO]: Episode 16 Success Decision: {3: 1}
2026-05-22 21:53:51 [INFO]: Evaluating episode 17...
2026-05-22 21:53:51 [INFO]: Episode label: {'oracle_step': 118, 'stop_count': 21, 'has_stop': True, 'ego_crosses': True, 'ego_eta': 66, 'ego_direction': 'up', 'other_crosses': 3, 'close_other_count': 0, 'pedestrian_close': None, 'conflicting_approach': False, 'total_crosses': 4}
2026-05-22 21:53:51 [INFO]: Get map info from config/maps/square_2x2.yaml
2026-05-22 21:53:51 [INFO]: Get agent info from config/agents/easy_lite/val.yaml
2026-05-22 21:53:51 [INFO]: Get onology and rules info from config/rules/ontology_easy.yaml, config/rules/Nav/easy/expert.yaml
2026-05-22 21:53:51 [INFO]: Number of Entity Types: 1
Entity Types:
- Entity
2026-05-22 21:53:51 [INFO]: Number of Predicates: 13
Predicates:
- IsPedestrian: {'instance': "Function('IsPed', entity_sorts['Entity'], BoolSort())", 'arity': 1, 'method': 'IsPed(Entity)', 'function': 'logicity.utils.pred_converter.z3.IsPed'}
- IsCar: {'instance': "Function('IsCar', entity_sorts['Entity'], BoolSort())", 'arity': 1, 'method': 'IsCar(Entity)', 'function': 'logicity.utils.pred_converter.z3.IsCar'}
- IsAmbulance: {'instance': "Function('IsAmb', entity_sorts['Entity'], BoolSort())", 'arity': 1, 'method': 'IsAmb(Entity)', 'function': 'logicity.utils.pred_converter.z3.IsAmb'}
- IsOld: {'instance': "Function('IsOld', entity_sorts['Entity'], BoolSort())", 'arity': 1, 'method': 'IsOld(Entity)', 'function': 'logicity.utils.pred_converter.z3.IsOld'}
- IsTiro: {'instance': "Function('IsTiro', entity_sorts['Entity'], BoolSort())", 'arity': 1, 'method': 'IsTiro(Entity)', 'function': 'logicity.utils.pred_converter.z3.IsTiro'}
- IsAtInter: {'instance': "Function('IsAtInter', entity_sorts['Entity'], BoolSort())", 'arity': 1, 'method': 'IsAtInter(Entity)', 'function': 'logicity.utils.pred_converter.z3.IsAtInter'}
- IsInInter: {'instance': "Function('IsInInter', entity_sorts['Entity'], BoolSort())", 'arity': 1, 'method': 'IsInInter(Entity)', 'function': 'logicity.utils.pred_converter.z3.IsInInter'}
- HigherPri: {'instance': "Function('HigherPri', entity_sorts['Entity'], entity_sorts['Entity'], BoolSort())", 'arity': 2, 'method': 'HigherPri(Entity, Entity)', 'function': 'logicity.utils.pred_converter.z3.HigherPri'}
- CollidingClose: {'instance': "Function('CollidingClose', entity_sorts['Entity'], entity_sorts['Entity'], BoolSort())", 'arity': 2, 'method': 'CollidingClose(Entity, Entity)', 'function': 'logicity.utils.pred_converter.z3.CollidingClose'}
- Stop: {'instance': "Function('Stop', entity_sorts['Entity'], BoolSort())", 'arity': 1, 'method': 'Stop(Entity)', 'function': 'None'}
- Fast: {'instance': "Function('Fast', entity_sorts['Entity'], BoolSort())", 'arity': 1, 'method': 'Fast(Entity)', 'function': 'None'}
- Normal: {'instance': "Function('Normal', entity_sorts['Entity'], BoolSort())", 'arity': 1, 'method': 'Normal(Entity)', 'function': 'None'}
- Slow: {'instance': "Function('Slow', entity_sorts['Entity'], BoolSort())", 'arity': 1, 'method': 'Slow(Entity)', 'function': 'None'}
2026-05-22 21:53:51 [INFO]: *** Sim Rule ***: Stop -> 
 Stop(entity) == Exists(
  [dummyEntity], 
  Or(
    And(
      IsAtInter(entity), 
      IsInInter(dummyEntity), 
    ),
    And(
      IsAtInter(entity), 
      IsAtInter(dummyEntity), 
      HigherPri(dummyEntity, entity),
    ),
    CollidingClose(entity, dummyEntity)
  )
)

2026-05-22 21:53:51 [INFO]: *** Task Rule ***: Collision and Intersection -> 
 Implies(Exists(
  [dummyEntity], 
    Or(
      And(
        IsAtInter(entity), 
        IsInInter(dummyEntity), 
      ),
      And(
        IsAtInter(entity), 
        IsAtInter(dummyEntity), 
        HigherPri(dummyEntity, entity),
      ),
      CollidingClose(entity, dummyEntity)
    )
  ),
  Stop(entity)
)

2026-05-22 21:53:51 [INFO]: *** Expert Rule ***: Stop -> 
 Stop(entity) == Exists(
[dummyEntity], 
  Or(
    And(
      IsAtInter(entity), 
      IsInInter(dummyEntity), 
    ),
    And(
      IsAtInter(entity), 
      IsAtInter(dummyEntity), 
      HigherPri(dummyEntity, entity),
    ),
    CollidingClose(entity, dummyEntity)
  )
)

2026-05-22 21:53:51 [INFO]: *** Expert Rule ***: Slow -> 
 Not(Slow(entity))

2026-05-22 21:53:51 [INFO]: *** Expert Rule ***: Fast -> 
 Not(Fast(entity))

2026-05-22 21:53:51 [INFO]: *** Expert Rule ***: Normal -> 
 Normal(entity) == Not(Stop(entity))
2026-05-22 21:53:51 [INFO]: Rules created successfully
2026-05-22 21:53:51 [INFO]: Rules will be grounded later...
2026-05-22 21:53:51 [INFO]: Given Predicates {'IsPedestrian': {'instance': IsPed, 'arity': 1, 'method': 'IsPed(Entity)', 'function': 'logicity.utils.pred_converter.z3.IsPed'}, 'IsCar': {'instance': IsCar, 'arity': 1, 'method': 'IsCar(Entity)', 'function': 'logicity.utils.pred_converter.z3.IsCar'}, 'IsAmbulance': {'instance': IsAmb, 'arity': 1, 'method': 'IsAmb(Entity)', 'function': 'logicity.utils.pred_converter.z3.IsAmb'}, 'IsOld': {'instance': IsOld, 'arity': 1, 'method': 'IsOld(Entity)', 'function': 'logicity.utils.pred_converter.z3.IsOld'}, 'IsTiro': {'instance': IsTiro, 'arity': 1, 'method': 'IsTiro(Entity)', 'function': 'logicity.utils.pred_converter.z3.IsTiro'}, 'IsAtInter': {'instance': IsAtInter, 'arity': 1, 'method': 'IsAtInter(Entity)', 'function': 'logicity.utils.pred_converter.z3.IsAtInter'}, 'IsInInter': {'instance': IsInInter, 'arity': 1, 'method': 'IsInInter(Entity)', 'function': 'logicity.utils.pred_converter.z3.IsInInter'}, 'HigherPri': {'instance': HigherPri, 'arity': 2, 'method': 'HigherPri(Entity, Entity)', 'function': 'logicity.utils.pred_converter.z3.HigherPri'}, 'CollidingClose': {'instance': CollidingClose, 'arity': 2, 'method': 'CollidingClose(Entity, Entity)', 'function': 'logicity.utils.pred_converter.z3.CollidingClose'}, 'Stop': {'instance': Stop, 'arity': 1, 'method': 'Stop(Entity)', 'function': 'None'}, 'Fast': {'instance': Fast, 'arity': 1, 'method': 'Fast(Entity)', 'function': 'None'}, 'Normal': {'instance': Normal, 'arity': 1, 'method': 'Normal(Entity)', 'function': 'None'}, 'Slow': {'instance': Slow, 'arity': 1, 'method': 'Slow(Entity)', 'function': 'None'}}, the FOV entities {'Entity': 3}, The logic grounding shape is: 39
2026-05-22 21:53:51 [INFO]: Local planner constructed!
2026-05-22 21:53:51 [INFO]: Constructing 22 streets
2026-05-22 21:53:51 [INFO]: Constructing 16 buildings
2026-05-22 21:53:52 [INFO]: Adding 4 agents, they are constrained in 103 region
2026-05-22 21:53:53 [INFO]: Car_1 initialization done!
2026-05-22 21:53:53 [INFO]: Pedestrian_1 initialization done!
2026-05-22 21:53:54 [INFO]: Car_2 initialization done!
2026-05-22 21:53:54 [INFO]: Car_3 initialization done!
2026-05-22 21:53:54 [INFO]: Done!
2026-05-22 21:53:54 [INFO]: ***Init RL Agent in Env***
2026-05-22 21:54:21 [INFO]: will reset agent by success
2026-05-22 21:54:21 [INFO]: ***Reset RL Agent in Env***
2026-05-22 21:54:22 [INFO]: Car_1 initialization done!
2026-05-22 21:54:22 [INFO]: Pedestrian_1 initialization done!
2026-05-22 21:54:22 [INFO]: Car_2 initialization done!
2026-05-22 21:54:23 [INFO]: Car_3 initialization done!
2026-05-22 21:54:23 [INFO]: Agent reset priority to 3/4
2026-05-22 21:54:23 [INFO]: Agent reset concepts to {'type': 'Car', 'priority': 3}
2026-05-22 21:54:23 [INFO]: Episode 17 success.
2026-05-22 21:54:23 [INFO]: Episode 17 achieved a score of 9.330000000000004
2026-05-22 21:54:23 [INFO]: Episode 17 Success: 1
2026-05-22 21:54:23 [INFO]: Episode 17 Decision Step: {3: 1}
2026-05-22 21:54:23 [INFO]: Episode 17 Success Decision: {3: 1}
2026-05-22 21:54:23 [INFO]: Evaluating episode 18...
2026-05-22 21:54:23 [INFO]: Episode label: {'oracle_step': 38, 'stop_count': 0, 'has_stop': False, 'ego_crosses': True, 'ego_eta': 52, 'ego_direction': 'right', 'other_crosses': 3, 'close_other_count': 0, 'pedestrian_close': None, 'conflicting_approach': False, 'total_crosses': 4}
2026-05-22 21:54:23 [INFO]: Get map info from config/maps/square_2x2.yaml
2026-05-22 21:54:23 [INFO]: Get agent info from config/agents/easy_lite/val.yaml
2026-05-22 21:54:23 [INFO]: Get onology and rules info from config/rules/ontology_easy.yaml, config/rules/Nav/easy/expert.yaml
2026-05-22 21:54:23 [INFO]: Number of Entity Types: 1
Entity Types:
- Entity
2026-05-22 21:54:23 [INFO]: Number of Predicates: 13
Predicates:
- IsPedestrian: {'instance': "Function('IsPed', entity_sorts['Entity'], BoolSort())", 'arity': 1, 'method': 'IsPed(Entity)', 'function': 'logicity.utils.pred_converter.z3.IsPed'}
- IsCar: {'instance': "Function('IsCar', entity_sorts['Entity'], BoolSort())", 'arity': 1, 'method': 'IsCar(Entity)', 'function': 'logicity.utils.pred_converter.z3.IsCar'}
- IsAmbulance: {'instance': "Function('IsAmb', entity_sorts['Entity'], BoolSort())", 'arity': 1, 'method': 'IsAmb(Entity)', 'function': 'logicity.utils.pred_converter.z3.IsAmb'}
- IsOld: {'instance': "Function('IsOld', entity_sorts['Entity'], BoolSort())", 'arity': 1, 'method': 'IsOld(Entity)', 'function': 'logicity.utils.pred_converter.z3.IsOld'}
- IsTiro: {'instance': "Function('IsTiro', entity_sorts['Entity'], BoolSort())", 'arity': 1, 'method': 'IsTiro(Entity)', 'function': 'logicity.utils.pred_converter.z3.IsTiro'}
- IsAtInter: {'instance': "Function('IsAtInter', entity_sorts['Entity'], BoolSort())", 'arity': 1, 'method': 'IsAtInter(Entity)', 'function': 'logicity.utils.pred_converter.z3.IsAtInter'}
- IsInInter: {'instance': "Function('IsInInter', entity_sorts['Entity'], BoolSort())", 'arity': 1, 'method': 'IsInInter(Entity)', 'function': 'logicity.utils.pred_converter.z3.IsInInter'}
- HigherPri: {'instance': "Function('HigherPri', entity_sorts['Entity'], entity_sorts['Entity'], BoolSort())", 'arity': 2, 'method': 'HigherPri(Entity, Entity)', 'function': 'logicity.utils.pred_converter.z3.HigherPri'}
- CollidingClose: {'instance': "Function('CollidingClose', entity_sorts['Entity'], entity_sorts['Entity'], BoolSort())", 'arity': 2, 'method': 'CollidingClose(Entity, Entity)', 'function': 'logicity.utils.pred_converter.z3.CollidingClose'}
- Stop: {'instance': "Function('Stop', entity_sorts['Entity'], BoolSort())", 'arity': 1, 'method': 'Stop(Entity)', 'function': 'None'}
- Fast: {'instance': "Function('Fast', entity_sorts['Entity'], BoolSort())", 'arity': 1, 'method': 'Fast(Entity)', 'function': 'None'}
- Normal: {'instance': "Function('Normal', entity_sorts['Entity'], BoolSort())", 'arity': 1, 'method': 'Normal(Entity)', 'function': 'None'}
- Slow: {'instance': "Function('Slow', entity_sorts['Entity'], BoolSort())", 'arity': 1, 'method': 'Slow(Entity)', 'function': 'None'}
2026-05-22 21:54:23 [INFO]: *** Sim Rule ***: Stop -> 
 Stop(entity) == Exists(
  [dummyEntity], 
  Or(
    And(
      IsAtInter(entity), 
      IsInInter(dummyEntity), 
    ),
    And(
      IsAtInter(entity), 
      IsAtInter(dummyEntity), 
      HigherPri(dummyEntity, entity),
    ),
    CollidingClose(entity, dummyEntity)
  )
)

2026-05-22 21:54:23 [INFO]: *** Task Rule ***: Collision and Intersection -> 
 Implies(Exists(
  [dummyEntity], 
    Or(
      And(
        IsAtInter(entity), 
        IsInInter(dummyEntity), 
      ),
      And(
        IsAtInter(entity), 
        IsAtInter(dummyEntity), 
        HigherPri(dummyEntity, entity),
      ),
      CollidingClose(entity, dummyEntity)
    )
  ),
  Stop(entity)
)

2026-05-22 21:54:23 [INFO]: *** Expert Rule ***: Stop -> 
 Stop(entity) == Exists(
[dummyEntity], 
  Or(
    And(
      IsAtInter(entity), 
      IsInInter(dummyEntity), 
    ),
    And(
      IsAtInter(entity), 
      IsAtInter(dummyEntity), 
      HigherPri(dummyEntity, entity),
    ),
    CollidingClose(entity, dummyEntity)
  )
)

2026-05-22 21:54:23 [INFO]: *** Expert Rule ***: Slow -> 
 Not(Slow(entity))

2026-05-22 21:54:23 [INFO]: *** Expert Rule ***: Fast -> 
 Not(Fast(entity))

2026-05-22 21:54:23 [INFO]: *** Expert Rule ***: Normal -> 
 Normal(entity) == Not(Stop(entity))
2026-05-22 21:54:23 [INFO]: Rules created successfully
2026-05-22 21:54:23 [INFO]: Rules will be grounded later...
2026-05-22 21:54:23 [INFO]: Given Predicates {'IsPedestrian': {'instance': IsPed, 'arity': 1, 'method': 'IsPed(Entity)', 'function': 'logicity.utils.pred_converter.z3.IsPed'}, 'IsCar': {'instance': IsCar, 'arity': 1, 'method': 'IsCar(Entity)', 'function': 'logicity.utils.pred_converter.z3.IsCar'}, 'IsAmbulance': {'instance': IsAmb, 'arity': 1, 'method': 'IsAmb(Entity)', 'function': 'logicity.utils.pred_converter.z3.IsAmb'}, 'IsOld': {'instance': IsOld, 'arity': 1, 'method': 'IsOld(Entity)', 'function': 'logicity.utils.pred_converter.z3.IsOld'}, 'IsTiro': {'instance': IsTiro, 'arity': 1, 'method': 'IsTiro(Entity)', 'function': 'logicity.utils.pred_converter.z3.IsTiro'}, 'IsAtInter': {'instance': IsAtInter, 'arity': 1, 'method': 'IsAtInter(Entity)', 'function': 'logicity.utils.pred_converter.z3.IsAtInter'}, 'IsInInter': {'instance': IsInInter, 'arity': 1, 'method': 'IsInInter(Entity)', 'function': 'logicity.utils.pred_converter.z3.IsInInter'}, 'HigherPri': {'instance': HigherPri, 'arity': 2, 'method': 'HigherPri(Entity, Entity)', 'function': 'logicity.utils.pred_converter.z3.HigherPri'}, 'CollidingClose': {'instance': CollidingClose, 'arity': 2, 'method': 'CollidingClose(Entity, Entity)', 'function': 'logicity.utils.pred_converter.z3.CollidingClose'}, 'Stop': {'instance': Stop, 'arity': 1, 'method': 'Stop(Entity)', 'function': 'None'}, 'Fast': {'instance': Fast, 'arity': 1, 'method': 'Fast(Entity)', 'function': 'None'}, 'Normal': {'instance': Normal, 'arity': 1, 'method': 'Normal(Entity)', 'function': 'None'}, 'Slow': {'instance': Slow, 'arity': 1, 'method': 'Slow(Entity)', 'function': 'None'}}, the FOV entities {'Entity': 3}, The logic grounding shape is: 39
2026-05-22 21:54:23 [INFO]: Local planner constructed!
2026-05-22 21:54:23 [INFO]: Constructing 22 streets
2026-05-22 21:54:23 [INFO]: Constructing 16 buildings
2026-05-22 21:54:24 [INFO]: Adding 4 agents, they are constrained in 103 region
2026-05-22 21:54:25 [INFO]: Car_1 initialization done!
2026-05-22 21:54:25 [INFO]: Pedestrian_1 initialization done!
2026-05-22 21:54:25 [INFO]: Car_2 initialization done!
2026-05-22 21:54:26 [INFO]: Car_3 initialization done!
2026-05-22 21:54:26 [INFO]: Done!
2026-05-22 21:54:26 [INFO]: ***Init RL Agent in Env***
2026-05-22 21:54:45 [INFO]: Episode 18 failed.
2026-05-22 21:54:45 [INFO]: Episode 18 achieved a score of -1.2099999999999917
2026-05-22 21:54:45 [INFO]: Episode 18 Success: 0
2026-05-22 21:54:45 [INFO]: Episode 18 Decision Step: {3: 1}
2026-05-22 21:54:45 [INFO]: Episode 18 Success Decision: {3: 1}
2026-05-22 21:54:45 [INFO]: Evaluating episode 19...
2026-05-22 21:54:45 [INFO]: Episode label: {'oracle_step': 43, 'stop_count': 0, 'has_stop': False, 'ego_crosses': True, 'ego_eta': 7, 'ego_direction': 'right', 'other_crosses': 3, 'close_other_count': 0, 'pedestrian_close': None, 'conflicting_approach': False, 'total_crosses': 4}
2026-05-22 21:54:45 [INFO]: Get map info from config/maps/square_2x2.yaml
2026-05-22 21:54:45 [INFO]: Get agent info from config/agents/easy_lite/val.yaml
2026-05-22 21:54:45 [INFO]: Get onology and rules info from config/rules/ontology_easy.yaml, config/rules/Nav/easy/expert.yaml
2026-05-22 21:54:45 [INFO]: Number of Entity Types: 1
Entity Types:
- Entity
2026-05-22 21:54:45 [INFO]: Number of Predicates: 13
Predicates:
- IsPedestrian: {'instance': "Function('IsPed', entity_sorts['Entity'], BoolSort())", 'arity': 1, 'method': 'IsPed(Entity)', 'function': 'logicity.utils.pred_converter.z3.IsPed'}
- IsCar: {'instance': "Function('IsCar', entity_sorts['Entity'], BoolSort())", 'arity': 1, 'method': 'IsCar(Entity)', 'function': 'logicity.utils.pred_converter.z3.IsCar'}
- IsAmbulance: {'instance': "Function('IsAmb', entity_sorts['Entity'], BoolSort())", 'arity': 1, 'method': 'IsAmb(Entity)', 'function': 'logicity.utils.pred_converter.z3.IsAmb'}
- IsOld: {'instance': "Function('IsOld', entity_sorts['Entity'], BoolSort())", 'arity': 1, 'method': 'IsOld(Entity)', 'function': 'logicity.utils.pred_converter.z3.IsOld'}
- IsTiro: {'instance': "Function('IsTiro', entity_sorts['Entity'], BoolSort())", 'arity': 1, 'method': 'IsTiro(Entity)', 'function': 'logicity.utils.pred_converter.z3.IsTiro'}
- IsAtInter: {'instance': "Function('IsAtInter', entity_sorts['Entity'], BoolSort())", 'arity': 1, 'method': 'IsAtInter(Entity)', 'function': 'logicity.utils.pred_converter.z3.IsAtInter'}
- IsInInter: {'instance': "Function('IsInInter', entity_sorts['Entity'], BoolSort())", 'arity': 1, 'method': 'IsInInter(Entity)', 'function': 'logicity.utils.pred_converter.z3.IsInInter'}
- HigherPri: {'instance': "Function('HigherPri', entity_sorts['Entity'], entity_sorts['Entity'], BoolSort())", 'arity': 2, 'method': 'HigherPri(Entity, Entity)', 'function': 'logicity.utils.pred_converter.z3.HigherPri'}
- CollidingClose: {'instance': "Function('CollidingClose', entity_sorts['Entity'], entity_sorts['Entity'], BoolSort())", 'arity': 2, 'method': 'CollidingClose(Entity, Entity)', 'function': 'logicity.utils.pred_converter.z3.CollidingClose'}
- Stop: {'instance': "Function('Stop', entity_sorts['Entity'], BoolSort())", 'arity': 1, 'method': 'Stop(Entity)', 'function': 'None'}
- Fast: {'instance': "Function('Fast', entity_sorts['Entity'], BoolSort())", 'arity': 1, 'method': 'Fast(Entity)', 'function': 'None'}
- Normal: {'instance': "Function('Normal', entity_sorts['Entity'], BoolSort())", 'arity': 1, 'method': 'Normal(Entity)', 'function': 'None'}
- Slow: {'instance': "Function('Slow', entity_sorts['Entity'], BoolSort())", 'arity': 1, 'method': 'Slow(Entity)', 'function': 'None'}
2026-05-22 21:54:45 [INFO]: *** Sim Rule ***: Stop -> 
 Stop(entity) == Exists(
  [dummyEntity], 
  Or(
    And(
      IsAtInter(entity), 
      IsInInter(dummyEntity), 
    ),
    And(
      IsAtInter(entity), 
      IsAtInter(dummyEntity), 
      HigherPri(dummyEntity, entity),
    ),
    CollidingClose(entity, dummyEntity)
  )
)

2026-05-22 21:54:45 [INFO]: *** Task Rule ***: Collision and Intersection -> 
 Implies(Exists(
  [dummyEntity], 
    Or(
      And(
        IsAtInter(entity), 
        IsInInter(dummyEntity), 
      ),
      And(
        IsAtInter(entity), 
        IsAtInter(dummyEntity), 
        HigherPri(dummyEntity, entity),
      ),
      CollidingClose(entity, dummyEntity)
    )
  ),
  Stop(entity)
)

2026-05-22 21:54:45 [INFO]: *** Expert Rule ***: Stop -> 
 Stop(entity) == Exists(
[dummyEntity], 
  Or(
    And(
      IsAtInter(entity), 
      IsInInter(dummyEntity), 
    ),
    And(
      IsAtInter(entity), 
      IsAtInter(dummyEntity), 
      HigherPri(dummyEntity, entity),
    ),
    CollidingClose(entity, dummyEntity)
  )
)

2026-05-22 21:54:45 [INFO]: *** Expert Rule ***: Slow -> 
 Not(Slow(entity))

2026-05-22 21:54:45 [INFO]: *** Expert Rule ***: Fast -> 
 Not(Fast(entity))

2026-05-22 21:54:45 [INFO]: *** Expert Rule ***: Normal -> 
 Normal(entity) == Not(Stop(entity))
2026-05-22 21:54:45 [INFO]: Rules created successfully
2026-05-22 21:54:45 [INFO]: Rules will be grounded later...
2026-05-22 21:54:45 [INFO]: Given Predicates {'IsPedestrian': {'instance': IsPed, 'arity': 1, 'method': 'IsPed(Entity)', 'function': 'logicity.utils.pred_converter.z3.IsPed'}, 'IsCar': {'instance': IsCar, 'arity': 1, 'method': 'IsCar(Entity)', 'function': 'logicity.utils.pred_converter.z3.IsCar'}, 'IsAmbulance': {'instance': IsAmb, 'arity': 1, 'method': 'IsAmb(Entity)', 'function': 'logicity.utils.pred_converter.z3.IsAmb'}, 'IsOld': {'instance': IsOld, 'arity': 1, 'method': 'IsOld(Entity)', 'function': 'logicity.utils.pred_converter.z3.IsOld'}, 'IsTiro': {'instance': IsTiro, 'arity': 1, 'method': 'IsTiro(Entity)', 'function': 'logicity.utils.pred_converter.z3.IsTiro'}, 'IsAtInter': {'instance': IsAtInter, 'arity': 1, 'method': 'IsAtInter(Entity)', 'function': 'logicity.utils.pred_converter.z3.IsAtInter'}, 'IsInInter': {'instance': IsInInter, 'arity': 1, 'method': 'IsInInter(Entity)', 'function': 'logicity.utils.pred_converter.z3.IsInInter'}, 'HigherPri': {'instance': HigherPri, 'arity': 2, 'method': 'HigherPri(Entity, Entity)', 'function': 'logicity.utils.pred_converter.z3.HigherPri'}, 'CollidingClose': {'instance': CollidingClose, 'arity': 2, 'method': 'CollidingClose(Entity, Entity)', 'function': 'logicity.utils.pred_converter.z3.CollidingClose'}, 'Stop': {'instance': Stop, 'arity': 1, 'method': 'Stop(Entity)', 'function': 'None'}, 'Fast': {'instance': Fast, 'arity': 1, 'method': 'Fast(Entity)', 'function': 'None'}, 'Normal': {'instance': Normal, 'arity': 1, 'method': 'Normal(Entity)', 'function': 'None'}, 'Slow': {'instance': Slow, 'arity': 1, 'method': 'Slow(Entity)', 'function': 'None'}}, the FOV entities {'Entity': 3}, The logic grounding shape is: 39
2026-05-22 21:54:45 [INFO]: Local planner constructed!
2026-05-22 21:54:45 [INFO]: Constructing 22 streets
2026-05-22 21:54:46 [INFO]: Constructing 16 buildings
2026-05-22 21:54:46 [INFO]: Adding 4 agents, they are constrained in 103 region
2026-05-22 21:54:47 [INFO]: Car_1 initialization done!
2026-05-22 21:54:47 [INFO]: Pedestrian_1 initialization done!
2026-05-22 21:54:48 [INFO]: Car_2 initialization done!
2026-05-22 21:54:49 [INFO]: Car_3 initialization done!
2026-05-22 21:54:49 [INFO]: Done!
2026-05-22 21:54:49 [INFO]: ***Init RL Agent in Env***
2026-05-22 21:54:58 [INFO]: will reset agent by success
2026-05-22 21:54:58 [INFO]: ***Reset RL Agent in Env***
2026-05-22 21:54:58 [INFO]: Car_1 initialization done!
2026-05-22 21:54:58 [INFO]: Pedestrian_1 initialization done!
2026-05-22 21:54:59 [INFO]: Car_2 initialization done!
2026-05-22 21:55:00 [INFO]: Car_3 initialization done!
2026-05-22 21:55:00 [INFO]: Agent reset priority to 3/4
2026-05-22 21:55:00 [INFO]: Agent reset concepts to {'type': 'Car', 'priority': 3}
2026-05-22 21:55:00 [INFO]: Episode 19 success.
2026-05-22 21:55:00 [INFO]: Episode 19 achieved a score of 4.650000000000003
2026-05-22 21:55:00 [INFO]: Episode 19 Success: 1
2026-05-22 21:55:00 [INFO]: Episode 19 Decision Step: {3: 1}
2026-05-22 21:55:00 [INFO]: Episode 19 Success Decision: {3: 1}
2026-05-22 21:55:00 [INFO]: Evaluating episode 20...
2026-05-22 21:55:00 [INFO]: Episode label: {'oracle_step': 41, 'stop_count': 0, 'has_stop': False, 'ego_crosses': True, 'ego_eta': 5, 'ego_direction': 'left', 'other_crosses': 3, 'close_other_count': 0, 'pedestrian_close': None, 'conflicting_approach': False, 'total_crosses': 4}
2026-05-22 21:55:00 [INFO]: Get map info from config/maps/square_2x2.yaml
2026-05-22 21:55:00 [INFO]: Get agent info from config/agents/easy_lite/val.yaml
2026-05-22 21:55:00 [INFO]: Get onology and rules info from config/rules/ontology_easy.yaml, config/rules/Nav/easy/expert.yaml
2026-05-22 21:55:00 [INFO]: Number of Entity Types: 1
Entity Types:
- Entity
2026-05-22 21:55:00 [INFO]: Number of Predicates: 13
Predicates:
- IsPedestrian: {'instance': "Function('IsPed', entity_sorts['Entity'], BoolSort())", 'arity': 1, 'method': 'IsPed(Entity)', 'function': 'logicity.utils.pred_converter.z3.IsPed'}
- IsCar: {'instance': "Function('IsCar', entity_sorts['Entity'], BoolSort())", 'arity': 1, 'method': 'IsCar(Entity)', 'function': 'logicity.utils.pred_converter.z3.IsCar'}
- IsAmbulance: {'instance': "Function('IsAmb', entity_sorts['Entity'], BoolSort())", 'arity': 1, 'method': 'IsAmb(Entity)', 'function': 'logicity.utils.pred_converter.z3.IsAmb'}
- IsOld: {'instance': "Function('IsOld', entity_sorts['Entity'], BoolSort())", 'arity': 1, 'method': 'IsOld(Entity)', 'function': 'logicity.utils.pred_converter.z3.IsOld'}
- IsTiro: {'instance': "Function('IsTiro', entity_sorts['Entity'], BoolSort())", 'arity': 1, 'method': 'IsTiro(Entity)', 'function': 'logicity.utils.pred_converter.z3.IsTiro'}
- IsAtInter: {'instance': "Function('IsAtInter', entity_sorts['Entity'], BoolSort())", 'arity': 1, 'method': 'IsAtInter(Entity)', 'function': 'logicity.utils.pred_converter.z3.IsAtInter'}
- IsInInter: {'instance': "Function('IsInInter', entity_sorts['Entity'], BoolSort())", 'arity': 1, 'method': 'IsInInter(Entity)', 'function': 'logicity.utils.pred_converter.z3.IsInInter'}
- HigherPri: {'instance': "Function('HigherPri', entity_sorts['Entity'], entity_sorts['Entity'], BoolSort())", 'arity': 2, 'method': 'HigherPri(Entity, Entity)', 'function': 'logicity.utils.pred_converter.z3.HigherPri'}
- CollidingClose: {'instance': "Function('CollidingClose', entity_sorts['Entity'], entity_sorts['Entity'], BoolSort())", 'arity': 2, 'method': 'CollidingClose(Entity, Entity)', 'function': 'logicity.utils.pred_converter.z3.CollidingClose'}
- Stop: {'instance': "Function('Stop', entity_sorts['Entity'], BoolSort())", 'arity': 1, 'method': 'Stop(Entity)', 'function': 'None'}
- Fast: {'instance': "Function('Fast', entity_sorts['Entity'], BoolSort())", 'arity': 1, 'method': 'Fast(Entity)', 'function': 'None'}
- Normal: {'instance': "Function('Normal', entity_sorts['Entity'], BoolSort())", 'arity': 1, 'method': 'Normal(Entity)', 'function': 'None'}
- Slow: {'instance': "Function('Slow', entity_sorts['Entity'], BoolSort())", 'arity': 1, 'method': 'Slow(Entity)', 'function': 'None'}
2026-05-22 21:55:00 [INFO]: *** Sim Rule ***: Stop -> 
 Stop(entity) == Exists(
  [dummyEntity], 
  Or(
    And(
      IsAtInter(entity), 
      IsInInter(dummyEntity), 
    ),
    And(
      IsAtInter(entity), 
      IsAtInter(dummyEntity), 
      HigherPri(dummyEntity, entity),
    ),
    CollidingClose(entity, dummyEntity)
  )
)

2026-05-22 21:55:00 [INFO]: *** Task Rule ***: Collision and Intersection -> 
 Implies(Exists(
  [dummyEntity], 
    Or(
      And(
        IsAtInter(entity), 
        IsInInter(dummyEntity), 
      ),
      And(
        IsAtInter(entity), 
        IsAtInter(dummyEntity), 
        HigherPri(dummyEntity, entity),
      ),
      CollidingClose(entity, dummyEntity)
    )
  ),
  Stop(entity)
)

2026-05-22 21:55:00 [INFO]: *** Expert Rule ***: Stop -> 
 Stop(entity) == Exists(
[dummyEntity], 
  Or(
    And(
      IsAtInter(entity), 
      IsInInter(dummyEntity), 
    ),
    And(
      IsAtInter(entity), 
      IsAtInter(dummyEntity), 
      HigherPri(dummyEntity, entity),
    ),
    CollidingClose(entity, dummyEntity)
  )
)

2026-05-22 21:55:00 [INFO]: *** Expert Rule ***: Slow -> 
 Not(Slow(entity))

2026-05-22 21:55:00 [INFO]: *** Expert Rule ***: Fast -> 
 Not(Fast(entity))

2026-05-22 21:55:00 [INFO]: *** Expert Rule ***: Normal -> 
 Normal(entity) == Not(Stop(entity))
2026-05-22 21:55:00 [INFO]: Rules created successfully
2026-05-22 21:55:00 [INFO]: Rules will be grounded later...
2026-05-22 21:55:00 [INFO]: Given Predicates {'IsPedestrian': {'instance': IsPed, 'arity': 1, 'method': 'IsPed(Entity)', 'function': 'logicity.utils.pred_converter.z3.IsPed'}, 'IsCar': {'instance': IsCar, 'arity': 1, 'method': 'IsCar(Entity)', 'function': 'logicity.utils.pred_converter.z3.IsCar'}, 'IsAmbulance': {'instance': IsAmb, 'arity': 1, 'method': 'IsAmb(Entity)', 'function': 'logicity.utils.pred_converter.z3.IsAmb'}, 'IsOld': {'instance': IsOld, 'arity': 1, 'method': 'IsOld(Entity)', 'function': 'logicity.utils.pred_converter.z3.IsOld'}, 'IsTiro': {'instance': IsTiro, 'arity': 1, 'method': 'IsTiro(Entity)', 'function': 'logicity.utils.pred_converter.z3.IsTiro'}, 'IsAtInter': {'instance': IsAtInter, 'arity': 1, 'method': 'IsAtInter(Entity)', 'function': 'logicity.utils.pred_converter.z3.IsAtInter'}, 'IsInInter': {'instance': IsInInter, 'arity': 1, 'method': 'IsInInter(Entity)', 'function': 'logicity.utils.pred_converter.z3.IsInInter'}, 'HigherPri': {'instance': HigherPri, 'arity': 2, 'method': 'HigherPri(Entity, Entity)', 'function': 'logicity.utils.pred_converter.z3.HigherPri'}, 'CollidingClose': {'instance': CollidingClose, 'arity': 2, 'method': 'CollidingClose(Entity, Entity)', 'function': 'logicity.utils.pred_converter.z3.CollidingClose'}, 'Stop': {'instance': Stop, 'arity': 1, 'method': 'Stop(Entity)', 'function': 'None'}, 'Fast': {'instance': Fast, 'arity': 1, 'method': 'Fast(Entity)', 'function': 'None'}, 'Normal': {'instance': Normal, 'arity': 1, 'method': 'Normal(Entity)', 'function': 'None'}, 'Slow': {'instance': Slow, 'arity': 1, 'method': 'Slow(Entity)', 'function': 'None'}}, the FOV entities {'Entity': 3}, The logic grounding shape is: 39
2026-05-22 21:55:00 [INFO]: Local planner constructed!
2026-05-22 21:55:00 [INFO]: Constructing 22 streets
2026-05-22 21:55:01 [INFO]: Constructing 16 buildings
2026-05-22 21:55:02 [INFO]: Adding 4 agents, they are constrained in 103 region
2026-05-22 21:55:03 [INFO]: Car_1 initialization done!
2026-05-22 21:55:03 [INFO]: Pedestrian_1 initialization done!
2026-05-22 21:55:03 [INFO]: Car_2 initialization done!
2026-05-22 21:55:04 [INFO]: Car_3 initialization done!
2026-05-22 21:55:04 [INFO]: Done!
2026-05-22 21:55:04 [INFO]: ***Init RL Agent in Env***
2026-05-22 21:55:10 [INFO]: will reset agent by success
2026-05-22 21:55:10 [INFO]: ***Reset RL Agent in Env***
2026-05-22 21:55:11 [INFO]: Car_1 initialization done!
2026-05-22 21:55:11 [INFO]: Pedestrian_1 initialization done!
2026-05-22 21:55:12 [INFO]: Car_2 initialization done!
2026-05-22 21:55:12 [INFO]: Car_3 initialization done!
2026-05-22 21:55:12 [INFO]: Agent reset priority to 3/4
2026-05-22 21:55:12 [INFO]: Agent reset concepts to {'type': 'Car', 'priority': 3}
2026-05-22 21:55:13 [INFO]: Episode 20 success.
2026-05-22 21:55:13 [INFO]: Episode 20 achieved a score of 4.490000000000002
2026-05-22 21:55:13 [INFO]: Episode 20 Success: 1
2026-05-22 21:55:13 [INFO]: Episode 20 Decision Step: {3: 0}
2026-05-22 21:55:13 [INFO]: Episode 20 Success Decision: {3: 0}
2026-05-22 21:55:13 [INFO]: Evaluating episode 21...
2026-05-22 21:55:13 [INFO]: Episode label: {'oracle_step': 22, 'stop_count': 0, 'has_stop': False, 'ego_crosses': True, 'ego_eta': 5, 'ego_direction': 'right', 'other_crosses': 3, 'close_other_count': 0, 'pedestrian_close': None, 'conflicting_approach': False, 'total_crosses': 4}
2026-05-22 21:55:13 [INFO]: Get map info from config/maps/square_2x2.yaml
2026-05-22 21:55:13 [INFO]: Get agent info from config/agents/easy_lite/val.yaml
2026-05-22 21:55:13 [INFO]: Get onology and rules info from config/rules/ontology_easy.yaml, config/rules/Nav/easy/expert.yaml
2026-05-22 21:55:13 [INFO]: Number of Entity Types: 1
Entity Types:
- Entity
2026-05-22 21:55:13 [INFO]: Number of Predicates: 13
Predicates:
- IsPedestrian: {'instance': "Function('IsPed', entity_sorts['Entity'], BoolSort())", 'arity': 1, 'method': 'IsPed(Entity)', 'function': 'logicity.utils.pred_converter.z3.IsPed'}
- IsCar: {'instance': "Function('IsCar', entity_sorts['Entity'], BoolSort())", 'arity': 1, 'method': 'IsCar(Entity)', 'function': 'logicity.utils.pred_converter.z3.IsCar'}
- IsAmbulance: {'instance': "Function('IsAmb', entity_sorts['Entity'], BoolSort())", 'arity': 1, 'method': 'IsAmb(Entity)', 'function': 'logicity.utils.pred_converter.z3.IsAmb'}
- IsOld: {'instance': "Function('IsOld', entity_sorts['Entity'], BoolSort())", 'arity': 1, 'method': 'IsOld(Entity)', 'function': 'logicity.utils.pred_converter.z3.IsOld'}
- IsTiro: {'instance': "Function('IsTiro', entity_sorts['Entity'], BoolSort())", 'arity': 1, 'method': 'IsTiro(Entity)', 'function': 'logicity.utils.pred_converter.z3.IsTiro'}
- IsAtInter: {'instance': "Function('IsAtInter', entity_sorts['Entity'], BoolSort())", 'arity': 1, 'method': 'IsAtInter(Entity)', 'function': 'logicity.utils.pred_converter.z3.IsAtInter'}
- IsInInter: {'instance': "Function('IsInInter', entity_sorts['Entity'], BoolSort())", 'arity': 1, 'method': 'IsInInter(Entity)', 'function': 'logicity.utils.pred_converter.z3.IsInInter'}
- HigherPri: {'instance': "Function('HigherPri', entity_sorts['Entity'], entity_sorts['Entity'], BoolSort())", 'arity': 2, 'method': 'HigherPri(Entity, Entity)', 'function': 'logicity.utils.pred_converter.z3.HigherPri'}
- CollidingClose: {'instance': "Function('CollidingClose', entity_sorts['Entity'], entity_sorts['Entity'], BoolSort())", 'arity': 2, 'method': 'CollidingClose(Entity, Entity)', 'function': 'logicity.utils.pred_converter.z3.CollidingClose'}
- Stop: {'instance': "Function('Stop', entity_sorts['Entity'], BoolSort())", 'arity': 1, 'method': 'Stop(Entity)', 'function': 'None'}
- Fast: {'instance': "Function('Fast', entity_sorts['Entity'], BoolSort())", 'arity': 1, 'method': 'Fast(Entity)', 'function': 'None'}
- Normal: {'instance': "Function('Normal', entity_sorts['Entity'], BoolSort())", 'arity': 1, 'method': 'Normal(Entity)', 'function': 'None'}
- Slow: {'instance': "Function('Slow', entity_sorts['Entity'], BoolSort())", 'arity': 1, 'method': 'Slow(Entity)', 'function': 'None'}
2026-05-22 21:55:13 [INFO]: *** Sim Rule ***: Stop -> 
 Stop(entity) == Exists(
  [dummyEntity], 
  Or(
    And(
      IsAtInter(entity), 
      IsInInter(dummyEntity), 
    ),
    And(
      IsAtInter(entity), 
      IsAtInter(dummyEntity), 
      HigherPri(dummyEntity, entity),
    ),
    CollidingClose(entity, dummyEntity)
  )
)

2026-05-22 21:55:13 [INFO]: *** Task Rule ***: Collision and Intersection -> 
 Implies(Exists(
  [dummyEntity], 
    Or(
      And(
        IsAtInter(entity), 
        IsInInter(dummyEntity), 
      ),
      And(
        IsAtInter(entity), 
        IsAtInter(dummyEntity), 
        HigherPri(dummyEntity, entity),
      ),
      CollidingClose(entity, dummyEntity)
    )
  ),
  Stop(entity)
)

2026-05-22 21:55:13 [INFO]: *** Expert Rule ***: Stop -> 
 Stop(entity) == Exists(
[dummyEntity], 
  Or(
    And(
      IsAtInter(entity), 
      IsInInter(dummyEntity), 
    ),
    And(
      IsAtInter(entity), 
      IsAtInter(dummyEntity), 
      HigherPri(dummyEntity, entity),
    ),
    CollidingClose(entity, dummyEntity)
  )
)

2026-05-22 21:55:13 [INFO]: *** Expert Rule ***: Slow -> 
 Not(Slow(entity))

2026-05-22 21:55:13 [INFO]: *** Expert Rule ***: Fast -> 
 Not(Fast(entity))

2026-05-22 21:55:13 [INFO]: *** Expert Rule ***: Normal -> 
 Normal(entity) == Not(Stop(entity))
2026-05-22 21:55:13 [INFO]: Rules created successfully
2026-05-22 21:55:13 [INFO]: Rules will be grounded later...
2026-05-22 21:55:13 [INFO]: Given Predicates {'IsPedestrian': {'instance': IsPed, 'arity': 1, 'method': 'IsPed(Entity)', 'function': 'logicity.utils.pred_converter.z3.IsPed'}, 'IsCar': {'instance': IsCar, 'arity': 1, 'method': 'IsCar(Entity)', 'function': 'logicity.utils.pred_converter.z3.IsCar'}, 'IsAmbulance': {'instance': IsAmb, 'arity': 1, 'method': 'IsAmb(Entity)', 'function': 'logicity.utils.pred_converter.z3.IsAmb'}, 'IsOld': {'instance': IsOld, 'arity': 1, 'method': 'IsOld(Entity)', 'function': 'logicity.utils.pred_converter.z3.IsOld'}, 'IsTiro': {'instance': IsTiro, 'arity': 1, 'method': 'IsTiro(Entity)', 'function': 'logicity.utils.pred_converter.z3.IsTiro'}, 'IsAtInter': {'instance': IsAtInter, 'arity': 1, 'method': 'IsAtInter(Entity)', 'function': 'logicity.utils.pred_converter.z3.IsAtInter'}, 'IsInInter': {'instance': IsInInter, 'arity': 1, 'method': 'IsInInter(Entity)', 'function': 'logicity.utils.pred_converter.z3.IsInInter'}, 'HigherPri': {'instance': HigherPri, 'arity': 2, 'method': 'HigherPri(Entity, Entity)', 'function': 'logicity.utils.pred_converter.z3.HigherPri'}, 'CollidingClose': {'instance': CollidingClose, 'arity': 2, 'method': 'CollidingClose(Entity, Entity)', 'function': 'logicity.utils.pred_converter.z3.CollidingClose'}, 'Stop': {'instance': Stop, 'arity': 1, 'method': 'Stop(Entity)', 'function': 'None'}, 'Fast': {'instance': Fast, 'arity': 1, 'method': 'Fast(Entity)', 'function': 'None'}, 'Normal': {'instance': Normal, 'arity': 1, 'method': 'Normal(Entity)', 'function': 'None'}, 'Slow': {'instance': Slow, 'arity': 1, 'method': 'Slow(Entity)', 'function': 'None'}}, the FOV entities {'Entity': 3}, The logic grounding shape is: 39
2026-05-22 21:55:13 [INFO]: Local planner constructed!
2026-05-22 21:55:13 [INFO]: Constructing 22 streets
2026-05-22 21:55:13 [INFO]: Constructing 16 buildings
2026-05-22 21:55:14 [INFO]: Adding 4 agents, they are constrained in 103 region
2026-05-22 21:55:14 [INFO]: Car_1 initialization done!
2026-05-22 21:55:14 [INFO]: Pedestrian_1 initialization done!
2026-05-22 21:55:15 [INFO]: Car_2 initialization done!
2026-05-22 21:55:15 [INFO]: Car_3 initialization done!
2026-05-22 21:55:15 [INFO]: Done!
2026-05-22 21:55:15 [INFO]: ***Init RL Agent in Env***
2026-05-22 21:55:19 [INFO]: will reset agent by success
2026-05-22 21:55:19 [INFO]: ***Reset RL Agent in Env***
2026-05-22 21:55:19 [INFO]: Car_1 initialization done!
2026-05-22 21:55:19 [INFO]: Pedestrian_1 initialization done!
2026-05-22 21:55:20 [INFO]: Car_2 initialization done!
2026-05-22 21:55:21 [INFO]: Car_3 initialization done!
2026-05-22 21:55:21 [INFO]: Agent reset priority to 3/4
2026-05-22 21:55:21 [INFO]: Agent reset concepts to {'type': 'Car', 'priority': 3}
2026-05-22 21:55:21 [INFO]: Episode 21 success.
2026-05-22 21:55:21 [INFO]: Episode 21 achieved a score of 2.750000000000001
2026-05-22 21:55:21 [INFO]: Episode 21 Success: 1
2026-05-22 21:55:21 [INFO]: Episode 21 Decision Step: {3: 0}
2026-05-22 21:55:21 [INFO]: Episode 21 Success Decision: {3: 0}
2026-05-22 21:55:21 [INFO]: Evaluating episode 22...
2026-05-22 21:55:21 [INFO]: Episode label: {'oracle_step': 90, 'stop_count': 31, 'has_stop': True, 'ego_crosses': True, 'ego_eta': 85, 'ego_direction': 'left', 'other_crosses': 3, 'close_other_count': 0, 'pedestrian_close': None, 'conflicting_approach': False, 'total_crosses': 4}
2026-05-22 21:55:21 [INFO]: Get map info from config/maps/square_2x2.yaml
2026-05-22 21:55:21 [INFO]: Get agent info from config/agents/easy_lite/val.yaml
2026-05-22 21:55:21 [INFO]: Get onology and rules info from config/rules/ontology_easy.yaml, config/rules/Nav/easy/expert.yaml
2026-05-22 21:55:21 [INFO]: Number of Entity Types: 1
Entity Types:
- Entity
2026-05-22 21:55:21 [INFO]: Number of Predicates: 13
Predicates:
- IsPedestrian: {'instance': "Function('IsPed', entity_sorts['Entity'], BoolSort())", 'arity': 1, 'method': 'IsPed(Entity)', 'function': 'logicity.utils.pred_converter.z3.IsPed'}
- IsCar: {'instance': "Function('IsCar', entity_sorts['Entity'], BoolSort())", 'arity': 1, 'method': 'IsCar(Entity)', 'function': 'logicity.utils.pred_converter.z3.IsCar'}
- IsAmbulance: {'instance': "Function('IsAmb', entity_sorts['Entity'], BoolSort())", 'arity': 1, 'method': 'IsAmb(Entity)', 'function': 'logicity.utils.pred_converter.z3.IsAmb'}
- IsOld: {'instance': "Function('IsOld', entity_sorts['Entity'], BoolSort())", 'arity': 1, 'method': 'IsOld(Entity)', 'function': 'logicity.utils.pred_converter.z3.IsOld'}
- IsTiro: {'instance': "Function('IsTiro', entity_sorts['Entity'], BoolSort())", 'arity': 1, 'method': 'IsTiro(Entity)', 'function': 'logicity.utils.pred_converter.z3.IsTiro'}
- IsAtInter: {'instance': "Function('IsAtInter', entity_sorts['Entity'], BoolSort())", 'arity': 1, 'method': 'IsAtInter(Entity)', 'function': 'logicity.utils.pred_converter.z3.IsAtInter'}
- IsInInter: {'instance': "Function('IsInInter', entity_sorts['Entity'], BoolSort())", 'arity': 1, 'method': 'IsInInter(Entity)', 'function': 'logicity.utils.pred_converter.z3.IsInInter'}
- HigherPri: {'instance': "Function('HigherPri', entity_sorts['Entity'], entity_sorts['Entity'], BoolSort())", 'arity': 2, 'method': 'HigherPri(Entity, Entity)', 'function': 'logicity.utils.pred_converter.z3.HigherPri'}
- CollidingClose: {'instance': "Function('CollidingClose', entity_sorts['Entity'], entity_sorts['Entity'], BoolSort())", 'arity': 2, 'method': 'CollidingClose(Entity, Entity)', 'function': 'logicity.utils.pred_converter.z3.CollidingClose'}
- Stop: {'instance': "Function('Stop', entity_sorts['Entity'], BoolSort())", 'arity': 1, 'method': 'Stop(Entity)', 'function': 'None'}
- Fast: {'instance': "Function('Fast', entity_sorts['Entity'], BoolSort())", 'arity': 1, 'method': 'Fast(Entity)', 'function': 'None'}
- Normal: {'instance': "Function('Normal', entity_sorts['Entity'], BoolSort())", 'arity': 1, 'method': 'Normal(Entity)', 'function': 'None'}
- Slow: {'instance': "Function('Slow', entity_sorts['Entity'], BoolSort())", 'arity': 1, 'method': 'Slow(Entity)', 'function': 'None'}
2026-05-22 21:55:21 [INFO]: *** Sim Rule ***: Stop -> 
 Stop(entity) == Exists(
  [dummyEntity], 
  Or(
    And(
      IsAtInter(entity), 
      IsInInter(dummyEntity), 
    ),
    And(
      IsAtInter(entity), 
      IsAtInter(dummyEntity), 
      HigherPri(dummyEntity, entity),
    ),
    CollidingClose(entity, dummyEntity)
  )
)

2026-05-22 21:55:21 [INFO]: *** Task Rule ***: Collision and Intersection -> 
 Implies(Exists(
  [dummyEntity], 
    Or(
      And(
        IsAtInter(entity), 
        IsInInter(dummyEntity), 
      ),
      And(
        IsAtInter(entity), 
        IsAtInter(dummyEntity), 
        HigherPri(dummyEntity, entity),
      ),
      CollidingClose(entity, dummyEntity)
    )
  ),
  Stop(entity)
)

2026-05-22 21:55:21 [INFO]: *** Expert Rule ***: Stop -> 
 Stop(entity) == Exists(
[dummyEntity], 
  Or(
    And(
      IsAtInter(entity), 
      IsInInter(dummyEntity), 
    ),
    And(
      IsAtInter(entity), 
      IsAtInter(dummyEntity), 
      HigherPri(dummyEntity, entity),
    ),
    CollidingClose(entity, dummyEntity)
  )
)

2026-05-22 21:55:21 [INFO]: *** Expert Rule ***: Slow -> 
 Not(Slow(entity))

2026-05-22 21:55:21 [INFO]: *** Expert Rule ***: Fast -> 
 Not(Fast(entity))

2026-05-22 21:55:21 [INFO]: *** Expert Rule ***: Normal -> 
 Normal(entity) == Not(Stop(entity))
2026-05-22 21:55:21 [INFO]: Rules created successfully
2026-05-22 21:55:21 [INFO]: Rules will be grounded later...
2026-05-22 21:55:21 [INFO]: Given Predicates {'IsPedestrian': {'instance': IsPed, 'arity': 1, 'method': 'IsPed(Entity)', 'function': 'logicity.utils.pred_converter.z3.IsPed'}, 'IsCar': {'instance': IsCar, 'arity': 1, 'method': 'IsCar(Entity)', 'function': 'logicity.utils.pred_converter.z3.IsCar'}, 'IsAmbulance': {'instance': IsAmb, 'arity': 1, 'method': 'IsAmb(Entity)', 'function': 'logicity.utils.pred_converter.z3.IsAmb'}, 'IsOld': {'instance': IsOld, 'arity': 1, 'method': 'IsOld(Entity)', 'function': 'logicity.utils.pred_converter.z3.IsOld'}, 'IsTiro': {'instance': IsTiro, 'arity': 1, 'method': 'IsTiro(Entity)', 'function': 'logicity.utils.pred_converter.z3.IsTiro'}, 'IsAtInter': {'instance': IsAtInter, 'arity': 1, 'method': 'IsAtInter(Entity)', 'function': 'logicity.utils.pred_converter.z3.IsAtInter'}, 'IsInInter': {'instance': IsInInter, 'arity': 1, 'method': 'IsInInter(Entity)', 'function': 'logicity.utils.pred_converter.z3.IsInInter'}, 'HigherPri': {'instance': HigherPri, 'arity': 2, 'method': 'HigherPri(Entity, Entity)', 'function': 'logicity.utils.pred_converter.z3.HigherPri'}, 'CollidingClose': {'instance': CollidingClose, 'arity': 2, 'method': 'CollidingClose(Entity, Entity)', 'function': 'logicity.utils.pred_converter.z3.CollidingClose'}, 'Stop': {'instance': Stop, 'arity': 1, 'method': 'Stop(Entity)', 'function': 'None'}, 'Fast': {'instance': Fast, 'arity': 1, 'method': 'Fast(Entity)', 'function': 'None'}, 'Normal': {'instance': Normal, 'arity': 1, 'method': 'Normal(Entity)', 'function': 'None'}, 'Slow': {'instance': Slow, 'arity': 1, 'method': 'Slow(Entity)', 'function': 'None'}}, the FOV entities {'Entity': 3}, The logic grounding shape is: 39
2026-05-22 21:55:21 [INFO]: Local planner constructed!
2026-05-22 21:55:21 [INFO]: Constructing 22 streets
2026-05-22 21:55:22 [INFO]: Constructing 16 buildings
2026-05-22 21:55:23 [INFO]: Adding 4 agents, they are constrained in 103 region
2026-05-22 21:55:24 [INFO]: Car_1 initialization done!
2026-05-22 21:55:24 [INFO]: Pedestrian_1 initialization done!
2026-05-22 21:55:24 [INFO]: Car_2 initialization done!
2026-05-22 21:55:25 [INFO]: Car_3 initialization done!
2026-05-22 21:55:25 [INFO]: Done!
2026-05-22 21:55:25 [INFO]: ***Init RL Agent in Env***
2026-05-22 21:55:48 [INFO]: will reset agent by success
2026-05-22 21:55:48 [INFO]: ***Reset RL Agent in Env***
2026-05-22 21:55:48 [INFO]: Car_1 initialization done!
2026-05-22 21:55:48 [INFO]: Pedestrian_1 initialization done!
2026-05-22 21:55:49 [INFO]: Car_2 initialization done!
2026-05-22 21:55:50 [INFO]: Car_3 initialization done!
2026-05-22 21:55:50 [INFO]: Agent reset priority to 3/4
2026-05-22 21:55:50 [INFO]: Agent reset concepts to {'type': 'Car', 'priority': 3}
2026-05-22 21:55:50 [INFO]: Episode 22 success.
2026-05-22 21:55:50 [INFO]: Episode 22 achieved a score of 5.580000000000014
2026-05-22 21:55:50 [INFO]: Episode 22 Success: 1
2026-05-22 21:55:50 [INFO]: Episode 22 Decision Step: {3: 1}
2026-05-22 21:55:50 [INFO]: Episode 22 Success Decision: {3: 1}
2026-05-22 21:55:50 [INFO]: Evaluating episode 23...
2026-05-22 21:55:50 [INFO]: Episode label: {'oracle_step': 41, 'stop_count': 0, 'has_stop': False, 'ego_crosses': True, 'ego_eta': 12, 'ego_direction': 'right', 'other_crosses': 3, 'close_other_count': 0, 'pedestrian_close': None, 'conflicting_approach': False, 'total_crosses': 4}
2026-05-22 21:55:50 [INFO]: Get map info from config/maps/square_2x2.yaml
2026-05-22 21:55:50 [INFO]: Get agent info from config/agents/easy_lite/val.yaml
2026-05-22 21:55:50 [INFO]: Get onology and rules info from config/rules/ontology_easy.yaml, config/rules/Nav/easy/expert.yaml
2026-05-22 21:55:50 [INFO]: Number of Entity Types: 1
Entity Types:
- Entity
2026-05-22 21:55:50 [INFO]: Number of Predicates: 13
Predicates:
- IsPedestrian: {'instance': "Function('IsPed', entity_sorts['Entity'], BoolSort())", 'arity': 1, 'method': 'IsPed(Entity)', 'function': 'logicity.utils.pred_converter.z3.IsPed'}
- IsCar: {'instance': "Function('IsCar', entity_sorts['Entity'], BoolSort())", 'arity': 1, 'method': 'IsCar(Entity)', 'function': 'logicity.utils.pred_converter.z3.IsCar'}
- IsAmbulance: {'instance': "Function('IsAmb', entity_sorts['Entity'], BoolSort())", 'arity': 1, 'method': 'IsAmb(Entity)', 'function': 'logicity.utils.pred_converter.z3.IsAmb'}
- IsOld: {'instance': "Function('IsOld', entity_sorts['Entity'], BoolSort())", 'arity': 1, 'method': 'IsOld(Entity)', 'function': 'logicity.utils.pred_converter.z3.IsOld'}
- IsTiro: {'instance': "Function('IsTiro', entity_sorts['Entity'], BoolSort())", 'arity': 1, 'method': 'IsTiro(Entity)', 'function': 'logicity.utils.pred_converter.z3.IsTiro'}
- IsAtInter: {'instance': "Function('IsAtInter', entity_sorts['Entity'], BoolSort())", 'arity': 1, 'method': 'IsAtInter(Entity)', 'function': 'logicity.utils.pred_converter.z3.IsAtInter'}
- IsInInter: {'instance': "Function('IsInInter', entity_sorts['Entity'], BoolSort())", 'arity': 1, 'method': 'IsInInter(Entity)', 'function': 'logicity.utils.pred_converter.z3.IsInInter'}
- HigherPri: {'instance': "Function('HigherPri', entity_sorts['Entity'], entity_sorts['Entity'], BoolSort())", 'arity': 2, 'method': 'HigherPri(Entity, Entity)', 'function': 'logicity.utils.pred_converter.z3.HigherPri'}
- CollidingClose: {'instance': "Function('CollidingClose', entity_sorts['Entity'], entity_sorts['Entity'], BoolSort())", 'arity': 2, 'method': 'CollidingClose(Entity, Entity)', 'function': 'logicity.utils.pred_converter.z3.CollidingClose'}
- Stop: {'instance': "Function('Stop', entity_sorts['Entity'], BoolSort())", 'arity': 1, 'method': 'Stop(Entity)', 'function': 'None'}
- Fast: {'instance': "Function('Fast', entity_sorts['Entity'], BoolSort())", 'arity': 1, 'method': 'Fast(Entity)', 'function': 'None'}
- Normal: {'instance': "Function('Normal', entity_sorts['Entity'], BoolSort())", 'arity': 1, 'method': 'Normal(Entity)', 'function': 'None'}
- Slow: {'instance': "Function('Slow', entity_sorts['Entity'], BoolSort())", 'arity': 1, 'method': 'Slow(Entity)', 'function': 'None'}
2026-05-22 21:55:50 [INFO]: *** Sim Rule ***: Stop -> 
 Stop(entity) == Exists(
  [dummyEntity], 
  Or(
    And(
      IsAtInter(entity), 
      IsInInter(dummyEntity), 
    ),
    And(
      IsAtInter(entity), 
      IsAtInter(dummyEntity), 
      HigherPri(dummyEntity, entity),
    ),
    CollidingClose(entity, dummyEntity)
  )
)

2026-05-22 21:55:50 [INFO]: *** Task Rule ***: Collision and Intersection -> 
 Implies(Exists(
  [dummyEntity], 
    Or(
      And(
        IsAtInter(entity), 
        IsInInter(dummyEntity), 
      ),
      And(
        IsAtInter(entity), 
        IsAtInter(dummyEntity), 
        HigherPri(dummyEntity, entity),
      ),
      CollidingClose(entity, dummyEntity)
    )
  ),
  Stop(entity)
)

2026-05-22 21:55:50 [INFO]: *** Expert Rule ***: Stop -> 
 Stop(entity) == Exists(
[dummyEntity], 
  Or(
    And(
      IsAtInter(entity), 
      IsInInter(dummyEntity), 
    ),
    And(
      IsAtInter(entity), 
      IsAtInter(dummyEntity), 
      HigherPri(dummyEntity, entity),
    ),
    CollidingClose(entity, dummyEntity)
  )
)

2026-05-22 21:55:50 [INFO]: *** Expert Rule ***: Slow -> 
 Not(Slow(entity))

2026-05-22 21:55:50 [INFO]: *** Expert Rule ***: Fast -> 
 Not(Fast(entity))

2026-05-22 21:55:50 [INFO]: *** Expert Rule ***: Normal -> 
 Normal(entity) == Not(Stop(entity))
2026-05-22 21:55:50 [INFO]: Rules created successfully
2026-05-22 21:55:50 [INFO]: Rules will be grounded later...
2026-05-22 21:55:50 [INFO]: Given Predicates {'IsPedestrian': {'instance': IsPed, 'arity': 1, 'method': 'IsPed(Entity)', 'function': 'logicity.utils.pred_converter.z3.IsPed'}, 'IsCar': {'instance': IsCar, 'arity': 1, 'method': 'IsCar(Entity)', 'function': 'logicity.utils.pred_converter.z3.IsCar'}, 'IsAmbulance': {'instance': IsAmb, 'arity': 1, 'method': 'IsAmb(Entity)', 'function': 'logicity.utils.pred_converter.z3.IsAmb'}, 'IsOld': {'instance': IsOld, 'arity': 1, 'method': 'IsOld(Entity)', 'function': 'logicity.utils.pred_converter.z3.IsOld'}, 'IsTiro': {'instance': IsTiro, 'arity': 1, 'method': 'IsTiro(Entity)', 'function': 'logicity.utils.pred_converter.z3.IsTiro'}, 'IsAtInter': {'instance': IsAtInter, 'arity': 1, 'method': 'IsAtInter(Entity)', 'function': 'logicity.utils.pred_converter.z3.IsAtInter'}, 'IsInInter': {'instance': IsInInter, 'arity': 1, 'method': 'IsInInter(Entity)', 'function': 'logicity.utils.pred_converter.z3.IsInInter'}, 'HigherPri': {'instance': HigherPri, 'arity': 2, 'method': 'HigherPri(Entity, Entity)', 'function': 'logicity.utils.pred_converter.z3.HigherPri'}, 'CollidingClose': {'instance': CollidingClose, 'arity': 2, 'method': 'CollidingClose(Entity, Entity)', 'function': 'logicity.utils.pred_converter.z3.CollidingClose'}, 'Stop': {'instance': Stop, 'arity': 1, 'method': 'Stop(Entity)', 'function': 'None'}, 'Fast': {'instance': Fast, 'arity': 1, 'method': 'Fast(Entity)', 'function': 'None'}, 'Normal': {'instance': Normal, 'arity': 1, 'method': 'Normal(Entity)', 'function': 'None'}, 'Slow': {'instance': Slow, 'arity': 1, 'method': 'Slow(Entity)', 'function': 'None'}}, the FOV entities {'Entity': 3}, The logic grounding shape is: 39
2026-05-22 21:55:50 [INFO]: Local planner constructed!
2026-05-22 21:55:50 [INFO]: Constructing 22 streets
2026-05-22 21:55:51 [INFO]: Constructing 16 buildings
2026-05-22 21:55:52 [INFO]: Adding 4 agents, they are constrained in 103 region
2026-05-22 21:55:52 [INFO]: Car_1 initialization done!
2026-05-22 21:55:52 [INFO]: Pedestrian_1 initialization done!
2026-05-22 21:55:53 [INFO]: Car_2 initialization done!
2026-05-22 21:55:54 [INFO]: Car_3 initialization done!
2026-05-22 21:55:54 [INFO]: Done!
2026-05-22 21:55:54 [INFO]: ***Init RL Agent in Env***
2026-05-22 21:56:02 [INFO]: will reset agent by success
2026-05-22 21:56:02 [INFO]: ***Reset RL Agent in Env***
2026-05-22 21:56:03 [INFO]: Car_1 initialization done!
2026-05-22 21:56:03 [INFO]: Pedestrian_1 initialization done!
2026-05-22 21:56:03 [INFO]: Car_2 initialization done!
2026-05-22 21:56:04 [INFO]: Car_3 initialization done!
2026-05-22 21:56:04 [INFO]: Agent reset priority to 1/4
2026-05-22 21:56:04 [INFO]: Agent reset concepts to {'type': 'Car', 'priority': 1}
2026-05-22 21:56:04 [INFO]: Episode 23 success.
2026-05-22 21:56:04 [INFO]: Episode 23 achieved a score of 4.5500000000000025
2026-05-22 21:56:04 [INFO]: Episode 23 Success: 1
2026-05-22 21:56:04 [INFO]: Episode 23 Decision Step: {3: 0}
2026-05-22 21:56:04 [INFO]: Episode 23 Success Decision: {3: 0}
2026-05-22 21:56:04 [INFO]: Evaluating episode 24...
2026-05-22 21:56:04 [INFO]: Episode label: {'oracle_step': 80, 'stop_count': 36, 'has_stop': True, 'ego_crosses': True, 'ego_eta': 56, 'ego_direction': 'up', 'other_crosses': 3, 'close_other_count': 0, 'pedestrian_close': None, 'conflicting_approach': False, 'total_crosses': 4}
2026-05-22 21:56:04 [INFO]: Get map info from config/maps/square_2x2.yaml
2026-05-22 21:56:04 [INFO]: Get agent info from config/agents/easy_lite/val.yaml
2026-05-22 21:56:04 [INFO]: Get onology and rules info from config/rules/ontology_easy.yaml, config/rules/Nav/easy/expert.yaml
2026-05-22 21:56:04 [INFO]: Number of Entity Types: 1
Entity Types:
- Entity
2026-05-22 21:56:04 [INFO]: Number of Predicates: 13
Predicates:
- IsPedestrian: {'instance': "Function('IsPed', entity_sorts['Entity'], BoolSort())", 'arity': 1, 'method': 'IsPed(Entity)', 'function': 'logicity.utils.pred_converter.z3.IsPed'}
- IsCar: {'instance': "Function('IsCar', entity_sorts['Entity'], BoolSort())", 'arity': 1, 'method': 'IsCar(Entity)', 'function': 'logicity.utils.pred_converter.z3.IsCar'}
- IsAmbulance: {'instance': "Function('IsAmb', entity_sorts['Entity'], BoolSort())", 'arity': 1, 'method': 'IsAmb(Entity)', 'function': 'logicity.utils.pred_converter.z3.IsAmb'}
- IsOld: {'instance': "Function('IsOld', entity_sorts['Entity'], BoolSort())", 'arity': 1, 'method': 'IsOld(Entity)', 'function': 'logicity.utils.pred_converter.z3.IsOld'}
- IsTiro: {'instance': "Function('IsTiro', entity_sorts['Entity'], BoolSort())", 'arity': 1, 'method': 'IsTiro(Entity)', 'function': 'logicity.utils.pred_converter.z3.IsTiro'}
- IsAtInter: {'instance': "Function('IsAtInter', entity_sorts['Entity'], BoolSort())", 'arity': 1, 'method': 'IsAtInter(Entity)', 'function': 'logicity.utils.pred_converter.z3.IsAtInter'}
- IsInInter: {'instance': "Function('IsInInter', entity_sorts['Entity'], BoolSort())", 'arity': 1, 'method': 'IsInInter(Entity)', 'function': 'logicity.utils.pred_converter.z3.IsInInter'}
- HigherPri: {'instance': "Function('HigherPri', entity_sorts['Entity'], entity_sorts['Entity'], BoolSort())", 'arity': 2, 'method': 'HigherPri(Entity, Entity)', 'function': 'logicity.utils.pred_converter.z3.HigherPri'}
- CollidingClose: {'instance': "Function('CollidingClose', entity_sorts['Entity'], entity_sorts['Entity'], BoolSort())", 'arity': 2, 'method': 'CollidingClose(Entity, Entity)', 'function': 'logicity.utils.pred_converter.z3.CollidingClose'}
- Stop: {'instance': "Function('Stop', entity_sorts['Entity'], BoolSort())", 'arity': 1, 'method': 'Stop(Entity)', 'function': 'None'}
- Fast: {'instance': "Function('Fast', entity_sorts['Entity'], BoolSort())", 'arity': 1, 'method': 'Fast(Entity)', 'function': 'None'}
- Normal: {'instance': "Function('Normal', entity_sorts['Entity'], BoolSort())", 'arity': 1, 'method': 'Normal(Entity)', 'function': 'None'}
- Slow: {'instance': "Function('Slow', entity_sorts['Entity'], BoolSort())", 'arity': 1, 'method': 'Slow(Entity)', 'function': 'None'}
2026-05-22 21:56:04 [INFO]: *** Sim Rule ***: Stop -> 
 Stop(entity) == Exists(
  [dummyEntity], 
  Or(
    And(
      IsAtInter(entity), 
      IsInInter(dummyEntity), 
    ),
    And(
      IsAtInter(entity), 
      IsAtInter(dummyEntity), 
      HigherPri(dummyEntity, entity),
    ),
    CollidingClose(entity, dummyEntity)
  )
)

2026-05-22 21:56:04 [INFO]: *** Task Rule ***: Collision and Intersection -> 
 Implies(Exists(
  [dummyEntity], 
    Or(
      And(
        IsAtInter(entity), 
        IsInInter(dummyEntity), 
      ),
      And(
        IsAtInter(entity), 
        IsAtInter(dummyEntity), 
        HigherPri(dummyEntity, entity),
      ),
      CollidingClose(entity, dummyEntity)
    )
  ),
  Stop(entity)
)

2026-05-22 21:56:04 [INFO]: *** Expert Rule ***: Stop -> 
 Stop(entity) == Exists(
[dummyEntity], 
  Or(
    And(
      IsAtInter(entity), 
      IsInInter(dummyEntity), 
    ),
    And(
      IsAtInter(entity), 
      IsAtInter(dummyEntity), 
      HigherPri(dummyEntity, entity),
    ),
    CollidingClose(entity, dummyEntity)
  )
)

2026-05-22 21:56:04 [INFO]: *** Expert Rule ***: Slow -> 
 Not(Slow(entity))

2026-05-22 21:56:04 [INFO]: *** Expert Rule ***: Fast -> 
 Not(Fast(entity))

2026-05-22 21:56:04 [INFO]: *** Expert Rule ***: Normal -> 
 Normal(entity) == Not(Stop(entity))
2026-05-22 21:56:04 [INFO]: Rules created successfully
2026-05-22 21:56:04 [INFO]: Rules will be grounded later...
2026-05-22 21:56:04 [INFO]: Given Predicates {'IsPedestrian': {'instance': IsPed, 'arity': 1, 'method': 'IsPed(Entity)', 'function': 'logicity.utils.pred_converter.z3.IsPed'}, 'IsCar': {'instance': IsCar, 'arity': 1, 'method': 'IsCar(Entity)', 'function': 'logicity.utils.pred_converter.z3.IsCar'}, 'IsAmbulance': {'instance': IsAmb, 'arity': 1, 'method': 'IsAmb(Entity)', 'function': 'logicity.utils.pred_converter.z3.IsAmb'}, 'IsOld': {'instance': IsOld, 'arity': 1, 'method': 'IsOld(Entity)', 'function': 'logicity.utils.pred_converter.z3.IsOld'}, 'IsTiro': {'instance': IsTiro, 'arity': 1, 'method': 'IsTiro(Entity)', 'function': 'logicity.utils.pred_converter.z3.IsTiro'}, 'IsAtInter': {'instance': IsAtInter, 'arity': 1, 'method': 'IsAtInter(Entity)', 'function': 'logicity.utils.pred_converter.z3.IsAtInter'}, 'IsInInter': {'instance': IsInInter, 'arity': 1, 'method': 'IsInInter(Entity)', 'function': 'logicity.utils.pred_converter.z3.IsInInter'}, 'HigherPri': {'instance': HigherPri, 'arity': 2, 'method': 'HigherPri(Entity, Entity)', 'function': 'logicity.utils.pred_converter.z3.HigherPri'}, 'CollidingClose': {'instance': CollidingClose, 'arity': 2, 'method': 'CollidingClose(Entity, Entity)', 'function': 'logicity.utils.pred_converter.z3.CollidingClose'}, 'Stop': {'instance': Stop, 'arity': 1, 'method': 'Stop(Entity)', 'function': 'None'}, 'Fast': {'instance': Fast, 'arity': 1, 'method': 'Fast(Entity)', 'function': 'None'}, 'Normal': {'instance': Normal, 'arity': 1, 'method': 'Normal(Entity)', 'function': 'None'}, 'Slow': {'instance': Slow, 'arity': 1, 'method': 'Slow(Entity)', 'function': 'None'}}, the FOV entities {'Entity': 3}, The logic grounding shape is: 39
2026-05-22 21:56:04 [INFO]: Local planner constructed!
2026-05-22 21:56:04 [INFO]: Constructing 22 streets
2026-05-22 21:56:05 [INFO]: Constructing 16 buildings
2026-05-22 21:56:05 [INFO]: Adding 4 agents, they are constrained in 103 region
2026-05-22 21:56:06 [INFO]: Car_1 initialization done!
2026-05-22 21:56:06 [INFO]: Pedestrian_1 initialization done!
2026-05-22 21:56:06 [INFO]: Car_2 initialization done!
2026-05-22 21:56:07 [INFO]: Car_3 initialization done!
2026-05-22 21:56:07 [INFO]: Done!
2026-05-22 21:56:07 [INFO]: ***Init RL Agent in Env***
2026-05-22 21:56:14 [INFO]: will reset agent by success
2026-05-22 21:56:14 [INFO]: ***Reset RL Agent in Env***
2026-05-22 21:56:15 [INFO]: Car_1 initialization done!
2026-05-22 21:56:15 [INFO]: Pedestrian_1 initialization done!
2026-05-22 21:56:16 [INFO]: Car_2 initialization done!
2026-05-22 21:56:16 [INFO]: Car_3 initialization done!
2026-05-22 21:56:16 [INFO]: Agent reset priority to 3/4
2026-05-22 21:56:16 [INFO]: Agent reset concepts to {'type': 'Car', 'priority': 3}
2026-05-22 21:56:17 [INFO]: Episode 24 success.
2026-05-22 21:56:17 [INFO]: Episode 24 achieved a score of 4.880000000000003
2026-05-22 21:56:17 [INFO]: Episode 24 Success: 1
2026-05-22 21:56:17 [INFO]: Episode 24 Decision Step: {3: 1}
2026-05-22 21:56:17 [INFO]: Episode 24 Success Decision: {3: 1}
2026-05-22 21:56:17 [INFO]: Evaluating episode 25...
2026-05-22 21:56:17 [INFO]: Episode label: {'oracle_step': 59, 'stop_count': 8, 'has_stop': True, 'ego_crosses': True, 'ego_eta': 27, 'ego_direction': 'right', 'other_crosses': 3, 'close_other_count': 0, 'pedestrian_close': None, 'conflicting_approach': False, 'total_crosses': 4}
2026-05-22 21:56:17 [INFO]: Get map info from config/maps/square_2x2.yaml
2026-05-22 21:56:17 [INFO]: Get agent info from config/agents/easy_lite/val.yaml
2026-05-22 21:56:17 [INFO]: Get onology and rules info from config/rules/ontology_easy.yaml, config/rules/Nav/easy/expert.yaml
2026-05-22 21:56:17 [INFO]: Number of Entity Types: 1
Entity Types:
- Entity
2026-05-22 21:56:17 [INFO]: Number of Predicates: 13
Predicates:
- IsPedestrian: {'instance': "Function('IsPed', entity_sorts['Entity'], BoolSort())", 'arity': 1, 'method': 'IsPed(Entity)', 'function': 'logicity.utils.pred_converter.z3.IsPed'}
- IsCar: {'instance': "Function('IsCar', entity_sorts['Entity'], BoolSort())", 'arity': 1, 'method': 'IsCar(Entity)', 'function': 'logicity.utils.pred_converter.z3.IsCar'}
- IsAmbulance: {'instance': "Function('IsAmb', entity_sorts['Entity'], BoolSort())", 'arity': 1, 'method': 'IsAmb(Entity)', 'function': 'logicity.utils.pred_converter.z3.IsAmb'}
- IsOld: {'instance': "Function('IsOld', entity_sorts['Entity'], BoolSort())", 'arity': 1, 'method': 'IsOld(Entity)', 'function': 'logicity.utils.pred_converter.z3.IsOld'}
- IsTiro: {'instance': "Function('IsTiro', entity_sorts['Entity'], BoolSort())", 'arity': 1, 'method': 'IsTiro(Entity)', 'function': 'logicity.utils.pred_converter.z3.IsTiro'}
- IsAtInter: {'instance': "Function('IsAtInter', entity_sorts['Entity'], BoolSort())", 'arity': 1, 'method': 'IsAtInter(Entity)', 'function': 'logicity.utils.pred_converter.z3.IsAtInter'}
- IsInInter: {'instance': "Function('IsInInter', entity_sorts['Entity'], BoolSort())", 'arity': 1, 'method': 'IsInInter(Entity)', 'function': 'logicity.utils.pred_converter.z3.IsInInter'}
- HigherPri: {'instance': "Function('HigherPri', entity_sorts['Entity'], entity_sorts['Entity'], BoolSort())", 'arity': 2, 'method': 'HigherPri(Entity, Entity)', 'function': 'logicity.utils.pred_converter.z3.HigherPri'}
- CollidingClose: {'instance': "Function('CollidingClose', entity_sorts['Entity'], entity_sorts['Entity'], BoolSort())", 'arity': 2, 'method': 'CollidingClose(Entity, Entity)', 'function': 'logicity.utils.pred_converter.z3.CollidingClose'}
- Stop: {'instance': "Function('Stop', entity_sorts['Entity'], BoolSort())", 'arity': 1, 'method': 'Stop(Entity)', 'function': 'None'}
- Fast: {'instance': "Function('Fast', entity_sorts['Entity'], BoolSort())", 'arity': 1, 'method': 'Fast(Entity)', 'function': 'None'}
- Normal: {'instance': "Function('Normal', entity_sorts['Entity'], BoolSort())", 'arity': 1, 'method': 'Normal(Entity)', 'function': 'None'}
- Slow: {'instance': "Function('Slow', entity_sorts['Entity'], BoolSort())", 'arity': 1, 'method': 'Slow(Entity)', 'function': 'None'}
2026-05-22 21:56:17 [INFO]: *** Sim Rule ***: Stop -> 
 Stop(entity) == Exists(
  [dummyEntity], 
  Or(
    And(
      IsAtInter(entity), 
      IsInInter(dummyEntity), 
    ),
    And(
      IsAtInter(entity), 
      IsAtInter(dummyEntity), 
      HigherPri(dummyEntity, entity),
    ),
    CollidingClose(entity, dummyEntity)
  )
)

2026-05-22 21:56:17 [INFO]: *** Task Rule ***: Collision and Intersection -> 
 Implies(Exists(
  [dummyEntity], 
    Or(
      And(
        IsAtInter(entity), 
        IsInInter(dummyEntity), 
      ),
      And(
        IsAtInter(entity), 
        IsAtInter(dummyEntity), 
        HigherPri(dummyEntity, entity),
      ),
      CollidingClose(entity, dummyEntity)
    )
  ),
  Stop(entity)
)

2026-05-22 21:56:17 [INFO]: *** Expert Rule ***: Stop -> 
 Stop(entity) == Exists(
[dummyEntity], 
  Or(
    And(
      IsAtInter(entity), 
      IsInInter(dummyEntity), 
    ),
    And(
      IsAtInter(entity), 
      IsAtInter(dummyEntity), 
      HigherPri(dummyEntity, entity),
    ),
    CollidingClose(entity, dummyEntity)
  )
)

2026-05-22 21:56:17 [INFO]: *** Expert Rule ***: Slow -> 
 Not(Slow(entity))

2026-05-22 21:56:17 [INFO]: *** Expert Rule ***: Fast -> 
 Not(Fast(entity))

2026-05-22 21:56:17 [INFO]: *** Expert Rule ***: Normal -> 
 Normal(entity) == Not(Stop(entity))
2026-05-22 21:56:17 [INFO]: Rules created successfully
2026-05-22 21:56:17 [INFO]: Rules will be grounded later...
2026-05-22 21:56:17 [INFO]: Given Predicates {'IsPedestrian': {'instance': IsPed, 'arity': 1, 'method': 'IsPed(Entity)', 'function': 'logicity.utils.pred_converter.z3.IsPed'}, 'IsCar': {'instance': IsCar, 'arity': 1, 'method': 'IsCar(Entity)', 'function': 'logicity.utils.pred_converter.z3.IsCar'}, 'IsAmbulance': {'instance': IsAmb, 'arity': 1, 'method': 'IsAmb(Entity)', 'function': 'logicity.utils.pred_converter.z3.IsAmb'}, 'IsOld': {'instance': IsOld, 'arity': 1, 'method': 'IsOld(Entity)', 'function': 'logicity.utils.pred_converter.z3.IsOld'}, 'IsTiro': {'instance': IsTiro, 'arity': 1, 'method': 'IsTiro(Entity)', 'function': 'logicity.utils.pred_converter.z3.IsTiro'}, 'IsAtInter': {'instance': IsAtInter, 'arity': 1, 'method': 'IsAtInter(Entity)', 'function': 'logicity.utils.pred_converter.z3.IsAtInter'}, 'IsInInter': {'instance': IsInInter, 'arity': 1, 'method': 'IsInInter(Entity)', 'function': 'logicity.utils.pred_converter.z3.IsInInter'}, 'HigherPri': {'instance': HigherPri, 'arity': 2, 'method': 'HigherPri(Entity, Entity)', 'function': 'logicity.utils.pred_converter.z3.HigherPri'}, 'CollidingClose': {'instance': CollidingClose, 'arity': 2, 'method': 'CollidingClose(Entity, Entity)', 'function': 'logicity.utils.pred_converter.z3.CollidingClose'}, 'Stop': {'instance': Stop, 'arity': 1, 'method': 'Stop(Entity)', 'function': 'None'}, 'Fast': {'instance': Fast, 'arity': 1, 'method': 'Fast(Entity)', 'function': 'None'}, 'Normal': {'instance': Normal, 'arity': 1, 'method': 'Normal(Entity)', 'function': 'None'}, 'Slow': {'instance': Slow, 'arity': 1, 'method': 'Slow(Entity)', 'function': 'None'}}, the FOV entities {'Entity': 3}, The logic grounding shape is: 39
2026-05-22 21:56:17 [INFO]: Local planner constructed!
2026-05-22 21:56:17 [INFO]: Constructing 22 streets
2026-05-22 21:56:18 [INFO]: Constructing 16 buildings
2026-05-22 21:56:18 [INFO]: Adding 4 agents, they are constrained in 103 region
2026-05-22 21:56:19 [INFO]: Car_1 initialization done!
2026-05-22 21:56:19 [INFO]: Pedestrian_1 initialization done!
2026-05-22 21:56:20 [INFO]: Car_2 initialization done!
2026-05-22 21:56:21 [INFO]: Car_3 initialization done!
2026-05-22 21:56:21 [INFO]: Done!
2026-05-22 21:56:21 [INFO]: ***Init RL Agent in Env***
2026-05-22 21:56:34 [INFO]: will reset agent by success
2026-05-22 21:56:34 [INFO]: ***Reset RL Agent in Env***
2026-05-22 21:56:34 [INFO]: Car_1 initialization done!
2026-05-22 21:56:34 [INFO]: Pedestrian_1 initialization done!
2026-05-22 21:56:35 [INFO]: Car_2 initialization done!
2026-05-22 21:56:35 [INFO]: Car_3 initialization done!
2026-05-22 21:56:35 [INFO]: Agent reset priority to 2/4
2026-05-22 21:56:35 [INFO]: Agent reset concepts to {'type': 'Car', 'priority': 2}
2026-05-22 21:56:36 [INFO]: Episode 25 success.
2026-05-22 21:56:36 [INFO]: Episode 25 achieved a score of 5.340000000000002
2026-05-22 21:56:36 [INFO]: Episode 25 Success: 1
2026-05-22 21:56:36 [INFO]: Episode 25 Decision Step: {3: 1}
2026-05-22 21:56:36 [INFO]: Episode 25 Success Decision: {3: 1}
2026-05-22 21:56:36 [INFO]: Evaluating episode 26...
2026-05-22 21:56:36 [INFO]: Episode label: {'oracle_step': 46, 'stop_count': 0, 'has_stop': False, 'ego_crosses': True, 'ego_eta': 55, 'ego_direction': 'up', 'other_crosses': 3, 'close_other_count': 0, 'pedestrian_close': None, 'conflicting_approach': False, 'total_crosses': 4}
2026-05-22 21:56:36 [INFO]: Get map info from config/maps/square_2x2.yaml
2026-05-22 21:56:36 [INFO]: Get agent info from config/agents/easy_lite/val.yaml
2026-05-22 21:56:36 [INFO]: Get onology and rules info from config/rules/ontology_easy.yaml, config/rules/Nav/easy/expert.yaml
2026-05-22 21:56:36 [INFO]: Number of Entity Types: 1
Entity Types:
- Entity
2026-05-22 21:56:36 [INFO]: Number of Predicates: 13
Predicates:
- IsPedestrian: {'instance': "Function('IsPed', entity_sorts['Entity'], BoolSort())", 'arity': 1, 'method': 'IsPed(Entity)', 'function': 'logicity.utils.pred_converter.z3.IsPed'}
- IsCar: {'instance': "Function('IsCar', entity_sorts['Entity'], BoolSort())", 'arity': 1, 'method': 'IsCar(Entity)', 'function': 'logicity.utils.pred_converter.z3.IsCar'}
- IsAmbulance: {'instance': "Function('IsAmb', entity_sorts['Entity'], BoolSort())", 'arity': 1, 'method': 'IsAmb(Entity)', 'function': 'logicity.utils.pred_converter.z3.IsAmb'}
- IsOld: {'instance': "Function('IsOld', entity_sorts['Entity'], BoolSort())", 'arity': 1, 'method': 'IsOld(Entity)', 'function': 'logicity.utils.pred_converter.z3.IsOld'}
- IsTiro: {'instance': "Function('IsTiro', entity_sorts['Entity'], BoolSort())", 'arity': 1, 'method': 'IsTiro(Entity)', 'function': 'logicity.utils.pred_converter.z3.IsTiro'}
- IsAtInter: {'instance': "Function('IsAtInter', entity_sorts['Entity'], BoolSort())", 'arity': 1, 'method': 'IsAtInter(Entity)', 'function': 'logicity.utils.pred_converter.z3.IsAtInter'}
- IsInInter: {'instance': "Function('IsInInter', entity_sorts['Entity'], BoolSort())", 'arity': 1, 'method': 'IsInInter(Entity)', 'function': 'logicity.utils.pred_converter.z3.IsInInter'}
- HigherPri: {'instance': "Function('HigherPri', entity_sorts['Entity'], entity_sorts['Entity'], BoolSort())", 'arity': 2, 'method': 'HigherPri(Entity, Entity)', 'function': 'logicity.utils.pred_converter.z3.HigherPri'}
- CollidingClose: {'instance': "Function('CollidingClose', entity_sorts['Entity'], entity_sorts['Entity'], BoolSort())", 'arity': 2, 'method': 'CollidingClose(Entity, Entity)', 'function': 'logicity.utils.pred_converter.z3.CollidingClose'}
- Stop: {'instance': "Function('Stop', entity_sorts['Entity'], BoolSort())", 'arity': 1, 'method': 'Stop(Entity)', 'function': 'None'}
- Fast: {'instance': "Function('Fast', entity_sorts['Entity'], BoolSort())", 'arity': 1, 'method': 'Fast(Entity)', 'function': 'None'}
- Normal: {'instance': "Function('Normal', entity_sorts['Entity'], BoolSort())", 'arity': 1, 'method': 'Normal(Entity)', 'function': 'None'}
- Slow: {'instance': "Function('Slow', entity_sorts['Entity'], BoolSort())", 'arity': 1, 'method': 'Slow(Entity)', 'function': 'None'}
2026-05-22 21:56:36 [INFO]: *** Sim Rule ***: Stop -> 
 Stop(entity) == Exists(
  [dummyEntity], 
  Or(
    And(
      IsAtInter(entity), 
      IsInInter(dummyEntity), 
    ),
    And(
      IsAtInter(entity), 
      IsAtInter(dummyEntity), 
      HigherPri(dummyEntity, entity),
    ),
    CollidingClose(entity, dummyEntity)
  )
)

2026-05-22 21:56:36 [INFO]: *** Task Rule ***: Collision and Intersection -> 
 Implies(Exists(
  [dummyEntity], 
    Or(
      And(
        IsAtInter(entity), 
        IsInInter(dummyEntity), 
      ),
      And(
        IsAtInter(entity), 
        IsAtInter(dummyEntity), 
        HigherPri(dummyEntity, entity),
      ),
      CollidingClose(entity, dummyEntity)
    )
  ),
  Stop(entity)
)

2026-05-22 21:56:36 [INFO]: *** Expert Rule ***: Stop -> 
 Stop(entity) == Exists(
[dummyEntity], 
  Or(
    And(
      IsAtInter(entity), 
      IsInInter(dummyEntity), 
    ),
    And(
      IsAtInter(entity), 
      IsAtInter(dummyEntity), 
      HigherPri(dummyEntity, entity),
    ),
    CollidingClose(entity, dummyEntity)
  )
)

2026-05-22 21:56:36 [INFO]: *** Expert Rule ***: Slow -> 
 Not(Slow(entity))

2026-05-22 21:56:36 [INFO]: *** Expert Rule ***: Fast -> 
 Not(Fast(entity))

2026-05-22 21:56:36 [INFO]: *** Expert Rule ***: Normal -> 
 Normal(entity) == Not(Stop(entity))
2026-05-22 21:56:36 [INFO]: Rules created successfully
2026-05-22 21:56:36 [INFO]: Rules will be grounded later...
2026-05-22 21:56:36 [INFO]: Given Predicates {'IsPedestrian': {'instance': IsPed, 'arity': 1, 'method': 'IsPed(Entity)', 'function': 'logicity.utils.pred_converter.z3.IsPed'}, 'IsCar': {'instance': IsCar, 'arity': 1, 'method': 'IsCar(Entity)', 'function': 'logicity.utils.pred_converter.z3.IsCar'}, 'IsAmbulance': {'instance': IsAmb, 'arity': 1, 'method': 'IsAmb(Entity)', 'function': 'logicity.utils.pred_converter.z3.IsAmb'}, 'IsOld': {'instance': IsOld, 'arity': 1, 'method': 'IsOld(Entity)', 'function': 'logicity.utils.pred_converter.z3.IsOld'}, 'IsTiro': {'instance': IsTiro, 'arity': 1, 'method': 'IsTiro(Entity)', 'function': 'logicity.utils.pred_converter.z3.IsTiro'}, 'IsAtInter': {'instance': IsAtInter, 'arity': 1, 'method': 'IsAtInter(Entity)', 'function': 'logicity.utils.pred_converter.z3.IsAtInter'}, 'IsInInter': {'instance': IsInInter, 'arity': 1, 'method': 'IsInInter(Entity)', 'function': 'logicity.utils.pred_converter.z3.IsInInter'}, 'HigherPri': {'instance': HigherPri, 'arity': 2, 'method': 'HigherPri(Entity, Entity)', 'function': 'logicity.utils.pred_converter.z3.HigherPri'}, 'CollidingClose': {'instance': CollidingClose, 'arity': 2, 'method': 'CollidingClose(Entity, Entity)', 'function': 'logicity.utils.pred_converter.z3.CollidingClose'}, 'Stop': {'instance': Stop, 'arity': 1, 'method': 'Stop(Entity)', 'function': 'None'}, 'Fast': {'instance': Fast, 'arity': 1, 'method': 'Fast(Entity)', 'function': 'None'}, 'Normal': {'instance': Normal, 'arity': 1, 'method': 'Normal(Entity)', 'function': 'None'}, 'Slow': {'instance': Slow, 'arity': 1, 'method': 'Slow(Entity)', 'function': 'None'}}, the FOV entities {'Entity': 3}, The logic grounding shape is: 39
2026-05-22 21:56:36 [INFO]: Local planner constructed!
2026-05-22 21:56:36 [INFO]: Constructing 22 streets
2026-05-22 21:56:36 [INFO]: Constructing 16 buildings
2026-05-22 21:56:37 [INFO]: Adding 4 agents, they are constrained in 103 region
2026-05-22 21:56:37 [INFO]: Car_1 initialization done!
2026-05-22 21:56:37 [INFO]: Pedestrian_1 initialization done!
2026-05-22 21:56:38 [INFO]: Car_2 initialization done!
2026-05-22 21:56:38 [INFO]: Car_3 initialization done!
2026-05-22 21:56:38 [INFO]: Done!
2026-05-22 21:56:38 [INFO]: ***Init RL Agent in Env***
2026-05-22 21:56:47 [INFO]: will reset agent by success
2026-05-22 21:56:47 [INFO]: ***Reset RL Agent in Env***
2026-05-22 21:56:47 [INFO]: Car_1 initialization done!
2026-05-22 21:56:47 [INFO]: Pedestrian_1 initialization done!
2026-05-22 21:56:48 [INFO]: Car_2 initialization done!
2026-05-22 21:56:48 [INFO]: Car_3 initialization done!
2026-05-22 21:56:48 [INFO]: Agent reset priority to 2/4
2026-05-22 21:56:48 [INFO]: Agent reset concepts to {'type': 'Car', 'priority': 2}
2026-05-22 21:56:48 [INFO]: Episode 26 success.
2026-05-22 21:56:48 [INFO]: Episode 26 achieved a score of 5.030000000000003
2026-05-22 21:56:48 [INFO]: Episode 26 Success: 1
2026-05-22 21:56:48 [INFO]: Episode 26 Decision Step: {3: 0}
2026-05-22 21:56:48 [INFO]: Episode 26 Success Decision: {3: 0}
2026-05-22 21:56:48 [INFO]: Evaluating episode 27...
2026-05-22 21:56:48 [INFO]: Episode label: {'oracle_step': 43, 'stop_count': 0, 'has_stop': False, 'ego_crosses': True, 'ego_eta': 8, 'ego_direction': 'left', 'other_crosses': 3, 'close_other_count': 0, 'pedestrian_close': None, 'conflicting_approach': False, 'total_crosses': 4}
2026-05-22 21:56:48 [INFO]: Get map info from config/maps/square_2x2.yaml
2026-05-22 21:56:48 [INFO]: Get agent info from config/agents/easy_lite/val.yaml
2026-05-22 21:56:48 [INFO]: Get onology and rules info from config/rules/ontology_easy.yaml, config/rules/Nav/easy/expert.yaml
2026-05-22 21:56:48 [INFO]: Number of Entity Types: 1
Entity Types:
- Entity
2026-05-22 21:56:48 [INFO]: Number of Predicates: 13
Predicates:
- IsPedestrian: {'instance': "Function('IsPed', entity_sorts['Entity'], BoolSort())", 'arity': 1, 'method': 'IsPed(Entity)', 'function': 'logicity.utils.pred_converter.z3.IsPed'}
- IsCar: {'instance': "Function('IsCar', entity_sorts['Entity'], BoolSort())", 'arity': 1, 'method': 'IsCar(Entity)', 'function': 'logicity.utils.pred_converter.z3.IsCar'}
- IsAmbulance: {'instance': "Function('IsAmb', entity_sorts['Entity'], BoolSort())", 'arity': 1, 'method': 'IsAmb(Entity)', 'function': 'logicity.utils.pred_converter.z3.IsAmb'}
- IsOld: {'instance': "Function('IsOld', entity_sorts['Entity'], BoolSort())", 'arity': 1, 'method': 'IsOld(Entity)', 'function': 'logicity.utils.pred_converter.z3.IsOld'}
- IsTiro: {'instance': "Function('IsTiro', entity_sorts['Entity'], BoolSort())", 'arity': 1, 'method': 'IsTiro(Entity)', 'function': 'logicity.utils.pred_converter.z3.IsTiro'}
- IsAtInter: {'instance': "Function('IsAtInter', entity_sorts['Entity'], BoolSort())", 'arity': 1, 'method': 'IsAtInter(Entity)', 'function': 'logicity.utils.pred_converter.z3.IsAtInter'}
- IsInInter: {'instance': "Function('IsInInter', entity_sorts['Entity'], BoolSort())", 'arity': 1, 'method': 'IsInInter(Entity)', 'function': 'logicity.utils.pred_converter.z3.IsInInter'}
- HigherPri: {'instance': "Function('HigherPri', entity_sorts['Entity'], entity_sorts['Entity'], BoolSort())", 'arity': 2, 'method': 'HigherPri(Entity, Entity)', 'function': 'logicity.utils.pred_converter.z3.HigherPri'}
- CollidingClose: {'instance': "Function('CollidingClose', entity_sorts['Entity'], entity_sorts['Entity'], BoolSort())", 'arity': 2, 'method': 'CollidingClose(Entity, Entity)', 'function': 'logicity.utils.pred_converter.z3.CollidingClose'}
- Stop: {'instance': "Function('Stop', entity_sorts['Entity'], BoolSort())", 'arity': 1, 'method': 'Stop(Entity)', 'function': 'None'}
- Fast: {'instance': "Function('Fast', entity_sorts['Entity'], BoolSort())", 'arity': 1, 'method': 'Fast(Entity)', 'function': 'None'}
- Normal: {'instance': "Function('Normal', entity_sorts['Entity'], BoolSort())", 'arity': 1, 'method': 'Normal(Entity)', 'function': 'None'}
- Slow: {'instance': "Function('Slow', entity_sorts['Entity'], BoolSort())", 'arity': 1, 'method': 'Slow(Entity)', 'function': 'None'}
2026-05-22 21:56:48 [INFO]: *** Sim Rule ***: Stop -> 
 Stop(entity) == Exists(
  [dummyEntity], 
  Or(
    And(
      IsAtInter(entity), 
      IsInInter(dummyEntity), 
    ),
    And(
      IsAtInter(entity), 
      IsAtInter(dummyEntity), 
      HigherPri(dummyEntity, entity),
    ),
    CollidingClose(entity, dummyEntity)
  )
)

2026-05-22 21:56:48 [INFO]: *** Task Rule ***: Collision and Intersection -> 
 Implies(Exists(
  [dummyEntity], 
    Or(
      And(
        IsAtInter(entity), 
        IsInInter(dummyEntity), 
      ),
      And(
        IsAtInter(entity), 
        IsAtInter(dummyEntity), 
        HigherPri(dummyEntity, entity),
      ),
      CollidingClose(entity, dummyEntity)
    )
  ),
  Stop(entity)
)

2026-05-22 21:56:48 [INFO]: *** Expert Rule ***: Stop -> 
 Stop(entity) == Exists(
[dummyEntity], 
  Or(
    And(
      IsAtInter(entity), 
      IsInInter(dummyEntity), 
    ),
    And(
      IsAtInter(entity), 
      IsAtInter(dummyEntity), 
      HigherPri(dummyEntity, entity),
    ),
    CollidingClose(entity, dummyEntity)
  )
)

2026-05-22 21:56:48 [INFO]: *** Expert Rule ***: Slow -> 
 Not(Slow(entity))

2026-05-22 21:56:48 [INFO]: *** Expert Rule ***: Fast -> 
 Not(Fast(entity))

2026-05-22 21:56:48 [INFO]: *** Expert Rule ***: Normal -> 
 Normal(entity) == Not(Stop(entity))
2026-05-22 21:56:48 [INFO]: Rules created successfully
2026-05-22 21:56:48 [INFO]: Rules will be grounded later...
2026-05-22 21:56:48 [INFO]: Given Predicates {'IsPedestrian': {'instance': IsPed, 'arity': 1, 'method': 'IsPed(Entity)', 'function': 'logicity.utils.pred_converter.z3.IsPed'}, 'IsCar': {'instance': IsCar, 'arity': 1, 'method': 'IsCar(Entity)', 'function': 'logicity.utils.pred_converter.z3.IsCar'}, 'IsAmbulance': {'instance': IsAmb, 'arity': 1, 'method': 'IsAmb(Entity)', 'function': 'logicity.utils.pred_converter.z3.IsAmb'}, 'IsOld': {'instance': IsOld, 'arity': 1, 'method': 'IsOld(Entity)', 'function': 'logicity.utils.pred_converter.z3.IsOld'}, 'IsTiro': {'instance': IsTiro, 'arity': 1, 'method': 'IsTiro(Entity)', 'function': 'logicity.utils.pred_converter.z3.IsTiro'}, 'IsAtInter': {'instance': IsAtInter, 'arity': 1, 'method': 'IsAtInter(Entity)', 'function': 'logicity.utils.pred_converter.z3.IsAtInter'}, 'IsInInter': {'instance': IsInInter, 'arity': 1, 'method': 'IsInInter(Entity)', 'function': 'logicity.utils.pred_converter.z3.IsInInter'}, 'HigherPri': {'instance': HigherPri, 'arity': 2, 'method': 'HigherPri(Entity, Entity)', 'function': 'logicity.utils.pred_converter.z3.HigherPri'}, 'CollidingClose': {'instance': CollidingClose, 'arity': 2, 'method': 'CollidingClose(Entity, Entity)', 'function': 'logicity.utils.pred_converter.z3.CollidingClose'}, 'Stop': {'instance': Stop, 'arity': 1, 'method': 'Stop(Entity)', 'function': 'None'}, 'Fast': {'instance': Fast, 'arity': 1, 'method': 'Fast(Entity)', 'function': 'None'}, 'Normal': {'instance': Normal, 'arity': 1, 'method': 'Normal(Entity)', 'function': 'None'}, 'Slow': {'instance': Slow, 'arity': 1, 'method': 'Slow(Entity)', 'function': 'None'}}, the FOV entities {'Entity': 3}, The logic grounding shape is: 39
2026-05-22 21:56:48 [INFO]: Local planner constructed!
2026-05-22 21:56:48 [INFO]: Constructing 22 streets
2026-05-22 21:56:49 [INFO]: Constructing 16 buildings
2026-05-22 21:56:49 [INFO]: Adding 4 agents, they are constrained in 103 region
2026-05-22 21:56:50 [INFO]: Car_1 initialization done!
2026-05-22 21:56:50 [INFO]: Pedestrian_1 initialization done!
2026-05-22 21:56:50 [INFO]: Car_2 initialization done!
2026-05-22 21:56:51 [INFO]: Car_3 initialization done!
2026-05-22 21:56:51 [INFO]: Done!
2026-05-22 21:56:51 [INFO]: ***Init RL Agent in Env***
2026-05-22 21:57:00 [INFO]: will reset agent by success
2026-05-22 21:57:00 [INFO]: ***Reset RL Agent in Env***
2026-05-22 21:57:01 [INFO]: Car_1 initialization done!
2026-05-22 21:57:01 [INFO]: Pedestrian_1 initialization done!
2026-05-22 21:57:02 [INFO]: Car_2 initialization done!
2026-05-22 21:57:02 [INFO]: Car_3 initialization done!
2026-05-22 21:57:02 [INFO]: Agent reset priority to 2/4
2026-05-22 21:57:02 [INFO]: Agent reset concepts to {'type': 'Car', 'priority': 2}
2026-05-22 21:57:02 [INFO]: Episode 27 success.
2026-05-22 21:57:02 [INFO]: Episode 27 achieved a score of 4.770000000000002
2026-05-22 21:57:02 [INFO]: Episode 27 Success: 1
2026-05-22 21:57:02 [INFO]: Episode 27 Decision Step: {3: 0}
2026-05-22 21:57:02 [INFO]: Episode 27 Success Decision: {3: 0}
2026-05-22 21:57:02 [INFO]: Evaluating episode 28...
2026-05-22 21:57:02 [INFO]: Episode label: {'oracle_step': 69, 'stop_count': 0, 'has_stop': False, 'ego_crosses': True, 'ego_eta': 5, 'ego_direction': 'left', 'other_crosses': 3, 'close_other_count': 0, 'pedestrian_close': None, 'conflicting_approach': False, 'total_crosses': 4}
2026-05-22 21:57:02 [INFO]: Get map info from config/maps/square_2x2.yaml
2026-05-22 21:57:02 [INFO]: Get agent info from config/agents/easy_lite/val.yaml
2026-05-22 21:57:02 [INFO]: Get onology and rules info from config/rules/ontology_easy.yaml, config/rules/Nav/easy/expert.yaml
2026-05-22 21:57:02 [INFO]: Number of Entity Types: 1
Entity Types:
- Entity
2026-05-22 21:57:02 [INFO]: Number of Predicates: 13
Predicates:
- IsPedestrian: {'instance': "Function('IsPed', entity_sorts['Entity'], BoolSort())", 'arity': 1, 'method': 'IsPed(Entity)', 'function': 'logicity.utils.pred_converter.z3.IsPed'}
- IsCar: {'instance': "Function('IsCar', entity_sorts['Entity'], BoolSort())", 'arity': 1, 'method': 'IsCar(Entity)', 'function': 'logicity.utils.pred_converter.z3.IsCar'}
- IsAmbulance: {'instance': "Function('IsAmb', entity_sorts['Entity'], BoolSort())", 'arity': 1, 'method': 'IsAmb(Entity)', 'function': 'logicity.utils.pred_converter.z3.IsAmb'}
- IsOld: {'instance': "Function('IsOld', entity_sorts['Entity'], BoolSort())", 'arity': 1, 'method': 'IsOld(Entity)', 'function': 'logicity.utils.pred_converter.z3.IsOld'}
- IsTiro: {'instance': "Function('IsTiro', entity_sorts['Entity'], BoolSort())", 'arity': 1, 'method': 'IsTiro(Entity)', 'function': 'logicity.utils.pred_converter.z3.IsTiro'}
- IsAtInter: {'instance': "Function('IsAtInter', entity_sorts['Entity'], BoolSort())", 'arity': 1, 'method': 'IsAtInter(Entity)', 'function': 'logicity.utils.pred_converter.z3.IsAtInter'}
- IsInInter: {'instance': "Function('IsInInter', entity_sorts['Entity'], BoolSort())", 'arity': 1, 'method': 'IsInInter(Entity)', 'function': 'logicity.utils.pred_converter.z3.IsInInter'}
- HigherPri: {'instance': "Function('HigherPri', entity_sorts['Entity'], entity_sorts['Entity'], BoolSort())", 'arity': 2, 'method': 'HigherPri(Entity, Entity)', 'function': 'logicity.utils.pred_converter.z3.HigherPri'}
- CollidingClose: {'instance': "Function('CollidingClose', entity_sorts['Entity'], entity_sorts['Entity'], BoolSort())", 'arity': 2, 'method': 'CollidingClose(Entity, Entity)', 'function': 'logicity.utils.pred_converter.z3.CollidingClose'}
- Stop: {'instance': "Function('Stop', entity_sorts['Entity'], BoolSort())", 'arity': 1, 'method': 'Stop(Entity)', 'function': 'None'}
- Fast: {'instance': "Function('Fast', entity_sorts['Entity'], BoolSort())", 'arity': 1, 'method': 'Fast(Entity)', 'function': 'None'}
- Normal: {'instance': "Function('Normal', entity_sorts['Entity'], BoolSort())", 'arity': 1, 'method': 'Normal(Entity)', 'function': 'None'}
- Slow: {'instance': "Function('Slow', entity_sorts['Entity'], BoolSort())", 'arity': 1, 'method': 'Slow(Entity)', 'function': 'None'}
2026-05-22 21:57:02 [INFO]: *** Sim Rule ***: Stop -> 
 Stop(entity) == Exists(
  [dummyEntity], 
  Or(
    And(
      IsAtInter(entity), 
      IsInInter(dummyEntity), 
    ),
    And(
      IsAtInter(entity), 
      IsAtInter(dummyEntity), 
      HigherPri(dummyEntity, entity),
    ),
    CollidingClose(entity, dummyEntity)
  )
)

2026-05-22 21:57:02 [INFO]: *** Task Rule ***: Collision and Intersection -> 
 Implies(Exists(
  [dummyEntity], 
    Or(
      And(
        IsAtInter(entity), 
        IsInInter(dummyEntity), 
      ),
      And(
        IsAtInter(entity), 
        IsAtInter(dummyEntity), 
        HigherPri(dummyEntity, entity),
      ),
      CollidingClose(entity, dummyEntity)
    )
  ),
  Stop(entity)
)

2026-05-22 21:57:02 [INFO]: *** Expert Rule ***: Stop -> 
 Stop(entity) == Exists(
[dummyEntity], 
  Or(
    And(
      IsAtInter(entity), 
      IsInInter(dummyEntity), 
    ),
    And(
      IsAtInter(entity), 
      IsAtInter(dummyEntity), 
      HigherPri(dummyEntity, entity),
    ),
    CollidingClose(entity, dummyEntity)
  )
)

2026-05-22 21:57:02 [INFO]: *** Expert Rule ***: Slow -> 
 Not(Slow(entity))

2026-05-22 21:57:02 [INFO]: *** Expert Rule ***: Fast -> 
 Not(Fast(entity))

2026-05-22 21:57:02 [INFO]: *** Expert Rule ***: Normal -> 
 Normal(entity) == Not(Stop(entity))
2026-05-22 21:57:02 [INFO]: Rules created successfully
2026-05-22 21:57:02 [INFO]: Rules will be grounded later...
2026-05-22 21:57:02 [INFO]: Given Predicates {'IsPedestrian': {'instance': IsPed, 'arity': 1, 'method': 'IsPed(Entity)', 'function': 'logicity.utils.pred_converter.z3.IsPed'}, 'IsCar': {'instance': IsCar, 'arity': 1, 'method': 'IsCar(Entity)', 'function': 'logicity.utils.pred_converter.z3.IsCar'}, 'IsAmbulance': {'instance': IsAmb, 'arity': 1, 'method': 'IsAmb(Entity)', 'function': 'logicity.utils.pred_converter.z3.IsAmb'}, 'IsOld': {'instance': IsOld, 'arity': 1, 'method': 'IsOld(Entity)', 'function': 'logicity.utils.pred_converter.z3.IsOld'}, 'IsTiro': {'instance': IsTiro, 'arity': 1, 'method': 'IsTiro(Entity)', 'function': 'logicity.utils.pred_converter.z3.IsTiro'}, 'IsAtInter': {'instance': IsAtInter, 'arity': 1, 'method': 'IsAtInter(Entity)', 'function': 'logicity.utils.pred_converter.z3.IsAtInter'}, 'IsInInter': {'instance': IsInInter, 'arity': 1, 'method': 'IsInInter(Entity)', 'function': 'logicity.utils.pred_converter.z3.IsInInter'}, 'HigherPri': {'instance': HigherPri, 'arity': 2, 'method': 'HigherPri(Entity, Entity)', 'function': 'logicity.utils.pred_converter.z3.HigherPri'}, 'CollidingClose': {'instance': CollidingClose, 'arity': 2, 'method': 'CollidingClose(Entity, Entity)', 'function': 'logicity.utils.pred_converter.z3.CollidingClose'}, 'Stop': {'instance': Stop, 'arity': 1, 'method': 'Stop(Entity)', 'function': 'None'}, 'Fast': {'instance': Fast, 'arity': 1, 'method': 'Fast(Entity)', 'function': 'None'}, 'Normal': {'instance': Normal, 'arity': 1, 'method': 'Normal(Entity)', 'function': 'None'}, 'Slow': {'instance': Slow, 'arity': 1, 'method': 'Slow(Entity)', 'function': 'None'}}, the FOV entities {'Entity': 3}, The logic grounding shape is: 39
2026-05-22 21:57:02 [INFO]: Local planner constructed!
2026-05-22 21:57:02 [INFO]: Constructing 22 streets
2026-05-22 21:57:03 [INFO]: Constructing 16 buildings
2026-05-22 21:57:04 [INFO]: Adding 4 agents, they are constrained in 103 region
2026-05-22 21:57:04 [INFO]: Car_1 initialization done!
2026-05-22 21:57:04 [INFO]: Pedestrian_1 initialization done!
2026-05-22 21:57:05 [INFO]: Car_2 initialization done!
2026-05-22 21:57:05 [INFO]: Car_3 initialization done!
2026-05-22 21:57:05 [INFO]: Done!
2026-05-22 21:57:05 [INFO]: ***Init RL Agent in Env***
2026-05-22 21:57:18 [INFO]: will reset agent by success
2026-05-22 21:57:18 [INFO]: ***Reset RL Agent in Env***
2026-05-22 21:57:19 [INFO]: Car_1 initialization done!
2026-05-22 21:57:19 [INFO]: Pedestrian_1 initialization done!
2026-05-22 21:57:20 [INFO]: Car_2 initialization done!
2026-05-22 21:57:20 [INFO]: Car_3 initialization done!
2026-05-22 21:57:20 [INFO]: Agent reset priority to 2/4
2026-05-22 21:57:20 [INFO]: Agent reset concepts to {'type': 'Car', 'priority': 2}
2026-05-22 21:57:21 [INFO]: Episode 28 success.
2026-05-22 21:57:21 [INFO]: Episode 28 achieved a score of 7.089999999999998
2026-05-22 21:57:21 [INFO]: Episode 28 Success: 1
2026-05-22 21:57:21 [INFO]: Episode 28 Decision Step: {3: 0}
2026-05-22 21:57:21 [INFO]: Episode 28 Success Decision: {3: 0}
2026-05-22 21:57:21 [INFO]: Evaluating episode 29...
2026-05-22 21:57:21 [INFO]: Episode label: {'oracle_step': 186, 'stop_count': 111, 'has_stop': True, 'ego_crosses': True, 'ego_eta': 54, 'ego_direction': 'down', 'other_crosses': 3, 'close_other_count': 0, 'pedestrian_close': None, 'conflicting_approach': False, 'total_crosses': 4}
2026-05-22 21:57:21 [INFO]: Get map info from config/maps/square_2x2.yaml
2026-05-22 21:57:21 [INFO]: Get agent info from config/agents/easy_lite/val.yaml
2026-05-22 21:57:21 [INFO]: Get onology and rules info from config/rules/ontology_easy.yaml, config/rules/Nav/easy/expert.yaml
2026-05-22 21:57:21 [INFO]: Number of Entity Types: 1
Entity Types:
- Entity
2026-05-22 21:57:21 [INFO]: Number of Predicates: 13
Predicates:
- IsPedestrian: {'instance': "Function('IsPed', entity_sorts['Entity'], BoolSort())", 'arity': 1, 'method': 'IsPed(Entity)', 'function': 'logicity.utils.pred_converter.z3.IsPed'}
- IsCar: {'instance': "Function('IsCar', entity_sorts['Entity'], BoolSort())", 'arity': 1, 'method': 'IsCar(Entity)', 'function': 'logicity.utils.pred_converter.z3.IsCar'}
- IsAmbulance: {'instance': "Function('IsAmb', entity_sorts['Entity'], BoolSort())", 'arity': 1, 'method': 'IsAmb(Entity)', 'function': 'logicity.utils.pred_converter.z3.IsAmb'}
- IsOld: {'instance': "Function('IsOld', entity_sorts['Entity'], BoolSort())", 'arity': 1, 'method': 'IsOld(Entity)', 'function': 'logicity.utils.pred_converter.z3.IsOld'}
- IsTiro: {'instance': "Function('IsTiro', entity_sorts['Entity'], BoolSort())", 'arity': 1, 'method': 'IsTiro(Entity)', 'function': 'logicity.utils.pred_converter.z3.IsTiro'}
- IsAtInter: {'instance': "Function('IsAtInter', entity_sorts['Entity'], BoolSort())", 'arity': 1, 'method': 'IsAtInter(Entity)', 'function': 'logicity.utils.pred_converter.z3.IsAtInter'}
- IsInInter: {'instance': "Function('IsInInter', entity_sorts['Entity'], BoolSort())", 'arity': 1, 'method': 'IsInInter(Entity)', 'function': 'logicity.utils.pred_converter.z3.IsInInter'}
- HigherPri: {'instance': "Function('HigherPri', entity_sorts['Entity'], entity_sorts['Entity'], BoolSort())", 'arity': 2, 'method': 'HigherPri(Entity, Entity)', 'function': 'logicity.utils.pred_converter.z3.HigherPri'}
- CollidingClose: {'instance': "Function('CollidingClose', entity_sorts['Entity'], entity_sorts['Entity'], BoolSort())", 'arity': 2, 'method': 'CollidingClose(Entity, Entity)', 'function': 'logicity.utils.pred_converter.z3.CollidingClose'}
- Stop: {'instance': "Function('Stop', entity_sorts['Entity'], BoolSort())", 'arity': 1, 'method': 'Stop(Entity)', 'function': 'None'}
- Fast: {'instance': "Function('Fast', entity_sorts['Entity'], BoolSort())", 'arity': 1, 'method': 'Fast(Entity)', 'function': 'None'}
- Normal: {'instance': "Function('Normal', entity_sorts['Entity'], BoolSort())", 'arity': 1, 'method': 'Normal(Entity)', 'function': 'None'}
- Slow: {'instance': "Function('Slow', entity_sorts['Entity'], BoolSort())", 'arity': 1, 'method': 'Slow(Entity)', 'function': 'None'}
2026-05-22 21:57:21 [INFO]: *** Sim Rule ***: Stop -> 
 Stop(entity) == Exists(
  [dummyEntity], 
  Or(
    And(
      IsAtInter(entity), 
      IsInInter(dummyEntity), 
    ),
    And(
      IsAtInter(entity), 
      IsAtInter(dummyEntity), 
      HigherPri(dummyEntity, entity),
    ),
    CollidingClose(entity, dummyEntity)
  )
)

2026-05-22 21:57:21 [INFO]: *** Task Rule ***: Collision and Intersection -> 
 Implies(Exists(
  [dummyEntity], 
    Or(
      And(
        IsAtInter(entity), 
        IsInInter(dummyEntity), 
      ),
      And(
        IsAtInter(entity), 
        IsAtInter(dummyEntity), 
        HigherPri(dummyEntity, entity),
      ),
      CollidingClose(entity, dummyEntity)
    )
  ),
  Stop(entity)
)

2026-05-22 21:57:21 [INFO]: *** Expert Rule ***: Stop -> 
 Stop(entity) == Exists(
[dummyEntity], 
  Or(
    And(
      IsAtInter(entity), 
      IsInInter(dummyEntity), 
    ),
    And(
      IsAtInter(entity), 
      IsAtInter(dummyEntity), 
      HigherPri(dummyEntity, entity),
    ),
    CollidingClose(entity, dummyEntity)
  )
)

2026-05-22 21:57:21 [INFO]: *** Expert Rule ***: Slow -> 
 Not(Slow(entity))

2026-05-22 21:57:21 [INFO]: *** Expert Rule ***: Fast -> 
 Not(Fast(entity))

2026-05-22 21:57:21 [INFO]: *** Expert Rule ***: Normal -> 
 Normal(entity) == Not(Stop(entity))
2026-05-22 21:57:21 [INFO]: Rules created successfully
2026-05-22 21:57:21 [INFO]: Rules will be grounded later...
2026-05-22 21:57:21 [INFO]: Given Predicates {'IsPedestrian': {'instance': IsPed, 'arity': 1, 'method': 'IsPed(Entity)', 'function': 'logicity.utils.pred_converter.z3.IsPed'}, 'IsCar': {'instance': IsCar, 'arity': 1, 'method': 'IsCar(Entity)', 'function': 'logicity.utils.pred_converter.z3.IsCar'}, 'IsAmbulance': {'instance': IsAmb, 'arity': 1, 'method': 'IsAmb(Entity)', 'function': 'logicity.utils.pred_converter.z3.IsAmb'}, 'IsOld': {'instance': IsOld, 'arity': 1, 'method': 'IsOld(Entity)', 'function': 'logicity.utils.pred_converter.z3.IsOld'}, 'IsTiro': {'instance': IsTiro, 'arity': 1, 'method': 'IsTiro(Entity)', 'function': 'logicity.utils.pred_converter.z3.IsTiro'}, 'IsAtInter': {'instance': IsAtInter, 'arity': 1, 'method': 'IsAtInter(Entity)', 'function': 'logicity.utils.pred_converter.z3.IsAtInter'}, 'IsInInter': {'instance': IsInInter, 'arity': 1, 'method': 'IsInInter(Entity)', 'function': 'logicity.utils.pred_converter.z3.IsInInter'}, 'HigherPri': {'instance': HigherPri, 'arity': 2, 'method': 'HigherPri(Entity, Entity)', 'function': 'logicity.utils.pred_converter.z3.HigherPri'}, 'CollidingClose': {'instance': CollidingClose, 'arity': 2, 'method': 'CollidingClose(Entity, Entity)', 'function': 'logicity.utils.pred_converter.z3.CollidingClose'}, 'Stop': {'instance': Stop, 'arity': 1, 'method': 'Stop(Entity)', 'function': 'None'}, 'Fast': {'instance': Fast, 'arity': 1, 'method': 'Fast(Entity)', 'function': 'None'}, 'Normal': {'instance': Normal, 'arity': 1, 'method': 'Normal(Entity)', 'function': 'None'}, 'Slow': {'instance': Slow, 'arity': 1, 'method': 'Slow(Entity)', 'function': 'None'}}, the FOV entities {'Entity': 3}, The logic grounding shape is: 39
2026-05-22 21:57:21 [INFO]: Local planner constructed!
2026-05-22 21:57:21 [INFO]: Constructing 22 streets
2026-05-22 21:57:21 [INFO]: Constructing 16 buildings
2026-05-22 21:57:22 [INFO]: Adding 4 agents, they are constrained in 103 region
2026-05-22 21:57:23 [INFO]: Car_1 initialization done!
2026-05-22 21:57:23 [INFO]: Pedestrian_1 initialization done!
2026-05-22 21:57:24 [INFO]: Car_2 initialization done!
2026-05-22 21:57:25 [INFO]: Car_3 initialization done!
2026-05-22 21:57:25 [INFO]: Done!
2026-05-22 21:57:25 [INFO]: ***Init RL Agent in Env***
2026-05-22 21:58:07 [INFO]: will reset agent by success
2026-05-22 21:58:07 [INFO]: ***Reset RL Agent in Env***
2026-05-22 21:58:08 [INFO]: Car_1 initialization done!
2026-05-22 21:58:08 [INFO]: Pedestrian_1 initialization done!
2026-05-22 21:58:09 [INFO]: Car_2 initialization done!
2026-05-22 21:58:10 [INFO]: Car_3 initialization done!
2026-05-22 21:58:10 [INFO]: Agent reset priority to 2/4
2026-05-22 21:58:10 [INFO]: Agent reset concepts to {'type': 'Car', 'priority': 2}
2026-05-22 21:58:10 [INFO]: Episode 29 success.
2026-05-22 21:58:10 [INFO]: Episode 29 achieved a score of 6.3999999999999995
2026-05-22 21:58:10 [INFO]: Episode 29 Success: 1
2026-05-22 21:58:10 [INFO]: Episode 29 Decision Step: {3: 1}
2026-05-22 21:58:10 [INFO]: Episode 29 Success Decision: {3: 1}
2026-05-22 21:58:10 [INFO]: Evaluating episode 30...
2026-05-22 21:58:10 [INFO]: Episode label: {'oracle_step': 86, 'stop_count': 19, 'has_stop': True, 'ego_crosses': True, 'ego_eta': 56, 'ego_direction': 'down', 'other_crosses': 3, 'close_other_count': 0, 'pedestrian_close': None, 'conflicting_approach': False, 'total_crosses': 4}
2026-05-22 21:58:10 [INFO]: Get map info from config/maps/square_2x2.yaml
2026-05-22 21:58:10 [INFO]: Get agent info from config/agents/easy_lite/val.yaml
2026-05-22 21:58:10 [INFO]: Get onology and rules info from config/rules/ontology_easy.yaml, config/rules/Nav/easy/expert.yaml
2026-05-22 21:58:10 [INFO]: Number of Entity Types: 1
Entity Types:
- Entity
2026-05-22 21:58:10 [INFO]: Number of Predicates: 13
Predicates:
- IsPedestrian: {'instance': "Function('IsPed', entity_sorts['Entity'], BoolSort())", 'arity': 1, 'method': 'IsPed(Entity)', 'function': 'logicity.utils.pred_converter.z3.IsPed'}
- IsCar: {'instance': "Function('IsCar', entity_sorts['Entity'], BoolSort())", 'arity': 1, 'method': 'IsCar(Entity)', 'function': 'logicity.utils.pred_converter.z3.IsCar'}
- IsAmbulance: {'instance': "Function('IsAmb', entity_sorts['Entity'], BoolSort())", 'arity': 1, 'method': 'IsAmb(Entity)', 'function': 'logicity.utils.pred_converter.z3.IsAmb'}
- IsOld: {'instance': "Function('IsOld', entity_sorts['Entity'], BoolSort())", 'arity': 1, 'method': 'IsOld(Entity)', 'function': 'logicity.utils.pred_converter.z3.IsOld'}
- IsTiro: {'instance': "Function('IsTiro', entity_sorts['Entity'], BoolSort())", 'arity': 1, 'method': 'IsTiro(Entity)', 'function': 'logicity.utils.pred_converter.z3.IsTiro'}
- IsAtInter: {'instance': "Function('IsAtInter', entity_sorts['Entity'], BoolSort())", 'arity': 1, 'method': 'IsAtInter(Entity)', 'function': 'logicity.utils.pred_converter.z3.IsAtInter'}
- IsInInter: {'instance': "Function('IsInInter', entity_sorts['Entity'], BoolSort())", 'arity': 1, 'method': 'IsInInter(Entity)', 'function': 'logicity.utils.pred_converter.z3.IsInInter'}
- HigherPri: {'instance': "Function('HigherPri', entity_sorts['Entity'], entity_sorts['Entity'], BoolSort())", 'arity': 2, 'method': 'HigherPri(Entity, Entity)', 'function': 'logicity.utils.pred_converter.z3.HigherPri'}
- CollidingClose: {'instance': "Function('CollidingClose', entity_sorts['Entity'], entity_sorts['Entity'], BoolSort())", 'arity': 2, 'method': 'CollidingClose(Entity, Entity)', 'function': 'logicity.utils.pred_converter.z3.CollidingClose'}
- Stop: {'instance': "Function('Stop', entity_sorts['Entity'], BoolSort())", 'arity': 1, 'method': 'Stop(Entity)', 'function': 'None'}
- Fast: {'instance': "Function('Fast', entity_sorts['Entity'], BoolSort())", 'arity': 1, 'method': 'Fast(Entity)', 'function': 'None'}
- Normal: {'instance': "Function('Normal', entity_sorts['Entity'], BoolSort())", 'arity': 1, 'method': 'Normal(Entity)', 'function': 'None'}
- Slow: {'instance': "Function('Slow', entity_sorts['Entity'], BoolSort())", 'arity': 1, 'method': 'Slow(Entity)', 'function': 'None'}
2026-05-22 21:58:10 [INFO]: *** Sim Rule ***: Stop -> 
 Stop(entity) == Exists(
  [dummyEntity], 
  Or(
    And(
      IsAtInter(entity), 
      IsInInter(dummyEntity), 
    ),
    And(
      IsAtInter(entity), 
      IsAtInter(dummyEntity), 
      HigherPri(dummyEntity, entity),
    ),
    CollidingClose(entity, dummyEntity)
  )
)

2026-05-22 21:58:10 [INFO]: *** Task Rule ***: Collision and Intersection -> 
 Implies(Exists(
  [dummyEntity], 
    Or(
      And(
        IsAtInter(entity), 
        IsInInter(dummyEntity), 
      ),
      And(
        IsAtInter(entity), 
        IsAtInter(dummyEntity), 
        HigherPri(dummyEntity, entity),
      ),
      CollidingClose(entity, dummyEntity)
    )
  ),
  Stop(entity)
)

2026-05-22 21:58:10 [INFO]: *** Expert Rule ***: Stop -> 
 Stop(entity) == Exists(
[dummyEntity], 
  Or(
    And(
      IsAtInter(entity), 
      IsInInter(dummyEntity), 
    ),
    And(
      IsAtInter(entity), 
      IsAtInter(dummyEntity), 
      HigherPri(dummyEntity, entity),
    ),
    CollidingClose(entity, dummyEntity)
  )
)

2026-05-22 21:58:10 [INFO]: *** Expert Rule ***: Slow -> 
 Not(Slow(entity))

2026-05-22 21:58:10 [INFO]: *** Expert Rule ***: Fast -> 
 Not(Fast(entity))

2026-05-22 21:58:10 [INFO]: *** Expert Rule ***: Normal -> 
 Normal(entity) == Not(Stop(entity))
2026-05-22 21:58:10 [INFO]: Rules created successfully
2026-05-22 21:58:10 [INFO]: Rules will be grounded later...
2026-05-22 21:58:10 [INFO]: Given Predicates {'IsPedestrian': {'instance': IsPed, 'arity': 1, 'method': 'IsPed(Entity)', 'function': 'logicity.utils.pred_converter.z3.IsPed'}, 'IsCar': {'instance': IsCar, 'arity': 1, 'method': 'IsCar(Entity)', 'function': 'logicity.utils.pred_converter.z3.IsCar'}, 'IsAmbulance': {'instance': IsAmb, 'arity': 1, 'method': 'IsAmb(Entity)', 'function': 'logicity.utils.pred_converter.z3.IsAmb'}, 'IsOld': {'instance': IsOld, 'arity': 1, 'method': 'IsOld(Entity)', 'function': 'logicity.utils.pred_converter.z3.IsOld'}, 'IsTiro': {'instance': IsTiro, 'arity': 1, 'method': 'IsTiro(Entity)', 'function': 'logicity.utils.pred_converter.z3.IsTiro'}, 'IsAtInter': {'instance': IsAtInter, 'arity': 1, 'method': 'IsAtInter(Entity)', 'function': 'logicity.utils.pred_converter.z3.IsAtInter'}, 'IsInInter': {'instance': IsInInter, 'arity': 1, 'method': 'IsInInter(Entity)', 'function': 'logicity.utils.pred_converter.z3.IsInInter'}, 'HigherPri': {'instance': HigherPri, 'arity': 2, 'method': 'HigherPri(Entity, Entity)', 'function': 'logicity.utils.pred_converter.z3.HigherPri'}, 'CollidingClose': {'instance': CollidingClose, 'arity': 2, 'method': 'CollidingClose(Entity, Entity)', 'function': 'logicity.utils.pred_converter.z3.CollidingClose'}, 'Stop': {'instance': Stop, 'arity': 1, 'method': 'Stop(Entity)', 'function': 'None'}, 'Fast': {'instance': Fast, 'arity': 1, 'method': 'Fast(Entity)', 'function': 'None'}, 'Normal': {'instance': Normal, 'arity': 1, 'method': 'Normal(Entity)', 'function': 'None'}, 'Slow': {'instance': Slow, 'arity': 1, 'method': 'Slow(Entity)', 'function': 'None'}}, the FOV entities {'Entity': 3}, The logic grounding shape is: 39
2026-05-22 21:58:10 [INFO]: Local planner constructed!
2026-05-22 21:58:10 [INFO]: Constructing 22 streets
2026-05-22 21:58:11 [INFO]: Constructing 16 buildings
2026-05-22 21:58:11 [INFO]: Adding 4 agents, they are constrained in 103 region
2026-05-22 21:58:12 [INFO]: Car_1 initialization done!
2026-05-22 21:58:12 [INFO]: Pedestrian_1 initialization done!
2026-05-22 21:58:12 [INFO]: Car_2 initialization done!
2026-05-22 21:58:12 [INFO]: Car_3 initialization done!
2026-05-22 21:58:12 [INFO]: Done!
2026-05-22 21:58:12 [INFO]: ***Init RL Agent in Env***
2026-05-22 21:58:26 [INFO]: will reset agent by success
2026-05-22 21:58:26 [INFO]: ***Reset RL Agent in Env***
2026-05-22 21:58:26 [INFO]: Car_1 initialization done!
2026-05-22 21:58:26 [INFO]: Pedestrian_1 initialization done!
2026-05-22 21:58:27 [INFO]: Car_2 initialization done!
2026-05-22 21:58:27 [INFO]: Car_3 initialization done!
2026-05-22 21:58:27 [INFO]: Agent reset priority to 2/4
2026-05-22 21:58:27 [INFO]: Agent reset concepts to {'type': 'Car', 'priority': 2}
2026-05-22 21:58:27 [INFO]: Episode 30 success.
2026-05-22 21:58:27 [INFO]: Episode 30 achieved a score of 6.959999999999998
2026-05-22 21:58:27 [INFO]: Episode 30 Success: 1
2026-05-22 21:58:27 [INFO]: Episode 30 Decision Step: {3: 0}
2026-05-22 21:58:27 [INFO]: Episode 30 Success Decision: {3: 0}
2026-05-22 21:58:27 [INFO]: Evaluating episode 31...
2026-05-22 21:58:27 [INFO]: Episode label: {'oracle_step': 69, 'stop_count': 25, 'has_stop': True, 'ego_crosses': True, 'ego_eta': 56, 'ego_direction': 'right', 'other_crosses': 3, 'close_other_count': 0, 'pedestrian_close': None, 'conflicting_approach': False, 'total_crosses': 4}
2026-05-22 21:58:27 [INFO]: Get map info from config/maps/square_2x2.yaml
2026-05-22 21:58:27 [INFO]: Get agent info from config/agents/easy_lite/val.yaml
2026-05-22 21:58:27 [INFO]: Get onology and rules info from config/rules/ontology_easy.yaml, config/rules/Nav/easy/expert.yaml
2026-05-22 21:58:27 [INFO]: Number of Entity Types: 1
Entity Types:
- Entity
2026-05-22 21:58:27 [INFO]: Number of Predicates: 13
Predicates:
- IsPedestrian: {'instance': "Function('IsPed', entity_sorts['Entity'], BoolSort())", 'arity': 1, 'method': 'IsPed(Entity)', 'function': 'logicity.utils.pred_converter.z3.IsPed'}
- IsCar: {'instance': "Function('IsCar', entity_sorts['Entity'], BoolSort())", 'arity': 1, 'method': 'IsCar(Entity)', 'function': 'logicity.utils.pred_converter.z3.IsCar'}
- IsAmbulance: {'instance': "Function('IsAmb', entity_sorts['Entity'], BoolSort())", 'arity': 1, 'method': 'IsAmb(Entity)', 'function': 'logicity.utils.pred_converter.z3.IsAmb'}
- IsOld: {'instance': "Function('IsOld', entity_sorts['Entity'], BoolSort())", 'arity': 1, 'method': 'IsOld(Entity)', 'function': 'logicity.utils.pred_converter.z3.IsOld'}
- IsTiro: {'instance': "Function('IsTiro', entity_sorts['Entity'], BoolSort())", 'arity': 1, 'method': 'IsTiro(Entity)', 'function': 'logicity.utils.pred_converter.z3.IsTiro'}
- IsAtInter: {'instance': "Function('IsAtInter', entity_sorts['Entity'], BoolSort())", 'arity': 1, 'method': 'IsAtInter(Entity)', 'function': 'logicity.utils.pred_converter.z3.IsAtInter'}
- IsInInter: {'instance': "Function('IsInInter', entity_sorts['Entity'], BoolSort())", 'arity': 1, 'method': 'IsInInter(Entity)', 'function': 'logicity.utils.pred_converter.z3.IsInInter'}
- HigherPri: {'instance': "Function('HigherPri', entity_sorts['Entity'], entity_sorts['Entity'], BoolSort())", 'arity': 2, 'method': 'HigherPri(Entity, Entity)', 'function': 'logicity.utils.pred_converter.z3.HigherPri'}
- CollidingClose: {'instance': "Function('CollidingClose', entity_sorts['Entity'], entity_sorts['Entity'], BoolSort())", 'arity': 2, 'method': 'CollidingClose(Entity, Entity)', 'function': 'logicity.utils.pred_converter.z3.CollidingClose'}
- Stop: {'instance': "Function('Stop', entity_sorts['Entity'], BoolSort())", 'arity': 1, 'method': 'Stop(Entity)', 'function': 'None'}
- Fast: {'instance': "Function('Fast', entity_sorts['Entity'], BoolSort())", 'arity': 1, 'method': 'Fast(Entity)', 'function': 'None'}
- Normal: {'instance': "Function('Normal', entity_sorts['Entity'], BoolSort())", 'arity': 1, 'method': 'Normal(Entity)', 'function': 'None'}
- Slow: {'instance': "Function('Slow', entity_sorts['Entity'], BoolSort())", 'arity': 1, 'method': 'Slow(Entity)', 'function': 'None'}
2026-05-22 21:58:27 [INFO]: *** Sim Rule ***: Stop -> 
 Stop(entity) == Exists(
  [dummyEntity], 
  Or(
    And(
      IsAtInter(entity), 
      IsInInter(dummyEntity), 
    ),
    And(
      IsAtInter(entity), 
      IsAtInter(dummyEntity), 
      HigherPri(dummyEntity, entity),
    ),
    CollidingClose(entity, dummyEntity)
  )
)

2026-05-22 21:58:27 [INFO]: *** Task Rule ***: Collision and Intersection -> 
 Implies(Exists(
  [dummyEntity], 
    Or(
      And(
        IsAtInter(entity), 
        IsInInter(dummyEntity), 
      ),
      And(
        IsAtInter(entity), 
        IsAtInter(dummyEntity), 
        HigherPri(dummyEntity, entity),
      ),
      CollidingClose(entity, dummyEntity)
    )
  ),
  Stop(entity)
)

2026-05-22 21:58:27 [INFO]: *** Expert Rule ***: Stop -> 
 Stop(entity) == Exists(
[dummyEntity], 
  Or(
    And(
      IsAtInter(entity), 
      IsInInter(dummyEntity), 
    ),
    And(
      IsAtInter(entity), 
      IsAtInter(dummyEntity), 
      HigherPri(dummyEntity, entity),
    ),
    CollidingClose(entity, dummyEntity)
  )
)

2026-05-22 21:58:27 [INFO]: *** Expert Rule ***: Slow -> 
 Not(Slow(entity))

2026-05-22 21:58:27 [INFO]: *** Expert Rule ***: Fast -> 
 Not(Fast(entity))

2026-05-22 21:58:27 [INFO]: *** Expert Rule ***: Normal -> 
 Normal(entity) == Not(Stop(entity))
2026-05-22 21:58:27 [INFO]: Rules created successfully
2026-05-22 21:58:27 [INFO]: Rules will be grounded later...
2026-05-22 21:58:27 [INFO]: Given Predicates {'IsPedestrian': {'instance': IsPed, 'arity': 1, 'method': 'IsPed(Entity)', 'function': 'logicity.utils.pred_converter.z3.IsPed'}, 'IsCar': {'instance': IsCar, 'arity': 1, 'method': 'IsCar(Entity)', 'function': 'logicity.utils.pred_converter.z3.IsCar'}, 'IsAmbulance': {'instance': IsAmb, 'arity': 1, 'method': 'IsAmb(Entity)', 'function': 'logicity.utils.pred_converter.z3.IsAmb'}, 'IsOld': {'instance': IsOld, 'arity': 1, 'method': 'IsOld(Entity)', 'function': 'logicity.utils.pred_converter.z3.IsOld'}, 'IsTiro': {'instance': IsTiro, 'arity': 1, 'method': 'IsTiro(Entity)', 'function': 'logicity.utils.pred_converter.z3.IsTiro'}, 'IsAtInter': {'instance': IsAtInter, 'arity': 1, 'method': 'IsAtInter(Entity)', 'function': 'logicity.utils.pred_converter.z3.IsAtInter'}, 'IsInInter': {'instance': IsInInter, 'arity': 1, 'method': 'IsInInter(Entity)', 'function': 'logicity.utils.pred_converter.z3.IsInInter'}, 'HigherPri': {'instance': HigherPri, 'arity': 2, 'method': 'HigherPri(Entity, Entity)', 'function': 'logicity.utils.pred_converter.z3.HigherPri'}, 'CollidingClose': {'instance': CollidingClose, 'arity': 2, 'method': 'CollidingClose(Entity, Entity)', 'function': 'logicity.utils.pred_converter.z3.CollidingClose'}, 'Stop': {'instance': Stop, 'arity': 1, 'method': 'Stop(Entity)', 'function': 'None'}, 'Fast': {'instance': Fast, 'arity': 1, 'method': 'Fast(Entity)', 'function': 'None'}, 'Normal': {'instance': Normal, 'arity': 1, 'method': 'Normal(Entity)', 'function': 'None'}, 'Slow': {'instance': Slow, 'arity': 1, 'method': 'Slow(Entity)', 'function': 'None'}}, the FOV entities {'Entity': 3}, The logic grounding shape is: 39
2026-05-22 21:58:27 [INFO]: Local planner constructed!
2026-05-22 21:58:27 [INFO]: Constructing 22 streets
2026-05-22 21:58:28 [INFO]: Constructing 16 buildings
2026-05-22 21:58:28 [INFO]: Adding 4 agents, they are constrained in 103 region
2026-05-22 21:58:29 [INFO]: Car_1 initialization done!
2026-05-22 21:58:29 [INFO]: Pedestrian_1 initialization done!
2026-05-22 21:58:30 [INFO]: Car_2 initialization done!
2026-05-22 21:58:31 [INFO]: Car_3 initialization done!
2026-05-22 21:58:31 [INFO]: Done!
2026-05-22 21:58:31 [INFO]: ***Init RL Agent in Env***
2026-05-22 21:58:49 [INFO]: will reset agent by success
2026-05-22 21:58:49 [INFO]: ***Reset RL Agent in Env***
2026-05-22 21:58:50 [INFO]: Car_1 initialization done!
2026-05-22 21:58:50 [INFO]: Pedestrian_1 initialization done!
2026-05-22 21:58:50 [INFO]: Car_2 initialization done!
2026-05-22 21:58:51 [INFO]: Car_3 initialization done!
2026-05-22 21:58:51 [INFO]: Agent reset priority to 3/4
2026-05-22 21:58:51 [INFO]: Agent reset concepts to {'type': 'Car', 'priority': 3}
2026-05-22 21:58:51 [INFO]: Episode 31 success.
2026-05-22 21:58:51 [INFO]: Episode 31 achieved a score of 4.450000000000012
2026-05-22 21:58:51 [INFO]: Episode 31 Success: 1
2026-05-22 21:58:51 [INFO]: Episode 31 Decision Step: {3: 1}
2026-05-22 21:58:51 [INFO]: Episode 31 Success Decision: {3: 1}
2026-05-22 21:58:51 [INFO]: Evaluating episode 32...
2026-05-22 21:58:51 [INFO]: Episode label: {'oracle_step': 31, 'stop_count': 0, 'has_stop': False, 'ego_crosses': True, 'ego_eta': 5, 'ego_direction': 'down', 'other_crosses': 3, 'close_other_count': 0, 'pedestrian_close': None, 'conflicting_approach': False, 'total_crosses': 4}
2026-05-22 21:58:51 [INFO]: Get map info from config/maps/square_2x2.yaml
2026-05-22 21:58:51 [INFO]: Get agent info from config/agents/easy_lite/val.yaml
2026-05-22 21:58:51 [INFO]: Get onology and rules info from config/rules/ontology_easy.yaml, config/rules/Nav/easy/expert.yaml
2026-05-22 21:58:51 [INFO]: Number of Entity Types: 1
Entity Types:
- Entity
2026-05-22 21:58:51 [INFO]: Number of Predicates: 13
Predicates:
- IsPedestrian: {'instance': "Function('IsPed', entity_sorts['Entity'], BoolSort())", 'arity': 1, 'method': 'IsPed(Entity)', 'function': 'logicity.utils.pred_converter.z3.IsPed'}
- IsCar: {'instance': "Function('IsCar', entity_sorts['Entity'], BoolSort())", 'arity': 1, 'method': 'IsCar(Entity)', 'function': 'logicity.utils.pred_converter.z3.IsCar'}
- IsAmbulance: {'instance': "Function('IsAmb', entity_sorts['Entity'], BoolSort())", 'arity': 1, 'method': 'IsAmb(Entity)', 'function': 'logicity.utils.pred_converter.z3.IsAmb'}
- IsOld: {'instance': "Function('IsOld', entity_sorts['Entity'], BoolSort())", 'arity': 1, 'method': 'IsOld(Entity)', 'function': 'logicity.utils.pred_converter.z3.IsOld'}
- IsTiro: {'instance': "Function('IsTiro', entity_sorts['Entity'], BoolSort())", 'arity': 1, 'method': 'IsTiro(Entity)', 'function': 'logicity.utils.pred_converter.z3.IsTiro'}
- IsAtInter: {'instance': "Function('IsAtInter', entity_sorts['Entity'], BoolSort())", 'arity': 1, 'method': 'IsAtInter(Entity)', 'function': 'logicity.utils.pred_converter.z3.IsAtInter'}
- IsInInter: {'instance': "Function('IsInInter', entity_sorts['Entity'], BoolSort())", 'arity': 1, 'method': 'IsInInter(Entity)', 'function': 'logicity.utils.pred_converter.z3.IsInInter'}
- HigherPri: {'instance': "Function('HigherPri', entity_sorts['Entity'], entity_sorts['Entity'], BoolSort())", 'arity': 2, 'method': 'HigherPri(Entity, Entity)', 'function': 'logicity.utils.pred_converter.z3.HigherPri'}
- CollidingClose: {'instance': "Function('CollidingClose', entity_sorts['Entity'], entity_sorts['Entity'], BoolSort())", 'arity': 2, 'method': 'CollidingClose(Entity, Entity)', 'function': 'logicity.utils.pred_converter.z3.CollidingClose'}
- Stop: {'instance': "Function('Stop', entity_sorts['Entity'], BoolSort())", 'arity': 1, 'method': 'Stop(Entity)', 'function': 'None'}
- Fast: {'instance': "Function('Fast', entity_sorts['Entity'], BoolSort())", 'arity': 1, 'method': 'Fast(Entity)', 'function': 'None'}
- Normal: {'instance': "Function('Normal', entity_sorts['Entity'], BoolSort())", 'arity': 1, 'method': 'Normal(Entity)', 'function': 'None'}
- Slow: {'instance': "Function('Slow', entity_sorts['Entity'], BoolSort())", 'arity': 1, 'method': 'Slow(Entity)', 'function': 'None'}
2026-05-22 21:58:51 [INFO]: *** Sim Rule ***: Stop -> 
 Stop(entity) == Exists(
  [dummyEntity], 
  Or(
    And(
      IsAtInter(entity), 
      IsInInter(dummyEntity), 
    ),
    And(
      IsAtInter(entity), 
      IsAtInter(dummyEntity), 
      HigherPri(dummyEntity, entity),
    ),
    CollidingClose(entity, dummyEntity)
  )
)

2026-05-22 21:58:51 [INFO]: *** Task Rule ***: Collision and Intersection -> 
 Implies(Exists(
  [dummyEntity], 
    Or(
      And(
        IsAtInter(entity), 
        IsInInter(dummyEntity), 
      ),
      And(
        IsAtInter(entity), 
        IsAtInter(dummyEntity), 
        HigherPri(dummyEntity, entity),
      ),
      CollidingClose(entity, dummyEntity)
    )
  ),
  Stop(entity)
)

2026-05-22 21:58:51 [INFO]: *** Expert Rule ***: Stop -> 
 Stop(entity) == Exists(
[dummyEntity], 
  Or(
    And(
      IsAtInter(entity), 
      IsInInter(dummyEntity), 
    ),
    And(
      IsAtInter(entity), 
      IsAtInter(dummyEntity), 
      HigherPri(dummyEntity, entity),
    ),
    CollidingClose(entity, dummyEntity)
  )
)

2026-05-22 21:58:51 [INFO]: *** Expert Rule ***: Slow -> 
 Not(Slow(entity))

2026-05-22 21:58:51 [INFO]: *** Expert Rule ***: Fast -> 
 Not(Fast(entity))

2026-05-22 21:58:51 [INFO]: *** Expert Rule ***: Normal -> 
 Normal(entity) == Not(Stop(entity))
2026-05-22 21:58:51 [INFO]: Rules created successfully
2026-05-22 21:58:51 [INFO]: Rules will be grounded later...
2026-05-22 21:58:51 [INFO]: Given Predicates {'IsPedestrian': {'instance': IsPed, 'arity': 1, 'method': 'IsPed(Entity)', 'function': 'logicity.utils.pred_converter.z3.IsPed'}, 'IsCar': {'instance': IsCar, 'arity': 1, 'method': 'IsCar(Entity)', 'function': 'logicity.utils.pred_converter.z3.IsCar'}, 'IsAmbulance': {'instance': IsAmb, 'arity': 1, 'method': 'IsAmb(Entity)', 'function': 'logicity.utils.pred_converter.z3.IsAmb'}, 'IsOld': {'instance': IsOld, 'arity': 1, 'method': 'IsOld(Entity)', 'function': 'logicity.utils.pred_converter.z3.IsOld'}, 'IsTiro': {'instance': IsTiro, 'arity': 1, 'method': 'IsTiro(Entity)', 'function': 'logicity.utils.pred_converter.z3.IsTiro'}, 'IsAtInter': {'instance': IsAtInter, 'arity': 1, 'method': 'IsAtInter(Entity)', 'function': 'logicity.utils.pred_converter.z3.IsAtInter'}, 'IsInInter': {'instance': IsInInter, 'arity': 1, 'method': 'IsInInter(Entity)', 'function': 'logicity.utils.pred_converter.z3.IsInInter'}, 'HigherPri': {'instance': HigherPri, 'arity': 2, 'method': 'HigherPri(Entity, Entity)', 'function': 'logicity.utils.pred_converter.z3.HigherPri'}, 'CollidingClose': {'instance': CollidingClose, 'arity': 2, 'method': 'CollidingClose(Entity, Entity)', 'function': 'logicity.utils.pred_converter.z3.CollidingClose'}, 'Stop': {'instance': Stop, 'arity': 1, 'method': 'Stop(Entity)', 'function': 'None'}, 'Fast': {'instance': Fast, 'arity': 1, 'method': 'Fast(Entity)', 'function': 'None'}, 'Normal': {'instance': Normal, 'arity': 1, 'method': 'Normal(Entity)', 'function': 'None'}, 'Slow': {'instance': Slow, 'arity': 1, 'method': 'Slow(Entity)', 'function': 'None'}}, the FOV entities {'Entity': 3}, The logic grounding shape is: 39
2026-05-22 21:58:51 [INFO]: Local planner constructed!
2026-05-22 21:58:51 [INFO]: Constructing 22 streets
2026-05-22 21:58:52 [INFO]: Constructing 16 buildings
2026-05-22 21:58:52 [INFO]: Adding 4 agents, they are constrained in 103 region
2026-05-22 21:58:53 [INFO]: Car_1 initialization done!
2026-05-22 21:58:53 [INFO]: Pedestrian_1 initialization done!
2026-05-22 21:58:53 [INFO]: Car_2 initialization done!
2026-05-22 21:58:54 [INFO]: Car_3 initialization done!
2026-05-22 21:58:54 [INFO]: Done!
2026-05-22 21:58:54 [INFO]: ***Init RL Agent in Env***
2026-05-22 21:59:01 [INFO]: will reset agent by success
2026-05-22 21:59:01 [INFO]: ***Reset RL Agent in Env***
2026-05-22 21:59:01 [INFO]: Car_1 initialization done!
2026-05-22 21:59:01 [INFO]: Pedestrian_1 initialization done!
2026-05-22 21:59:02 [INFO]: Car_2 initialization done!
2026-05-22 21:59:02 [INFO]: Car_3 initialization done!
2026-05-22 21:59:02 [INFO]: Agent reset priority to 2/4
2026-05-22 21:59:02 [INFO]: Agent reset concepts to {'type': 'Car', 'priority': 2}
2026-05-22 21:59:02 [INFO]: Episode 32 success.
2026-05-22 21:59:02 [INFO]: Episode 32 achieved a score of 3.5600000000000014
2026-05-22 21:59:02 [INFO]: Episode 32 Success: 1
2026-05-22 21:59:02 [INFO]: Episode 32 Decision Step: {3: 0}
2026-05-22 21:59:02 [INFO]: Episode 32 Success Decision: {3: 0}
2026-05-22 21:59:02 [INFO]: Evaluating episode 33...
2026-05-22 21:59:02 [INFO]: Episode label: {'oracle_step': 69, 'stop_count': 0, 'has_stop': False, 'ego_crosses': True, 'ego_eta': 14, 'ego_direction': 'down', 'other_crosses': 3, 'close_other_count': 0, 'pedestrian_close': None, 'conflicting_approach': False, 'total_crosses': 4}
2026-05-22 21:59:02 [INFO]: Get map info from config/maps/square_2x2.yaml
2026-05-22 21:59:02 [INFO]: Get agent info from config/agents/easy_lite/val.yaml
2026-05-22 21:59:02 [INFO]: Get onology and rules info from config/rules/ontology_easy.yaml, config/rules/Nav/easy/expert.yaml
2026-05-22 21:59:02 [INFO]: Number of Entity Types: 1
Entity Types:
- Entity
2026-05-22 21:59:02 [INFO]: Number of Predicates: 13
Predicates:
- IsPedestrian: {'instance': "Function('IsPed', entity_sorts['Entity'], BoolSort())", 'arity': 1, 'method': 'IsPed(Entity)', 'function': 'logicity.utils.pred_converter.z3.IsPed'}
- IsCar: {'instance': "Function('IsCar', entity_sorts['Entity'], BoolSort())", 'arity': 1, 'method': 'IsCar(Entity)', 'function': 'logicity.utils.pred_converter.z3.IsCar'}
- IsAmbulance: {'instance': "Function('IsAmb', entity_sorts['Entity'], BoolSort())", 'arity': 1, 'method': 'IsAmb(Entity)', 'function': 'logicity.utils.pred_converter.z3.IsAmb'}
- IsOld: {'instance': "Function('IsOld', entity_sorts['Entity'], BoolSort())", 'arity': 1, 'method': 'IsOld(Entity)', 'function': 'logicity.utils.pred_converter.z3.IsOld'}
- IsTiro: {'instance': "Function('IsTiro', entity_sorts['Entity'], BoolSort())", 'arity': 1, 'method': 'IsTiro(Entity)', 'function': 'logicity.utils.pred_converter.z3.IsTiro'}
- IsAtInter: {'instance': "Function('IsAtInter', entity_sorts['Entity'], BoolSort())", 'arity': 1, 'method': 'IsAtInter(Entity)', 'function': 'logicity.utils.pred_converter.z3.IsAtInter'}
- IsInInter: {'instance': "Function('IsInInter', entity_sorts['Entity'], BoolSort())", 'arity': 1, 'method': 'IsInInter(Entity)', 'function': 'logicity.utils.pred_converter.z3.IsInInter'}
- HigherPri: {'instance': "Function('HigherPri', entity_sorts['Entity'], entity_sorts['Entity'], BoolSort())", 'arity': 2, 'method': 'HigherPri(Entity, Entity)', 'function': 'logicity.utils.pred_converter.z3.HigherPri'}
- CollidingClose: {'instance': "Function('CollidingClose', entity_sorts['Entity'], entity_sorts['Entity'], BoolSort())", 'arity': 2, 'method': 'CollidingClose(Entity, Entity)', 'function': 'logicity.utils.pred_converter.z3.CollidingClose'}
- Stop: {'instance': "Function('Stop', entity_sorts['Entity'], BoolSort())", 'arity': 1, 'method': 'Stop(Entity)', 'function': 'None'}
- Fast: {'instance': "Function('Fast', entity_sorts['Entity'], BoolSort())", 'arity': 1, 'method': 'Fast(Entity)', 'function': 'None'}
- Normal: {'instance': "Function('Normal', entity_sorts['Entity'], BoolSort())", 'arity': 1, 'method': 'Normal(Entity)', 'function': 'None'}
- Slow: {'instance': "Function('Slow', entity_sorts['Entity'], BoolSort())", 'arity': 1, 'method': 'Slow(Entity)', 'function': 'None'}
2026-05-22 21:59:02 [INFO]: *** Sim Rule ***: Stop -> 
 Stop(entity) == Exists(
  [dummyEntity], 
  Or(
    And(
      IsAtInter(entity), 
      IsInInter(dummyEntity), 
    ),
    And(
      IsAtInter(entity), 
      IsAtInter(dummyEntity), 
      HigherPri(dummyEntity, entity),
    ),
    CollidingClose(entity, dummyEntity)
  )
)

2026-05-22 21:59:02 [INFO]: *** Task Rule ***: Collision and Intersection -> 
 Implies(Exists(
  [dummyEntity], 
    Or(
      And(
        IsAtInter(entity), 
        IsInInter(dummyEntity), 
      ),
      And(
        IsAtInter(entity), 
        IsAtInter(dummyEntity), 
        HigherPri(dummyEntity, entity),
      ),
      CollidingClose(entity, dummyEntity)
    )
  ),
  Stop(entity)
)

2026-05-22 21:59:02 [INFO]: *** Expert Rule ***: Stop -> 
 Stop(entity) == Exists(
[dummyEntity], 
  Or(
    And(
      IsAtInter(entity), 
      IsInInter(dummyEntity), 
    ),
    And(
      IsAtInter(entity), 
      IsAtInter(dummyEntity), 
      HigherPri(dummyEntity, entity),
    ),
    CollidingClose(entity, dummyEntity)
  )
)

2026-05-22 21:59:02 [INFO]: *** Expert Rule ***: Slow -> 
 Not(Slow(entity))

2026-05-22 21:59:02 [INFO]: *** Expert Rule ***: Fast -> 
 Not(Fast(entity))

2026-05-22 21:59:02 [INFO]: *** Expert Rule ***: Normal -> 
 Normal(entity) == Not(Stop(entity))
2026-05-22 21:59:02 [INFO]: Rules created successfully
2026-05-22 21:59:02 [INFO]: Rules will be grounded later...
2026-05-22 21:59:02 [INFO]: Given Predicates {'IsPedestrian': {'instance': IsPed, 'arity': 1, 'method': 'IsPed(Entity)', 'function': 'logicity.utils.pred_converter.z3.IsPed'}, 'IsCar': {'instance': IsCar, 'arity': 1, 'method': 'IsCar(Entity)', 'function': 'logicity.utils.pred_converter.z3.IsCar'}, 'IsAmbulance': {'instance': IsAmb, 'arity': 1, 'method': 'IsAmb(Entity)', 'function': 'logicity.utils.pred_converter.z3.IsAmb'}, 'IsOld': {'instance': IsOld, 'arity': 1, 'method': 'IsOld(Entity)', 'function': 'logicity.utils.pred_converter.z3.IsOld'}, 'IsTiro': {'instance': IsTiro, 'arity': 1, 'method': 'IsTiro(Entity)', 'function': 'logicity.utils.pred_converter.z3.IsTiro'}, 'IsAtInter': {'instance': IsAtInter, 'arity': 1, 'method': 'IsAtInter(Entity)', 'function': 'logicity.utils.pred_converter.z3.IsAtInter'}, 'IsInInter': {'instance': IsInInter, 'arity': 1, 'method': 'IsInInter(Entity)', 'function': 'logicity.utils.pred_converter.z3.IsInInter'}, 'HigherPri': {'instance': HigherPri, 'arity': 2, 'method': 'HigherPri(Entity, Entity)', 'function': 'logicity.utils.pred_converter.z3.HigherPri'}, 'CollidingClose': {'instance': CollidingClose, 'arity': 2, 'method': 'CollidingClose(Entity, Entity)', 'function': 'logicity.utils.pred_converter.z3.CollidingClose'}, 'Stop': {'instance': Stop, 'arity': 1, 'method': 'Stop(Entity)', 'function': 'None'}, 'Fast': {'instance': Fast, 'arity': 1, 'method': 'Fast(Entity)', 'function': 'None'}, 'Normal': {'instance': Normal, 'arity': 1, 'method': 'Normal(Entity)', 'function': 'None'}, 'Slow': {'instance': Slow, 'arity': 1, 'method': 'Slow(Entity)', 'function': 'None'}}, the FOV entities {'Entity': 3}, The logic grounding shape is: 39
2026-05-22 21:59:02 [INFO]: Local planner constructed!
2026-05-22 21:59:02 [INFO]: Constructing 22 streets
2026-05-22 21:59:03 [INFO]: Constructing 16 buildings
2026-05-22 21:59:03 [INFO]: Adding 4 agents, they are constrained in 103 region
2026-05-22 21:59:04 [INFO]: Car_1 initialization done!
2026-05-22 21:59:04 [INFO]: Pedestrian_1 initialization done!
2026-05-22 21:59:04 [INFO]: Car_2 initialization done!
2026-05-22 21:59:05 [INFO]: Car_3 initialization done!
2026-05-22 21:59:05 [INFO]: Done!
2026-05-22 21:59:05 [INFO]: ***Init RL Agent in Env***
2026-05-22 21:59:18 [INFO]: will reset agent by success
2026-05-22 21:59:18 [INFO]: ***Reset RL Agent in Env***
2026-05-22 21:59:19 [INFO]: Car_1 initialization done!
2026-05-22 21:59:19 [INFO]: Pedestrian_1 initialization done!
2026-05-22 21:59:20 [INFO]: Car_2 initialization done!
2026-05-22 21:59:20 [INFO]: Car_3 initialization done!
2026-05-22 21:59:20 [INFO]: Agent reset priority to 1/4
2026-05-22 21:59:20 [INFO]: Agent reset concepts to {'type': 'Car', 'priority': 1}
2026-05-22 21:59:21 [INFO]: Episode 33 success.
2026-05-22 21:59:21 [INFO]: Episode 33 achieved a score of 7.1099999999999985
2026-05-22 21:59:21 [INFO]: Episode 33 Success: 1
2026-05-22 21:59:21 [INFO]: Episode 33 Decision Step: {3: 0}
2026-05-22 21:59:21 [INFO]: Episode 33 Success Decision: {3: 0}
2026-05-22 21:59:21 [INFO]: Evaluating episode 34...
2026-05-22 21:59:21 [INFO]: Episode label: {'oracle_step': 82, 'stop_count': 32, 'has_stop': True, 'ego_crosses': True, 'ego_eta': 55, 'ego_direction': 'down', 'other_crosses': 3, 'close_other_count': 0, 'pedestrian_close': None, 'conflicting_approach': False, 'total_crosses': 4}
2026-05-22 21:59:21 [INFO]: Get map info from config/maps/square_2x2.yaml
2026-05-22 21:59:21 [INFO]: Get agent info from config/agents/easy_lite/val.yaml
2026-05-22 21:59:21 [INFO]: Get onology and rules info from config/rules/ontology_easy.yaml, config/rules/Nav/easy/expert.yaml
2026-05-22 21:59:21 [INFO]: Number of Entity Types: 1
Entity Types:
- Entity
2026-05-22 21:59:21 [INFO]: Number of Predicates: 13
Predicates:
- IsPedestrian: {'instance': "Function('IsPed', entity_sorts['Entity'], BoolSort())", 'arity': 1, 'method': 'IsPed(Entity)', 'function': 'logicity.utils.pred_converter.z3.IsPed'}
- IsCar: {'instance': "Function('IsCar', entity_sorts['Entity'], BoolSort())", 'arity': 1, 'method': 'IsCar(Entity)', 'function': 'logicity.utils.pred_converter.z3.IsCar'}
- IsAmbulance: {'instance': "Function('IsAmb', entity_sorts['Entity'], BoolSort())", 'arity': 1, 'method': 'IsAmb(Entity)', 'function': 'logicity.utils.pred_converter.z3.IsAmb'}
- IsOld: {'instance': "Function('IsOld', entity_sorts['Entity'], BoolSort())", 'arity': 1, 'method': 'IsOld(Entity)', 'function': 'logicity.utils.pred_converter.z3.IsOld'}
- IsTiro: {'instance': "Function('IsTiro', entity_sorts['Entity'], BoolSort())", 'arity': 1, 'method': 'IsTiro(Entity)', 'function': 'logicity.utils.pred_converter.z3.IsTiro'}
- IsAtInter: {'instance': "Function('IsAtInter', entity_sorts['Entity'], BoolSort())", 'arity': 1, 'method': 'IsAtInter(Entity)', 'function': 'logicity.utils.pred_converter.z3.IsAtInter'}
- IsInInter: {'instance': "Function('IsInInter', entity_sorts['Entity'], BoolSort())", 'arity': 1, 'method': 'IsInInter(Entity)', 'function': 'logicity.utils.pred_converter.z3.IsInInter'}
- HigherPri: {'instance': "Function('HigherPri', entity_sorts['Entity'], entity_sorts['Entity'], BoolSort())", 'arity': 2, 'method': 'HigherPri(Entity, Entity)', 'function': 'logicity.utils.pred_converter.z3.HigherPri'}
- CollidingClose: {'instance': "Function('CollidingClose', entity_sorts['Entity'], entity_sorts['Entity'], BoolSort())", 'arity': 2, 'method': 'CollidingClose(Entity, Entity)', 'function': 'logicity.utils.pred_converter.z3.CollidingClose'}
- Stop: {'instance': "Function('Stop', entity_sorts['Entity'], BoolSort())", 'arity': 1, 'method': 'Stop(Entity)', 'function': 'None'}
- Fast: {'instance': "Function('Fast', entity_sorts['Entity'], BoolSort())", 'arity': 1, 'method': 'Fast(Entity)', 'function': 'None'}
- Normal: {'instance': "Function('Normal', entity_sorts['Entity'], BoolSort())", 'arity': 1, 'method': 'Normal(Entity)', 'function': 'None'}
- Slow: {'instance': "Function('Slow', entity_sorts['Entity'], BoolSort())", 'arity': 1, 'method': 'Slow(Entity)', 'function': 'None'}
2026-05-22 21:59:21 [INFO]: *** Sim Rule ***: Stop -> 
 Stop(entity) == Exists(
  [dummyEntity], 
  Or(
    And(
      IsAtInter(entity), 
      IsInInter(dummyEntity), 
    ),
    And(
      IsAtInter(entity), 
      IsAtInter(dummyEntity), 
      HigherPri(dummyEntity, entity),
    ),
    CollidingClose(entity, dummyEntity)
  )
)

2026-05-22 21:59:21 [INFO]: *** Task Rule ***: Collision and Intersection -> 
 Implies(Exists(
  [dummyEntity], 
    Or(
      And(
        IsAtInter(entity), 
        IsInInter(dummyEntity), 
      ),
      And(
        IsAtInter(entity), 
        IsAtInter(dummyEntity), 
        HigherPri(dummyEntity, entity),
      ),
      CollidingClose(entity, dummyEntity)
    )
  ),
  Stop(entity)
)

2026-05-22 21:59:21 [INFO]: *** Expert Rule ***: Stop -> 
 Stop(entity) == Exists(
[dummyEntity], 
  Or(
    And(
      IsAtInter(entity), 
      IsInInter(dummyEntity), 
    ),
    And(
      IsAtInter(entity), 
      IsAtInter(dummyEntity), 
      HigherPri(dummyEntity, entity),
    ),
    CollidingClose(entity, dummyEntity)
  )
)

2026-05-22 21:59:21 [INFO]: *** Expert Rule ***: Slow -> 
 Not(Slow(entity))

2026-05-22 21:59:21 [INFO]: *** Expert Rule ***: Fast -> 
 Not(Fast(entity))

2026-05-22 21:59:21 [INFO]: *** Expert Rule ***: Normal -> 
 Normal(entity) == Not(Stop(entity))
2026-05-22 21:59:21 [INFO]: Rules created successfully
2026-05-22 21:59:21 [INFO]: Rules will be grounded later...
2026-05-22 21:59:21 [INFO]: Given Predicates {'IsPedestrian': {'instance': IsPed, 'arity': 1, 'method': 'IsPed(Entity)', 'function': 'logicity.utils.pred_converter.z3.IsPed'}, 'IsCar': {'instance': IsCar, 'arity': 1, 'method': 'IsCar(Entity)', 'function': 'logicity.utils.pred_converter.z3.IsCar'}, 'IsAmbulance': {'instance': IsAmb, 'arity': 1, 'method': 'IsAmb(Entity)', 'function': 'logicity.utils.pred_converter.z3.IsAmb'}, 'IsOld': {'instance': IsOld, 'arity': 1, 'method': 'IsOld(Entity)', 'function': 'logicity.utils.pred_converter.z3.IsOld'}, 'IsTiro': {'instance': IsTiro, 'arity': 1, 'method': 'IsTiro(Entity)', 'function': 'logicity.utils.pred_converter.z3.IsTiro'}, 'IsAtInter': {'instance': IsAtInter, 'arity': 1, 'method': 'IsAtInter(Entity)', 'function': 'logicity.utils.pred_converter.z3.IsAtInter'}, 'IsInInter': {'instance': IsInInter, 'arity': 1, 'method': 'IsInInter(Entity)', 'function': 'logicity.utils.pred_converter.z3.IsInInter'}, 'HigherPri': {'instance': HigherPri, 'arity': 2, 'method': 'HigherPri(Entity, Entity)', 'function': 'logicity.utils.pred_converter.z3.HigherPri'}, 'CollidingClose': {'instance': CollidingClose, 'arity': 2, 'method': 'CollidingClose(Entity, Entity)', 'function': 'logicity.utils.pred_converter.z3.CollidingClose'}, 'Stop': {'instance': Stop, 'arity': 1, 'method': 'Stop(Entity)', 'function': 'None'}, 'Fast': {'instance': Fast, 'arity': 1, 'method': 'Fast(Entity)', 'function': 'None'}, 'Normal': {'instance': Normal, 'arity': 1, 'method': 'Normal(Entity)', 'function': 'None'}, 'Slow': {'instance': Slow, 'arity': 1, 'method': 'Slow(Entity)', 'function': 'None'}}, the FOV entities {'Entity': 3}, The logic grounding shape is: 39
2026-05-22 21:59:21 [INFO]: Local planner constructed!
2026-05-22 21:59:21 [INFO]: Constructing 22 streets
2026-05-22 21:59:22 [INFO]: Constructing 16 buildings
2026-05-22 21:59:22 [INFO]: Adding 4 agents, they are constrained in 103 region
2026-05-22 21:59:23 [INFO]: Car_1 initialization done!
2026-05-22 21:59:23 [INFO]: Pedestrian_1 initialization done!
2026-05-22 21:59:24 [INFO]: Car_2 initialization done!
2026-05-22 21:59:25 [INFO]: Car_3 initialization done!
2026-05-22 21:59:25 [INFO]: Done!
2026-05-22 21:59:25 [INFO]: ***Init RL Agent in Env***
2026-05-22 21:59:52 [INFO]: will reset agent by success
2026-05-22 21:59:52 [INFO]: ***Reset RL Agent in Env***
2026-05-22 21:59:53 [INFO]: Car_1 initialization done!
2026-05-22 21:59:53 [INFO]: Pedestrian_1 initialization done!
2026-05-22 21:59:53 [INFO]: Car_2 initialization done!
2026-05-22 21:59:54 [INFO]: Car_3 initialization done!
2026-05-22 21:59:54 [INFO]: Agent reset priority to 3/4
2026-05-22 21:59:54 [INFO]: Agent reset concepts to {'type': 'Car', 'priority': 3}
2026-05-22 21:59:54 [INFO]: Episode 34 success.
2026-05-22 21:59:54 [INFO]: Episode 34 achieved a score of 4.600000000000013
2026-05-22 21:59:54 [INFO]: Episode 34 Success: 1
2026-05-22 21:59:54 [INFO]: Episode 34 Decision Step: {3: 1}
2026-05-22 21:59:54 [INFO]: Episode 34 Success Decision: {3: 1}
2026-05-22 21:59:54 [INFO]: Evaluating episode 35...
2026-05-22 21:59:54 [INFO]: Episode label: {'oracle_step': 71, 'stop_count': 0, 'has_stop': False, 'ego_crosses': True, 'ego_eta': 10, 'ego_direction': 'up', 'other_crosses': 3, 'close_other_count': 0, 'pedestrian_close': None, 'conflicting_approach': False, 'total_crosses': 4}
2026-05-22 21:59:54 [INFO]: Get map info from config/maps/square_2x2.yaml
2026-05-22 21:59:54 [INFO]: Get agent info from config/agents/easy_lite/val.yaml
2026-05-22 21:59:54 [INFO]: Get onology and rules info from config/rules/ontology_easy.yaml, config/rules/Nav/easy/expert.yaml
2026-05-22 21:59:54 [INFO]: Number of Entity Types: 1
Entity Types:
- Entity
2026-05-22 21:59:54 [INFO]: Number of Predicates: 13
Predicates:
- IsPedestrian: {'instance': "Function('IsPed', entity_sorts['Entity'], BoolSort())", 'arity': 1, 'method': 'IsPed(Entity)', 'function': 'logicity.utils.pred_converter.z3.IsPed'}
- IsCar: {'instance': "Function('IsCar', entity_sorts['Entity'], BoolSort())", 'arity': 1, 'method': 'IsCar(Entity)', 'function': 'logicity.utils.pred_converter.z3.IsCar'}
- IsAmbulance: {'instance': "Function('IsAmb', entity_sorts['Entity'], BoolSort())", 'arity': 1, 'method': 'IsAmb(Entity)', 'function': 'logicity.utils.pred_converter.z3.IsAmb'}
- IsOld: {'instance': "Function('IsOld', entity_sorts['Entity'], BoolSort())", 'arity': 1, 'method': 'IsOld(Entity)', 'function': 'logicity.utils.pred_converter.z3.IsOld'}
- IsTiro: {'instance': "Function('IsTiro', entity_sorts['Entity'], BoolSort())", 'arity': 1, 'method': 'IsTiro(Entity)', 'function': 'logicity.utils.pred_converter.z3.IsTiro'}
- IsAtInter: {'instance': "Function('IsAtInter', entity_sorts['Entity'], BoolSort())", 'arity': 1, 'method': 'IsAtInter(Entity)', 'function': 'logicity.utils.pred_converter.z3.IsAtInter'}
- IsInInter: {'instance': "Function('IsInInter', entity_sorts['Entity'], BoolSort())", 'arity': 1, 'method': 'IsInInter(Entity)', 'function': 'logicity.utils.pred_converter.z3.IsInInter'}
- HigherPri: {'instance': "Function('HigherPri', entity_sorts['Entity'], entity_sorts['Entity'], BoolSort())", 'arity': 2, 'method': 'HigherPri(Entity, Entity)', 'function': 'logicity.utils.pred_converter.z3.HigherPri'}
- CollidingClose: {'instance': "Function('CollidingClose', entity_sorts['Entity'], entity_sorts['Entity'], BoolSort())", 'arity': 2, 'method': 'CollidingClose(Entity, Entity)', 'function': 'logicity.utils.pred_converter.z3.CollidingClose'}
- Stop: {'instance': "Function('Stop', entity_sorts['Entity'], BoolSort())", 'arity': 1, 'method': 'Stop(Entity)', 'function': 'None'}
- Fast: {'instance': "Function('Fast', entity_sorts['Entity'], BoolSort())", 'arity': 1, 'method': 'Fast(Entity)', 'function': 'None'}
- Normal: {'instance': "Function('Normal', entity_sorts['Entity'], BoolSort())", 'arity': 1, 'method': 'Normal(Entity)', 'function': 'None'}
- Slow: {'instance': "Function('Slow', entity_sorts['Entity'], BoolSort())", 'arity': 1, 'method': 'Slow(Entity)', 'function': 'None'}
2026-05-22 21:59:54 [INFO]: *** Sim Rule ***: Stop -> 
 Stop(entity) == Exists(
  [dummyEntity], 
  Or(
    And(
      IsAtInter(entity), 
      IsInInter(dummyEntity), 
    ),
    And(
      IsAtInter(entity), 
      IsAtInter(dummyEntity), 
      HigherPri(dummyEntity, entity),
    ),
    CollidingClose(entity, dummyEntity)
  )
)

2026-05-22 21:59:54 [INFO]: *** Task Rule ***: Collision and Intersection -> 
 Implies(Exists(
  [dummyEntity], 
    Or(
      And(
        IsAtInter(entity), 
        IsInInter(dummyEntity), 
      ),
      And(
        IsAtInter(entity), 
        IsAtInter(dummyEntity), 
        HigherPri(dummyEntity, entity),
      ),
      CollidingClose(entity, dummyEntity)
    )
  ),
  Stop(entity)
)

2026-05-22 21:59:54 [INFO]: *** Expert Rule ***: Stop -> 
 Stop(entity) == Exists(
[dummyEntity], 
  Or(
    And(
      IsAtInter(entity), 
      IsInInter(dummyEntity), 
    ),
    And(
      IsAtInter(entity), 
      IsAtInter(dummyEntity), 
      HigherPri(dummyEntity, entity),
    ),
    CollidingClose(entity, dummyEntity)
  )
)

2026-05-22 21:59:54 [INFO]: *** Expert Rule ***: Slow -> 
 Not(Slow(entity))

2026-05-22 21:59:54 [INFO]: *** Expert Rule ***: Fast -> 
 Not(Fast(entity))

2026-05-22 21:59:54 [INFO]: *** Expert Rule ***: Normal -> 
 Normal(entity) == Not(Stop(entity))
2026-05-22 21:59:54 [INFO]: Rules created successfully
2026-05-22 21:59:54 [INFO]: Rules will be grounded later...
2026-05-22 21:59:54 [INFO]: Given Predicates {'IsPedestrian': {'instance': IsPed, 'arity': 1, 'method': 'IsPed(Entity)', 'function': 'logicity.utils.pred_converter.z3.IsPed'}, 'IsCar': {'instance': IsCar, 'arity': 1, 'method': 'IsCar(Entity)', 'function': 'logicity.utils.pred_converter.z3.IsCar'}, 'IsAmbulance': {'instance': IsAmb, 'arity': 1, 'method': 'IsAmb(Entity)', 'function': 'logicity.utils.pred_converter.z3.IsAmb'}, 'IsOld': {'instance': IsOld, 'arity': 1, 'method': 'IsOld(Entity)', 'function': 'logicity.utils.pred_converter.z3.IsOld'}, 'IsTiro': {'instance': IsTiro, 'arity': 1, 'method': 'IsTiro(Entity)', 'function': 'logicity.utils.pred_converter.z3.IsTiro'}, 'IsAtInter': {'instance': IsAtInter, 'arity': 1, 'method': 'IsAtInter(Entity)', 'function': 'logicity.utils.pred_converter.z3.IsAtInter'}, 'IsInInter': {'instance': IsInInter, 'arity': 1, 'method': 'IsInInter(Entity)', 'function': 'logicity.utils.pred_converter.z3.IsInInter'}, 'HigherPri': {'instance': HigherPri, 'arity': 2, 'method': 'HigherPri(Entity, Entity)', 'function': 'logicity.utils.pred_converter.z3.HigherPri'}, 'CollidingClose': {'instance': CollidingClose, 'arity': 2, 'method': 'CollidingClose(Entity, Entity)', 'function': 'logicity.utils.pred_converter.z3.CollidingClose'}, 'Stop': {'instance': Stop, 'arity': 1, 'method': 'Stop(Entity)', 'function': 'None'}, 'Fast': {'instance': Fast, 'arity': 1, 'method': 'Fast(Entity)', 'function': 'None'}, 'Normal': {'instance': Normal, 'arity': 1, 'method': 'Normal(Entity)', 'function': 'None'}, 'Slow': {'instance': Slow, 'arity': 1, 'method': 'Slow(Entity)', 'function': 'None'}}, the FOV entities {'Entity': 3}, The logic grounding shape is: 39
2026-05-22 21:59:54 [INFO]: Local planner constructed!
2026-05-22 21:59:54 [INFO]: Constructing 22 streets
2026-05-22 21:59:54 [INFO]: Constructing 16 buildings
2026-05-22 21:59:55 [INFO]: Adding 4 agents, they are constrained in 103 region
2026-05-22 21:59:55 [INFO]: Car_1 initialization done!
2026-05-22 21:59:55 [INFO]: Pedestrian_1 initialization done!
2026-05-22 21:59:56 [INFO]: Car_2 initialization done!
2026-05-22 21:59:57 [INFO]: Car_3 initialization done!
2026-05-22 21:59:57 [INFO]: Done!
2026-05-22 21:59:57 [INFO]: ***Init RL Agent in Env***
2026-05-22 22:00:07 [INFO]: will reset agent by success
2026-05-22 22:00:07 [INFO]: ***Reset RL Agent in Env***
2026-05-22 22:00:07 [INFO]: Car_1 initialization done!
2026-05-22 22:00:07 [INFO]: Pedestrian_1 initialization done!
2026-05-22 22:00:08 [INFO]: Car_2 initialization done!
2026-05-22 22:00:09 [INFO]: Car_3 initialization done!
2026-05-22 22:00:09 [INFO]: Agent reset priority to 2/4
2026-05-22 22:00:09 [INFO]: Agent reset concepts to {'type': 'Car', 'priority': 2}
2026-05-22 22:00:09 [INFO]: Episode 35 success.
2026-05-22 22:00:09 [INFO]: Episode 35 achieved a score of 7.4099999999999975
2026-05-22 22:00:09 [INFO]: Episode 35 Success: 1
2026-05-22 22:00:09 [INFO]: Episode 35 Decision Step: {3: 0}
2026-05-22 22:00:09 [INFO]: Episode 35 Success Decision: {3: 0}
2026-05-22 22:00:09 [INFO]: Evaluating episode 36...
2026-05-22 22:00:09 [INFO]: Episode label: {'oracle_step': 48, 'stop_count': 1, 'has_stop': True, 'ego_crosses': True, 'ego_eta': 23, 'ego_direction': 'right', 'other_crosses': 3, 'close_other_count': 0, 'pedestrian_close': None, 'conflicting_approach': False, 'total_crosses': 4}
2026-05-22 22:00:09 [INFO]: Get map info from config/maps/square_2x2.yaml
2026-05-22 22:00:09 [INFO]: Get agent info from config/agents/easy_lite/val.yaml
2026-05-22 22:00:09 [INFO]: Get onology and rules info from config/rules/ontology_easy.yaml, config/rules/Nav/easy/expert.yaml
2026-05-22 22:00:09 [INFO]: Number of Entity Types: 1
Entity Types:
- Entity
2026-05-22 22:00:09 [INFO]: Number of Predicates: 13
Predicates:
- IsPedestrian: {'instance': "Function('IsPed', entity_sorts['Entity'], BoolSort())", 'arity': 1, 'method': 'IsPed(Entity)', 'function': 'logicity.utils.pred_converter.z3.IsPed'}
- IsCar: {'instance': "Function('IsCar', entity_sorts['Entity'], BoolSort())", 'arity': 1, 'method': 'IsCar(Entity)', 'function': 'logicity.utils.pred_converter.z3.IsCar'}
- IsAmbulance: {'instance': "Function('IsAmb', entity_sorts['Entity'], BoolSort())", 'arity': 1, 'method': 'IsAmb(Entity)', 'function': 'logicity.utils.pred_converter.z3.IsAmb'}
- IsOld: {'instance': "Function('IsOld', entity_sorts['Entity'], BoolSort())", 'arity': 1, 'method': 'IsOld(Entity)', 'function': 'logicity.utils.pred_converter.z3.IsOld'}
- IsTiro: {'instance': "Function('IsTiro', entity_sorts['Entity'], BoolSort())", 'arity': 1, 'method': 'IsTiro(Entity)', 'function': 'logicity.utils.pred_converter.z3.IsTiro'}
- IsAtInter: {'instance': "Function('IsAtInter', entity_sorts['Entity'], BoolSort())", 'arity': 1, 'method': 'IsAtInter(Entity)', 'function': 'logicity.utils.pred_converter.z3.IsAtInter'}
- IsInInter: {'instance': "Function('IsInInter', entity_sorts['Entity'], BoolSort())", 'arity': 1, 'method': 'IsInInter(Entity)', 'function': 'logicity.utils.pred_converter.z3.IsInInter'}
- HigherPri: {'instance': "Function('HigherPri', entity_sorts['Entity'], entity_sorts['Entity'], BoolSort())", 'arity': 2, 'method': 'HigherPri(Entity, Entity)', 'function': 'logicity.utils.pred_converter.z3.HigherPri'}
- CollidingClose: {'instance': "Function('CollidingClose', entity_sorts['Entity'], entity_sorts['Entity'], BoolSort())", 'arity': 2, 'method': 'CollidingClose(Entity, Entity)', 'function': 'logicity.utils.pred_converter.z3.CollidingClose'}
- Stop: {'instance': "Function('Stop', entity_sorts['Entity'], BoolSort())", 'arity': 1, 'method': 'Stop(Entity)', 'function': 'None'}
- Fast: {'instance': "Function('Fast', entity_sorts['Entity'], BoolSort())", 'arity': 1, 'method': 'Fast(Entity)', 'function': 'None'}
- Normal: {'instance': "Function('Normal', entity_sorts['Entity'], BoolSort())", 'arity': 1, 'method': 'Normal(Entity)', 'function': 'None'}
- Slow: {'instance': "Function('Slow', entity_sorts['Entity'], BoolSort())", 'arity': 1, 'method': 'Slow(Entity)', 'function': 'None'}
2026-05-22 22:00:09 [INFO]: *** Sim Rule ***: Stop -> 
 Stop(entity) == Exists(
  [dummyEntity], 
  Or(
    And(
      IsAtInter(entity), 
      IsInInter(dummyEntity), 
    ),
    And(
      IsAtInter(entity), 
      IsAtInter(dummyEntity), 
      HigherPri(dummyEntity, entity),
    ),
    CollidingClose(entity, dummyEntity)
  )
)

2026-05-22 22:00:09 [INFO]: *** Task Rule ***: Collision and Intersection -> 
 Implies(Exists(
  [dummyEntity], 
    Or(
      And(
        IsAtInter(entity), 
        IsInInter(dummyEntity), 
      ),
      And(
        IsAtInter(entity), 
        IsAtInter(dummyEntity), 
        HigherPri(dummyEntity, entity),
      ),
      CollidingClose(entity, dummyEntity)
    )
  ),
  Stop(entity)
)

2026-05-22 22:00:09 [INFO]: *** Expert Rule ***: Stop -> 
 Stop(entity) == Exists(
[dummyEntity], 
  Or(
    And(
      IsAtInter(entity), 
      IsInInter(dummyEntity), 
    ),
    And(
      IsAtInter(entity), 
      IsAtInter(dummyEntity), 
      HigherPri(dummyEntity, entity),
    ),
    CollidingClose(entity, dummyEntity)
  )
)

2026-05-22 22:00:09 [INFO]: *** Expert Rule ***: Slow -> 
 Not(Slow(entity))

2026-05-22 22:00:09 [INFO]: *** Expert Rule ***: Fast -> 
 Not(Fast(entity))

2026-05-22 22:00:09 [INFO]: *** Expert Rule ***: Normal -> 
 Normal(entity) == Not(Stop(entity))
2026-05-22 22:00:09 [INFO]: Rules created successfully
2026-05-22 22:00:09 [INFO]: Rules will be grounded later...
2026-05-22 22:00:09 [INFO]: Given Predicates {'IsPedestrian': {'instance': IsPed, 'arity': 1, 'method': 'IsPed(Entity)', 'function': 'logicity.utils.pred_converter.z3.IsPed'}, 'IsCar': {'instance': IsCar, 'arity': 1, 'method': 'IsCar(Entity)', 'function': 'logicity.utils.pred_converter.z3.IsCar'}, 'IsAmbulance': {'instance': IsAmb, 'arity': 1, 'method': 'IsAmb(Entity)', 'function': 'logicity.utils.pred_converter.z3.IsAmb'}, 'IsOld': {'instance': IsOld, 'arity': 1, 'method': 'IsOld(Entity)', 'function': 'logicity.utils.pred_converter.z3.IsOld'}, 'IsTiro': {'instance': IsTiro, 'arity': 1, 'method': 'IsTiro(Entity)', 'function': 'logicity.utils.pred_converter.z3.IsTiro'}, 'IsAtInter': {'instance': IsAtInter, 'arity': 1, 'method': 'IsAtInter(Entity)', 'function': 'logicity.utils.pred_converter.z3.IsAtInter'}, 'IsInInter': {'instance': IsInInter, 'arity': 1, 'method': 'IsInInter(Entity)', 'function': 'logicity.utils.pred_converter.z3.IsInInter'}, 'HigherPri': {'instance': HigherPri, 'arity': 2, 'method': 'HigherPri(Entity, Entity)', 'function': 'logicity.utils.pred_converter.z3.HigherPri'}, 'CollidingClose': {'instance': CollidingClose, 'arity': 2, 'method': 'CollidingClose(Entity, Entity)', 'function': 'logicity.utils.pred_converter.z3.CollidingClose'}, 'Stop': {'instance': Stop, 'arity': 1, 'method': 'Stop(Entity)', 'function': 'None'}, 'Fast': {'instance': Fast, 'arity': 1, 'method': 'Fast(Entity)', 'function': 'None'}, 'Normal': {'instance': Normal, 'arity': 1, 'method': 'Normal(Entity)', 'function': 'None'}, 'Slow': {'instance': Slow, 'arity': 1, 'method': 'Slow(Entity)', 'function': 'None'}}, the FOV entities {'Entity': 3}, The logic grounding shape is: 39
2026-05-22 22:00:09 [INFO]: Local planner constructed!
2026-05-22 22:00:09 [INFO]: Constructing 22 streets
2026-05-22 22:00:10 [INFO]: Constructing 16 buildings
2026-05-22 22:00:11 [INFO]: Adding 4 agents, they are constrained in 103 region
2026-05-22 22:00:12 [INFO]: Car_1 initialization done!
2026-05-22 22:00:12 [INFO]: Pedestrian_1 initialization done!
2026-05-22 22:00:12 [INFO]: Car_2 initialization done!
2026-05-22 22:00:13 [INFO]: Car_3 initialization done!
2026-05-22 22:00:13 [INFO]: Done!
2026-05-22 22:00:13 [INFO]: ***Init RL Agent in Env***
2026-05-22 22:00:25 [INFO]: will reset agent by success
2026-05-22 22:00:25 [INFO]: ***Reset RL Agent in Env***
2026-05-22 22:00:25 [INFO]: Car_1 initialization done!
2026-05-22 22:00:25 [INFO]: Pedestrian_1 initialization done!
2026-05-22 22:00:26 [INFO]: Car_2 initialization done!
2026-05-22 22:00:26 [INFO]: Car_3 initialization done!
2026-05-22 22:00:26 [INFO]: Agent reset priority to 1/4
2026-05-22 22:00:26 [INFO]: Agent reset concepts to {'type': 'Car', 'priority': 1}
2026-05-22 22:00:27 [INFO]: Episode 36 success.
2026-05-22 22:00:27 [INFO]: Episode 36 achieved a score of 4.980000000000002
2026-05-22 22:00:27 [INFO]: Episode 36 Success: 1
2026-05-22 22:00:27 [INFO]: Episode 36 Decision Step: {3: 1}
2026-05-22 22:00:27 [INFO]: Episode 36 Success Decision: {3: 1}
2026-05-22 22:00:27 [INFO]: Evaluating episode 37...
2026-05-22 22:00:27 [INFO]: Episode label: {'oracle_step': 83, 'stop_count': 35, 'has_stop': True, 'ego_crosses': True, 'ego_eta': 58, 'ego_direction': 'right', 'other_crosses': 3, 'close_other_count': 0, 'pedestrian_close': None, 'conflicting_approach': False, 'total_crosses': 4}
2026-05-22 22:00:27 [INFO]: Get map info from config/maps/square_2x2.yaml
2026-05-22 22:00:27 [INFO]: Get agent info from config/agents/easy_lite/val.yaml
2026-05-22 22:00:27 [INFO]: Get onology and rules info from config/rules/ontology_easy.yaml, config/rules/Nav/easy/expert.yaml
2026-05-22 22:00:27 [INFO]: Number of Entity Types: 1
Entity Types:
- Entity
2026-05-22 22:00:27 [INFO]: Number of Predicates: 13
Predicates:
- IsPedestrian: {'instance': "Function('IsPed', entity_sorts['Entity'], BoolSort())", 'arity': 1, 'method': 'IsPed(Entity)', 'function': 'logicity.utils.pred_converter.z3.IsPed'}
- IsCar: {'instance': "Function('IsCar', entity_sorts['Entity'], BoolSort())", 'arity': 1, 'method': 'IsCar(Entity)', 'function': 'logicity.utils.pred_converter.z3.IsCar'}
- IsAmbulance: {'instance': "Function('IsAmb', entity_sorts['Entity'], BoolSort())", 'arity': 1, 'method': 'IsAmb(Entity)', 'function': 'logicity.utils.pred_converter.z3.IsAmb'}
- IsOld: {'instance': "Function('IsOld', entity_sorts['Entity'], BoolSort())", 'arity': 1, 'method': 'IsOld(Entity)', 'function': 'logicity.utils.pred_converter.z3.IsOld'}
- IsTiro: {'instance': "Function('IsTiro', entity_sorts['Entity'], BoolSort())", 'arity': 1, 'method': 'IsTiro(Entity)', 'function': 'logicity.utils.pred_converter.z3.IsTiro'}
- IsAtInter: {'instance': "Function('IsAtInter', entity_sorts['Entity'], BoolSort())", 'arity': 1, 'method': 'IsAtInter(Entity)', 'function': 'logicity.utils.pred_converter.z3.IsAtInter'}
- IsInInter: {'instance': "Function('IsInInter', entity_sorts['Entity'], BoolSort())", 'arity': 1, 'method': 'IsInInter(Entity)', 'function': 'logicity.utils.pred_converter.z3.IsInInter'}
- HigherPri: {'instance': "Function('HigherPri', entity_sorts['Entity'], entity_sorts['Entity'], BoolSort())", 'arity': 2, 'method': 'HigherPri(Entity, Entity)', 'function': 'logicity.utils.pred_converter.z3.HigherPri'}
- CollidingClose: {'instance': "Function('CollidingClose', entity_sorts['Entity'], entity_sorts['Entity'], BoolSort())", 'arity': 2, 'method': 'CollidingClose(Entity, Entity)', 'function': 'logicity.utils.pred_converter.z3.CollidingClose'}
- Stop: {'instance': "Function('Stop', entity_sorts['Entity'], BoolSort())", 'arity': 1, 'method': 'Stop(Entity)', 'function': 'None'}
- Fast: {'instance': "Function('Fast', entity_sorts['Entity'], BoolSort())", 'arity': 1, 'method': 'Fast(Entity)', 'function': 'None'}
- Normal: {'instance': "Function('Normal', entity_sorts['Entity'], BoolSort())", 'arity': 1, 'method': 'Normal(Entity)', 'function': 'None'}
- Slow: {'instance': "Function('Slow', entity_sorts['Entity'], BoolSort())", 'arity': 1, 'method': 'Slow(Entity)', 'function': 'None'}
2026-05-22 22:00:27 [INFO]: *** Sim Rule ***: Stop -> 
 Stop(entity) == Exists(
  [dummyEntity], 
  Or(
    And(
      IsAtInter(entity), 
      IsInInter(dummyEntity), 
    ),
    And(
      IsAtInter(entity), 
      IsAtInter(dummyEntity), 
      HigherPri(dummyEntity, entity),
    ),
    CollidingClose(entity, dummyEntity)
  )
)

2026-05-22 22:00:27 [INFO]: *** Task Rule ***: Collision and Intersection -> 
 Implies(Exists(
  [dummyEntity], 
    Or(
      And(
        IsAtInter(entity), 
        IsInInter(dummyEntity), 
      ),
      And(
        IsAtInter(entity), 
        IsAtInter(dummyEntity), 
        HigherPri(dummyEntity, entity),
      ),
      CollidingClose(entity, dummyEntity)
    )
  ),
  Stop(entity)
)

2026-05-22 22:00:27 [INFO]: *** Expert Rule ***: Stop -> 
 Stop(entity) == Exists(
[dummyEntity], 
  Or(
    And(
      IsAtInter(entity), 
      IsInInter(dummyEntity), 
    ),
    And(
      IsAtInter(entity), 
      IsAtInter(dummyEntity), 
      HigherPri(dummyEntity, entity),
    ),
    CollidingClose(entity, dummyEntity)
  )
)

2026-05-22 22:00:27 [INFO]: *** Expert Rule ***: Slow -> 
 Not(Slow(entity))

2026-05-22 22:00:27 [INFO]: *** Expert Rule ***: Fast -> 
 Not(Fast(entity))

2026-05-22 22:00:27 [INFO]: *** Expert Rule ***: Normal -> 
 Normal(entity) == Not(Stop(entity))
2026-05-22 22:00:27 [INFO]: Rules created successfully
2026-05-22 22:00:27 [INFO]: Rules will be grounded later...
2026-05-22 22:00:27 [INFO]: Given Predicates {'IsPedestrian': {'instance': IsPed, 'arity': 1, 'method': 'IsPed(Entity)', 'function': 'logicity.utils.pred_converter.z3.IsPed'}, 'IsCar': {'instance': IsCar, 'arity': 1, 'method': 'IsCar(Entity)', 'function': 'logicity.utils.pred_converter.z3.IsCar'}, 'IsAmbulance': {'instance': IsAmb, 'arity': 1, 'method': 'IsAmb(Entity)', 'function': 'logicity.utils.pred_converter.z3.IsAmb'}, 'IsOld': {'instance': IsOld, 'arity': 1, 'method': 'IsOld(Entity)', 'function': 'logicity.utils.pred_converter.z3.IsOld'}, 'IsTiro': {'instance': IsTiro, 'arity': 1, 'method': 'IsTiro(Entity)', 'function': 'logicity.utils.pred_converter.z3.IsTiro'}, 'IsAtInter': {'instance': IsAtInter, 'arity': 1, 'method': 'IsAtInter(Entity)', 'function': 'logicity.utils.pred_converter.z3.IsAtInter'}, 'IsInInter': {'instance': IsInInter, 'arity': 1, 'method': 'IsInInter(Entity)', 'function': 'logicity.utils.pred_converter.z3.IsInInter'}, 'HigherPri': {'instance': HigherPri, 'arity': 2, 'method': 'HigherPri(Entity, Entity)', 'function': 'logicity.utils.pred_converter.z3.HigherPri'}, 'CollidingClose': {'instance': CollidingClose, 'arity': 2, 'method': 'CollidingClose(Entity, Entity)', 'function': 'logicity.utils.pred_converter.z3.CollidingClose'}, 'Stop': {'instance': Stop, 'arity': 1, 'method': 'Stop(Entity)', 'function': 'None'}, 'Fast': {'instance': Fast, 'arity': 1, 'method': 'Fast(Entity)', 'function': 'None'}, 'Normal': {'instance': Normal, 'arity': 1, 'method': 'Normal(Entity)', 'function': 'None'}, 'Slow': {'instance': Slow, 'arity': 1, 'method': 'Slow(Entity)', 'function': 'None'}}, the FOV entities {'Entity': 3}, The logic grounding shape is: 39
2026-05-22 22:00:27 [INFO]: Local planner constructed!
2026-05-22 22:00:27 [INFO]: Constructing 22 streets
2026-05-22 22:00:27 [INFO]: Constructing 16 buildings
2026-05-22 22:00:28 [INFO]: Adding 4 agents, they are constrained in 103 region
2026-05-22 22:00:28 [INFO]: Car_1 initialization done!
2026-05-22 22:00:28 [INFO]: Pedestrian_1 initialization done!
2026-05-22 22:00:29 [INFO]: Car_2 initialization done!
2026-05-22 22:00:29 [INFO]: Car_3 initialization done!
2026-05-22 22:00:29 [INFO]: Done!
2026-05-22 22:00:29 [INFO]: ***Init RL Agent in Env***
2026-05-22 22:00:50 [INFO]: will reset agent by success
2026-05-22 22:00:50 [INFO]: ***Reset RL Agent in Env***
2026-05-22 22:00:51 [INFO]: Car_1 initialization done!
2026-05-22 22:00:51 [INFO]: Pedestrian_1 initialization done!
2026-05-22 22:00:52 [INFO]: Car_2 initialization done!
2026-05-22 22:00:53 [INFO]: Car_3 initialization done!
2026-05-22 22:00:53 [INFO]: Agent reset priority to 3/4
2026-05-22 22:00:53 [INFO]: Agent reset concepts to {'type': 'Car', 'priority': 3}
2026-05-22 22:00:53 [INFO]: Episode 37 success.
2026-05-22 22:00:53 [INFO]: Episode 37 achieved a score of 4.720000000000014
2026-05-22 22:00:53 [INFO]: Episode 37 Success: 1
2026-05-22 22:00:53 [INFO]: Episode 37 Decision Step: {3: 1}
2026-05-22 22:00:53 [INFO]: Episode 37 Success Decision: {3: 1}
2026-05-22 22:00:53 [INFO]: Evaluating episode 38...
2026-05-22 22:00:53 [INFO]: Episode label: {'oracle_step': 57, 'stop_count': 1, 'has_stop': True, 'ego_crosses': True, 'ego_eta': 27, 'ego_direction': 'right', 'other_crosses': 3, 'close_other_count': 0, 'pedestrian_close': None, 'conflicting_approach': False, 'total_crosses': 4}
2026-05-22 22:00:53 [INFO]: Get map info from config/maps/square_2x2.yaml
2026-05-22 22:00:53 [INFO]: Get agent info from config/agents/easy_lite/val.yaml
2026-05-22 22:00:53 [INFO]: Get onology and rules info from config/rules/ontology_easy.yaml, config/rules/Nav/easy/expert.yaml
2026-05-22 22:00:53 [INFO]: Number of Entity Types: 1
Entity Types:
- Entity
2026-05-22 22:00:53 [INFO]: Number of Predicates: 13
Predicates:
- IsPedestrian: {'instance': "Function('IsPed', entity_sorts['Entity'], BoolSort())", 'arity': 1, 'method': 'IsPed(Entity)', 'function': 'logicity.utils.pred_converter.z3.IsPed'}
- IsCar: {'instance': "Function('IsCar', entity_sorts['Entity'], BoolSort())", 'arity': 1, 'method': 'IsCar(Entity)', 'function': 'logicity.utils.pred_converter.z3.IsCar'}
- IsAmbulance: {'instance': "Function('IsAmb', entity_sorts['Entity'], BoolSort())", 'arity': 1, 'method': 'IsAmb(Entity)', 'function': 'logicity.utils.pred_converter.z3.IsAmb'}
- IsOld: {'instance': "Function('IsOld', entity_sorts['Entity'], BoolSort())", 'arity': 1, 'method': 'IsOld(Entity)', 'function': 'logicity.utils.pred_converter.z3.IsOld'}
- IsTiro: {'instance': "Function('IsTiro', entity_sorts['Entity'], BoolSort())", 'arity': 1, 'method': 'IsTiro(Entity)', 'function': 'logicity.utils.pred_converter.z3.IsTiro'}
- IsAtInter: {'instance': "Function('IsAtInter', entity_sorts['Entity'], BoolSort())", 'arity': 1, 'method': 'IsAtInter(Entity)', 'function': 'logicity.utils.pred_converter.z3.IsAtInter'}
- IsInInter: {'instance': "Function('IsInInter', entity_sorts['Entity'], BoolSort())", 'arity': 1, 'method': 'IsInInter(Entity)', 'function': 'logicity.utils.pred_converter.z3.IsInInter'}
- HigherPri: {'instance': "Function('HigherPri', entity_sorts['Entity'], entity_sorts['Entity'], BoolSort())", 'arity': 2, 'method': 'HigherPri(Entity, Entity)', 'function': 'logicity.utils.pred_converter.z3.HigherPri'}
- CollidingClose: {'instance': "Function('CollidingClose', entity_sorts['Entity'], entity_sorts['Entity'], BoolSort())", 'arity': 2, 'method': 'CollidingClose(Entity, Entity)', 'function': 'logicity.utils.pred_converter.z3.CollidingClose'}
- Stop: {'instance': "Function('Stop', entity_sorts['Entity'], BoolSort())", 'arity': 1, 'method': 'Stop(Entity)', 'function': 'None'}
- Fast: {'instance': "Function('Fast', entity_sorts['Entity'], BoolSort())", 'arity': 1, 'method': 'Fast(Entity)', 'function': 'None'}
- Normal: {'instance': "Function('Normal', entity_sorts['Entity'], BoolSort())", 'arity': 1, 'method': 'Normal(Entity)', 'function': 'None'}
- Slow: {'instance': "Function('Slow', entity_sorts['Entity'], BoolSort())", 'arity': 1, 'method': 'Slow(Entity)', 'function': 'None'}
2026-05-22 22:00:53 [INFO]: *** Sim Rule ***: Stop -> 
 Stop(entity) == Exists(
  [dummyEntity], 
  Or(
    And(
      IsAtInter(entity), 
      IsInInter(dummyEntity), 
    ),
    And(
      IsAtInter(entity), 
      IsAtInter(dummyEntity), 
      HigherPri(dummyEntity, entity),
    ),
    CollidingClose(entity, dummyEntity)
  )
)

2026-05-22 22:00:53 [INFO]: *** Task Rule ***: Collision and Intersection -> 
 Implies(Exists(
  [dummyEntity], 
    Or(
      And(
        IsAtInter(entity), 
        IsInInter(dummyEntity), 
      ),
      And(
        IsAtInter(entity), 
        IsAtInter(dummyEntity), 
        HigherPri(dummyEntity, entity),
      ),
      CollidingClose(entity, dummyEntity)
    )
  ),
  Stop(entity)
)

2026-05-22 22:00:53 [INFO]: *** Expert Rule ***: Stop -> 
 Stop(entity) == Exists(
[dummyEntity], 
  Or(
    And(
      IsAtInter(entity), 
      IsInInter(dummyEntity), 
    ),
    And(
      IsAtInter(entity), 
      IsAtInter(dummyEntity), 
      HigherPri(dummyEntity, entity),
    ),
    CollidingClose(entity, dummyEntity)
  )
)

2026-05-22 22:00:53 [INFO]: *** Expert Rule ***: Slow -> 
 Not(Slow(entity))

2026-05-22 22:00:53 [INFO]: *** Expert Rule ***: Fast -> 
 Not(Fast(entity))

2026-05-22 22:00:53 [INFO]: *** Expert Rule ***: Normal -> 
 Normal(entity) == Not(Stop(entity))
2026-05-22 22:00:53 [INFO]: Rules created successfully
2026-05-22 22:00:53 [INFO]: Rules will be grounded later...
2026-05-22 22:00:53 [INFO]: Given Predicates {'IsPedestrian': {'instance': IsPed, 'arity': 1, 'method': 'IsPed(Entity)', 'function': 'logicity.utils.pred_converter.z3.IsPed'}, 'IsCar': {'instance': IsCar, 'arity': 1, 'method': 'IsCar(Entity)', 'function': 'logicity.utils.pred_converter.z3.IsCar'}, 'IsAmbulance': {'instance': IsAmb, 'arity': 1, 'method': 'IsAmb(Entity)', 'function': 'logicity.utils.pred_converter.z3.IsAmb'}, 'IsOld': {'instance': IsOld, 'arity': 1, 'method': 'IsOld(Entity)', 'function': 'logicity.utils.pred_converter.z3.IsOld'}, 'IsTiro': {'instance': IsTiro, 'arity': 1, 'method': 'IsTiro(Entity)', 'function': 'logicity.utils.pred_converter.z3.IsTiro'}, 'IsAtInter': {'instance': IsAtInter, 'arity': 1, 'method': 'IsAtInter(Entity)', 'function': 'logicity.utils.pred_converter.z3.IsAtInter'}, 'IsInInter': {'instance': IsInInter, 'arity': 1, 'method': 'IsInInter(Entity)', 'function': 'logicity.utils.pred_converter.z3.IsInInter'}, 'HigherPri': {'instance': HigherPri, 'arity': 2, 'method': 'HigherPri(Entity, Entity)', 'function': 'logicity.utils.pred_converter.z3.HigherPri'}, 'CollidingClose': {'instance': CollidingClose, 'arity': 2, 'method': 'CollidingClose(Entity, Entity)', 'function': 'logicity.utils.pred_converter.z3.CollidingClose'}, 'Stop': {'instance': Stop, 'arity': 1, 'method': 'Stop(Entity)', 'function': 'None'}, 'Fast': {'instance': Fast, 'arity': 1, 'method': 'Fast(Entity)', 'function': 'None'}, 'Normal': {'instance': Normal, 'arity': 1, 'method': 'Normal(Entity)', 'function': 'None'}, 'Slow': {'instance': Slow, 'arity': 1, 'method': 'Slow(Entity)', 'function': 'None'}}, the FOV entities {'Entity': 3}, The logic grounding shape is: 39
2026-05-22 22:00:53 [INFO]: Local planner constructed!
2026-05-22 22:00:53 [INFO]: Constructing 22 streets
2026-05-22 22:00:54 [INFO]: Constructing 16 buildings
2026-05-22 22:00:55 [INFO]: Adding 4 agents, they are constrained in 103 region
2026-05-22 22:00:55 [INFO]: Car_1 initialization done!
2026-05-22 22:00:55 [INFO]: Pedestrian_1 initialization done!
2026-05-22 22:00:56 [INFO]: Car_2 initialization done!
2026-05-22 22:00:56 [INFO]: Car_3 initialization done!
2026-05-22 22:00:56 [INFO]: Done!
2026-05-22 22:00:56 [INFO]: ***Init RL Agent in Env***
2026-05-22 22:01:06 [INFO]: will reset agent by success
2026-05-22 22:01:06 [INFO]: ***Reset RL Agent in Env***
2026-05-22 22:01:07 [INFO]: Car_1 initialization done!
2026-05-22 22:01:07 [INFO]: Pedestrian_1 initialization done!
2026-05-22 22:01:07 [INFO]: Car_2 initialization done!
2026-05-22 22:01:08 [INFO]: Car_3 initialization done!
2026-05-22 22:01:08 [INFO]: Agent reset priority to 1/4
2026-05-22 22:01:08 [INFO]: Agent reset concepts to {'type': 'Car', 'priority': 1}
2026-05-22 22:01:08 [INFO]: Episode 38 success.
2026-05-22 22:01:08 [INFO]: Episode 38 achieved a score of 5.91
2026-05-22 22:01:08 [INFO]: Episode 38 Success: 1
2026-05-22 22:01:08 [INFO]: Episode 38 Decision Step: {3: 1}
2026-05-22 22:01:08 [INFO]: Episode 38 Success Decision: {3: 1}
2026-05-22 22:01:08 [INFO]: Evaluating episode 39...
2026-05-22 22:01:08 [INFO]: Episode label: {'oracle_step': 49, 'stop_count': 7, 'has_stop': True, 'ego_crosses': True, 'ego_eta': 12, 'ego_direction': 'down', 'other_crosses': 3, 'close_other_count': 0, 'pedestrian_close': None, 'conflicting_approach': False, 'total_crosses': 4}
2026-05-22 22:01:08 [INFO]: Get map info from config/maps/square_2x2.yaml
2026-05-22 22:01:08 [INFO]: Get agent info from config/agents/easy_lite/val.yaml
2026-05-22 22:01:08 [INFO]: Get onology and rules info from config/rules/ontology_easy.yaml, config/rules/Nav/easy/expert.yaml
2026-05-22 22:01:08 [INFO]: Number of Entity Types: 1
Entity Types:
- Entity
2026-05-22 22:01:08 [INFO]: Number of Predicates: 13
Predicates:
- IsPedestrian: {'instance': "Function('IsPed', entity_sorts['Entity'], BoolSort())", 'arity': 1, 'method': 'IsPed(Entity)', 'function': 'logicity.utils.pred_converter.z3.IsPed'}
- IsCar: {'instance': "Function('IsCar', entity_sorts['Entity'], BoolSort())", 'arity': 1, 'method': 'IsCar(Entity)', 'function': 'logicity.utils.pred_converter.z3.IsCar'}
- IsAmbulance: {'instance': "Function('IsAmb', entity_sorts['Entity'], BoolSort())", 'arity': 1, 'method': 'IsAmb(Entity)', 'function': 'logicity.utils.pred_converter.z3.IsAmb'}
- IsOld: {'instance': "Function('IsOld', entity_sorts['Entity'], BoolSort())", 'arity': 1, 'method': 'IsOld(Entity)', 'function': 'logicity.utils.pred_converter.z3.IsOld'}
- IsTiro: {'instance': "Function('IsTiro', entity_sorts['Entity'], BoolSort())", 'arity': 1, 'method': 'IsTiro(Entity)', 'function': 'logicity.utils.pred_converter.z3.IsTiro'}
- IsAtInter: {'instance': "Function('IsAtInter', entity_sorts['Entity'], BoolSort())", 'arity': 1, 'method': 'IsAtInter(Entity)', 'function': 'logicity.utils.pred_converter.z3.IsAtInter'}
- IsInInter: {'instance': "Function('IsInInter', entity_sorts['Entity'], BoolSort())", 'arity': 1, 'method': 'IsInInter(Entity)', 'function': 'logicity.utils.pred_converter.z3.IsInInter'}
- HigherPri: {'instance': "Function('HigherPri', entity_sorts['Entity'], entity_sorts['Entity'], BoolSort())", 'arity': 2, 'method': 'HigherPri(Entity, Entity)', 'function': 'logicity.utils.pred_converter.z3.HigherPri'}
- CollidingClose: {'instance': "Function('CollidingClose', entity_sorts['Entity'], entity_sorts['Entity'], BoolSort())", 'arity': 2, 'method': 'CollidingClose(Entity, Entity)', 'function': 'logicity.utils.pred_converter.z3.CollidingClose'}
- Stop: {'instance': "Function('Stop', entity_sorts['Entity'], BoolSort())", 'arity': 1, 'method': 'Stop(Entity)', 'function': 'None'}
- Fast: {'instance': "Function('Fast', entity_sorts['Entity'], BoolSort())", 'arity': 1, 'method': 'Fast(Entity)', 'function': 'None'}
- Normal: {'instance': "Function('Normal', entity_sorts['Entity'], BoolSort())", 'arity': 1, 'method': 'Normal(Entity)', 'function': 'None'}
- Slow: {'instance': "Function('Slow', entity_sorts['Entity'], BoolSort())", 'arity': 1, 'method': 'Slow(Entity)', 'function': 'None'}
2026-05-22 22:01:08 [INFO]: *** Sim Rule ***: Stop -> 
 Stop(entity) == Exists(
  [dummyEntity], 
  Or(
    And(
      IsAtInter(entity), 
      IsInInter(dummyEntity), 
    ),
    And(
      IsAtInter(entity), 
      IsAtInter(dummyEntity), 
      HigherPri(dummyEntity, entity),
    ),
    CollidingClose(entity, dummyEntity)
  )
)

2026-05-22 22:01:08 [INFO]: *** Task Rule ***: Collision and Intersection -> 
 Implies(Exists(
  [dummyEntity], 
    Or(
      And(
        IsAtInter(entity), 
        IsInInter(dummyEntity), 
      ),
      And(
        IsAtInter(entity), 
        IsAtInter(dummyEntity), 
        HigherPri(dummyEntity, entity),
      ),
      CollidingClose(entity, dummyEntity)
    )
  ),
  Stop(entity)
)

2026-05-22 22:01:08 [INFO]: *** Expert Rule ***: Stop -> 
 Stop(entity) == Exists(
[dummyEntity], 
  Or(
    And(
      IsAtInter(entity), 
      IsInInter(dummyEntity), 
    ),
    And(
      IsAtInter(entity), 
      IsAtInter(dummyEntity), 
      HigherPri(dummyEntity, entity),
    ),
    CollidingClose(entity, dummyEntity)
  )
)

2026-05-22 22:01:08 [INFO]: *** Expert Rule ***: Slow -> 
 Not(Slow(entity))

2026-05-22 22:01:08 [INFO]: *** Expert Rule ***: Fast -> 
 Not(Fast(entity))

2026-05-22 22:01:08 [INFO]: *** Expert Rule ***: Normal -> 
 Normal(entity) == Not(Stop(entity))
2026-05-22 22:01:08 [INFO]: Rules created successfully
2026-05-22 22:01:08 [INFO]: Rules will be grounded later...
2026-05-22 22:01:08 [INFO]: Given Predicates {'IsPedestrian': {'instance': IsPed, 'arity': 1, 'method': 'IsPed(Entity)', 'function': 'logicity.utils.pred_converter.z3.IsPed'}, 'IsCar': {'instance': IsCar, 'arity': 1, 'method': 'IsCar(Entity)', 'function': 'logicity.utils.pred_converter.z3.IsCar'}, 'IsAmbulance': {'instance': IsAmb, 'arity': 1, 'method': 'IsAmb(Entity)', 'function': 'logicity.utils.pred_converter.z3.IsAmb'}, 'IsOld': {'instance': IsOld, 'arity': 1, 'method': 'IsOld(Entity)', 'function': 'logicity.utils.pred_converter.z3.IsOld'}, 'IsTiro': {'instance': IsTiro, 'arity': 1, 'method': 'IsTiro(Entity)', 'function': 'logicity.utils.pred_converter.z3.IsTiro'}, 'IsAtInter': {'instance': IsAtInter, 'arity': 1, 'method': 'IsAtInter(Entity)', 'function': 'logicity.utils.pred_converter.z3.IsAtInter'}, 'IsInInter': {'instance': IsInInter, 'arity': 1, 'method': 'IsInInter(Entity)', 'function': 'logicity.utils.pred_converter.z3.IsInInter'}, 'HigherPri': {'instance': HigherPri, 'arity': 2, 'method': 'HigherPri(Entity, Entity)', 'function': 'logicity.utils.pred_converter.z3.HigherPri'}, 'CollidingClose': {'instance': CollidingClose, 'arity': 2, 'method': 'CollidingClose(Entity, Entity)', 'function': 'logicity.utils.pred_converter.z3.CollidingClose'}, 'Stop': {'instance': Stop, 'arity': 1, 'method': 'Stop(Entity)', 'function': 'None'}, 'Fast': {'instance': Fast, 'arity': 1, 'method': 'Fast(Entity)', 'function': 'None'}, 'Normal': {'instance': Normal, 'arity': 1, 'method': 'Normal(Entity)', 'function': 'None'}, 'Slow': {'instance': Slow, 'arity': 1, 'method': 'Slow(Entity)', 'function': 'None'}}, the FOV entities {'Entity': 3}, The logic grounding shape is: 39
2026-05-22 22:01:08 [INFO]: Local planner constructed!
2026-05-22 22:01:08 [INFO]: Constructing 22 streets
2026-05-22 22:01:09 [INFO]: Constructing 16 buildings
2026-05-22 22:01:09 [INFO]: Adding 4 agents, they are constrained in 103 region
2026-05-22 22:01:10 [INFO]: Car_1 initialization done!
2026-05-22 22:01:10 [INFO]: Pedestrian_1 initialization done!
2026-05-22 22:01:10 [INFO]: Car_2 initialization done!
2026-05-22 22:01:11 [INFO]: Car_3 initialization done!
2026-05-22 22:01:11 [INFO]: Done!
2026-05-22 22:01:11 [INFO]: ***Init RL Agent in Env***
2026-05-22 22:01:20 [INFO]: will reset agent by success
2026-05-22 22:01:20 [INFO]: ***Reset RL Agent in Env***
2026-05-22 22:01:21 [INFO]: Car_1 initialization done!
2026-05-22 22:01:21 [INFO]: Pedestrian_1 initialization done!
2026-05-22 22:01:21 [INFO]: Car_2 initialization done!
2026-05-22 22:01:22 [INFO]: Car_3 initialization done!
2026-05-22 22:01:22 [INFO]: Agent reset priority to 2/4
2026-05-22 22:01:22 [INFO]: Agent reset concepts to {'type': 'Car', 'priority': 2}
2026-05-22 22:01:22 [INFO]: Episode 39 success.
2026-05-22 22:01:22 [INFO]: Episode 39 achieved a score of 4.570000000000002
2026-05-22 22:01:22 [INFO]: Episode 39 Success: 1
2026-05-22 22:01:22 [INFO]: Episode 39 Decision Step: {3: 1}
2026-05-22 22:01:22 [INFO]: Episode 39 Success Decision: {3: 1}
2026-05-22 22:01:22 [INFO]: Timestep: 10000 - Elapsed Time (s): 3591.85 - Success Rate: 0.95 - Mean Reward: 4.787250000000003 

2026-05-22 22:01:22 [INFO]: Failure Rate: 0.0 - Timeout Rate: 0.05 - Mean Episode Length: 54.775
2026-05-22 22:01:22 [INFO]: Mean Decision Succ: 1.0
2026-05-22 22:01:22 [INFO]: Average Decision Succ: 1.0
2026-05-22 22:01:22 [INFO]: Decision Succ for each action: {3: 1.0}
2026-05-22 22:01:22 [INFO]: Action Histogram: {0: 0, 1: 0, 2: 1389, 3: 802}
2026-05-22 22:01:22 [INFO]: Failure Rule Counts: {}
2026-05-22 22:01:22 [INFO]: Training Rollout Since Last Eval: failures=0 timeouts=11 successes=50
2026-05-22 22:01:22 [INFO]: PLPG Metrics: base_safe=0.717327462013646 shielded_safe=0.9999999953752672 gain=0.28267253336162124 intervention_rate=0.5326335006846189 kl=4.700474702836154 l1=0.5653451142763776 hazard_rate=0.36604290278411683 forced_stop_rate=1.0
