2026-05-23 15:34:52 [INFO]: Running in RL mode.
2026-05-23 15:34:52 [INFO]: Loading RL config from config/tasks/Nav/easy/algo/generated/plpg_ppo_eval_soft030.yaml.
2026-05-23 15:34:52 [INFO]: Simulation config: {'map_yaml_file': 'config/maps/square_2x2.yaml', 'agent_yaml_file': 'config/agents/easy_lite/train.yaml', 'ontology_yaml_file': 'config/rules/ontology_easy.yaml', 'rule_type': 'Z3_Expert', 'rule_yaml_file': 'config/rules/Nav/easy/expert.yaml', 'rl': True, 'debug': False, 'use_multi': False, 'agent_region': 103, 'rl_agent': {'max_priority': 4, 'use_expert': False, 'agent_name': 'Car_1', 'max_horizon': 120, 'reward_scheme': 'safe_path_following', 'goal_reward': 1.0, 'progress_reward_scale': 0.05, 'time_penalty': -0.01, 'action_space': 4, 'action_mapping': {0: [1, 1, 1, 1, 0, 0, 0, 0, 0, 0, 0, 0, 0], 1: [0, 0, 0, 0, 1, 1, 1, 1, 0, 0, 0, 0, 0], 2: [0, 0, 0, 0, 0, 0, 0, 0, 1, 1, 1, 1, 0], 3: [0, 0, 0, 0, 0, 0, 0, 0, 0, 0, 0, 0, 1]}, 'fov_entities': {'Entity': 3}, 'action_cost': {0: 0, 1: 0, 2: 0, 3: 0}, 'reset_dist': {'concepts': ['normal'], 'prob': [1.0]}, 'reset_prefilter': {'intersection_selector': 'center', 'require_ego_intersection': True, 'require_all_agents_intersection': False, 'min_other_intersection_agents': 1}, 'overtime_cost': -0.5}}
2026-05-23 15:34:52 [INFO]: RL config: {'algorithm': 'PLPGPPO', 'policy_network': 'MlpPolicy', 'policy_kwargs': {'features_extractor_module': 'logicity.rl_agent.policy.neural', 'features_extractor_class': 'MLPFeatureExtractor', 'features_extractor_kwargs': {'features_dim': 64}}, 'hyperparameters': {'learning_rate': 3e-05, 'clip_range': 0.2, 'vf_coef': 0.5, 'batch_size': 256, 'n_steps': 128, 'n_epochs': 4, 'ent_coef': 0.01, 'verbose': 1, 'tensorboard_log': './tb_logs', 'plpg_kwargs': {'template': 'easy', 'alpha': 0.1, 'rule_yaml_file': 'config/rules/Nav/easy/expert.yaml', 'safety_loss_source': 'shielded', 'sensor_noise': {'mode': 'soft_symmetric', 'epsilon': 0.3}}}, 'train': True, 'checkpoint_path': '', 'num_envs': 2, 'total_timesteps': 25000}
2026-05-23 15:34:52 [INFO]: Running in RL mode with 2 parallel environments.
2026-05-23 15:35:24 [DEBUG]: Grounding query 'safe'
2026-05-23 15:35:24 [DEBUG]: Ground program size: 22
2026-05-23 15:35:24 [DEBUG]: Grounding query 'act(slow)'
2026-05-23 15:35:24 [DEBUG]: Ground program size: 22
2026-05-23 15:35:24 [DEBUG]: Grounding query 'act(normal)'
2026-05-23 15:35:24 [DEBUG]: Ground program size: 22
2026-05-23 15:35:24 [DEBUG]: Grounding query 'act(fast)'
2026-05-23 15:35:24 [DEBUG]: Ground program size: 22
2026-05-23 15:35:24 [DEBUG]: Grounding query 'act(stop)'
2026-05-23 15:35:24 [DEBUG]: Ground program size: 22
2026-05-23 15:35:24 [INFO]: Grounding: 0.0180s
2026-05-23 15:35:24 [DEBUG]: Ground program size: 22
2026-05-23 15:35:24 [INFO]: Cycle breaking: 0.0020s
2026-05-23 15:35:24 [INFO]: Clark's completion: 0.0010s
2026-05-23 15:35:24 [INFO]: DSharp compilation: 0.6328s
2026-05-23 16:01:47 [INFO]: Evaluating episode 0...
2026-05-23 16:01:47 [INFO]: Episode label: {'oracle_step': 21, 'stop_count': 0, 'has_stop': False, 'ego_crosses': True, 'ego_eta': 5, 'ego_direction': 'down', 'other_crosses': 3, 'close_other_count': 0, 'pedestrian_close': None, 'conflicting_approach': False, 'total_crosses': 4}
2026-05-23 16:01:47 [INFO]: Get map info from config/maps/square_2x2.yaml
2026-05-23 16:01:47 [INFO]: Get agent info from config/agents/easy_lite/val.yaml
2026-05-23 16:01:47 [INFO]: Get onology and rules info from config/rules/ontology_easy.yaml, config/rules/Nav/easy/expert.yaml
2026-05-23 16:01:47 [INFO]: Number of Entity Types: 1
Entity Types:
- Entity
2026-05-23 16:01:47 [INFO]: Number of Predicates: 13
Predicates:
- IsPedestrian: {'instance': "Function('IsPed', entity_sorts['Entity'], BoolSort())", 'arity': 1, 'method': 'IsPed(Entity)', 'function': 'logicity.utils.pred_converter.z3.IsPed'}
- IsCar: {'instance': "Function('IsCar', entity_sorts['Entity'], BoolSort())", 'arity': 1, 'method': 'IsCar(Entity)', 'function': 'logicity.utils.pred_converter.z3.IsCar'}
- IsAmbulance: {'instance': "Function('IsAmb', entity_sorts['Entity'], BoolSort())", 'arity': 1, 'method': 'IsAmb(Entity)', 'function': 'logicity.utils.pred_converter.z3.IsAmb'}
- IsOld: {'instance': "Function('IsOld', entity_sorts['Entity'], BoolSort())", 'arity': 1, 'method': 'IsOld(Entity)', 'function': 'logicity.utils.pred_converter.z3.IsOld'}
- IsTiro: {'instance': "Function('IsTiro', entity_sorts['Entity'], BoolSort())", 'arity': 1, 'method': 'IsTiro(Entity)', 'function': 'logicity.utils.pred_converter.z3.IsTiro'}
- IsAtInter: {'instance': "Function('IsAtInter', entity_sorts['Entity'], BoolSort())", 'arity': 1, 'method': 'IsAtInter(Entity)', 'function': 'logicity.utils.pred_converter.z3.IsAtInter'}
- IsInInter: {'instance': "Function('IsInInter', entity_sorts['Entity'], BoolSort())", 'arity': 1, 'method': 'IsInInter(Entity)', 'function': 'logicity.utils.pred_converter.z3.IsInInter'}
- HigherPri: {'instance': "Function('HigherPri', entity_sorts['Entity'], entity_sorts['Entity'], BoolSort())", 'arity': 2, 'method': 'HigherPri(Entity, Entity)', 'function': 'logicity.utils.pred_converter.z3.HigherPri'}
- CollidingClose: {'instance': "Function('CollidingClose', entity_sorts['Entity'], entity_sorts['Entity'], BoolSort())", 'arity': 2, 'method': 'CollidingClose(Entity, Entity)', 'function': 'logicity.utils.pred_converter.z3.CollidingClose'}
- Stop: {'instance': "Function('Stop', entity_sorts['Entity'], BoolSort())", 'arity': 1, 'method': 'Stop(Entity)', 'function': 'None'}
- Fast: {'instance': "Function('Fast', entity_sorts['Entity'], BoolSort())", 'arity': 1, 'method': 'Fast(Entity)', 'function': 'None'}
- Normal: {'instance': "Function('Normal', entity_sorts['Entity'], BoolSort())", 'arity': 1, 'method': 'Normal(Entity)', 'function': 'None'}
- Slow: {'instance': "Function('Slow', entity_sorts['Entity'], BoolSort())", 'arity': 1, 'method': 'Slow(Entity)', 'function': 'None'}
2026-05-23 16:01:47 [INFO]: *** Sim Rule ***: Stop -> 
 Stop(entity) == Exists(
  [dummyEntity], 
  Or(
    And(
      IsAtInter(entity), 
      IsInInter(dummyEntity), 
    ),
    And(
      IsAtInter(entity), 
      IsAtInter(dummyEntity), 
      HigherPri(dummyEntity, entity),
    ),
    CollidingClose(entity, dummyEntity)
  )
)

2026-05-23 16:01:47 [INFO]: *** Task Rule ***: Collision and Intersection -> 
 Implies(Exists(
  [dummyEntity], 
    Or(
      And(
        IsAtInter(entity), 
        IsInInter(dummyEntity), 
      ),
      And(
        IsAtInter(entity), 
        IsAtInter(dummyEntity), 
        HigherPri(dummyEntity, entity),
      ),
      CollidingClose(entity, dummyEntity)
    )
  ),
  Stop(entity)
)

2026-05-23 16:01:47 [INFO]: *** Expert Rule ***: Stop -> 
 Stop(entity) == Exists(
[dummyEntity], 
  Or(
    And(
      IsAtInter(entity), 
      IsInInter(dummyEntity), 
    ),
    And(
      IsAtInter(entity), 
      IsAtInter(dummyEntity), 
      HigherPri(dummyEntity, entity),
    ),
    CollidingClose(entity, dummyEntity)
  )
)

2026-05-23 16:01:47 [INFO]: *** Expert Rule ***: Slow -> 
 Not(Slow(entity))

2026-05-23 16:01:47 [INFO]: *** Expert Rule ***: Fast -> 
 Not(Fast(entity))

2026-05-23 16:01:47 [INFO]: *** Expert Rule ***: Normal -> 
 Normal(entity) == Not(Stop(entity))
2026-05-23 16:01:47 [INFO]: Rules created successfully
2026-05-23 16:01:47 [INFO]: Rules will be grounded later...
2026-05-23 16:01:47 [INFO]: Given Predicates {'IsPedestrian': {'instance': IsPed, 'arity': 1, 'method': 'IsPed(Entity)', 'function': 'logicity.utils.pred_converter.z3.IsPed'}, 'IsCar': {'instance': IsCar, 'arity': 1, 'method': 'IsCar(Entity)', 'function': 'logicity.utils.pred_converter.z3.IsCar'}, 'IsAmbulance': {'instance': IsAmb, 'arity': 1, 'method': 'IsAmb(Entity)', 'function': 'logicity.utils.pred_converter.z3.IsAmb'}, 'IsOld': {'instance': IsOld, 'arity': 1, 'method': 'IsOld(Entity)', 'function': 'logicity.utils.pred_converter.z3.IsOld'}, 'IsTiro': {'instance': IsTiro, 'arity': 1, 'method': 'IsTiro(Entity)', 'function': 'logicity.utils.pred_converter.z3.IsTiro'}, 'IsAtInter': {'instance': IsAtInter, 'arity': 1, 'method': 'IsAtInter(Entity)', 'function': 'logicity.utils.pred_converter.z3.IsAtInter'}, 'IsInInter': {'instance': IsInInter, 'arity': 1, 'method': 'IsInInter(Entity)', 'function': 'logicity.utils.pred_converter.z3.IsInInter'}, 'HigherPri': {'instance': HigherPri, 'arity': 2, 'method': 'HigherPri(Entity, Entity)', 'function': 'logicity.utils.pred_converter.z3.HigherPri'}, 'CollidingClose': {'instance': CollidingClose, 'arity': 2, 'method': 'CollidingClose(Entity, Entity)', 'function': 'logicity.utils.pred_converter.z3.CollidingClose'}, 'Stop': {'instance': Stop, 'arity': 1, 'method': 'Stop(Entity)', 'function': 'None'}, 'Fast': {'instance': Fast, 'arity': 1, 'method': 'Fast(Entity)', 'function': 'None'}, 'Normal': {'instance': Normal, 'arity': 1, 'method': 'Normal(Entity)', 'function': 'None'}, 'Slow': {'instance': Slow, 'arity': 1, 'method': 'Slow(Entity)', 'function': 'None'}}, the FOV entities {'Entity': 3}, The logic grounding shape is: 39
2026-05-23 16:01:47 [INFO]: Local planner constructed!
2026-05-23 16:01:47 [INFO]: Constructing 22 streets
2026-05-23 16:01:47 [INFO]: Constructing 16 buildings
2026-05-23 16:01:48 [INFO]: Adding 4 agents, they are constrained in 103 region
2026-05-23 16:01:48 [INFO]: Car_1 initialization done!
2026-05-23 16:01:48 [INFO]: Pedestrian_1 initialization done!
2026-05-23 16:01:49 [INFO]: Car_2 initialization done!
2026-05-23 16:01:49 [INFO]: Car_3 initialization done!
2026-05-23 16:01:49 [INFO]: Done!
2026-05-23 16:01:49 [INFO]: ***Init RL Agent in Env***
2026-05-23 16:01:57 [INFO]: Episode 0 failed.
2026-05-23 16:01:57 [INFO]: Episode 0 achieved a score of -3.4200000000000004
2026-05-23 16:01:57 [INFO]: Episode 0 Success: 0
2026-05-23 16:01:57 [INFO]: Episode 0 Decision Step: {3: 0}
2026-05-23 16:01:57 [INFO]: Episode 0 Success Decision: {3: 0}
2026-05-23 16:01:57 [INFO]: Evaluating episode 1...
2026-05-23 16:01:57 [INFO]: Episode label: {'oracle_step': 70, 'stop_count': 0, 'has_stop': False, 'ego_crosses': True, 'ego_eta': 62, 'ego_direction': 'up', 'other_crosses': 3, 'close_other_count': 0, 'pedestrian_close': None, 'conflicting_approach': False, 'total_crosses': 4}
2026-05-23 16:01:57 [INFO]: Get map info from config/maps/square_2x2.yaml
2026-05-23 16:01:57 [INFO]: Get agent info from config/agents/easy_lite/val.yaml
2026-05-23 16:01:57 [INFO]: Get onology and rules info from config/rules/ontology_easy.yaml, config/rules/Nav/easy/expert.yaml
2026-05-23 16:01:57 [INFO]: Number of Entity Types: 1
Entity Types:
- Entity
2026-05-23 16:01:57 [INFO]: Number of Predicates: 13
Predicates:
- IsPedestrian: {'instance': "Function('IsPed', entity_sorts['Entity'], BoolSort())", 'arity': 1, 'method': 'IsPed(Entity)', 'function': 'logicity.utils.pred_converter.z3.IsPed'}
- IsCar: {'instance': "Function('IsCar', entity_sorts['Entity'], BoolSort())", 'arity': 1, 'method': 'IsCar(Entity)', 'function': 'logicity.utils.pred_converter.z3.IsCar'}
- IsAmbulance: {'instance': "Function('IsAmb', entity_sorts['Entity'], BoolSort())", 'arity': 1, 'method': 'IsAmb(Entity)', 'function': 'logicity.utils.pred_converter.z3.IsAmb'}
- IsOld: {'instance': "Function('IsOld', entity_sorts['Entity'], BoolSort())", 'arity': 1, 'method': 'IsOld(Entity)', 'function': 'logicity.utils.pred_converter.z3.IsOld'}
- IsTiro: {'instance': "Function('IsTiro', entity_sorts['Entity'], BoolSort())", 'arity': 1, 'method': 'IsTiro(Entity)', 'function': 'logicity.utils.pred_converter.z3.IsTiro'}
- IsAtInter: {'instance': "Function('IsAtInter', entity_sorts['Entity'], BoolSort())", 'arity': 1, 'method': 'IsAtInter(Entity)', 'function': 'logicity.utils.pred_converter.z3.IsAtInter'}
- IsInInter: {'instance': "Function('IsInInter', entity_sorts['Entity'], BoolSort())", 'arity': 1, 'method': 'IsInInter(Entity)', 'function': 'logicity.utils.pred_converter.z3.IsInInter'}
- HigherPri: {'instance': "Function('HigherPri', entity_sorts['Entity'], entity_sorts['Entity'], BoolSort())", 'arity': 2, 'method': 'HigherPri(Entity, Entity)', 'function': 'logicity.utils.pred_converter.z3.HigherPri'}
- CollidingClose: {'instance': "Function('CollidingClose', entity_sorts['Entity'], entity_sorts['Entity'], BoolSort())", 'arity': 2, 'method': 'CollidingClose(Entity, Entity)', 'function': 'logicity.utils.pred_converter.z3.CollidingClose'}
- Stop: {'instance': "Function('Stop', entity_sorts['Entity'], BoolSort())", 'arity': 1, 'method': 'Stop(Entity)', 'function': 'None'}
- Fast: {'instance': "Function('Fast', entity_sorts['Entity'], BoolSort())", 'arity': 1, 'method': 'Fast(Entity)', 'function': 'None'}
- Normal: {'instance': "Function('Normal', entity_sorts['Entity'], BoolSort())", 'arity': 1, 'method': 'Normal(Entity)', 'function': 'None'}
- Slow: {'instance': "Function('Slow', entity_sorts['Entity'], BoolSort())", 'arity': 1, 'method': 'Slow(Entity)', 'function': 'None'}
2026-05-23 16:01:57 [INFO]: *** Sim Rule ***: Stop -> 
 Stop(entity) == Exists(
  [dummyEntity], 
  Or(
    And(
      IsAtInter(entity), 
      IsInInter(dummyEntity), 
    ),
    And(
      IsAtInter(entity), 
      IsAtInter(dummyEntity), 
      HigherPri(dummyEntity, entity),
    ),
    CollidingClose(entity, dummyEntity)
  )
)

2026-05-23 16:01:57 [INFO]: *** Task Rule ***: Collision and Intersection -> 
 Implies(Exists(
  [dummyEntity], 
    Or(
      And(
        IsAtInter(entity), 
        IsInInter(dummyEntity), 
      ),
      And(
        IsAtInter(entity), 
        IsAtInter(dummyEntity), 
        HigherPri(dummyEntity, entity),
      ),
      CollidingClose(entity, dummyEntity)
    )
  ),
  Stop(entity)
)

2026-05-23 16:01:57 [INFO]: *** Expert Rule ***: Stop -> 
 Stop(entity) == Exists(
[dummyEntity], 
  Or(
    And(
      IsAtInter(entity), 
      IsInInter(dummyEntity), 
    ),
    And(
      IsAtInter(entity), 
      IsAtInter(dummyEntity), 
      HigherPri(dummyEntity, entity),
    ),
    CollidingClose(entity, dummyEntity)
  )
)

2026-05-23 16:01:57 [INFO]: *** Expert Rule ***: Slow -> 
 Not(Slow(entity))

2026-05-23 16:01:57 [INFO]: *** Expert Rule ***: Fast -> 
 Not(Fast(entity))

2026-05-23 16:01:57 [INFO]: *** Expert Rule ***: Normal -> 
 Normal(entity) == Not(Stop(entity))
2026-05-23 16:01:57 [INFO]: Rules created successfully
2026-05-23 16:01:57 [INFO]: Rules will be grounded later...
2026-05-23 16:01:57 [INFO]: Given Predicates {'IsPedestrian': {'instance': IsPed, 'arity': 1, 'method': 'IsPed(Entity)', 'function': 'logicity.utils.pred_converter.z3.IsPed'}, 'IsCar': {'instance': IsCar, 'arity': 1, 'method': 'IsCar(Entity)', 'function': 'logicity.utils.pred_converter.z3.IsCar'}, 'IsAmbulance': {'instance': IsAmb, 'arity': 1, 'method': 'IsAmb(Entity)', 'function': 'logicity.utils.pred_converter.z3.IsAmb'}, 'IsOld': {'instance': IsOld, 'arity': 1, 'method': 'IsOld(Entity)', 'function': 'logicity.utils.pred_converter.z3.IsOld'}, 'IsTiro': {'instance': IsTiro, 'arity': 1, 'method': 'IsTiro(Entity)', 'function': 'logicity.utils.pred_converter.z3.IsTiro'}, 'IsAtInter': {'instance': IsAtInter, 'arity': 1, 'method': 'IsAtInter(Entity)', 'function': 'logicity.utils.pred_converter.z3.IsAtInter'}, 'IsInInter': {'instance': IsInInter, 'arity': 1, 'method': 'IsInInter(Entity)', 'function': 'logicity.utils.pred_converter.z3.IsInInter'}, 'HigherPri': {'instance': HigherPri, 'arity': 2, 'method': 'HigherPri(Entity, Entity)', 'function': 'logicity.utils.pred_converter.z3.HigherPri'}, 'CollidingClose': {'instance': CollidingClose, 'arity': 2, 'method': 'CollidingClose(Entity, Entity)', 'function': 'logicity.utils.pred_converter.z3.CollidingClose'}, 'Stop': {'instance': Stop, 'arity': 1, 'method': 'Stop(Entity)', 'function': 'None'}, 'Fast': {'instance': Fast, 'arity': 1, 'method': 'Fast(Entity)', 'function': 'None'}, 'Normal': {'instance': Normal, 'arity': 1, 'method': 'Normal(Entity)', 'function': 'None'}, 'Slow': {'instance': Slow, 'arity': 1, 'method': 'Slow(Entity)', 'function': 'None'}}, the FOV entities {'Entity': 3}, The logic grounding shape is: 39
2026-05-23 16:01:57 [INFO]: Local planner constructed!
2026-05-23 16:01:57 [INFO]: Constructing 22 streets
2026-05-23 16:01:58 [INFO]: Constructing 16 buildings
2026-05-23 16:01:58 [INFO]: Adding 4 agents, they are constrained in 103 region
2026-05-23 16:01:58 [INFO]: Car_1 initialization done!
2026-05-23 16:01:58 [INFO]: Pedestrian_1 initialization done!
2026-05-23 16:01:59 [INFO]: Car_2 initialization done!
2026-05-23 16:01:59 [INFO]: Car_3 initialization done!
2026-05-23 16:01:59 [INFO]: Done!
2026-05-23 16:01:59 [INFO]: ***Init RL Agent in Env***
2026-05-23 16:02:22 [INFO]: Episode 1 failed.
2026-05-23 16:02:22 [INFO]: Episode 1 achieved a score of -4.400000000000001
2026-05-23 16:02:22 [INFO]: Episode 1 Success: 0
2026-05-23 16:02:22 [INFO]: Episode 1 Decision Step: {3: 0}
2026-05-23 16:02:22 [INFO]: Episode 1 Success Decision: {3: 0}
2026-05-23 16:02:22 [INFO]: Evaluating episode 2...
2026-05-23 16:02:22 [INFO]: Episode label: {'oracle_step': 137, 'stop_count': 52, 'has_stop': True, 'ego_crosses': True, 'ego_eta': 91, 'ego_direction': 'up', 'other_crosses': 3, 'close_other_count': 0, 'pedestrian_close': None, 'conflicting_approach': False, 'total_crosses': 4}
2026-05-23 16:02:22 [INFO]: Get map info from config/maps/square_2x2.yaml
2026-05-23 16:02:22 [INFO]: Get agent info from config/agents/easy_lite/val.yaml
2026-05-23 16:02:22 [INFO]: Get onology and rules info from config/rules/ontology_easy.yaml, config/rules/Nav/easy/expert.yaml
2026-05-23 16:02:22 [INFO]: Number of Entity Types: 1
Entity Types:
- Entity
2026-05-23 16:02:22 [INFO]: Number of Predicates: 13
Predicates:
- IsPedestrian: {'instance': "Function('IsPed', entity_sorts['Entity'], BoolSort())", 'arity': 1, 'method': 'IsPed(Entity)', 'function': 'logicity.utils.pred_converter.z3.IsPed'}
- IsCar: {'instance': "Function('IsCar', entity_sorts['Entity'], BoolSort())", 'arity': 1, 'method': 'IsCar(Entity)', 'function': 'logicity.utils.pred_converter.z3.IsCar'}
- IsAmbulance: {'instance': "Function('IsAmb', entity_sorts['Entity'], BoolSort())", 'arity': 1, 'method': 'IsAmb(Entity)', 'function': 'logicity.utils.pred_converter.z3.IsAmb'}
- IsOld: {'instance': "Function('IsOld', entity_sorts['Entity'], BoolSort())", 'arity': 1, 'method': 'IsOld(Entity)', 'function': 'logicity.utils.pred_converter.z3.IsOld'}
- IsTiro: {'instance': "Function('IsTiro', entity_sorts['Entity'], BoolSort())", 'arity': 1, 'method': 'IsTiro(Entity)', 'function': 'logicity.utils.pred_converter.z3.IsTiro'}
- IsAtInter: {'instance': "Function('IsAtInter', entity_sorts['Entity'], BoolSort())", 'arity': 1, 'method': 'IsAtInter(Entity)', 'function': 'logicity.utils.pred_converter.z3.IsAtInter'}
- IsInInter: {'instance': "Function('IsInInter', entity_sorts['Entity'], BoolSort())", 'arity': 1, 'method': 'IsInInter(Entity)', 'function': 'logicity.utils.pred_converter.z3.IsInInter'}
- HigherPri: {'instance': "Function('HigherPri', entity_sorts['Entity'], entity_sorts['Entity'], BoolSort())", 'arity': 2, 'method': 'HigherPri(Entity, Entity)', 'function': 'logicity.utils.pred_converter.z3.HigherPri'}
- CollidingClose: {'instance': "Function('CollidingClose', entity_sorts['Entity'], entity_sorts['Entity'], BoolSort())", 'arity': 2, 'method': 'CollidingClose(Entity, Entity)', 'function': 'logicity.utils.pred_converter.z3.CollidingClose'}
- Stop: {'instance': "Function('Stop', entity_sorts['Entity'], BoolSort())", 'arity': 1, 'method': 'Stop(Entity)', 'function': 'None'}
- Fast: {'instance': "Function('Fast', entity_sorts['Entity'], BoolSort())", 'arity': 1, 'method': 'Fast(Entity)', 'function': 'None'}
- Normal: {'instance': "Function('Normal', entity_sorts['Entity'], BoolSort())", 'arity': 1, 'method': 'Normal(Entity)', 'function': 'None'}
- Slow: {'instance': "Function('Slow', entity_sorts['Entity'], BoolSort())", 'arity': 1, 'method': 'Slow(Entity)', 'function': 'None'}
2026-05-23 16:02:22 [INFO]: *** Sim Rule ***: Stop -> 
 Stop(entity) == Exists(
  [dummyEntity], 
  Or(
    And(
      IsAtInter(entity), 
      IsInInter(dummyEntity), 
    ),
    And(
      IsAtInter(entity), 
      IsAtInter(dummyEntity), 
      HigherPri(dummyEntity, entity),
    ),
    CollidingClose(entity, dummyEntity)
  )
)

2026-05-23 16:02:22 [INFO]: *** Task Rule ***: Collision and Intersection -> 
 Implies(Exists(
  [dummyEntity], 
    Or(
      And(
        IsAtInter(entity), 
        IsInInter(dummyEntity), 
      ),
      And(
        IsAtInter(entity), 
        IsAtInter(dummyEntity), 
        HigherPri(dummyEntity, entity),
      ),
      CollidingClose(entity, dummyEntity)
    )
  ),
  Stop(entity)
)

2026-05-23 16:02:22 [INFO]: *** Expert Rule ***: Stop -> 
 Stop(entity) == Exists(
[dummyEntity], 
  Or(
    And(
      IsAtInter(entity), 
      IsInInter(dummyEntity), 
    ),
    And(
      IsAtInter(entity), 
      IsAtInter(dummyEntity), 
      HigherPri(dummyEntity, entity),
    ),
    CollidingClose(entity, dummyEntity)
  )
)

2026-05-23 16:02:22 [INFO]: *** Expert Rule ***: Slow -> 
 Not(Slow(entity))

2026-05-23 16:02:22 [INFO]: *** Expert Rule ***: Fast -> 
 Not(Fast(entity))

2026-05-23 16:02:22 [INFO]: *** Expert Rule ***: Normal -> 
 Normal(entity) == Not(Stop(entity))
2026-05-23 16:02:22 [INFO]: Rules created successfully
2026-05-23 16:02:22 [INFO]: Rules will be grounded later...
2026-05-23 16:02:22 [INFO]: Given Predicates {'IsPedestrian': {'instance': IsPed, 'arity': 1, 'method': 'IsPed(Entity)', 'function': 'logicity.utils.pred_converter.z3.IsPed'}, 'IsCar': {'instance': IsCar, 'arity': 1, 'method': 'IsCar(Entity)', 'function': 'logicity.utils.pred_converter.z3.IsCar'}, 'IsAmbulance': {'instance': IsAmb, 'arity': 1, 'method': 'IsAmb(Entity)', 'function': 'logicity.utils.pred_converter.z3.IsAmb'}, 'IsOld': {'instance': IsOld, 'arity': 1, 'method': 'IsOld(Entity)', 'function': 'logicity.utils.pred_converter.z3.IsOld'}, 'IsTiro': {'instance': IsTiro, 'arity': 1, 'method': 'IsTiro(Entity)', 'function': 'logicity.utils.pred_converter.z3.IsTiro'}, 'IsAtInter': {'instance': IsAtInter, 'arity': 1, 'method': 'IsAtInter(Entity)', 'function': 'logicity.utils.pred_converter.z3.IsAtInter'}, 'IsInInter': {'instance': IsInInter, 'arity': 1, 'method': 'IsInInter(Entity)', 'function': 'logicity.utils.pred_converter.z3.IsInInter'}, 'HigherPri': {'instance': HigherPri, 'arity': 2, 'method': 'HigherPri(Entity, Entity)', 'function': 'logicity.utils.pred_converter.z3.HigherPri'}, 'CollidingClose': {'instance': CollidingClose, 'arity': 2, 'method': 'CollidingClose(Entity, Entity)', 'function': 'logicity.utils.pred_converter.z3.CollidingClose'}, 'Stop': {'instance': Stop, 'arity': 1, 'method': 'Stop(Entity)', 'function': 'None'}, 'Fast': {'instance': Fast, 'arity': 1, 'method': 'Fast(Entity)', 'function': 'None'}, 'Normal': {'instance': Normal, 'arity': 1, 'method': 'Normal(Entity)', 'function': 'None'}, 'Slow': {'instance': Slow, 'arity': 1, 'method': 'Slow(Entity)', 'function': 'None'}}, the FOV entities {'Entity': 3}, The logic grounding shape is: 39
2026-05-23 16:02:22 [INFO]: Local planner constructed!
2026-05-23 16:02:22 [INFO]: Constructing 22 streets
2026-05-23 16:02:23 [INFO]: Constructing 16 buildings
2026-05-23 16:02:23 [INFO]: Adding 4 agents, they are constrained in 103 region
2026-05-23 16:02:24 [INFO]: Car_1 initialization done!
2026-05-23 16:02:24 [INFO]: Pedestrian_1 initialization done!
2026-05-23 16:02:24 [INFO]: Car_2 initialization done!
2026-05-23 16:02:25 [INFO]: Car_3 initialization done!
2026-05-23 16:02:25 [INFO]: Done!
2026-05-23 16:02:25 [INFO]: ***Init RL Agent in Env***
2026-05-23 16:03:10 [INFO]: Episode 2 failed.
2026-05-23 16:03:10 [INFO]: Episode 2 achieved a score of -5.739999999999986
2026-05-23 16:03:10 [INFO]: Episode 2 Success: 0
2026-05-23 16:03:10 [INFO]: Episode 2 Decision Step: {3: 0}
2026-05-23 16:03:10 [INFO]: Episode 2 Success Decision: {3: 0}
2026-05-23 16:03:10 [INFO]: Evaluating episode 3...
2026-05-23 16:03:10 [INFO]: Episode label: {'oracle_step': 57, 'stop_count': 7, 'has_stop': True, 'ego_crosses': True, 'ego_eta': 13, 'ego_direction': 'up', 'other_crosses': 3, 'close_other_count': 0, 'pedestrian_close': None, 'conflicting_approach': False, 'total_crosses': 4}
2026-05-23 16:03:10 [INFO]: Get map info from config/maps/square_2x2.yaml
2026-05-23 16:03:10 [INFO]: Get agent info from config/agents/easy_lite/val.yaml
2026-05-23 16:03:10 [INFO]: Get onology and rules info from config/rules/ontology_easy.yaml, config/rules/Nav/easy/expert.yaml
2026-05-23 16:03:10 [INFO]: Number of Entity Types: 1
Entity Types:
- Entity
2026-05-23 16:03:10 [INFO]: Number of Predicates: 13
Predicates:
- IsPedestrian: {'instance': "Function('IsPed', entity_sorts['Entity'], BoolSort())", 'arity': 1, 'method': 'IsPed(Entity)', 'function': 'logicity.utils.pred_converter.z3.IsPed'}
- IsCar: {'instance': "Function('IsCar', entity_sorts['Entity'], BoolSort())", 'arity': 1, 'method': 'IsCar(Entity)', 'function': 'logicity.utils.pred_converter.z3.IsCar'}
- IsAmbulance: {'instance': "Function('IsAmb', entity_sorts['Entity'], BoolSort())", 'arity': 1, 'method': 'IsAmb(Entity)', 'function': 'logicity.utils.pred_converter.z3.IsAmb'}
- IsOld: {'instance': "Function('IsOld', entity_sorts['Entity'], BoolSort())", 'arity': 1, 'method': 'IsOld(Entity)', 'function': 'logicity.utils.pred_converter.z3.IsOld'}
- IsTiro: {'instance': "Function('IsTiro', entity_sorts['Entity'], BoolSort())", 'arity': 1, 'method': 'IsTiro(Entity)', 'function': 'logicity.utils.pred_converter.z3.IsTiro'}
- IsAtInter: {'instance': "Function('IsAtInter', entity_sorts['Entity'], BoolSort())", 'arity': 1, 'method': 'IsAtInter(Entity)', 'function': 'logicity.utils.pred_converter.z3.IsAtInter'}
- IsInInter: {'instance': "Function('IsInInter', entity_sorts['Entity'], BoolSort())", 'arity': 1, 'method': 'IsInInter(Entity)', 'function': 'logicity.utils.pred_converter.z3.IsInInter'}
- HigherPri: {'instance': "Function('HigherPri', entity_sorts['Entity'], entity_sorts['Entity'], BoolSort())", 'arity': 2, 'method': 'HigherPri(Entity, Entity)', 'function': 'logicity.utils.pred_converter.z3.HigherPri'}
- CollidingClose: {'instance': "Function('CollidingClose', entity_sorts['Entity'], entity_sorts['Entity'], BoolSort())", 'arity': 2, 'method': 'CollidingClose(Entity, Entity)', 'function': 'logicity.utils.pred_converter.z3.CollidingClose'}
- Stop: {'instance': "Function('Stop', entity_sorts['Entity'], BoolSort())", 'arity': 1, 'method': 'Stop(Entity)', 'function': 'None'}
- Fast: {'instance': "Function('Fast', entity_sorts['Entity'], BoolSort())", 'arity': 1, 'method': 'Fast(Entity)', 'function': 'None'}
- Normal: {'instance': "Function('Normal', entity_sorts['Entity'], BoolSort())", 'arity': 1, 'method': 'Normal(Entity)', 'function': 'None'}
- Slow: {'instance': "Function('Slow', entity_sorts['Entity'], BoolSort())", 'arity': 1, 'method': 'Slow(Entity)', 'function': 'None'}
2026-05-23 16:03:10 [INFO]: *** Sim Rule ***: Stop -> 
 Stop(entity) == Exists(
  [dummyEntity], 
  Or(
    And(
      IsAtInter(entity), 
      IsInInter(dummyEntity), 
    ),
    And(
      IsAtInter(entity), 
      IsAtInter(dummyEntity), 
      HigherPri(dummyEntity, entity),
    ),
    CollidingClose(entity, dummyEntity)
  )
)

2026-05-23 16:03:10 [INFO]: *** Task Rule ***: Collision and Intersection -> 
 Implies(Exists(
  [dummyEntity], 
    Or(
      And(
        IsAtInter(entity), 
        IsInInter(dummyEntity), 
      ),
      And(
        IsAtInter(entity), 
        IsAtInter(dummyEntity), 
        HigherPri(dummyEntity, entity),
      ),
      CollidingClose(entity, dummyEntity)
    )
  ),
  Stop(entity)
)

2026-05-23 16:03:10 [INFO]: *** Expert Rule ***: Stop -> 
 Stop(entity) == Exists(
[dummyEntity], 
  Or(
    And(
      IsAtInter(entity), 
      IsInInter(dummyEntity), 
    ),
    And(
      IsAtInter(entity), 
      IsAtInter(dummyEntity), 
      HigherPri(dummyEntity, entity),
    ),
    CollidingClose(entity, dummyEntity)
  )
)

2026-05-23 16:03:10 [INFO]: *** Expert Rule ***: Slow -> 
 Not(Slow(entity))

2026-05-23 16:03:10 [INFO]: *** Expert Rule ***: Fast -> 
 Not(Fast(entity))

2026-05-23 16:03:10 [INFO]: *** Expert Rule ***: Normal -> 
 Normal(entity) == Not(Stop(entity))
2026-05-23 16:03:10 [INFO]: Rules created successfully
2026-05-23 16:03:10 [INFO]: Rules will be grounded later...
2026-05-23 16:03:10 [INFO]: Given Predicates {'IsPedestrian': {'instance': IsPed, 'arity': 1, 'method': 'IsPed(Entity)', 'function': 'logicity.utils.pred_converter.z3.IsPed'}, 'IsCar': {'instance': IsCar, 'arity': 1, 'method': 'IsCar(Entity)', 'function': 'logicity.utils.pred_converter.z3.IsCar'}, 'IsAmbulance': {'instance': IsAmb, 'arity': 1, 'method': 'IsAmb(Entity)', 'function': 'logicity.utils.pred_converter.z3.IsAmb'}, 'IsOld': {'instance': IsOld, 'arity': 1, 'method': 'IsOld(Entity)', 'function': 'logicity.utils.pred_converter.z3.IsOld'}, 'IsTiro': {'instance': IsTiro, 'arity': 1, 'method': 'IsTiro(Entity)', 'function': 'logicity.utils.pred_converter.z3.IsTiro'}, 'IsAtInter': {'instance': IsAtInter, 'arity': 1, 'method': 'IsAtInter(Entity)', 'function': 'logicity.utils.pred_converter.z3.IsAtInter'}, 'IsInInter': {'instance': IsInInter, 'arity': 1, 'method': 'IsInInter(Entity)', 'function': 'logicity.utils.pred_converter.z3.IsInInter'}, 'HigherPri': {'instance': HigherPri, 'arity': 2, 'method': 'HigherPri(Entity, Entity)', 'function': 'logicity.utils.pred_converter.z3.HigherPri'}, 'CollidingClose': {'instance': CollidingClose, 'arity': 2, 'method': 'CollidingClose(Entity, Entity)', 'function': 'logicity.utils.pred_converter.z3.CollidingClose'}, 'Stop': {'instance': Stop, 'arity': 1, 'method': 'Stop(Entity)', 'function': 'None'}, 'Fast': {'instance': Fast, 'arity': 1, 'method': 'Fast(Entity)', 'function': 'None'}, 'Normal': {'instance': Normal, 'arity': 1, 'method': 'Normal(Entity)', 'function': 'None'}, 'Slow': {'instance': Slow, 'arity': 1, 'method': 'Slow(Entity)', 'function': 'None'}}, the FOV entities {'Entity': 3}, The logic grounding shape is: 39
2026-05-23 16:03:10 [INFO]: Local planner constructed!
2026-05-23 16:03:10 [INFO]: Constructing 22 streets
2026-05-23 16:03:10 [INFO]: Constructing 16 buildings
2026-05-23 16:03:10 [INFO]: Adding 4 agents, they are constrained in 103 region
2026-05-23 16:03:11 [INFO]: Car_1 initialization done!
2026-05-23 16:03:11 [INFO]: Pedestrian_1 initialization done!
2026-05-23 16:03:11 [INFO]: Car_2 initialization done!
2026-05-23 16:03:12 [INFO]: Car_3 initialization done!
2026-05-23 16:03:12 [INFO]: Done!
2026-05-23 16:03:12 [INFO]: ***Init RL Agent in Env***
2026-05-23 16:03:32 [INFO]: Episode 3 failed.
2026-05-23 16:03:32 [INFO]: Episode 3 achieved a score of -4.140000000000001
2026-05-23 16:03:32 [INFO]: Episode 3 Success: 0
2026-05-23 16:03:32 [INFO]: Episode 3 Decision Step: {3: 0}
2026-05-23 16:03:32 [INFO]: Episode 3 Success Decision: {3: 0}
2026-05-23 16:03:32 [INFO]: Evaluating episode 4...
2026-05-23 16:03:32 [INFO]: Episode label: {'oracle_step': 66, 'stop_count': 17, 'has_stop': True, 'ego_crosses': True, 'ego_eta': 26, 'ego_direction': 'down', 'other_crosses': 3, 'close_other_count': 0, 'pedestrian_close': None, 'conflicting_approach': False, 'total_crosses': 4}
2026-05-23 16:03:32 [INFO]: Get map info from config/maps/square_2x2.yaml
2026-05-23 16:03:32 [INFO]: Get agent info from config/agents/easy_lite/val.yaml
2026-05-23 16:03:32 [INFO]: Get onology and rules info from config/rules/ontology_easy.yaml, config/rules/Nav/easy/expert.yaml
2026-05-23 16:03:32 [INFO]: Number of Entity Types: 1
Entity Types:
- Entity
2026-05-23 16:03:32 [INFO]: Number of Predicates: 13
Predicates:
- IsPedestrian: {'instance': "Function('IsPed', entity_sorts['Entity'], BoolSort())", 'arity': 1, 'method': 'IsPed(Entity)', 'function': 'logicity.utils.pred_converter.z3.IsPed'}
- IsCar: {'instance': "Function('IsCar', entity_sorts['Entity'], BoolSort())", 'arity': 1, 'method': 'IsCar(Entity)', 'function': 'logicity.utils.pred_converter.z3.IsCar'}
- IsAmbulance: {'instance': "Function('IsAmb', entity_sorts['Entity'], BoolSort())", 'arity': 1, 'method': 'IsAmb(Entity)', 'function': 'logicity.utils.pred_converter.z3.IsAmb'}
- IsOld: {'instance': "Function('IsOld', entity_sorts['Entity'], BoolSort())", 'arity': 1, 'method': 'IsOld(Entity)', 'function': 'logicity.utils.pred_converter.z3.IsOld'}
- IsTiro: {'instance': "Function('IsTiro', entity_sorts['Entity'], BoolSort())", 'arity': 1, 'method': 'IsTiro(Entity)', 'function': 'logicity.utils.pred_converter.z3.IsTiro'}
- IsAtInter: {'instance': "Function('IsAtInter', entity_sorts['Entity'], BoolSort())", 'arity': 1, 'method': 'IsAtInter(Entity)', 'function': 'logicity.utils.pred_converter.z3.IsAtInter'}
- IsInInter: {'instance': "Function('IsInInter', entity_sorts['Entity'], BoolSort())", 'arity': 1, 'method': 'IsInInter(Entity)', 'function': 'logicity.utils.pred_converter.z3.IsInInter'}
- HigherPri: {'instance': "Function('HigherPri', entity_sorts['Entity'], entity_sorts['Entity'], BoolSort())", 'arity': 2, 'method': 'HigherPri(Entity, Entity)', 'function': 'logicity.utils.pred_converter.z3.HigherPri'}
- CollidingClose: {'instance': "Function('CollidingClose', entity_sorts['Entity'], entity_sorts['Entity'], BoolSort())", 'arity': 2, 'method': 'CollidingClose(Entity, Entity)', 'function': 'logicity.utils.pred_converter.z3.CollidingClose'}
- Stop: {'instance': "Function('Stop', entity_sorts['Entity'], BoolSort())", 'arity': 1, 'method': 'Stop(Entity)', 'function': 'None'}
- Fast: {'instance': "Function('Fast', entity_sorts['Entity'], BoolSort())", 'arity': 1, 'method': 'Fast(Entity)', 'function': 'None'}
- Normal: {'instance': "Function('Normal', entity_sorts['Entity'], BoolSort())", 'arity': 1, 'method': 'Normal(Entity)', 'function': 'None'}
- Slow: {'instance': "Function('Slow', entity_sorts['Entity'], BoolSort())", 'arity': 1, 'method': 'Slow(Entity)', 'function': 'None'}
2026-05-23 16:03:32 [INFO]: *** Sim Rule ***: Stop -> 
 Stop(entity) == Exists(
  [dummyEntity], 
  Or(
    And(
      IsAtInter(entity), 
      IsInInter(dummyEntity), 
    ),
    And(
      IsAtInter(entity), 
      IsAtInter(dummyEntity), 
      HigherPri(dummyEntity, entity),
    ),
    CollidingClose(entity, dummyEntity)
  )
)

2026-05-23 16:03:32 [INFO]: *** Task Rule ***: Collision and Intersection -> 
 Implies(Exists(
  [dummyEntity], 
    Or(
      And(
        IsAtInter(entity), 
        IsInInter(dummyEntity), 
      ),
      And(
        IsAtInter(entity), 
        IsAtInter(dummyEntity), 
        HigherPri(dummyEntity, entity),
      ),
      CollidingClose(entity, dummyEntity)
    )
  ),
  Stop(entity)
)

2026-05-23 16:03:32 [INFO]: *** Expert Rule ***: Stop -> 
 Stop(entity) == Exists(
[dummyEntity], 
  Or(
    And(
      IsAtInter(entity), 
      IsInInter(dummyEntity), 
    ),
    And(
      IsAtInter(entity), 
      IsAtInter(dummyEntity), 
      HigherPri(dummyEntity, entity),
    ),
    CollidingClose(entity, dummyEntity)
  )
)

2026-05-23 16:03:32 [INFO]: *** Expert Rule ***: Slow -> 
 Not(Slow(entity))

2026-05-23 16:03:32 [INFO]: *** Expert Rule ***: Fast -> 
 Not(Fast(entity))

2026-05-23 16:03:32 [INFO]: *** Expert Rule ***: Normal -> 
 Normal(entity) == Not(Stop(entity))
2026-05-23 16:03:32 [INFO]: Rules created successfully
2026-05-23 16:03:32 [INFO]: Rules will be grounded later...
2026-05-23 16:03:32 [INFO]: Given Predicates {'IsPedestrian': {'instance': IsPed, 'arity': 1, 'method': 'IsPed(Entity)', 'function': 'logicity.utils.pred_converter.z3.IsPed'}, 'IsCar': {'instance': IsCar, 'arity': 1, 'method': 'IsCar(Entity)', 'function': 'logicity.utils.pred_converter.z3.IsCar'}, 'IsAmbulance': {'instance': IsAmb, 'arity': 1, 'method': 'IsAmb(Entity)', 'function': 'logicity.utils.pred_converter.z3.IsAmb'}, 'IsOld': {'instance': IsOld, 'arity': 1, 'method': 'IsOld(Entity)', 'function': 'logicity.utils.pred_converter.z3.IsOld'}, 'IsTiro': {'instance': IsTiro, 'arity': 1, 'method': 'IsTiro(Entity)', 'function': 'logicity.utils.pred_converter.z3.IsTiro'}, 'IsAtInter': {'instance': IsAtInter, 'arity': 1, 'method': 'IsAtInter(Entity)', 'function': 'logicity.utils.pred_converter.z3.IsAtInter'}, 'IsInInter': {'instance': IsInInter, 'arity': 1, 'method': 'IsInInter(Entity)', 'function': 'logicity.utils.pred_converter.z3.IsInInter'}, 'HigherPri': {'instance': HigherPri, 'arity': 2, 'method': 'HigherPri(Entity, Entity)', 'function': 'logicity.utils.pred_converter.z3.HigherPri'}, 'CollidingClose': {'instance': CollidingClose, 'arity': 2, 'method': 'CollidingClose(Entity, Entity)', 'function': 'logicity.utils.pred_converter.z3.CollidingClose'}, 'Stop': {'instance': Stop, 'arity': 1, 'method': 'Stop(Entity)', 'function': 'None'}, 'Fast': {'instance': Fast, 'arity': 1, 'method': 'Fast(Entity)', 'function': 'None'}, 'Normal': {'instance': Normal, 'arity': 1, 'method': 'Normal(Entity)', 'function': 'None'}, 'Slow': {'instance': Slow, 'arity': 1, 'method': 'Slow(Entity)', 'function': 'None'}}, the FOV entities {'Entity': 3}, The logic grounding shape is: 39
2026-05-23 16:03:32 [INFO]: Local planner constructed!
2026-05-23 16:03:32 [INFO]: Constructing 22 streets
2026-05-23 16:03:32 [INFO]: Constructing 16 buildings
2026-05-23 16:03:33 [INFO]: Adding 4 agents, they are constrained in 103 region
2026-05-23 16:03:33 [INFO]: Car_1 initialization done!
2026-05-23 16:03:33 [INFO]: Pedestrian_1 initialization done!
2026-05-23 16:03:34 [INFO]: Car_2 initialization done!
2026-05-23 16:03:34 [INFO]: Car_3 initialization done!
2026-05-23 16:03:34 [INFO]: Done!
2026-05-23 16:03:34 [INFO]: ***Init RL Agent in Env***
2026-05-23 16:03:55 [INFO]: Episode 4 failed.
2026-05-23 16:03:55 [INFO]: Episode 4 achieved a score of -4.320000000000001
2026-05-23 16:03:55 [INFO]: Episode 4 Success: 0
2026-05-23 16:03:55 [INFO]: Episode 4 Decision Step: {3: 0}
2026-05-23 16:03:55 [INFO]: Episode 4 Success Decision: {3: 0}
2026-05-23 16:03:55 [INFO]: Evaluating episode 5...
2026-05-23 16:03:55 [INFO]: Episode label: {'oracle_step': 62, 'stop_count': 0, 'has_stop': False, 'ego_crosses': True, 'ego_eta': 51, 'ego_direction': 'down', 'other_crosses': 3, 'close_other_count': 0, 'pedestrian_close': None, 'conflicting_approach': False, 'total_crosses': 4}
2026-05-23 16:03:55 [INFO]: Get map info from config/maps/square_2x2.yaml
2026-05-23 16:03:55 [INFO]: Get agent info from config/agents/easy_lite/val.yaml
2026-05-23 16:03:55 [INFO]: Get onology and rules info from config/rules/ontology_easy.yaml, config/rules/Nav/easy/expert.yaml
2026-05-23 16:03:55 [INFO]: Number of Entity Types: 1
Entity Types:
- Entity
2026-05-23 16:03:55 [INFO]: Number of Predicates: 13
Predicates:
- IsPedestrian: {'instance': "Function('IsPed', entity_sorts['Entity'], BoolSort())", 'arity': 1, 'method': 'IsPed(Entity)', 'function': 'logicity.utils.pred_converter.z3.IsPed'}
- IsCar: {'instance': "Function('IsCar', entity_sorts['Entity'], BoolSort())", 'arity': 1, 'method': 'IsCar(Entity)', 'function': 'logicity.utils.pred_converter.z3.IsCar'}
- IsAmbulance: {'instance': "Function('IsAmb', entity_sorts['Entity'], BoolSort())", 'arity': 1, 'method': 'IsAmb(Entity)', 'function': 'logicity.utils.pred_converter.z3.IsAmb'}
- IsOld: {'instance': "Function('IsOld', entity_sorts['Entity'], BoolSort())", 'arity': 1, 'method': 'IsOld(Entity)', 'function': 'logicity.utils.pred_converter.z3.IsOld'}
- IsTiro: {'instance': "Function('IsTiro', entity_sorts['Entity'], BoolSort())", 'arity': 1, 'method': 'IsTiro(Entity)', 'function': 'logicity.utils.pred_converter.z3.IsTiro'}
- IsAtInter: {'instance': "Function('IsAtInter', entity_sorts['Entity'], BoolSort())", 'arity': 1, 'method': 'IsAtInter(Entity)', 'function': 'logicity.utils.pred_converter.z3.IsAtInter'}
- IsInInter: {'instance': "Function('IsInInter', entity_sorts['Entity'], BoolSort())", 'arity': 1, 'method': 'IsInInter(Entity)', 'function': 'logicity.utils.pred_converter.z3.IsInInter'}
- HigherPri: {'instance': "Function('HigherPri', entity_sorts['Entity'], entity_sorts['Entity'], BoolSort())", 'arity': 2, 'method': 'HigherPri(Entity, Entity)', 'function': 'logicity.utils.pred_converter.z3.HigherPri'}
- CollidingClose: {'instance': "Function('CollidingClose', entity_sorts['Entity'], entity_sorts['Entity'], BoolSort())", 'arity': 2, 'method': 'CollidingClose(Entity, Entity)', 'function': 'logicity.utils.pred_converter.z3.CollidingClose'}
- Stop: {'instance': "Function('Stop', entity_sorts['Entity'], BoolSort())", 'arity': 1, 'method': 'Stop(Entity)', 'function': 'None'}
- Fast: {'instance': "Function('Fast', entity_sorts['Entity'], BoolSort())", 'arity': 1, 'method': 'Fast(Entity)', 'function': 'None'}
- Normal: {'instance': "Function('Normal', entity_sorts['Entity'], BoolSort())", 'arity': 1, 'method': 'Normal(Entity)', 'function': 'None'}
- Slow: {'instance': "Function('Slow', entity_sorts['Entity'], BoolSort())", 'arity': 1, 'method': 'Slow(Entity)', 'function': 'None'}
2026-05-23 16:03:55 [INFO]: *** Sim Rule ***: Stop -> 
 Stop(entity) == Exists(
  [dummyEntity], 
  Or(
    And(
      IsAtInter(entity), 
      IsInInter(dummyEntity), 
    ),
    And(
      IsAtInter(entity), 
      IsAtInter(dummyEntity), 
      HigherPri(dummyEntity, entity),
    ),
    CollidingClose(entity, dummyEntity)
  )
)

2026-05-23 16:03:55 [INFO]: *** Task Rule ***: Collision and Intersection -> 
 Implies(Exists(
  [dummyEntity], 
    Or(
      And(
        IsAtInter(entity), 
        IsInInter(dummyEntity), 
      ),
      And(
        IsAtInter(entity), 
        IsAtInter(dummyEntity), 
        HigherPri(dummyEntity, entity),
      ),
      CollidingClose(entity, dummyEntity)
    )
  ),
  Stop(entity)
)

2026-05-23 16:03:55 [INFO]: *** Expert Rule ***: Stop -> 
 Stop(entity) == Exists(
[dummyEntity], 
  Or(
    And(
      IsAtInter(entity), 
      IsInInter(dummyEntity), 
    ),
    And(
      IsAtInter(entity), 
      IsAtInter(dummyEntity), 
      HigherPri(dummyEntity, entity),
    ),
    CollidingClose(entity, dummyEntity)
  )
)

2026-05-23 16:03:55 [INFO]: *** Expert Rule ***: Slow -> 
 Not(Slow(entity))

2026-05-23 16:03:55 [INFO]: *** Expert Rule ***: Fast -> 
 Not(Fast(entity))

2026-05-23 16:03:55 [INFO]: *** Expert Rule ***: Normal -> 
 Normal(entity) == Not(Stop(entity))
2026-05-23 16:03:55 [INFO]: Rules created successfully
2026-05-23 16:03:55 [INFO]: Rules will be grounded later...
2026-05-23 16:03:55 [INFO]: Given Predicates {'IsPedestrian': {'instance': IsPed, 'arity': 1, 'method': 'IsPed(Entity)', 'function': 'logicity.utils.pred_converter.z3.IsPed'}, 'IsCar': {'instance': IsCar, 'arity': 1, 'method': 'IsCar(Entity)', 'function': 'logicity.utils.pred_converter.z3.IsCar'}, 'IsAmbulance': {'instance': IsAmb, 'arity': 1, 'method': 'IsAmb(Entity)', 'function': 'logicity.utils.pred_converter.z3.IsAmb'}, 'IsOld': {'instance': IsOld, 'arity': 1, 'method': 'IsOld(Entity)', 'function': 'logicity.utils.pred_converter.z3.IsOld'}, 'IsTiro': {'instance': IsTiro, 'arity': 1, 'method': 'IsTiro(Entity)', 'function': 'logicity.utils.pred_converter.z3.IsTiro'}, 'IsAtInter': {'instance': IsAtInter, 'arity': 1, 'method': 'IsAtInter(Entity)', 'function': 'logicity.utils.pred_converter.z3.IsAtInter'}, 'IsInInter': {'instance': IsInInter, 'arity': 1, 'method': 'IsInInter(Entity)', 'function': 'logicity.utils.pred_converter.z3.IsInInter'}, 'HigherPri': {'instance': HigherPri, 'arity': 2, 'method': 'HigherPri(Entity, Entity)', 'function': 'logicity.utils.pred_converter.z3.HigherPri'}, 'CollidingClose': {'instance': CollidingClose, 'arity': 2, 'method': 'CollidingClose(Entity, Entity)', 'function': 'logicity.utils.pred_converter.z3.CollidingClose'}, 'Stop': {'instance': Stop, 'arity': 1, 'method': 'Stop(Entity)', 'function': 'None'}, 'Fast': {'instance': Fast, 'arity': 1, 'method': 'Fast(Entity)', 'function': 'None'}, 'Normal': {'instance': Normal, 'arity': 1, 'method': 'Normal(Entity)', 'function': 'None'}, 'Slow': {'instance': Slow, 'arity': 1, 'method': 'Slow(Entity)', 'function': 'None'}}, the FOV entities {'Entity': 3}, The logic grounding shape is: 39
2026-05-23 16:03:55 [INFO]: Local planner constructed!
2026-05-23 16:03:55 [INFO]: Constructing 22 streets
2026-05-23 16:03:56 [INFO]: Constructing 16 buildings
2026-05-23 16:03:56 [INFO]: Adding 4 agents, they are constrained in 103 region
2026-05-23 16:03:57 [INFO]: Car_1 initialization done!
2026-05-23 16:03:57 [INFO]: Pedestrian_1 initialization done!
2026-05-23 16:03:57 [INFO]: Car_2 initialization done!
2026-05-23 16:03:58 [INFO]: Car_3 initialization done!
2026-05-23 16:03:58 [INFO]: Done!
2026-05-23 16:03:58 [INFO]: ***Init RL Agent in Env***
2026-05-23 16:04:18 [INFO]: Episode 5 failed.
2026-05-23 16:04:18 [INFO]: Episode 5 achieved a score of -4.240000000000001
2026-05-23 16:04:18 [INFO]: Episode 5 Success: 0
2026-05-23 16:04:18 [INFO]: Episode 5 Decision Step: {3: 0}
2026-05-23 16:04:18 [INFO]: Episode 5 Success Decision: {3: 0}
2026-05-23 16:04:18 [INFO]: Evaluating episode 6...
2026-05-23 16:04:18 [INFO]: Episode label: {'oracle_step': 53, 'stop_count': 10, 'has_stop': True, 'ego_crosses': True, 'ego_eta': 9, 'ego_direction': 'right', 'other_crosses': 3, 'close_other_count': 0, 'pedestrian_close': None, 'conflicting_approach': False, 'total_crosses': 4}
2026-05-23 16:04:18 [INFO]: Get map info from config/maps/square_2x2.yaml
2026-05-23 16:04:18 [INFO]: Get agent info from config/agents/easy_lite/val.yaml
2026-05-23 16:04:18 [INFO]: Get onology and rules info from config/rules/ontology_easy.yaml, config/rules/Nav/easy/expert.yaml
2026-05-23 16:04:18 [INFO]: Number of Entity Types: 1
Entity Types:
- Entity
2026-05-23 16:04:18 [INFO]: Number of Predicates: 13
Predicates:
- IsPedestrian: {'instance': "Function('IsPed', entity_sorts['Entity'], BoolSort())", 'arity': 1, 'method': 'IsPed(Entity)', 'function': 'logicity.utils.pred_converter.z3.IsPed'}
- IsCar: {'instance': "Function('IsCar', entity_sorts['Entity'], BoolSort())", 'arity': 1, 'method': 'IsCar(Entity)', 'function': 'logicity.utils.pred_converter.z3.IsCar'}
- IsAmbulance: {'instance': "Function('IsAmb', entity_sorts['Entity'], BoolSort())", 'arity': 1, 'method': 'IsAmb(Entity)', 'function': 'logicity.utils.pred_converter.z3.IsAmb'}
- IsOld: {'instance': "Function('IsOld', entity_sorts['Entity'], BoolSort())", 'arity': 1, 'method': 'IsOld(Entity)', 'function': 'logicity.utils.pred_converter.z3.IsOld'}
- IsTiro: {'instance': "Function('IsTiro', entity_sorts['Entity'], BoolSort())", 'arity': 1, 'method': 'IsTiro(Entity)', 'function': 'logicity.utils.pred_converter.z3.IsTiro'}
- IsAtInter: {'instance': "Function('IsAtInter', entity_sorts['Entity'], BoolSort())", 'arity': 1, 'method': 'IsAtInter(Entity)', 'function': 'logicity.utils.pred_converter.z3.IsAtInter'}
- IsInInter: {'instance': "Function('IsInInter', entity_sorts['Entity'], BoolSort())", 'arity': 1, 'method': 'IsInInter(Entity)', 'function': 'logicity.utils.pred_converter.z3.IsInInter'}
- HigherPri: {'instance': "Function('HigherPri', entity_sorts['Entity'], entity_sorts['Entity'], BoolSort())", 'arity': 2, 'method': 'HigherPri(Entity, Entity)', 'function': 'logicity.utils.pred_converter.z3.HigherPri'}
- CollidingClose: {'instance': "Function('CollidingClose', entity_sorts['Entity'], entity_sorts['Entity'], BoolSort())", 'arity': 2, 'method': 'CollidingClose(Entity, Entity)', 'function': 'logicity.utils.pred_converter.z3.CollidingClose'}
- Stop: {'instance': "Function('Stop', entity_sorts['Entity'], BoolSort())", 'arity': 1, 'method': 'Stop(Entity)', 'function': 'None'}
- Fast: {'instance': "Function('Fast', entity_sorts['Entity'], BoolSort())", 'arity': 1, 'method': 'Fast(Entity)', 'function': 'None'}
- Normal: {'instance': "Function('Normal', entity_sorts['Entity'], BoolSort())", 'arity': 1, 'method': 'Normal(Entity)', 'function': 'None'}
- Slow: {'instance': "Function('Slow', entity_sorts['Entity'], BoolSort())", 'arity': 1, 'method': 'Slow(Entity)', 'function': 'None'}
2026-05-23 16:04:18 [INFO]: *** Sim Rule ***: Stop -> 
 Stop(entity) == Exists(
  [dummyEntity], 
  Or(
    And(
      IsAtInter(entity), 
      IsInInter(dummyEntity), 
    ),
    And(
      IsAtInter(entity), 
      IsAtInter(dummyEntity), 
      HigherPri(dummyEntity, entity),
    ),
    CollidingClose(entity, dummyEntity)
  )
)

2026-05-23 16:04:18 [INFO]: *** Task Rule ***: Collision and Intersection -> 
 Implies(Exists(
  [dummyEntity], 
    Or(
      And(
        IsAtInter(entity), 
        IsInInter(dummyEntity), 
      ),
      And(
        IsAtInter(entity), 
        IsAtInter(dummyEntity), 
        HigherPri(dummyEntity, entity),
      ),
      CollidingClose(entity, dummyEntity)
    )
  ),
  Stop(entity)
)

2026-05-23 16:04:18 [INFO]: *** Expert Rule ***: Stop -> 
 Stop(entity) == Exists(
[dummyEntity], 
  Or(
    And(
      IsAtInter(entity), 
      IsInInter(dummyEntity), 
    ),
    And(
      IsAtInter(entity), 
      IsAtInter(dummyEntity), 
      HigherPri(dummyEntity, entity),
    ),
    CollidingClose(entity, dummyEntity)
  )
)

2026-05-23 16:04:18 [INFO]: *** Expert Rule ***: Slow -> 
 Not(Slow(entity))

2026-05-23 16:04:18 [INFO]: *** Expert Rule ***: Fast -> 
 Not(Fast(entity))

2026-05-23 16:04:18 [INFO]: *** Expert Rule ***: Normal -> 
 Normal(entity) == Not(Stop(entity))
2026-05-23 16:04:18 [INFO]: Rules created successfully
2026-05-23 16:04:18 [INFO]: Rules will be grounded later...
2026-05-23 16:04:18 [INFO]: Given Predicates {'IsPedestrian': {'instance': IsPed, 'arity': 1, 'method': 'IsPed(Entity)', 'function': 'logicity.utils.pred_converter.z3.IsPed'}, 'IsCar': {'instance': IsCar, 'arity': 1, 'method': 'IsCar(Entity)', 'function': 'logicity.utils.pred_converter.z3.IsCar'}, 'IsAmbulance': {'instance': IsAmb, 'arity': 1, 'method': 'IsAmb(Entity)', 'function': 'logicity.utils.pred_converter.z3.IsAmb'}, 'IsOld': {'instance': IsOld, 'arity': 1, 'method': 'IsOld(Entity)', 'function': 'logicity.utils.pred_converter.z3.IsOld'}, 'IsTiro': {'instance': IsTiro, 'arity': 1, 'method': 'IsTiro(Entity)', 'function': 'logicity.utils.pred_converter.z3.IsTiro'}, 'IsAtInter': {'instance': IsAtInter, 'arity': 1, 'method': 'IsAtInter(Entity)', 'function': 'logicity.utils.pred_converter.z3.IsAtInter'}, 'IsInInter': {'instance': IsInInter, 'arity': 1, 'method': 'IsInInter(Entity)', 'function': 'logicity.utils.pred_converter.z3.IsInInter'}, 'HigherPri': {'instance': HigherPri, 'arity': 2, 'method': 'HigherPri(Entity, Entity)', 'function': 'logicity.utils.pred_converter.z3.HigherPri'}, 'CollidingClose': {'instance': CollidingClose, 'arity': 2, 'method': 'CollidingClose(Entity, Entity)', 'function': 'logicity.utils.pred_converter.z3.CollidingClose'}, 'Stop': {'instance': Stop, 'arity': 1, 'method': 'Stop(Entity)', 'function': 'None'}, 'Fast': {'instance': Fast, 'arity': 1, 'method': 'Fast(Entity)', 'function': 'None'}, 'Normal': {'instance': Normal, 'arity': 1, 'method': 'Normal(Entity)', 'function': 'None'}, 'Slow': {'instance': Slow, 'arity': 1, 'method': 'Slow(Entity)', 'function': 'None'}}, the FOV entities {'Entity': 3}, The logic grounding shape is: 39
2026-05-23 16:04:18 [INFO]: Local planner constructed!
2026-05-23 16:04:18 [INFO]: Constructing 22 streets
2026-05-23 16:04:19 [INFO]: Constructing 16 buildings
2026-05-23 16:04:19 [INFO]: Adding 4 agents, they are constrained in 103 region
2026-05-23 16:04:20 [INFO]: Car_1 initialization done!
2026-05-23 16:04:20 [INFO]: Pedestrian_1 initialization done!
2026-05-23 16:04:20 [INFO]: Car_2 initialization done!
2026-05-23 16:04:20 [INFO]: Car_3 initialization done!
2026-05-23 16:04:20 [INFO]: Done!
2026-05-23 16:04:20 [INFO]: ***Init RL Agent in Env***
2026-05-23 16:04:39 [INFO]: Episode 6 failed.
2026-05-23 16:04:39 [INFO]: Episode 6 achieved a score of -4.0600000000000005
2026-05-23 16:04:39 [INFO]: Episode 6 Success: 0
2026-05-23 16:04:39 [INFO]: Episode 6 Decision Step: {3: 0}
2026-05-23 16:04:39 [INFO]: Episode 6 Success Decision: {3: 0}
2026-05-23 16:04:39 [INFO]: Evaluating episode 7...
2026-05-23 16:04:39 [INFO]: Episode label: {'oracle_step': 76, 'stop_count': 10, 'has_stop': True, 'ego_crosses': True, 'ego_eta': 13, 'ego_direction': 'down', 'other_crosses': 3, 'close_other_count': 0, 'pedestrian_close': None, 'conflicting_approach': False, 'total_crosses': 4}
2026-05-23 16:04:39 [INFO]: Get map info from config/maps/square_2x2.yaml
2026-05-23 16:04:39 [INFO]: Get agent info from config/agents/easy_lite/val.yaml
2026-05-23 16:04:39 [INFO]: Get onology and rules info from config/rules/ontology_easy.yaml, config/rules/Nav/easy/expert.yaml
2026-05-23 16:04:39 [INFO]: Number of Entity Types: 1
Entity Types:
- Entity
2026-05-23 16:04:39 [INFO]: Number of Predicates: 13
Predicates:
- IsPedestrian: {'instance': "Function('IsPed', entity_sorts['Entity'], BoolSort())", 'arity': 1, 'method': 'IsPed(Entity)', 'function': 'logicity.utils.pred_converter.z3.IsPed'}
- IsCar: {'instance': "Function('IsCar', entity_sorts['Entity'], BoolSort())", 'arity': 1, 'method': 'IsCar(Entity)', 'function': 'logicity.utils.pred_converter.z3.IsCar'}
- IsAmbulance: {'instance': "Function('IsAmb', entity_sorts['Entity'], BoolSort())", 'arity': 1, 'method': 'IsAmb(Entity)', 'function': 'logicity.utils.pred_converter.z3.IsAmb'}
- IsOld: {'instance': "Function('IsOld', entity_sorts['Entity'], BoolSort())", 'arity': 1, 'method': 'IsOld(Entity)', 'function': 'logicity.utils.pred_converter.z3.IsOld'}
- IsTiro: {'instance': "Function('IsTiro', entity_sorts['Entity'], BoolSort())", 'arity': 1, 'method': 'IsTiro(Entity)', 'function': 'logicity.utils.pred_converter.z3.IsTiro'}
- IsAtInter: {'instance': "Function('IsAtInter', entity_sorts['Entity'], BoolSort())", 'arity': 1, 'method': 'IsAtInter(Entity)', 'function': 'logicity.utils.pred_converter.z3.IsAtInter'}
- IsInInter: {'instance': "Function('IsInInter', entity_sorts['Entity'], BoolSort())", 'arity': 1, 'method': 'IsInInter(Entity)', 'function': 'logicity.utils.pred_converter.z3.IsInInter'}
- HigherPri: {'instance': "Function('HigherPri', entity_sorts['Entity'], entity_sorts['Entity'], BoolSort())", 'arity': 2, 'method': 'HigherPri(Entity, Entity)', 'function': 'logicity.utils.pred_converter.z3.HigherPri'}
- CollidingClose: {'instance': "Function('CollidingClose', entity_sorts['Entity'], entity_sorts['Entity'], BoolSort())", 'arity': 2, 'method': 'CollidingClose(Entity, Entity)', 'function': 'logicity.utils.pred_converter.z3.CollidingClose'}
- Stop: {'instance': "Function('Stop', entity_sorts['Entity'], BoolSort())", 'arity': 1, 'method': 'Stop(Entity)', 'function': 'None'}
- Fast: {'instance': "Function('Fast', entity_sorts['Entity'], BoolSort())", 'arity': 1, 'method': 'Fast(Entity)', 'function': 'None'}
- Normal: {'instance': "Function('Normal', entity_sorts['Entity'], BoolSort())", 'arity': 1, 'method': 'Normal(Entity)', 'function': 'None'}
- Slow: {'instance': "Function('Slow', entity_sorts['Entity'], BoolSort())", 'arity': 1, 'method': 'Slow(Entity)', 'function': 'None'}
2026-05-23 16:04:39 [INFO]: *** Sim Rule ***: Stop -> 
 Stop(entity) == Exists(
  [dummyEntity], 
  Or(
    And(
      IsAtInter(entity), 
      IsInInter(dummyEntity), 
    ),
    And(
      IsAtInter(entity), 
      IsAtInter(dummyEntity), 
      HigherPri(dummyEntity, entity),
    ),
    CollidingClose(entity, dummyEntity)
  )
)

2026-05-23 16:04:39 [INFO]: *** Task Rule ***: Collision and Intersection -> 
 Implies(Exists(
  [dummyEntity], 
    Or(
      And(
        IsAtInter(entity), 
        IsInInter(dummyEntity), 
      ),
      And(
        IsAtInter(entity), 
        IsAtInter(dummyEntity), 
        HigherPri(dummyEntity, entity),
      ),
      CollidingClose(entity, dummyEntity)
    )
  ),
  Stop(entity)
)

2026-05-23 16:04:39 [INFO]: *** Expert Rule ***: Stop -> 
 Stop(entity) == Exists(
[dummyEntity], 
  Or(
    And(
      IsAtInter(entity), 
      IsInInter(dummyEntity), 
    ),
    And(
      IsAtInter(entity), 
      IsAtInter(dummyEntity), 
      HigherPri(dummyEntity, entity),
    ),
    CollidingClose(entity, dummyEntity)
  )
)

2026-05-23 16:04:39 [INFO]: *** Expert Rule ***: Slow -> 
 Not(Slow(entity))

2026-05-23 16:04:39 [INFO]: *** Expert Rule ***: Fast -> 
 Not(Fast(entity))

2026-05-23 16:04:39 [INFO]: *** Expert Rule ***: Normal -> 
 Normal(entity) == Not(Stop(entity))
2026-05-23 16:04:39 [INFO]: Rules created successfully
2026-05-23 16:04:39 [INFO]: Rules will be grounded later...
2026-05-23 16:04:39 [INFO]: Given Predicates {'IsPedestrian': {'instance': IsPed, 'arity': 1, 'method': 'IsPed(Entity)', 'function': 'logicity.utils.pred_converter.z3.IsPed'}, 'IsCar': {'instance': IsCar, 'arity': 1, 'method': 'IsCar(Entity)', 'function': 'logicity.utils.pred_converter.z3.IsCar'}, 'IsAmbulance': {'instance': IsAmb, 'arity': 1, 'method': 'IsAmb(Entity)', 'function': 'logicity.utils.pred_converter.z3.IsAmb'}, 'IsOld': {'instance': IsOld, 'arity': 1, 'method': 'IsOld(Entity)', 'function': 'logicity.utils.pred_converter.z3.IsOld'}, 'IsTiro': {'instance': IsTiro, 'arity': 1, 'method': 'IsTiro(Entity)', 'function': 'logicity.utils.pred_converter.z3.IsTiro'}, 'IsAtInter': {'instance': IsAtInter, 'arity': 1, 'method': 'IsAtInter(Entity)', 'function': 'logicity.utils.pred_converter.z3.IsAtInter'}, 'IsInInter': {'instance': IsInInter, 'arity': 1, 'method': 'IsInInter(Entity)', 'function': 'logicity.utils.pred_converter.z3.IsInInter'}, 'HigherPri': {'instance': HigherPri, 'arity': 2, 'method': 'HigherPri(Entity, Entity)', 'function': 'logicity.utils.pred_converter.z3.HigherPri'}, 'CollidingClose': {'instance': CollidingClose, 'arity': 2, 'method': 'CollidingClose(Entity, Entity)', 'function': 'logicity.utils.pred_converter.z3.CollidingClose'}, 'Stop': {'instance': Stop, 'arity': 1, 'method': 'Stop(Entity)', 'function': 'None'}, 'Fast': {'instance': Fast, 'arity': 1, 'method': 'Fast(Entity)', 'function': 'None'}, 'Normal': {'instance': Normal, 'arity': 1, 'method': 'Normal(Entity)', 'function': 'None'}, 'Slow': {'instance': Slow, 'arity': 1, 'method': 'Slow(Entity)', 'function': 'None'}}, the FOV entities {'Entity': 3}, The logic grounding shape is: 39
2026-05-23 16:04:39 [INFO]: Local planner constructed!
2026-05-23 16:04:39 [INFO]: Constructing 22 streets
2026-05-23 16:04:39 [INFO]: Constructing 16 buildings
2026-05-23 16:04:40 [INFO]: Adding 4 agents, they are constrained in 103 region
2026-05-23 16:04:40 [INFO]: Car_1 initialization done!
2026-05-23 16:04:40 [INFO]: Pedestrian_1 initialization done!
2026-05-23 16:04:41 [INFO]: Car_2 initialization done!
2026-05-23 16:04:41 [INFO]: Car_3 initialization done!
2026-05-23 16:04:41 [INFO]: Done!
2026-05-23 16:04:41 [INFO]: ***Init RL Agent in Env***
2026-05-23 16:05:07 [INFO]: Episode 7 failed.
2026-05-23 16:05:07 [INFO]: Episode 7 achieved a score of -4.520000000000001
2026-05-23 16:05:07 [INFO]: Episode 7 Success: 0
2026-05-23 16:05:07 [INFO]: Episode 7 Decision Step: {3: 0}
2026-05-23 16:05:07 [INFO]: Episode 7 Success Decision: {3: 0}
2026-05-23 16:05:07 [INFO]: Evaluating episode 8...
2026-05-23 16:05:07 [INFO]: Episode label: {'oracle_step': 49, 'stop_count': 0, 'has_stop': False, 'ego_crosses': True, 'ego_eta': 29, 'ego_direction': 'right', 'other_crosses': 3, 'close_other_count': 0, 'pedestrian_close': None, 'conflicting_approach': False, 'total_crosses': 4}
2026-05-23 16:05:07 [INFO]: Get map info from config/maps/square_2x2.yaml
2026-05-23 16:05:07 [INFO]: Get agent info from config/agents/easy_lite/val.yaml
2026-05-23 16:05:07 [INFO]: Get onology and rules info from config/rules/ontology_easy.yaml, config/rules/Nav/easy/expert.yaml
2026-05-23 16:05:07 [INFO]: Number of Entity Types: 1
Entity Types:
- Entity
2026-05-23 16:05:07 [INFO]: Number of Predicates: 13
Predicates:
- IsPedestrian: {'instance': "Function('IsPed', entity_sorts['Entity'], BoolSort())", 'arity': 1, 'method': 'IsPed(Entity)', 'function': 'logicity.utils.pred_converter.z3.IsPed'}
- IsCar: {'instance': "Function('IsCar', entity_sorts['Entity'], BoolSort())", 'arity': 1, 'method': 'IsCar(Entity)', 'function': 'logicity.utils.pred_converter.z3.IsCar'}
- IsAmbulance: {'instance': "Function('IsAmb', entity_sorts['Entity'], BoolSort())", 'arity': 1, 'method': 'IsAmb(Entity)', 'function': 'logicity.utils.pred_converter.z3.IsAmb'}
- IsOld: {'instance': "Function('IsOld', entity_sorts['Entity'], BoolSort())", 'arity': 1, 'method': 'IsOld(Entity)', 'function': 'logicity.utils.pred_converter.z3.IsOld'}
- IsTiro: {'instance': "Function('IsTiro', entity_sorts['Entity'], BoolSort())", 'arity': 1, 'method': 'IsTiro(Entity)', 'function': 'logicity.utils.pred_converter.z3.IsTiro'}
- IsAtInter: {'instance': "Function('IsAtInter', entity_sorts['Entity'], BoolSort())", 'arity': 1, 'method': 'IsAtInter(Entity)', 'function': 'logicity.utils.pred_converter.z3.IsAtInter'}
- IsInInter: {'instance': "Function('IsInInter', entity_sorts['Entity'], BoolSort())", 'arity': 1, 'method': 'IsInInter(Entity)', 'function': 'logicity.utils.pred_converter.z3.IsInInter'}
- HigherPri: {'instance': "Function('HigherPri', entity_sorts['Entity'], entity_sorts['Entity'], BoolSort())", 'arity': 2, 'method': 'HigherPri(Entity, Entity)', 'function': 'logicity.utils.pred_converter.z3.HigherPri'}
- CollidingClose: {'instance': "Function('CollidingClose', entity_sorts['Entity'], entity_sorts['Entity'], BoolSort())", 'arity': 2, 'method': 'CollidingClose(Entity, Entity)', 'function': 'logicity.utils.pred_converter.z3.CollidingClose'}
- Stop: {'instance': "Function('Stop', entity_sorts['Entity'], BoolSort())", 'arity': 1, 'method': 'Stop(Entity)', 'function': 'None'}
- Fast: {'instance': "Function('Fast', entity_sorts['Entity'], BoolSort())", 'arity': 1, 'method': 'Fast(Entity)', 'function': 'None'}
- Normal: {'instance': "Function('Normal', entity_sorts['Entity'], BoolSort())", 'arity': 1, 'method': 'Normal(Entity)', 'function': 'None'}
- Slow: {'instance': "Function('Slow', entity_sorts['Entity'], BoolSort())", 'arity': 1, 'method': 'Slow(Entity)', 'function': 'None'}
2026-05-23 16:05:07 [INFO]: *** Sim Rule ***: Stop -> 
 Stop(entity) == Exists(
  [dummyEntity], 
  Or(
    And(
      IsAtInter(entity), 
      IsInInter(dummyEntity), 
    ),
    And(
      IsAtInter(entity), 
      IsAtInter(dummyEntity), 
      HigherPri(dummyEntity, entity),
    ),
    CollidingClose(entity, dummyEntity)
  )
)

2026-05-23 16:05:07 [INFO]: *** Task Rule ***: Collision and Intersection -> 
 Implies(Exists(
  [dummyEntity], 
    Or(
      And(
        IsAtInter(entity), 
        IsInInter(dummyEntity), 
      ),
      And(
        IsAtInter(entity), 
        IsAtInter(dummyEntity), 
        HigherPri(dummyEntity, entity),
      ),
      CollidingClose(entity, dummyEntity)
    )
  ),
  Stop(entity)
)

2026-05-23 16:05:07 [INFO]: *** Expert Rule ***: Stop -> 
 Stop(entity) == Exists(
[dummyEntity], 
  Or(
    And(
      IsAtInter(entity), 
      IsInInter(dummyEntity), 
    ),
    And(
      IsAtInter(entity), 
      IsAtInter(dummyEntity), 
      HigherPri(dummyEntity, entity),
    ),
    CollidingClose(entity, dummyEntity)
  )
)

2026-05-23 16:05:07 [INFO]: *** Expert Rule ***: Slow -> 
 Not(Slow(entity))

2026-05-23 16:05:07 [INFO]: *** Expert Rule ***: Fast -> 
 Not(Fast(entity))

2026-05-23 16:05:07 [INFO]: *** Expert Rule ***: Normal -> 
 Normal(entity) == Not(Stop(entity))
2026-05-23 16:05:07 [INFO]: Rules created successfully
2026-05-23 16:05:07 [INFO]: Rules will be grounded later...
2026-05-23 16:05:07 [INFO]: Given Predicates {'IsPedestrian': {'instance': IsPed, 'arity': 1, 'method': 'IsPed(Entity)', 'function': 'logicity.utils.pred_converter.z3.IsPed'}, 'IsCar': {'instance': IsCar, 'arity': 1, 'method': 'IsCar(Entity)', 'function': 'logicity.utils.pred_converter.z3.IsCar'}, 'IsAmbulance': {'instance': IsAmb, 'arity': 1, 'method': 'IsAmb(Entity)', 'function': 'logicity.utils.pred_converter.z3.IsAmb'}, 'IsOld': {'instance': IsOld, 'arity': 1, 'method': 'IsOld(Entity)', 'function': 'logicity.utils.pred_converter.z3.IsOld'}, 'IsTiro': {'instance': IsTiro, 'arity': 1, 'method': 'IsTiro(Entity)', 'function': 'logicity.utils.pred_converter.z3.IsTiro'}, 'IsAtInter': {'instance': IsAtInter, 'arity': 1, 'method': 'IsAtInter(Entity)', 'function': 'logicity.utils.pred_converter.z3.IsAtInter'}, 'IsInInter': {'instance': IsInInter, 'arity': 1, 'method': 'IsInInter(Entity)', 'function': 'logicity.utils.pred_converter.z3.IsInInter'}, 'HigherPri': {'instance': HigherPri, 'arity': 2, 'method': 'HigherPri(Entity, Entity)', 'function': 'logicity.utils.pred_converter.z3.HigherPri'}, 'CollidingClose': {'instance': CollidingClose, 'arity': 2, 'method': 'CollidingClose(Entity, Entity)', 'function': 'logicity.utils.pred_converter.z3.CollidingClose'}, 'Stop': {'instance': Stop, 'arity': 1, 'method': 'Stop(Entity)', 'function': 'None'}, 'Fast': {'instance': Fast, 'arity': 1, 'method': 'Fast(Entity)', 'function': 'None'}, 'Normal': {'instance': Normal, 'arity': 1, 'method': 'Normal(Entity)', 'function': 'None'}, 'Slow': {'instance': Slow, 'arity': 1, 'method': 'Slow(Entity)', 'function': 'None'}}, the FOV entities {'Entity': 3}, The logic grounding shape is: 39
2026-05-23 16:05:07 [INFO]: Local planner constructed!
2026-05-23 16:05:07 [INFO]: Constructing 22 streets
2026-05-23 16:05:08 [INFO]: Constructing 16 buildings
2026-05-23 16:05:08 [INFO]: Adding 4 agents, they are constrained in 103 region
2026-05-23 16:05:08 [INFO]: Car_1 initialization done!
2026-05-23 16:05:08 [INFO]: Pedestrian_1 initialization done!
2026-05-23 16:05:09 [INFO]: Car_2 initialization done!
2026-05-23 16:05:09 [INFO]: Car_3 initialization done!
2026-05-23 16:05:09 [INFO]: Done!
2026-05-23 16:05:09 [INFO]: ***Init RL Agent in Env***
2026-05-23 16:05:26 [INFO]: Episode 8 failed.
2026-05-23 16:05:26 [INFO]: Episode 8 achieved a score of -3.9800000000000004
2026-05-23 16:05:26 [INFO]: Episode 8 Success: 0
2026-05-23 16:05:26 [INFO]: Episode 8 Decision Step: {3: 0}
2026-05-23 16:05:26 [INFO]: Episode 8 Success Decision: {3: 0}
2026-05-23 16:05:26 [INFO]: Evaluating episode 9...
2026-05-23 16:05:26 [INFO]: Episode label: {'oracle_step': 48, 'stop_count': 6, 'has_stop': True, 'ego_crosses': True, 'ego_eta': 9, 'ego_direction': 'down', 'other_crosses': 3, 'close_other_count': 0, 'pedestrian_close': None, 'conflicting_approach': False, 'total_crosses': 4}
2026-05-23 16:05:26 [INFO]: Get map info from config/maps/square_2x2.yaml
2026-05-23 16:05:26 [INFO]: Get agent info from config/agents/easy_lite/val.yaml
2026-05-23 16:05:26 [INFO]: Get onology and rules info from config/rules/ontology_easy.yaml, config/rules/Nav/easy/expert.yaml
2026-05-23 16:05:26 [INFO]: Number of Entity Types: 1
Entity Types:
- Entity
2026-05-23 16:05:26 [INFO]: Number of Predicates: 13
Predicates:
- IsPedestrian: {'instance': "Function('IsPed', entity_sorts['Entity'], BoolSort())", 'arity': 1, 'method': 'IsPed(Entity)', 'function': 'logicity.utils.pred_converter.z3.IsPed'}
- IsCar: {'instance': "Function('IsCar', entity_sorts['Entity'], BoolSort())", 'arity': 1, 'method': 'IsCar(Entity)', 'function': 'logicity.utils.pred_converter.z3.IsCar'}
- IsAmbulance: {'instance': "Function('IsAmb', entity_sorts['Entity'], BoolSort())", 'arity': 1, 'method': 'IsAmb(Entity)', 'function': 'logicity.utils.pred_converter.z3.IsAmb'}
- IsOld: {'instance': "Function('IsOld', entity_sorts['Entity'], BoolSort())", 'arity': 1, 'method': 'IsOld(Entity)', 'function': 'logicity.utils.pred_converter.z3.IsOld'}
- IsTiro: {'instance': "Function('IsTiro', entity_sorts['Entity'], BoolSort())", 'arity': 1, 'method': 'IsTiro(Entity)', 'function': 'logicity.utils.pred_converter.z3.IsTiro'}
- IsAtInter: {'instance': "Function('IsAtInter', entity_sorts['Entity'], BoolSort())", 'arity': 1, 'method': 'IsAtInter(Entity)', 'function': 'logicity.utils.pred_converter.z3.IsAtInter'}
- IsInInter: {'instance': "Function('IsInInter', entity_sorts['Entity'], BoolSort())", 'arity': 1, 'method': 'IsInInter(Entity)', 'function': 'logicity.utils.pred_converter.z3.IsInInter'}
- HigherPri: {'instance': "Function('HigherPri', entity_sorts['Entity'], entity_sorts['Entity'], BoolSort())", 'arity': 2, 'method': 'HigherPri(Entity, Entity)', 'function': 'logicity.utils.pred_converter.z3.HigherPri'}
- CollidingClose: {'instance': "Function('CollidingClose', entity_sorts['Entity'], entity_sorts['Entity'], BoolSort())", 'arity': 2, 'method': 'CollidingClose(Entity, Entity)', 'function': 'logicity.utils.pred_converter.z3.CollidingClose'}
- Stop: {'instance': "Function('Stop', entity_sorts['Entity'], BoolSort())", 'arity': 1, 'method': 'Stop(Entity)', 'function': 'None'}
- Fast: {'instance': "Function('Fast', entity_sorts['Entity'], BoolSort())", 'arity': 1, 'method': 'Fast(Entity)', 'function': 'None'}
- Normal: {'instance': "Function('Normal', entity_sorts['Entity'], BoolSort())", 'arity': 1, 'method': 'Normal(Entity)', 'function': 'None'}
- Slow: {'instance': "Function('Slow', entity_sorts['Entity'], BoolSort())", 'arity': 1, 'method': 'Slow(Entity)', 'function': 'None'}
2026-05-23 16:05:26 [INFO]: *** Sim Rule ***: Stop -> 
 Stop(entity) == Exists(
  [dummyEntity], 
  Or(
    And(
      IsAtInter(entity), 
      IsInInter(dummyEntity), 
    ),
    And(
      IsAtInter(entity), 
      IsAtInter(dummyEntity), 
      HigherPri(dummyEntity, entity),
    ),
    CollidingClose(entity, dummyEntity)
  )
)

2026-05-23 16:05:26 [INFO]: *** Task Rule ***: Collision and Intersection -> 
 Implies(Exists(
  [dummyEntity], 
    Or(
      And(
        IsAtInter(entity), 
        IsInInter(dummyEntity), 
      ),
      And(
        IsAtInter(entity), 
        IsAtInter(dummyEntity), 
        HigherPri(dummyEntity, entity),
      ),
      CollidingClose(entity, dummyEntity)
    )
  ),
  Stop(entity)
)

2026-05-23 16:05:26 [INFO]: *** Expert Rule ***: Stop -> 
 Stop(entity) == Exists(
[dummyEntity], 
  Or(
    And(
      IsAtInter(entity), 
      IsInInter(dummyEntity), 
    ),
    And(
      IsAtInter(entity), 
      IsAtInter(dummyEntity), 
      HigherPri(dummyEntity, entity),
    ),
    CollidingClose(entity, dummyEntity)
  )
)

2026-05-23 16:05:26 [INFO]: *** Expert Rule ***: Slow -> 
 Not(Slow(entity))

2026-05-23 16:05:26 [INFO]: *** Expert Rule ***: Fast -> 
 Not(Fast(entity))

2026-05-23 16:05:26 [INFO]: *** Expert Rule ***: Normal -> 
 Normal(entity) == Not(Stop(entity))
2026-05-23 16:05:26 [INFO]: Rules created successfully
2026-05-23 16:05:26 [INFO]: Rules will be grounded later...
2026-05-23 16:05:26 [INFO]: Given Predicates {'IsPedestrian': {'instance': IsPed, 'arity': 1, 'method': 'IsPed(Entity)', 'function': 'logicity.utils.pred_converter.z3.IsPed'}, 'IsCar': {'instance': IsCar, 'arity': 1, 'method': 'IsCar(Entity)', 'function': 'logicity.utils.pred_converter.z3.IsCar'}, 'IsAmbulance': {'instance': IsAmb, 'arity': 1, 'method': 'IsAmb(Entity)', 'function': 'logicity.utils.pred_converter.z3.IsAmb'}, 'IsOld': {'instance': IsOld, 'arity': 1, 'method': 'IsOld(Entity)', 'function': 'logicity.utils.pred_converter.z3.IsOld'}, 'IsTiro': {'instance': IsTiro, 'arity': 1, 'method': 'IsTiro(Entity)', 'function': 'logicity.utils.pred_converter.z3.IsTiro'}, 'IsAtInter': {'instance': IsAtInter, 'arity': 1, 'method': 'IsAtInter(Entity)', 'function': 'logicity.utils.pred_converter.z3.IsAtInter'}, 'IsInInter': {'instance': IsInInter, 'arity': 1, 'method': 'IsInInter(Entity)', 'function': 'logicity.utils.pred_converter.z3.IsInInter'}, 'HigherPri': {'instance': HigherPri, 'arity': 2, 'method': 'HigherPri(Entity, Entity)', 'function': 'logicity.utils.pred_converter.z3.HigherPri'}, 'CollidingClose': {'instance': CollidingClose, 'arity': 2, 'method': 'CollidingClose(Entity, Entity)', 'function': 'logicity.utils.pred_converter.z3.CollidingClose'}, 'Stop': {'instance': Stop, 'arity': 1, 'method': 'Stop(Entity)', 'function': 'None'}, 'Fast': {'instance': Fast, 'arity': 1, 'method': 'Fast(Entity)', 'function': 'None'}, 'Normal': {'instance': Normal, 'arity': 1, 'method': 'Normal(Entity)', 'function': 'None'}, 'Slow': {'instance': Slow, 'arity': 1, 'method': 'Slow(Entity)', 'function': 'None'}}, the FOV entities {'Entity': 3}, The logic grounding shape is: 39
2026-05-23 16:05:26 [INFO]: Local planner constructed!
2026-05-23 16:05:26 [INFO]: Constructing 22 streets
2026-05-23 16:05:26 [INFO]: Constructing 16 buildings
2026-05-23 16:05:27 [INFO]: Adding 4 agents, they are constrained in 103 region
2026-05-23 16:05:27 [INFO]: Car_1 initialization done!
2026-05-23 16:05:27 [INFO]: Pedestrian_1 initialization done!
2026-05-23 16:05:28 [INFO]: Car_2 initialization done!
2026-05-23 16:05:28 [INFO]: Car_3 initialization done!
2026-05-23 16:05:28 [INFO]: Done!
2026-05-23 16:05:28 [INFO]: ***Init RL Agent in Env***
2026-05-23 16:05:44 [INFO]: Episode 9 failed.
2026-05-23 16:05:44 [INFO]: Episode 9 achieved a score of -3.960000000000001
2026-05-23 16:05:44 [INFO]: Episode 9 Success: 0
2026-05-23 16:05:44 [INFO]: Episode 9 Decision Step: {3: 0}
2026-05-23 16:05:44 [INFO]: Episode 9 Success Decision: {3: 0}
2026-05-23 16:05:44 [INFO]: Evaluating episode 10...
2026-05-23 16:05:44 [INFO]: Episode label: {'oracle_step': 98, 'stop_count': 39, 'has_stop': True, 'ego_crosses': True, 'ego_eta': 59, 'ego_direction': 'left', 'other_crosses': 3, 'close_other_count': 0, 'pedestrian_close': None, 'conflicting_approach': False, 'total_crosses': 4}
2026-05-23 16:05:44 [INFO]: Get map info from config/maps/square_2x2.yaml
2026-05-23 16:05:45 [INFO]: Get agent info from config/agents/easy_lite/val.yaml
2026-05-23 16:05:45 [INFO]: Get onology and rules info from config/rules/ontology_easy.yaml, config/rules/Nav/easy/expert.yaml
2026-05-23 16:05:45 [INFO]: Number of Entity Types: 1
Entity Types:
- Entity
2026-05-23 16:05:45 [INFO]: Number of Predicates: 13
Predicates:
- IsPedestrian: {'instance': "Function('IsPed', entity_sorts['Entity'], BoolSort())", 'arity': 1, 'method': 'IsPed(Entity)', 'function': 'logicity.utils.pred_converter.z3.IsPed'}
- IsCar: {'instance': "Function('IsCar', entity_sorts['Entity'], BoolSort())", 'arity': 1, 'method': 'IsCar(Entity)', 'function': 'logicity.utils.pred_converter.z3.IsCar'}
- IsAmbulance: {'instance': "Function('IsAmb', entity_sorts['Entity'], BoolSort())", 'arity': 1, 'method': 'IsAmb(Entity)', 'function': 'logicity.utils.pred_converter.z3.IsAmb'}
- IsOld: {'instance': "Function('IsOld', entity_sorts['Entity'], BoolSort())", 'arity': 1, 'method': 'IsOld(Entity)', 'function': 'logicity.utils.pred_converter.z3.IsOld'}
- IsTiro: {'instance': "Function('IsTiro', entity_sorts['Entity'], BoolSort())", 'arity': 1, 'method': 'IsTiro(Entity)', 'function': 'logicity.utils.pred_converter.z3.IsTiro'}
- IsAtInter: {'instance': "Function('IsAtInter', entity_sorts['Entity'], BoolSort())", 'arity': 1, 'method': 'IsAtInter(Entity)', 'function': 'logicity.utils.pred_converter.z3.IsAtInter'}
- IsInInter: {'instance': "Function('IsInInter', entity_sorts['Entity'], BoolSort())", 'arity': 1, 'method': 'IsInInter(Entity)', 'function': 'logicity.utils.pred_converter.z3.IsInInter'}
- HigherPri: {'instance': "Function('HigherPri', entity_sorts['Entity'], entity_sorts['Entity'], BoolSort())", 'arity': 2, 'method': 'HigherPri(Entity, Entity)', 'function': 'logicity.utils.pred_converter.z3.HigherPri'}
- CollidingClose: {'instance': "Function('CollidingClose', entity_sorts['Entity'], entity_sorts['Entity'], BoolSort())", 'arity': 2, 'method': 'CollidingClose(Entity, Entity)', 'function': 'logicity.utils.pred_converter.z3.CollidingClose'}
- Stop: {'instance': "Function('Stop', entity_sorts['Entity'], BoolSort())", 'arity': 1, 'method': 'Stop(Entity)', 'function': 'None'}
- Fast: {'instance': "Function('Fast', entity_sorts['Entity'], BoolSort())", 'arity': 1, 'method': 'Fast(Entity)', 'function': 'None'}
- Normal: {'instance': "Function('Normal', entity_sorts['Entity'], BoolSort())", 'arity': 1, 'method': 'Normal(Entity)', 'function': 'None'}
- Slow: {'instance': "Function('Slow', entity_sorts['Entity'], BoolSort())", 'arity': 1, 'method': 'Slow(Entity)', 'function': 'None'}
2026-05-23 16:05:45 [INFO]: *** Sim Rule ***: Stop -> 
 Stop(entity) == Exists(
  [dummyEntity], 
  Or(
    And(
      IsAtInter(entity), 
      IsInInter(dummyEntity), 
    ),
    And(
      IsAtInter(entity), 
      IsAtInter(dummyEntity), 
      HigherPri(dummyEntity, entity),
    ),
    CollidingClose(entity, dummyEntity)
  )
)

2026-05-23 16:05:45 [INFO]: *** Task Rule ***: Collision and Intersection -> 
 Implies(Exists(
  [dummyEntity], 
    Or(
      And(
        IsAtInter(entity), 
        IsInInter(dummyEntity), 
      ),
      And(
        IsAtInter(entity), 
        IsAtInter(dummyEntity), 
        HigherPri(dummyEntity, entity),
      ),
      CollidingClose(entity, dummyEntity)
    )
  ),
  Stop(entity)
)

2026-05-23 16:05:45 [INFO]: *** Expert Rule ***: Stop -> 
 Stop(entity) == Exists(
[dummyEntity], 
  Or(
    And(
      IsAtInter(entity), 
      IsInInter(dummyEntity), 
    ),
    And(
      IsAtInter(entity), 
      IsAtInter(dummyEntity), 
      HigherPri(dummyEntity, entity),
    ),
    CollidingClose(entity, dummyEntity)
  )
)

2026-05-23 16:05:45 [INFO]: *** Expert Rule ***: Slow -> 
 Not(Slow(entity))

2026-05-23 16:05:45 [INFO]: *** Expert Rule ***: Fast -> 
 Not(Fast(entity))

2026-05-23 16:05:45 [INFO]: *** Expert Rule ***: Normal -> 
 Normal(entity) == Not(Stop(entity))
2026-05-23 16:05:45 [INFO]: Rules created successfully
2026-05-23 16:05:45 [INFO]: Rules will be grounded later...
2026-05-23 16:05:45 [INFO]: Given Predicates {'IsPedestrian': {'instance': IsPed, 'arity': 1, 'method': 'IsPed(Entity)', 'function': 'logicity.utils.pred_converter.z3.IsPed'}, 'IsCar': {'instance': IsCar, 'arity': 1, 'method': 'IsCar(Entity)', 'function': 'logicity.utils.pred_converter.z3.IsCar'}, 'IsAmbulance': {'instance': IsAmb, 'arity': 1, 'method': 'IsAmb(Entity)', 'function': 'logicity.utils.pred_converter.z3.IsAmb'}, 'IsOld': {'instance': IsOld, 'arity': 1, 'method': 'IsOld(Entity)', 'function': 'logicity.utils.pred_converter.z3.IsOld'}, 'IsTiro': {'instance': IsTiro, 'arity': 1, 'method': 'IsTiro(Entity)', 'function': 'logicity.utils.pred_converter.z3.IsTiro'}, 'IsAtInter': {'instance': IsAtInter, 'arity': 1, 'method': 'IsAtInter(Entity)', 'function': 'logicity.utils.pred_converter.z3.IsAtInter'}, 'IsInInter': {'instance': IsInInter, 'arity': 1, 'method': 'IsInInter(Entity)', 'function': 'logicity.utils.pred_converter.z3.IsInInter'}, 'HigherPri': {'instance': HigherPri, 'arity': 2, 'method': 'HigherPri(Entity, Entity)', 'function': 'logicity.utils.pred_converter.z3.HigherPri'}, 'CollidingClose': {'instance': CollidingClose, 'arity': 2, 'method': 'CollidingClose(Entity, Entity)', 'function': 'logicity.utils.pred_converter.z3.CollidingClose'}, 'Stop': {'instance': Stop, 'arity': 1, 'method': 'Stop(Entity)', 'function': 'None'}, 'Fast': {'instance': Fast, 'arity': 1, 'method': 'Fast(Entity)', 'function': 'None'}, 'Normal': {'instance': Normal, 'arity': 1, 'method': 'Normal(Entity)', 'function': 'None'}, 'Slow': {'instance': Slow, 'arity': 1, 'method': 'Slow(Entity)', 'function': 'None'}}, the FOV entities {'Entity': 3}, The logic grounding shape is: 39
2026-05-23 16:05:45 [INFO]: Local planner constructed!
2026-05-23 16:05:45 [INFO]: Constructing 22 streets
2026-05-23 16:05:45 [INFO]: Constructing 16 buildings
2026-05-23 16:05:45 [INFO]: Adding 4 agents, they are constrained in 103 region
2026-05-23 16:05:46 [INFO]: Car_1 initialization done!
2026-05-23 16:05:46 [INFO]: Pedestrian_1 initialization done!
2026-05-23 16:05:46 [INFO]: Car_2 initialization done!
2026-05-23 16:05:47 [INFO]: Car_3 initialization done!
2026-05-23 16:05:47 [INFO]: Done!
2026-05-23 16:05:47 [INFO]: ***Init RL Agent in Env***
2026-05-23 16:06:19 [INFO]: Episode 10 failed.
2026-05-23 16:06:19 [INFO]: Episode 10 achieved a score of -4.960000000000002
2026-05-23 16:06:19 [INFO]: Episode 10 Success: 0
2026-05-23 16:06:19 [INFO]: Episode 10 Decision Step: {3: 0}
2026-05-23 16:06:19 [INFO]: Episode 10 Success Decision: {3: 0}
2026-05-23 16:06:19 [INFO]: Evaluating episode 11...
2026-05-23 16:06:19 [INFO]: Episode label: {'oracle_step': 69, 'stop_count': 0, 'has_stop': False, 'ego_crosses': True, 'ego_eta': 53, 'ego_direction': 'right', 'other_crosses': 3, 'close_other_count': 0, 'pedestrian_close': None, 'conflicting_approach': False, 'total_crosses': 4}
2026-05-23 16:06:20 [INFO]: Get map info from config/maps/square_2x2.yaml
2026-05-23 16:06:20 [INFO]: Get agent info from config/agents/easy_lite/val.yaml
2026-05-23 16:06:20 [INFO]: Get onology and rules info from config/rules/ontology_easy.yaml, config/rules/Nav/easy/expert.yaml
2026-05-23 16:06:20 [INFO]: Number of Entity Types: 1
Entity Types:
- Entity
2026-05-23 16:06:20 [INFO]: Number of Predicates: 13
Predicates:
- IsPedestrian: {'instance': "Function('IsPed', entity_sorts['Entity'], BoolSort())", 'arity': 1, 'method': 'IsPed(Entity)', 'function': 'logicity.utils.pred_converter.z3.IsPed'}
- IsCar: {'instance': "Function('IsCar', entity_sorts['Entity'], BoolSort())", 'arity': 1, 'method': 'IsCar(Entity)', 'function': 'logicity.utils.pred_converter.z3.IsCar'}
- IsAmbulance: {'instance': "Function('IsAmb', entity_sorts['Entity'], BoolSort())", 'arity': 1, 'method': 'IsAmb(Entity)', 'function': 'logicity.utils.pred_converter.z3.IsAmb'}
- IsOld: {'instance': "Function('IsOld', entity_sorts['Entity'], BoolSort())", 'arity': 1, 'method': 'IsOld(Entity)', 'function': 'logicity.utils.pred_converter.z3.IsOld'}
- IsTiro: {'instance': "Function('IsTiro', entity_sorts['Entity'], BoolSort())", 'arity': 1, 'method': 'IsTiro(Entity)', 'function': 'logicity.utils.pred_converter.z3.IsTiro'}
- IsAtInter: {'instance': "Function('IsAtInter', entity_sorts['Entity'], BoolSort())", 'arity': 1, 'method': 'IsAtInter(Entity)', 'function': 'logicity.utils.pred_converter.z3.IsAtInter'}
- IsInInter: {'instance': "Function('IsInInter', entity_sorts['Entity'], BoolSort())", 'arity': 1, 'method': 'IsInInter(Entity)', 'function': 'logicity.utils.pred_converter.z3.IsInInter'}
- HigherPri: {'instance': "Function('HigherPri', entity_sorts['Entity'], entity_sorts['Entity'], BoolSort())", 'arity': 2, 'method': 'HigherPri(Entity, Entity)', 'function': 'logicity.utils.pred_converter.z3.HigherPri'}
- CollidingClose: {'instance': "Function('CollidingClose', entity_sorts['Entity'], entity_sorts['Entity'], BoolSort())", 'arity': 2, 'method': 'CollidingClose(Entity, Entity)', 'function': 'logicity.utils.pred_converter.z3.CollidingClose'}
- Stop: {'instance': "Function('Stop', entity_sorts['Entity'], BoolSort())", 'arity': 1, 'method': 'Stop(Entity)', 'function': 'None'}
- Fast: {'instance': "Function('Fast', entity_sorts['Entity'], BoolSort())", 'arity': 1, 'method': 'Fast(Entity)', 'function': 'None'}
- Normal: {'instance': "Function('Normal', entity_sorts['Entity'], BoolSort())", 'arity': 1, 'method': 'Normal(Entity)', 'function': 'None'}
- Slow: {'instance': "Function('Slow', entity_sorts['Entity'], BoolSort())", 'arity': 1, 'method': 'Slow(Entity)', 'function': 'None'}
2026-05-23 16:06:20 [INFO]: *** Sim Rule ***: Stop -> 
 Stop(entity) == Exists(
  [dummyEntity], 
  Or(
    And(
      IsAtInter(entity), 
      IsInInter(dummyEntity), 
    ),
    And(
      IsAtInter(entity), 
      IsAtInter(dummyEntity), 
      HigherPri(dummyEntity, entity),
    ),
    CollidingClose(entity, dummyEntity)
  )
)

2026-05-23 16:06:20 [INFO]: *** Task Rule ***: Collision and Intersection -> 
 Implies(Exists(
  [dummyEntity], 
    Or(
      And(
        IsAtInter(entity), 
        IsInInter(dummyEntity), 
      ),
      And(
        IsAtInter(entity), 
        IsAtInter(dummyEntity), 
        HigherPri(dummyEntity, entity),
      ),
      CollidingClose(entity, dummyEntity)
    )
  ),
  Stop(entity)
)

2026-05-23 16:06:20 [INFO]: *** Expert Rule ***: Stop -> 
 Stop(entity) == Exists(
[dummyEntity], 
  Or(
    And(
      IsAtInter(entity), 
      IsInInter(dummyEntity), 
    ),
    And(
      IsAtInter(entity), 
      IsAtInter(dummyEntity), 
      HigherPri(dummyEntity, entity),
    ),
    CollidingClose(entity, dummyEntity)
  )
)

2026-05-23 16:06:20 [INFO]: *** Expert Rule ***: Slow -> 
 Not(Slow(entity))

2026-05-23 16:06:20 [INFO]: *** Expert Rule ***: Fast -> 
 Not(Fast(entity))

2026-05-23 16:06:20 [INFO]: *** Expert Rule ***: Normal -> 
 Normal(entity) == Not(Stop(entity))
2026-05-23 16:06:20 [INFO]: Rules created successfully
2026-05-23 16:06:20 [INFO]: Rules will be grounded later...
2026-05-23 16:06:20 [INFO]: Given Predicates {'IsPedestrian': {'instance': IsPed, 'arity': 1, 'method': 'IsPed(Entity)', 'function': 'logicity.utils.pred_converter.z3.IsPed'}, 'IsCar': {'instance': IsCar, 'arity': 1, 'method': 'IsCar(Entity)', 'function': 'logicity.utils.pred_converter.z3.IsCar'}, 'IsAmbulance': {'instance': IsAmb, 'arity': 1, 'method': 'IsAmb(Entity)', 'function': 'logicity.utils.pred_converter.z3.IsAmb'}, 'IsOld': {'instance': IsOld, 'arity': 1, 'method': 'IsOld(Entity)', 'function': 'logicity.utils.pred_converter.z3.IsOld'}, 'IsTiro': {'instance': IsTiro, 'arity': 1, 'method': 'IsTiro(Entity)', 'function': 'logicity.utils.pred_converter.z3.IsTiro'}, 'IsAtInter': {'instance': IsAtInter, 'arity': 1, 'method': 'IsAtInter(Entity)', 'function': 'logicity.utils.pred_converter.z3.IsAtInter'}, 'IsInInter': {'instance': IsInInter, 'arity': 1, 'method': 'IsInInter(Entity)', 'function': 'logicity.utils.pred_converter.z3.IsInInter'}, 'HigherPri': {'instance': HigherPri, 'arity': 2, 'method': 'HigherPri(Entity, Entity)', 'function': 'logicity.utils.pred_converter.z3.HigherPri'}, 'CollidingClose': {'instance': CollidingClose, 'arity': 2, 'method': 'CollidingClose(Entity, Entity)', 'function': 'logicity.utils.pred_converter.z3.CollidingClose'}, 'Stop': {'instance': Stop, 'arity': 1, 'method': 'Stop(Entity)', 'function': 'None'}, 'Fast': {'instance': Fast, 'arity': 1, 'method': 'Fast(Entity)', 'function': 'None'}, 'Normal': {'instance': Normal, 'arity': 1, 'method': 'Normal(Entity)', 'function': 'None'}, 'Slow': {'instance': Slow, 'arity': 1, 'method': 'Slow(Entity)', 'function': 'None'}}, the FOV entities {'Entity': 3}, The logic grounding shape is: 39
2026-05-23 16:06:20 [INFO]: Local planner constructed!
2026-05-23 16:06:20 [INFO]: Constructing 22 streets
2026-05-23 16:06:20 [INFO]: Constructing 16 buildings
2026-05-23 16:06:20 [INFO]: Adding 4 agents, they are constrained in 103 region
2026-05-23 16:06:21 [INFO]: Car_1 initialization done!
2026-05-23 16:06:21 [INFO]: Pedestrian_1 initialization done!
2026-05-23 16:06:21 [INFO]: Car_2 initialization done!
2026-05-23 16:06:22 [INFO]: Car_3 initialization done!
2026-05-23 16:06:22 [INFO]: Done!
2026-05-23 16:06:22 [INFO]: ***Init RL Agent in Env***
2026-05-23 16:06:45 [INFO]: Episode 11 failed.
2026-05-23 16:06:45 [INFO]: Episode 11 achieved a score of -4.380000000000001
2026-05-23 16:06:45 [INFO]: Episode 11 Success: 0
2026-05-23 16:06:45 [INFO]: Episode 11 Decision Step: {3: 0}
2026-05-23 16:06:45 [INFO]: Episode 11 Success Decision: {3: 0}
2026-05-23 16:06:45 [INFO]: Evaluating episode 12...
2026-05-23 16:06:45 [INFO]: Episode label: {'oracle_step': 46, 'stop_count': 0, 'has_stop': False, 'ego_crosses': True, 'ego_eta': 10, 'ego_direction': 'left', 'other_crosses': 3, 'close_other_count': 0, 'pedestrian_close': None, 'conflicting_approach': False, 'total_crosses': 4}
2026-05-23 16:06:45 [INFO]: Get map info from config/maps/square_2x2.yaml
2026-05-23 16:06:45 [INFO]: Get agent info from config/agents/easy_lite/val.yaml
2026-05-23 16:06:45 [INFO]: Get onology and rules info from config/rules/ontology_easy.yaml, config/rules/Nav/easy/expert.yaml
2026-05-23 16:06:45 [INFO]: Number of Entity Types: 1
Entity Types:
- Entity
2026-05-23 16:06:45 [INFO]: Number of Predicates: 13
Predicates:
- IsPedestrian: {'instance': "Function('IsPed', entity_sorts['Entity'], BoolSort())", 'arity': 1, 'method': 'IsPed(Entity)', 'function': 'logicity.utils.pred_converter.z3.IsPed'}
- IsCar: {'instance': "Function('IsCar', entity_sorts['Entity'], BoolSort())", 'arity': 1, 'method': 'IsCar(Entity)', 'function': 'logicity.utils.pred_converter.z3.IsCar'}
- IsAmbulance: {'instance': "Function('IsAmb', entity_sorts['Entity'], BoolSort())", 'arity': 1, 'method': 'IsAmb(Entity)', 'function': 'logicity.utils.pred_converter.z3.IsAmb'}
- IsOld: {'instance': "Function('IsOld', entity_sorts['Entity'], BoolSort())", 'arity': 1, 'method': 'IsOld(Entity)', 'function': 'logicity.utils.pred_converter.z3.IsOld'}
- IsTiro: {'instance': "Function('IsTiro', entity_sorts['Entity'], BoolSort())", 'arity': 1, 'method': 'IsTiro(Entity)', 'function': 'logicity.utils.pred_converter.z3.IsTiro'}
- IsAtInter: {'instance': "Function('IsAtInter', entity_sorts['Entity'], BoolSort())", 'arity': 1, 'method': 'IsAtInter(Entity)', 'function': 'logicity.utils.pred_converter.z3.IsAtInter'}
- IsInInter: {'instance': "Function('IsInInter', entity_sorts['Entity'], BoolSort())", 'arity': 1, 'method': 'IsInInter(Entity)', 'function': 'logicity.utils.pred_converter.z3.IsInInter'}
- HigherPri: {'instance': "Function('HigherPri', entity_sorts['Entity'], entity_sorts['Entity'], BoolSort())", 'arity': 2, 'method': 'HigherPri(Entity, Entity)', 'function': 'logicity.utils.pred_converter.z3.HigherPri'}
- CollidingClose: {'instance': "Function('CollidingClose', entity_sorts['Entity'], entity_sorts['Entity'], BoolSort())", 'arity': 2, 'method': 'CollidingClose(Entity, Entity)', 'function': 'logicity.utils.pred_converter.z3.CollidingClose'}
- Stop: {'instance': "Function('Stop', entity_sorts['Entity'], BoolSort())", 'arity': 1, 'method': 'Stop(Entity)', 'function': 'None'}
- Fast: {'instance': "Function('Fast', entity_sorts['Entity'], BoolSort())", 'arity': 1, 'method': 'Fast(Entity)', 'function': 'None'}
- Normal: {'instance': "Function('Normal', entity_sorts['Entity'], BoolSort())", 'arity': 1, 'method': 'Normal(Entity)', 'function': 'None'}
- Slow: {'instance': "Function('Slow', entity_sorts['Entity'], BoolSort())", 'arity': 1, 'method': 'Slow(Entity)', 'function': 'None'}
2026-05-23 16:06:45 [INFO]: *** Sim Rule ***: Stop -> 
 Stop(entity) == Exists(
  [dummyEntity], 
  Or(
    And(
      IsAtInter(entity), 
      IsInInter(dummyEntity), 
    ),
    And(
      IsAtInter(entity), 
      IsAtInter(dummyEntity), 
      HigherPri(dummyEntity, entity),
    ),
    CollidingClose(entity, dummyEntity)
  )
)

2026-05-23 16:06:45 [INFO]: *** Task Rule ***: Collision and Intersection -> 
 Implies(Exists(
  [dummyEntity], 
    Or(
      And(
        IsAtInter(entity), 
        IsInInter(dummyEntity), 
      ),
      And(
        IsAtInter(entity), 
        IsAtInter(dummyEntity), 
        HigherPri(dummyEntity, entity),
      ),
      CollidingClose(entity, dummyEntity)
    )
  ),
  Stop(entity)
)

2026-05-23 16:06:45 [INFO]: *** Expert Rule ***: Stop -> 
 Stop(entity) == Exists(
[dummyEntity], 
  Or(
    And(
      IsAtInter(entity), 
      IsInInter(dummyEntity), 
    ),
    And(
      IsAtInter(entity), 
      IsAtInter(dummyEntity), 
      HigherPri(dummyEntity, entity),
    ),
    CollidingClose(entity, dummyEntity)
  )
)

2026-05-23 16:06:45 [INFO]: *** Expert Rule ***: Slow -> 
 Not(Slow(entity))

2026-05-23 16:06:45 [INFO]: *** Expert Rule ***: Fast -> 
 Not(Fast(entity))

2026-05-23 16:06:45 [INFO]: *** Expert Rule ***: Normal -> 
 Normal(entity) == Not(Stop(entity))
2026-05-23 16:06:45 [INFO]: Rules created successfully
2026-05-23 16:06:45 [INFO]: Rules will be grounded later...
2026-05-23 16:06:45 [INFO]: Given Predicates {'IsPedestrian': {'instance': IsPed, 'arity': 1, 'method': 'IsPed(Entity)', 'function': 'logicity.utils.pred_converter.z3.IsPed'}, 'IsCar': {'instance': IsCar, 'arity': 1, 'method': 'IsCar(Entity)', 'function': 'logicity.utils.pred_converter.z3.IsCar'}, 'IsAmbulance': {'instance': IsAmb, 'arity': 1, 'method': 'IsAmb(Entity)', 'function': 'logicity.utils.pred_converter.z3.IsAmb'}, 'IsOld': {'instance': IsOld, 'arity': 1, 'method': 'IsOld(Entity)', 'function': 'logicity.utils.pred_converter.z3.IsOld'}, 'IsTiro': {'instance': IsTiro, 'arity': 1, 'method': 'IsTiro(Entity)', 'function': 'logicity.utils.pred_converter.z3.IsTiro'}, 'IsAtInter': {'instance': IsAtInter, 'arity': 1, 'method': 'IsAtInter(Entity)', 'function': 'logicity.utils.pred_converter.z3.IsAtInter'}, 'IsInInter': {'instance': IsInInter, 'arity': 1, 'method': 'IsInInter(Entity)', 'function': 'logicity.utils.pred_converter.z3.IsInInter'}, 'HigherPri': {'instance': HigherPri, 'arity': 2, 'method': 'HigherPri(Entity, Entity)', 'function': 'logicity.utils.pred_converter.z3.HigherPri'}, 'CollidingClose': {'instance': CollidingClose, 'arity': 2, 'method': 'CollidingClose(Entity, Entity)', 'function': 'logicity.utils.pred_converter.z3.CollidingClose'}, 'Stop': {'instance': Stop, 'arity': 1, 'method': 'Stop(Entity)', 'function': 'None'}, 'Fast': {'instance': Fast, 'arity': 1, 'method': 'Fast(Entity)', 'function': 'None'}, 'Normal': {'instance': Normal, 'arity': 1, 'method': 'Normal(Entity)', 'function': 'None'}, 'Slow': {'instance': Slow, 'arity': 1, 'method': 'Slow(Entity)', 'function': 'None'}}, the FOV entities {'Entity': 3}, The logic grounding shape is: 39
2026-05-23 16:06:45 [INFO]: Local planner constructed!
2026-05-23 16:06:45 [INFO]: Constructing 22 streets
2026-05-23 16:06:45 [INFO]: Constructing 16 buildings
2026-05-23 16:06:46 [INFO]: Adding 4 agents, they are constrained in 103 region
2026-05-23 16:06:46 [INFO]: Car_1 initialization done!
2026-05-23 16:06:46 [INFO]: Pedestrian_1 initialization done!
2026-05-23 16:06:47 [INFO]: Car_2 initialization done!
2026-05-23 16:06:47 [INFO]: Car_3 initialization done!
2026-05-23 16:06:47 [INFO]: Done!
2026-05-23 16:06:47 [INFO]: ***Init RL Agent in Env***
2026-05-23 16:07:03 [INFO]: Episode 12 failed.
2026-05-23 16:07:03 [INFO]: Episode 12 achieved a score of -3.920000000000001
2026-05-23 16:07:03 [INFO]: Episode 12 Success: 0
2026-05-23 16:07:03 [INFO]: Episode 12 Decision Step: {3: 0}
2026-05-23 16:07:03 [INFO]: Episode 12 Success Decision: {3: 0}
2026-05-23 16:07:03 [INFO]: Evaluating episode 13...
2026-05-23 16:07:03 [INFO]: Episode label: {'oracle_step': 70, 'stop_count': 10, 'has_stop': True, 'ego_crosses': True, 'ego_eta': 49, 'ego_direction': 'down', 'other_crosses': 3, 'close_other_count': 0, 'pedestrian_close': None, 'conflicting_approach': False, 'total_crosses': 4}
2026-05-23 16:07:03 [INFO]: Get map info from config/maps/square_2x2.yaml
2026-05-23 16:07:03 [INFO]: Get agent info from config/agents/easy_lite/val.yaml
2026-05-23 16:07:03 [INFO]: Get onology and rules info from config/rules/ontology_easy.yaml, config/rules/Nav/easy/expert.yaml
2026-05-23 16:07:03 [INFO]: Number of Entity Types: 1
Entity Types:
- Entity
2026-05-23 16:07:03 [INFO]: Number of Predicates: 13
Predicates:
- IsPedestrian: {'instance': "Function('IsPed', entity_sorts['Entity'], BoolSort())", 'arity': 1, 'method': 'IsPed(Entity)', 'function': 'logicity.utils.pred_converter.z3.IsPed'}
- IsCar: {'instance': "Function('IsCar', entity_sorts['Entity'], BoolSort())", 'arity': 1, 'method': 'IsCar(Entity)', 'function': 'logicity.utils.pred_converter.z3.IsCar'}
- IsAmbulance: {'instance': "Function('IsAmb', entity_sorts['Entity'], BoolSort())", 'arity': 1, 'method': 'IsAmb(Entity)', 'function': 'logicity.utils.pred_converter.z3.IsAmb'}
- IsOld: {'instance': "Function('IsOld', entity_sorts['Entity'], BoolSort())", 'arity': 1, 'method': 'IsOld(Entity)', 'function': 'logicity.utils.pred_converter.z3.IsOld'}
- IsTiro: {'instance': "Function('IsTiro', entity_sorts['Entity'], BoolSort())", 'arity': 1, 'method': 'IsTiro(Entity)', 'function': 'logicity.utils.pred_converter.z3.IsTiro'}
- IsAtInter: {'instance': "Function('IsAtInter', entity_sorts['Entity'], BoolSort())", 'arity': 1, 'method': 'IsAtInter(Entity)', 'function': 'logicity.utils.pred_converter.z3.IsAtInter'}
- IsInInter: {'instance': "Function('IsInInter', entity_sorts['Entity'], BoolSort())", 'arity': 1, 'method': 'IsInInter(Entity)', 'function': 'logicity.utils.pred_converter.z3.IsInInter'}
- HigherPri: {'instance': "Function('HigherPri', entity_sorts['Entity'], entity_sorts['Entity'], BoolSort())", 'arity': 2, 'method': 'HigherPri(Entity, Entity)', 'function': 'logicity.utils.pred_converter.z3.HigherPri'}
- CollidingClose: {'instance': "Function('CollidingClose', entity_sorts['Entity'], entity_sorts['Entity'], BoolSort())", 'arity': 2, 'method': 'CollidingClose(Entity, Entity)', 'function': 'logicity.utils.pred_converter.z3.CollidingClose'}
- Stop: {'instance': "Function('Stop', entity_sorts['Entity'], BoolSort())", 'arity': 1, 'method': 'Stop(Entity)', 'function': 'None'}
- Fast: {'instance': "Function('Fast', entity_sorts['Entity'], BoolSort())", 'arity': 1, 'method': 'Fast(Entity)', 'function': 'None'}
- Normal: {'instance': "Function('Normal', entity_sorts['Entity'], BoolSort())", 'arity': 1, 'method': 'Normal(Entity)', 'function': 'None'}
- Slow: {'instance': "Function('Slow', entity_sorts['Entity'], BoolSort())", 'arity': 1, 'method': 'Slow(Entity)', 'function': 'None'}
2026-05-23 16:07:03 [INFO]: *** Sim Rule ***: Stop -> 
 Stop(entity) == Exists(
  [dummyEntity], 
  Or(
    And(
      IsAtInter(entity), 
      IsInInter(dummyEntity), 
    ),
    And(
      IsAtInter(entity), 
      IsAtInter(dummyEntity), 
      HigherPri(dummyEntity, entity),
    ),
    CollidingClose(entity, dummyEntity)
  )
)

2026-05-23 16:07:03 [INFO]: *** Task Rule ***: Collision and Intersection -> 
 Implies(Exists(
  [dummyEntity], 
    Or(
      And(
        IsAtInter(entity), 
        IsInInter(dummyEntity), 
      ),
      And(
        IsAtInter(entity), 
        IsAtInter(dummyEntity), 
        HigherPri(dummyEntity, entity),
      ),
      CollidingClose(entity, dummyEntity)
    )
  ),
  Stop(entity)
)

2026-05-23 16:07:03 [INFO]: *** Expert Rule ***: Stop -> 
 Stop(entity) == Exists(
[dummyEntity], 
  Or(
    And(
      IsAtInter(entity), 
      IsInInter(dummyEntity), 
    ),
    And(
      IsAtInter(entity), 
      IsAtInter(dummyEntity), 
      HigherPri(dummyEntity, entity),
    ),
    CollidingClose(entity, dummyEntity)
  )
)

2026-05-23 16:07:03 [INFO]: *** Expert Rule ***: Slow -> 
 Not(Slow(entity))

2026-05-23 16:07:03 [INFO]: *** Expert Rule ***: Fast -> 
 Not(Fast(entity))

2026-05-23 16:07:03 [INFO]: *** Expert Rule ***: Normal -> 
 Normal(entity) == Not(Stop(entity))
2026-05-23 16:07:03 [INFO]: Rules created successfully
2026-05-23 16:07:03 [INFO]: Rules will be grounded later...
2026-05-23 16:07:03 [INFO]: Given Predicates {'IsPedestrian': {'instance': IsPed, 'arity': 1, 'method': 'IsPed(Entity)', 'function': 'logicity.utils.pred_converter.z3.IsPed'}, 'IsCar': {'instance': IsCar, 'arity': 1, 'method': 'IsCar(Entity)', 'function': 'logicity.utils.pred_converter.z3.IsCar'}, 'IsAmbulance': {'instance': IsAmb, 'arity': 1, 'method': 'IsAmb(Entity)', 'function': 'logicity.utils.pred_converter.z3.IsAmb'}, 'IsOld': {'instance': IsOld, 'arity': 1, 'method': 'IsOld(Entity)', 'function': 'logicity.utils.pred_converter.z3.IsOld'}, 'IsTiro': {'instance': IsTiro, 'arity': 1, 'method': 'IsTiro(Entity)', 'function': 'logicity.utils.pred_converter.z3.IsTiro'}, 'IsAtInter': {'instance': IsAtInter, 'arity': 1, 'method': 'IsAtInter(Entity)', 'function': 'logicity.utils.pred_converter.z3.IsAtInter'}, 'IsInInter': {'instance': IsInInter, 'arity': 1, 'method': 'IsInInter(Entity)', 'function': 'logicity.utils.pred_converter.z3.IsInInter'}, 'HigherPri': {'instance': HigherPri, 'arity': 2, 'method': 'HigherPri(Entity, Entity)', 'function': 'logicity.utils.pred_converter.z3.HigherPri'}, 'CollidingClose': {'instance': CollidingClose, 'arity': 2, 'method': 'CollidingClose(Entity, Entity)', 'function': 'logicity.utils.pred_converter.z3.CollidingClose'}, 'Stop': {'instance': Stop, 'arity': 1, 'method': 'Stop(Entity)', 'function': 'None'}, 'Fast': {'instance': Fast, 'arity': 1, 'method': 'Fast(Entity)', 'function': 'None'}, 'Normal': {'instance': Normal, 'arity': 1, 'method': 'Normal(Entity)', 'function': 'None'}, 'Slow': {'instance': Slow, 'arity': 1, 'method': 'Slow(Entity)', 'function': 'None'}}, the FOV entities {'Entity': 3}, The logic grounding shape is: 39
2026-05-23 16:07:03 [INFO]: Local planner constructed!
2026-05-23 16:07:03 [INFO]: Constructing 22 streets
2026-05-23 16:07:04 [INFO]: Constructing 16 buildings
2026-05-23 16:07:04 [INFO]: Adding 4 agents, they are constrained in 103 region
2026-05-23 16:07:05 [INFO]: Car_1 initialization done!
2026-05-23 16:07:05 [INFO]: Pedestrian_1 initialization done!
2026-05-23 16:07:05 [INFO]: Car_2 initialization done!
2026-05-23 16:07:06 [INFO]: Car_3 initialization done!
2026-05-23 16:07:06 [INFO]: Done!
2026-05-23 16:07:06 [INFO]: ***Init RL Agent in Env***
2026-05-23 16:07:29 [INFO]: Episode 13 failed.
2026-05-23 16:07:29 [INFO]: Episode 13 achieved a score of -4.400000000000001
2026-05-23 16:07:29 [INFO]: Episode 13 Success: 0
2026-05-23 16:07:29 [INFO]: Episode 13 Decision Step: {3: 0}
2026-05-23 16:07:29 [INFO]: Episode 13 Success Decision: {3: 0}
2026-05-23 16:07:29 [INFO]: Evaluating episode 14...
2026-05-23 16:07:29 [INFO]: Episode label: {'oracle_step': 57, 'stop_count': 7, 'has_stop': True, 'ego_crosses': True, 'ego_eta': 27, 'ego_direction': 'down', 'other_crosses': 3, 'close_other_count': 0, 'pedestrian_close': None, 'conflicting_approach': False, 'total_crosses': 4}
2026-05-23 16:07:29 [INFO]: Get map info from config/maps/square_2x2.yaml
2026-05-23 16:07:29 [INFO]: Get agent info from config/agents/easy_lite/val.yaml
2026-05-23 16:07:29 [INFO]: Get onology and rules info from config/rules/ontology_easy.yaml, config/rules/Nav/easy/expert.yaml
2026-05-23 16:07:29 [INFO]: Number of Entity Types: 1
Entity Types:
- Entity
2026-05-23 16:07:29 [INFO]: Number of Predicates: 13
Predicates:
- IsPedestrian: {'instance': "Function('IsPed', entity_sorts['Entity'], BoolSort())", 'arity': 1, 'method': 'IsPed(Entity)', 'function': 'logicity.utils.pred_converter.z3.IsPed'}
- IsCar: {'instance': "Function('IsCar', entity_sorts['Entity'], BoolSort())", 'arity': 1, 'method': 'IsCar(Entity)', 'function': 'logicity.utils.pred_converter.z3.IsCar'}
- IsAmbulance: {'instance': "Function('IsAmb', entity_sorts['Entity'], BoolSort())", 'arity': 1, 'method': 'IsAmb(Entity)', 'function': 'logicity.utils.pred_converter.z3.IsAmb'}
- IsOld: {'instance': "Function('IsOld', entity_sorts['Entity'], BoolSort())", 'arity': 1, 'method': 'IsOld(Entity)', 'function': 'logicity.utils.pred_converter.z3.IsOld'}
- IsTiro: {'instance': "Function('IsTiro', entity_sorts['Entity'], BoolSort())", 'arity': 1, 'method': 'IsTiro(Entity)', 'function': 'logicity.utils.pred_converter.z3.IsTiro'}
- IsAtInter: {'instance': "Function('IsAtInter', entity_sorts['Entity'], BoolSort())", 'arity': 1, 'method': 'IsAtInter(Entity)', 'function': 'logicity.utils.pred_converter.z3.IsAtInter'}
- IsInInter: {'instance': "Function('IsInInter', entity_sorts['Entity'], BoolSort())", 'arity': 1, 'method': 'IsInInter(Entity)', 'function': 'logicity.utils.pred_converter.z3.IsInInter'}
- HigherPri: {'instance': "Function('HigherPri', entity_sorts['Entity'], entity_sorts['Entity'], BoolSort())", 'arity': 2, 'method': 'HigherPri(Entity, Entity)', 'function': 'logicity.utils.pred_converter.z3.HigherPri'}
- CollidingClose: {'instance': "Function('CollidingClose', entity_sorts['Entity'], entity_sorts['Entity'], BoolSort())", 'arity': 2, 'method': 'CollidingClose(Entity, Entity)', 'function': 'logicity.utils.pred_converter.z3.CollidingClose'}
- Stop: {'instance': "Function('Stop', entity_sorts['Entity'], BoolSort())", 'arity': 1, 'method': 'Stop(Entity)', 'function': 'None'}
- Fast: {'instance': "Function('Fast', entity_sorts['Entity'], BoolSort())", 'arity': 1, 'method': 'Fast(Entity)', 'function': 'None'}
- Normal: {'instance': "Function('Normal', entity_sorts['Entity'], BoolSort())", 'arity': 1, 'method': 'Normal(Entity)', 'function': 'None'}
- Slow: {'instance': "Function('Slow', entity_sorts['Entity'], BoolSort())", 'arity': 1, 'method': 'Slow(Entity)', 'function': 'None'}
2026-05-23 16:07:29 [INFO]: *** Sim Rule ***: Stop -> 
 Stop(entity) == Exists(
  [dummyEntity], 
  Or(
    And(
      IsAtInter(entity), 
      IsInInter(dummyEntity), 
    ),
    And(
      IsAtInter(entity), 
      IsAtInter(dummyEntity), 
      HigherPri(dummyEntity, entity),
    ),
    CollidingClose(entity, dummyEntity)
  )
)

2026-05-23 16:07:29 [INFO]: *** Task Rule ***: Collision and Intersection -> 
 Implies(Exists(
  [dummyEntity], 
    Or(
      And(
        IsAtInter(entity), 
        IsInInter(dummyEntity), 
      ),
      And(
        IsAtInter(entity), 
        IsAtInter(dummyEntity), 
        HigherPri(dummyEntity, entity),
      ),
      CollidingClose(entity, dummyEntity)
    )
  ),
  Stop(entity)
)

2026-05-23 16:07:29 [INFO]: *** Expert Rule ***: Stop -> 
 Stop(entity) == Exists(
[dummyEntity], 
  Or(
    And(
      IsAtInter(entity), 
      IsInInter(dummyEntity), 
    ),
    And(
      IsAtInter(entity), 
      IsAtInter(dummyEntity), 
      HigherPri(dummyEntity, entity),
    ),
    CollidingClose(entity, dummyEntity)
  )
)

2026-05-23 16:07:29 [INFO]: *** Expert Rule ***: Slow -> 
 Not(Slow(entity))

2026-05-23 16:07:29 [INFO]: *** Expert Rule ***: Fast -> 
 Not(Fast(entity))

2026-05-23 16:07:29 [INFO]: *** Expert Rule ***: Normal -> 
 Normal(entity) == Not(Stop(entity))
2026-05-23 16:07:29 [INFO]: Rules created successfully
2026-05-23 16:07:29 [INFO]: Rules will be grounded later...
2026-05-23 16:07:29 [INFO]: Given Predicates {'IsPedestrian': {'instance': IsPed, 'arity': 1, 'method': 'IsPed(Entity)', 'function': 'logicity.utils.pred_converter.z3.IsPed'}, 'IsCar': {'instance': IsCar, 'arity': 1, 'method': 'IsCar(Entity)', 'function': 'logicity.utils.pred_converter.z3.IsCar'}, 'IsAmbulance': {'instance': IsAmb, 'arity': 1, 'method': 'IsAmb(Entity)', 'function': 'logicity.utils.pred_converter.z3.IsAmb'}, 'IsOld': {'instance': IsOld, 'arity': 1, 'method': 'IsOld(Entity)', 'function': 'logicity.utils.pred_converter.z3.IsOld'}, 'IsTiro': {'instance': IsTiro, 'arity': 1, 'method': 'IsTiro(Entity)', 'function': 'logicity.utils.pred_converter.z3.IsTiro'}, 'IsAtInter': {'instance': IsAtInter, 'arity': 1, 'method': 'IsAtInter(Entity)', 'function': 'logicity.utils.pred_converter.z3.IsAtInter'}, 'IsInInter': {'instance': IsInInter, 'arity': 1, 'method': 'IsInInter(Entity)', 'function': 'logicity.utils.pred_converter.z3.IsInInter'}, 'HigherPri': {'instance': HigherPri, 'arity': 2, 'method': 'HigherPri(Entity, Entity)', 'function': 'logicity.utils.pred_converter.z3.HigherPri'}, 'CollidingClose': {'instance': CollidingClose, 'arity': 2, 'method': 'CollidingClose(Entity, Entity)', 'function': 'logicity.utils.pred_converter.z3.CollidingClose'}, 'Stop': {'instance': Stop, 'arity': 1, 'method': 'Stop(Entity)', 'function': 'None'}, 'Fast': {'instance': Fast, 'arity': 1, 'method': 'Fast(Entity)', 'function': 'None'}, 'Normal': {'instance': Normal, 'arity': 1, 'method': 'Normal(Entity)', 'function': 'None'}, 'Slow': {'instance': Slow, 'arity': 1, 'method': 'Slow(Entity)', 'function': 'None'}}, the FOV entities {'Entity': 3}, The logic grounding shape is: 39
2026-05-23 16:07:29 [INFO]: Local planner constructed!
2026-05-23 16:07:29 [INFO]: Constructing 22 streets
2026-05-23 16:07:29 [INFO]: Constructing 16 buildings
2026-05-23 16:07:30 [INFO]: Adding 4 agents, they are constrained in 103 region
2026-05-23 16:07:30 [INFO]: Car_1 initialization done!
2026-05-23 16:07:30 [INFO]: Pedestrian_1 initialization done!
2026-05-23 16:07:31 [INFO]: Car_2 initialization done!
2026-05-23 16:07:31 [INFO]: Car_3 initialization done!
2026-05-23 16:07:31 [INFO]: Done!
2026-05-23 16:07:31 [INFO]: ***Init RL Agent in Env***
2026-05-23 16:07:50 [INFO]: Episode 14 failed.
2026-05-23 16:07:50 [INFO]: Episode 14 achieved a score of -4.140000000000001
2026-05-23 16:07:50 [INFO]: Episode 14 Success: 0
2026-05-23 16:07:50 [INFO]: Episode 14 Decision Step: {3: 0}
2026-05-23 16:07:50 [INFO]: Episode 14 Success Decision: {3: 0}
2026-05-23 16:07:50 [INFO]: Evaluating episode 15...
2026-05-23 16:07:50 [INFO]: Episode label: {'oracle_step': 77, 'stop_count': 6, 'has_stop': True, 'ego_crosses': True, 'ego_eta': 14, 'ego_direction': 'down', 'other_crosses': 3, 'close_other_count': 0, 'pedestrian_close': None, 'conflicting_approach': False, 'total_crosses': 4}
2026-05-23 16:07:50 [INFO]: Get map info from config/maps/square_2x2.yaml
2026-05-23 16:07:50 [INFO]: Get agent info from config/agents/easy_lite/val.yaml
2026-05-23 16:07:50 [INFO]: Get onology and rules info from config/rules/ontology_easy.yaml, config/rules/Nav/easy/expert.yaml
2026-05-23 16:07:50 [INFO]: Number of Entity Types: 1
Entity Types:
- Entity
2026-05-23 16:07:50 [INFO]: Number of Predicates: 13
Predicates:
- IsPedestrian: {'instance': "Function('IsPed', entity_sorts['Entity'], BoolSort())", 'arity': 1, 'method': 'IsPed(Entity)', 'function': 'logicity.utils.pred_converter.z3.IsPed'}
- IsCar: {'instance': "Function('IsCar', entity_sorts['Entity'], BoolSort())", 'arity': 1, 'method': 'IsCar(Entity)', 'function': 'logicity.utils.pred_converter.z3.IsCar'}
- IsAmbulance: {'instance': "Function('IsAmb', entity_sorts['Entity'], BoolSort())", 'arity': 1, 'method': 'IsAmb(Entity)', 'function': 'logicity.utils.pred_converter.z3.IsAmb'}
- IsOld: {'instance': "Function('IsOld', entity_sorts['Entity'], BoolSort())", 'arity': 1, 'method': 'IsOld(Entity)', 'function': 'logicity.utils.pred_converter.z3.IsOld'}
- IsTiro: {'instance': "Function('IsTiro', entity_sorts['Entity'], BoolSort())", 'arity': 1, 'method': 'IsTiro(Entity)', 'function': 'logicity.utils.pred_converter.z3.IsTiro'}
- IsAtInter: {'instance': "Function('IsAtInter', entity_sorts['Entity'], BoolSort())", 'arity': 1, 'method': 'IsAtInter(Entity)', 'function': 'logicity.utils.pred_converter.z3.IsAtInter'}
- IsInInter: {'instance': "Function('IsInInter', entity_sorts['Entity'], BoolSort())", 'arity': 1, 'method': 'IsInInter(Entity)', 'function': 'logicity.utils.pred_converter.z3.IsInInter'}
- HigherPri: {'instance': "Function('HigherPri', entity_sorts['Entity'], entity_sorts['Entity'], BoolSort())", 'arity': 2, 'method': 'HigherPri(Entity, Entity)', 'function': 'logicity.utils.pred_converter.z3.HigherPri'}
- CollidingClose: {'instance': "Function('CollidingClose', entity_sorts['Entity'], entity_sorts['Entity'], BoolSort())", 'arity': 2, 'method': 'CollidingClose(Entity, Entity)', 'function': 'logicity.utils.pred_converter.z3.CollidingClose'}
- Stop: {'instance': "Function('Stop', entity_sorts['Entity'], BoolSort())", 'arity': 1, 'method': 'Stop(Entity)', 'function': 'None'}
- Fast: {'instance': "Function('Fast', entity_sorts['Entity'], BoolSort())", 'arity': 1, 'method': 'Fast(Entity)', 'function': 'None'}
- Normal: {'instance': "Function('Normal', entity_sorts['Entity'], BoolSort())", 'arity': 1, 'method': 'Normal(Entity)', 'function': 'None'}
- Slow: {'instance': "Function('Slow', entity_sorts['Entity'], BoolSort())", 'arity': 1, 'method': 'Slow(Entity)', 'function': 'None'}
2026-05-23 16:07:50 [INFO]: *** Sim Rule ***: Stop -> 
 Stop(entity) == Exists(
  [dummyEntity], 
  Or(
    And(
      IsAtInter(entity), 
      IsInInter(dummyEntity), 
    ),
    And(
      IsAtInter(entity), 
      IsAtInter(dummyEntity), 
      HigherPri(dummyEntity, entity),
    ),
    CollidingClose(entity, dummyEntity)
  )
)

2026-05-23 16:07:50 [INFO]: *** Task Rule ***: Collision and Intersection -> 
 Implies(Exists(
  [dummyEntity], 
    Or(
      And(
        IsAtInter(entity), 
        IsInInter(dummyEntity), 
      ),
      And(
        IsAtInter(entity), 
        IsAtInter(dummyEntity), 
        HigherPri(dummyEntity, entity),
      ),
      CollidingClose(entity, dummyEntity)
    )
  ),
  Stop(entity)
)

2026-05-23 16:07:50 [INFO]: *** Expert Rule ***: Stop -> 
 Stop(entity) == Exists(
[dummyEntity], 
  Or(
    And(
      IsAtInter(entity), 
      IsInInter(dummyEntity), 
    ),
    And(
      IsAtInter(entity), 
      IsAtInter(dummyEntity), 
      HigherPri(dummyEntity, entity),
    ),
    CollidingClose(entity, dummyEntity)
  )
)

2026-05-23 16:07:50 [INFO]: *** Expert Rule ***: Slow -> 
 Not(Slow(entity))

2026-05-23 16:07:50 [INFO]: *** Expert Rule ***: Fast -> 
 Not(Fast(entity))

2026-05-23 16:07:50 [INFO]: *** Expert Rule ***: Normal -> 
 Normal(entity) == Not(Stop(entity))
2026-05-23 16:07:50 [INFO]: Rules created successfully
2026-05-23 16:07:50 [INFO]: Rules will be grounded later...
2026-05-23 16:07:50 [INFO]: Given Predicates {'IsPedestrian': {'instance': IsPed, 'arity': 1, 'method': 'IsPed(Entity)', 'function': 'logicity.utils.pred_converter.z3.IsPed'}, 'IsCar': {'instance': IsCar, 'arity': 1, 'method': 'IsCar(Entity)', 'function': 'logicity.utils.pred_converter.z3.IsCar'}, 'IsAmbulance': {'instance': IsAmb, 'arity': 1, 'method': 'IsAmb(Entity)', 'function': 'logicity.utils.pred_converter.z3.IsAmb'}, 'IsOld': {'instance': IsOld, 'arity': 1, 'method': 'IsOld(Entity)', 'function': 'logicity.utils.pred_converter.z3.IsOld'}, 'IsTiro': {'instance': IsTiro, 'arity': 1, 'method': 'IsTiro(Entity)', 'function': 'logicity.utils.pred_converter.z3.IsTiro'}, 'IsAtInter': {'instance': IsAtInter, 'arity': 1, 'method': 'IsAtInter(Entity)', 'function': 'logicity.utils.pred_converter.z3.IsAtInter'}, 'IsInInter': {'instance': IsInInter, 'arity': 1, 'method': 'IsInInter(Entity)', 'function': 'logicity.utils.pred_converter.z3.IsInInter'}, 'HigherPri': {'instance': HigherPri, 'arity': 2, 'method': 'HigherPri(Entity, Entity)', 'function': 'logicity.utils.pred_converter.z3.HigherPri'}, 'CollidingClose': {'instance': CollidingClose, 'arity': 2, 'method': 'CollidingClose(Entity, Entity)', 'function': 'logicity.utils.pred_converter.z3.CollidingClose'}, 'Stop': {'instance': Stop, 'arity': 1, 'method': 'Stop(Entity)', 'function': 'None'}, 'Fast': {'instance': Fast, 'arity': 1, 'method': 'Fast(Entity)', 'function': 'None'}, 'Normal': {'instance': Normal, 'arity': 1, 'method': 'Normal(Entity)', 'function': 'None'}, 'Slow': {'instance': Slow, 'arity': 1, 'method': 'Slow(Entity)', 'function': 'None'}}, the FOV entities {'Entity': 3}, The logic grounding shape is: 39
2026-05-23 16:07:50 [INFO]: Local planner constructed!
2026-05-23 16:07:50 [INFO]: Constructing 22 streets
2026-05-23 16:07:51 [INFO]: Constructing 16 buildings
2026-05-23 16:07:51 [INFO]: Adding 4 agents, they are constrained in 103 region
2026-05-23 16:07:51 [INFO]: Car_1 initialization done!
2026-05-23 16:07:51 [INFO]: Pedestrian_1 initialization done!
2026-05-23 16:07:52 [INFO]: Car_2 initialization done!
2026-05-23 16:07:52 [INFO]: Car_3 initialization done!
2026-05-23 16:07:52 [INFO]: Done!
2026-05-23 16:07:52 [INFO]: ***Init RL Agent in Env***
2026-05-23 16:08:19 [INFO]: Episode 15 failed.
2026-05-23 16:08:19 [INFO]: Episode 15 achieved a score of -4.540000000000001
2026-05-23 16:08:19 [INFO]: Episode 15 Success: 0
2026-05-23 16:08:19 [INFO]: Episode 15 Decision Step: {3: 0}
2026-05-23 16:08:19 [INFO]: Episode 15 Success Decision: {3: 0}
2026-05-23 16:08:19 [INFO]: Evaluating episode 16...
2026-05-23 16:08:19 [INFO]: Episode label: {'oracle_step': 110, 'stop_count': 38, 'has_stop': True, 'ego_crosses': True, 'ego_eta': 70, 'ego_direction': 'up', 'other_crosses': 3, 'close_other_count': 0, 'pedestrian_close': None, 'conflicting_approach': False, 'total_crosses': 4}
2026-05-23 16:08:19 [INFO]: Get map info from config/maps/square_2x2.yaml
2026-05-23 16:08:19 [INFO]: Get agent info from config/agents/easy_lite/val.yaml
2026-05-23 16:08:19 [INFO]: Get onology and rules info from config/rules/ontology_easy.yaml, config/rules/Nav/easy/expert.yaml
2026-05-23 16:08:19 [INFO]: Number of Entity Types: 1
Entity Types:
- Entity
2026-05-23 16:08:19 [INFO]: Number of Predicates: 13
Predicates:
- IsPedestrian: {'instance': "Function('IsPed', entity_sorts['Entity'], BoolSort())", 'arity': 1, 'method': 'IsPed(Entity)', 'function': 'logicity.utils.pred_converter.z3.IsPed'}
- IsCar: {'instance': "Function('IsCar', entity_sorts['Entity'], BoolSort())", 'arity': 1, 'method': 'IsCar(Entity)', 'function': 'logicity.utils.pred_converter.z3.IsCar'}
- IsAmbulance: {'instance': "Function('IsAmb', entity_sorts['Entity'], BoolSort())", 'arity': 1, 'method': 'IsAmb(Entity)', 'function': 'logicity.utils.pred_converter.z3.IsAmb'}
- IsOld: {'instance': "Function('IsOld', entity_sorts['Entity'], BoolSort())", 'arity': 1, 'method': 'IsOld(Entity)', 'function': 'logicity.utils.pred_converter.z3.IsOld'}
- IsTiro: {'instance': "Function('IsTiro', entity_sorts['Entity'], BoolSort())", 'arity': 1, 'method': 'IsTiro(Entity)', 'function': 'logicity.utils.pred_converter.z3.IsTiro'}
- IsAtInter: {'instance': "Function('IsAtInter', entity_sorts['Entity'], BoolSort())", 'arity': 1, 'method': 'IsAtInter(Entity)', 'function': 'logicity.utils.pred_converter.z3.IsAtInter'}
- IsInInter: {'instance': "Function('IsInInter', entity_sorts['Entity'], BoolSort())", 'arity': 1, 'method': 'IsInInter(Entity)', 'function': 'logicity.utils.pred_converter.z3.IsInInter'}
- HigherPri: {'instance': "Function('HigherPri', entity_sorts['Entity'], entity_sorts['Entity'], BoolSort())", 'arity': 2, 'method': 'HigherPri(Entity, Entity)', 'function': 'logicity.utils.pred_converter.z3.HigherPri'}
- CollidingClose: {'instance': "Function('CollidingClose', entity_sorts['Entity'], entity_sorts['Entity'], BoolSort())", 'arity': 2, 'method': 'CollidingClose(Entity, Entity)', 'function': 'logicity.utils.pred_converter.z3.CollidingClose'}
- Stop: {'instance': "Function('Stop', entity_sorts['Entity'], BoolSort())", 'arity': 1, 'method': 'Stop(Entity)', 'function': 'None'}
- Fast: {'instance': "Function('Fast', entity_sorts['Entity'], BoolSort())", 'arity': 1, 'method': 'Fast(Entity)', 'function': 'None'}
- Normal: {'instance': "Function('Normal', entity_sorts['Entity'], BoolSort())", 'arity': 1, 'method': 'Normal(Entity)', 'function': 'None'}
- Slow: {'instance': "Function('Slow', entity_sorts['Entity'], BoolSort())", 'arity': 1, 'method': 'Slow(Entity)', 'function': 'None'}
2026-05-23 16:08:19 [INFO]: *** Sim Rule ***: Stop -> 
 Stop(entity) == Exists(
  [dummyEntity], 
  Or(
    And(
      IsAtInter(entity), 
      IsInInter(dummyEntity), 
    ),
    And(
      IsAtInter(entity), 
      IsAtInter(dummyEntity), 
      HigherPri(dummyEntity, entity),
    ),
    CollidingClose(entity, dummyEntity)
  )
)

2026-05-23 16:08:19 [INFO]: *** Task Rule ***: Collision and Intersection -> 
 Implies(Exists(
  [dummyEntity], 
    Or(
      And(
        IsAtInter(entity), 
        IsInInter(dummyEntity), 
      ),
      And(
        IsAtInter(entity), 
        IsAtInter(dummyEntity), 
        HigherPri(dummyEntity, entity),
      ),
      CollidingClose(entity, dummyEntity)
    )
  ),
  Stop(entity)
)

2026-05-23 16:08:19 [INFO]: *** Expert Rule ***: Stop -> 
 Stop(entity) == Exists(
[dummyEntity], 
  Or(
    And(
      IsAtInter(entity), 
      IsInInter(dummyEntity), 
    ),
    And(
      IsAtInter(entity), 
      IsAtInter(dummyEntity), 
      HigherPri(dummyEntity, entity),
    ),
    CollidingClose(entity, dummyEntity)
  )
)

2026-05-23 16:08:19 [INFO]: *** Expert Rule ***: Slow -> 
 Not(Slow(entity))

2026-05-23 16:08:19 [INFO]: *** Expert Rule ***: Fast -> 
 Not(Fast(entity))

2026-05-23 16:08:19 [INFO]: *** Expert Rule ***: Normal -> 
 Normal(entity) == Not(Stop(entity))
2026-05-23 16:08:19 [INFO]: Rules created successfully
2026-05-23 16:08:19 [INFO]: Rules will be grounded later...
2026-05-23 16:08:19 [INFO]: Given Predicates {'IsPedestrian': {'instance': IsPed, 'arity': 1, 'method': 'IsPed(Entity)', 'function': 'logicity.utils.pred_converter.z3.IsPed'}, 'IsCar': {'instance': IsCar, 'arity': 1, 'method': 'IsCar(Entity)', 'function': 'logicity.utils.pred_converter.z3.IsCar'}, 'IsAmbulance': {'instance': IsAmb, 'arity': 1, 'method': 'IsAmb(Entity)', 'function': 'logicity.utils.pred_converter.z3.IsAmb'}, 'IsOld': {'instance': IsOld, 'arity': 1, 'method': 'IsOld(Entity)', 'function': 'logicity.utils.pred_converter.z3.IsOld'}, 'IsTiro': {'instance': IsTiro, 'arity': 1, 'method': 'IsTiro(Entity)', 'function': 'logicity.utils.pred_converter.z3.IsTiro'}, 'IsAtInter': {'instance': IsAtInter, 'arity': 1, 'method': 'IsAtInter(Entity)', 'function': 'logicity.utils.pred_converter.z3.IsAtInter'}, 'IsInInter': {'instance': IsInInter, 'arity': 1, 'method': 'IsInInter(Entity)', 'function': 'logicity.utils.pred_converter.z3.IsInInter'}, 'HigherPri': {'instance': HigherPri, 'arity': 2, 'method': 'HigherPri(Entity, Entity)', 'function': 'logicity.utils.pred_converter.z3.HigherPri'}, 'CollidingClose': {'instance': CollidingClose, 'arity': 2, 'method': 'CollidingClose(Entity, Entity)', 'function': 'logicity.utils.pred_converter.z3.CollidingClose'}, 'Stop': {'instance': Stop, 'arity': 1, 'method': 'Stop(Entity)', 'function': 'None'}, 'Fast': {'instance': Fast, 'arity': 1, 'method': 'Fast(Entity)', 'function': 'None'}, 'Normal': {'instance': Normal, 'arity': 1, 'method': 'Normal(Entity)', 'function': 'None'}, 'Slow': {'instance': Slow, 'arity': 1, 'method': 'Slow(Entity)', 'function': 'None'}}, the FOV entities {'Entity': 3}, The logic grounding shape is: 39
2026-05-23 16:08:19 [INFO]: Local planner constructed!
2026-05-23 16:08:19 [INFO]: Constructing 22 streets
2026-05-23 16:08:19 [INFO]: Constructing 16 buildings
2026-05-23 16:08:20 [INFO]: Adding 4 agents, they are constrained in 103 region
2026-05-23 16:08:20 [INFO]: Car_1 initialization done!
2026-05-23 16:08:20 [INFO]: Pedestrian_1 initialization done!
2026-05-23 16:08:21 [INFO]: Car_2 initialization done!
2026-05-23 16:08:21 [INFO]: Car_3 initialization done!
2026-05-23 16:08:21 [INFO]: Done!
2026-05-23 16:08:21 [INFO]: ***Init RL Agent in Env***
2026-05-23 16:08:58 [INFO]: Episode 16 failed.
2026-05-23 16:08:58 [INFO]: Episode 16 achieved a score of -5.1999999999999975
2026-05-23 16:08:58 [INFO]: Episode 16 Success: 0
2026-05-23 16:08:58 [INFO]: Episode 16 Decision Step: {3: 0}
2026-05-23 16:08:58 [INFO]: Episode 16 Success Decision: {3: 0}
2026-05-23 16:08:58 [INFO]: Evaluating episode 17...
2026-05-23 16:08:58 [INFO]: Episode label: {'oracle_step': 57, 'stop_count': 0, 'has_stop': False, 'ego_crosses': True, 'ego_eta': 28, 'ego_direction': 'right', 'other_crosses': 3, 'close_other_count': 0, 'pedestrian_close': None, 'conflicting_approach': False, 'total_crosses': 4}
2026-05-23 16:08:58 [INFO]: Get map info from config/maps/square_2x2.yaml
2026-05-23 16:08:58 [INFO]: Get agent info from config/agents/easy_lite/val.yaml
2026-05-23 16:08:58 [INFO]: Get onology and rules info from config/rules/ontology_easy.yaml, config/rules/Nav/easy/expert.yaml
2026-05-23 16:08:58 [INFO]: Number of Entity Types: 1
Entity Types:
- Entity
2026-05-23 16:08:58 [INFO]: Number of Predicates: 13
Predicates:
- IsPedestrian: {'instance': "Function('IsPed', entity_sorts['Entity'], BoolSort())", 'arity': 1, 'method': 'IsPed(Entity)', 'function': 'logicity.utils.pred_converter.z3.IsPed'}
- IsCar: {'instance': "Function('IsCar', entity_sorts['Entity'], BoolSort())", 'arity': 1, 'method': 'IsCar(Entity)', 'function': 'logicity.utils.pred_converter.z3.IsCar'}
- IsAmbulance: {'instance': "Function('IsAmb', entity_sorts['Entity'], BoolSort())", 'arity': 1, 'method': 'IsAmb(Entity)', 'function': 'logicity.utils.pred_converter.z3.IsAmb'}
- IsOld: {'instance': "Function('IsOld', entity_sorts['Entity'], BoolSort())", 'arity': 1, 'method': 'IsOld(Entity)', 'function': 'logicity.utils.pred_converter.z3.IsOld'}
- IsTiro: {'instance': "Function('IsTiro', entity_sorts['Entity'], BoolSort())", 'arity': 1, 'method': 'IsTiro(Entity)', 'function': 'logicity.utils.pred_converter.z3.IsTiro'}
- IsAtInter: {'instance': "Function('IsAtInter', entity_sorts['Entity'], BoolSort())", 'arity': 1, 'method': 'IsAtInter(Entity)', 'function': 'logicity.utils.pred_converter.z3.IsAtInter'}
- IsInInter: {'instance': "Function('IsInInter', entity_sorts['Entity'], BoolSort())", 'arity': 1, 'method': 'IsInInter(Entity)', 'function': 'logicity.utils.pred_converter.z3.IsInInter'}
- HigherPri: {'instance': "Function('HigherPri', entity_sorts['Entity'], entity_sorts['Entity'], BoolSort())", 'arity': 2, 'method': 'HigherPri(Entity, Entity)', 'function': 'logicity.utils.pred_converter.z3.HigherPri'}
- CollidingClose: {'instance': "Function('CollidingClose', entity_sorts['Entity'], entity_sorts['Entity'], BoolSort())", 'arity': 2, 'method': 'CollidingClose(Entity, Entity)', 'function': 'logicity.utils.pred_converter.z3.CollidingClose'}
- Stop: {'instance': "Function('Stop', entity_sorts['Entity'], BoolSort())", 'arity': 1, 'method': 'Stop(Entity)', 'function': 'None'}
- Fast: {'instance': "Function('Fast', entity_sorts['Entity'], BoolSort())", 'arity': 1, 'method': 'Fast(Entity)', 'function': 'None'}
- Normal: {'instance': "Function('Normal', entity_sorts['Entity'], BoolSort())", 'arity': 1, 'method': 'Normal(Entity)', 'function': 'None'}
- Slow: {'instance': "Function('Slow', entity_sorts['Entity'], BoolSort())", 'arity': 1, 'method': 'Slow(Entity)', 'function': 'None'}
2026-05-23 16:08:58 [INFO]: *** Sim Rule ***: Stop -> 
 Stop(entity) == Exists(
  [dummyEntity], 
  Or(
    And(
      IsAtInter(entity), 
      IsInInter(dummyEntity), 
    ),
    And(
      IsAtInter(entity), 
      IsAtInter(dummyEntity), 
      HigherPri(dummyEntity, entity),
    ),
    CollidingClose(entity, dummyEntity)
  )
)

2026-05-23 16:08:58 [INFO]: *** Task Rule ***: Collision and Intersection -> 
 Implies(Exists(
  [dummyEntity], 
    Or(
      And(
        IsAtInter(entity), 
        IsInInter(dummyEntity), 
      ),
      And(
        IsAtInter(entity), 
        IsAtInter(dummyEntity), 
        HigherPri(dummyEntity, entity),
      ),
      CollidingClose(entity, dummyEntity)
    )
  ),
  Stop(entity)
)

2026-05-23 16:08:58 [INFO]: *** Expert Rule ***: Stop -> 
 Stop(entity) == Exists(
[dummyEntity], 
  Or(
    And(
      IsAtInter(entity), 
      IsInInter(dummyEntity), 
    ),
    And(
      IsAtInter(entity), 
      IsAtInter(dummyEntity), 
      HigherPri(dummyEntity, entity),
    ),
    CollidingClose(entity, dummyEntity)
  )
)

2026-05-23 16:08:58 [INFO]: *** Expert Rule ***: Slow -> 
 Not(Slow(entity))

2026-05-23 16:08:58 [INFO]: *** Expert Rule ***: Fast -> 
 Not(Fast(entity))

2026-05-23 16:08:58 [INFO]: *** Expert Rule ***: Normal -> 
 Normal(entity) == Not(Stop(entity))
2026-05-23 16:08:58 [INFO]: Rules created successfully
2026-05-23 16:08:58 [INFO]: Rules will be grounded later...
2026-05-23 16:08:58 [INFO]: Given Predicates {'IsPedestrian': {'instance': IsPed, 'arity': 1, 'method': 'IsPed(Entity)', 'function': 'logicity.utils.pred_converter.z3.IsPed'}, 'IsCar': {'instance': IsCar, 'arity': 1, 'method': 'IsCar(Entity)', 'function': 'logicity.utils.pred_converter.z3.IsCar'}, 'IsAmbulance': {'instance': IsAmb, 'arity': 1, 'method': 'IsAmb(Entity)', 'function': 'logicity.utils.pred_converter.z3.IsAmb'}, 'IsOld': {'instance': IsOld, 'arity': 1, 'method': 'IsOld(Entity)', 'function': 'logicity.utils.pred_converter.z3.IsOld'}, 'IsTiro': {'instance': IsTiro, 'arity': 1, 'method': 'IsTiro(Entity)', 'function': 'logicity.utils.pred_converter.z3.IsTiro'}, 'IsAtInter': {'instance': IsAtInter, 'arity': 1, 'method': 'IsAtInter(Entity)', 'function': 'logicity.utils.pred_converter.z3.IsAtInter'}, 'IsInInter': {'instance': IsInInter, 'arity': 1, 'method': 'IsInInter(Entity)', 'function': 'logicity.utils.pred_converter.z3.IsInInter'}, 'HigherPri': {'instance': HigherPri, 'arity': 2, 'method': 'HigherPri(Entity, Entity)', 'function': 'logicity.utils.pred_converter.z3.HigherPri'}, 'CollidingClose': {'instance': CollidingClose, 'arity': 2, 'method': 'CollidingClose(Entity, Entity)', 'function': 'logicity.utils.pred_converter.z3.CollidingClose'}, 'Stop': {'instance': Stop, 'arity': 1, 'method': 'Stop(Entity)', 'function': 'None'}, 'Fast': {'instance': Fast, 'arity': 1, 'method': 'Fast(Entity)', 'function': 'None'}, 'Normal': {'instance': Normal, 'arity': 1, 'method': 'Normal(Entity)', 'function': 'None'}, 'Slow': {'instance': Slow, 'arity': 1, 'method': 'Slow(Entity)', 'function': 'None'}}, the FOV entities {'Entity': 3}, The logic grounding shape is: 39
2026-05-23 16:08:58 [INFO]: Local planner constructed!
2026-05-23 16:08:58 [INFO]: Constructing 22 streets
2026-05-23 16:08:58 [INFO]: Constructing 16 buildings
2026-05-23 16:08:59 [INFO]: Adding 4 agents, they are constrained in 103 region
2026-05-23 16:08:59 [INFO]: Car_1 initialization done!
2026-05-23 16:08:59 [INFO]: Pedestrian_1 initialization done!
2026-05-23 16:09:00 [INFO]: Car_2 initialization done!
2026-05-23 16:09:00 [INFO]: Car_3 initialization done!
2026-05-23 16:09:00 [INFO]: Done!
2026-05-23 16:09:00 [INFO]: ***Init RL Agent in Env***
2026-05-23 16:09:19 [INFO]: Episode 17 failed.
2026-05-23 16:09:19 [INFO]: Episode 17 achieved a score of -4.140000000000001
2026-05-23 16:09:19 [INFO]: Episode 17 Success: 0
2026-05-23 16:09:19 [INFO]: Episode 17 Decision Step: {3: 0}
2026-05-23 16:09:19 [INFO]: Episode 17 Success Decision: {3: 0}
2026-05-23 16:09:19 [INFO]: Evaluating episode 18...
2026-05-23 16:09:19 [INFO]: Episode label: {'oracle_step': 25, 'stop_count': 7, 'has_stop': True, 'ego_crosses': True, 'ego_eta': 7, 'ego_direction': 'down', 'other_crosses': 3, 'close_other_count': 0, 'pedestrian_close': None, 'conflicting_approach': False, 'total_crosses': 4}
2026-05-23 16:09:19 [INFO]: Get map info from config/maps/square_2x2.yaml
2026-05-23 16:09:19 [INFO]: Get agent info from config/agents/easy_lite/val.yaml
2026-05-23 16:09:19 [INFO]: Get onology and rules info from config/rules/ontology_easy.yaml, config/rules/Nav/easy/expert.yaml
2026-05-23 16:09:19 [INFO]: Number of Entity Types: 1
Entity Types:
- Entity
2026-05-23 16:09:19 [INFO]: Number of Predicates: 13
Predicates:
- IsPedestrian: {'instance': "Function('IsPed', entity_sorts['Entity'], BoolSort())", 'arity': 1, 'method': 'IsPed(Entity)', 'function': 'logicity.utils.pred_converter.z3.IsPed'}
- IsCar: {'instance': "Function('IsCar', entity_sorts['Entity'], BoolSort())", 'arity': 1, 'method': 'IsCar(Entity)', 'function': 'logicity.utils.pred_converter.z3.IsCar'}
- IsAmbulance: {'instance': "Function('IsAmb', entity_sorts['Entity'], BoolSort())", 'arity': 1, 'method': 'IsAmb(Entity)', 'function': 'logicity.utils.pred_converter.z3.IsAmb'}
- IsOld: {'instance': "Function('IsOld', entity_sorts['Entity'], BoolSort())", 'arity': 1, 'method': 'IsOld(Entity)', 'function': 'logicity.utils.pred_converter.z3.IsOld'}
- IsTiro: {'instance': "Function('IsTiro', entity_sorts['Entity'], BoolSort())", 'arity': 1, 'method': 'IsTiro(Entity)', 'function': 'logicity.utils.pred_converter.z3.IsTiro'}
- IsAtInter: {'instance': "Function('IsAtInter', entity_sorts['Entity'], BoolSort())", 'arity': 1, 'method': 'IsAtInter(Entity)', 'function': 'logicity.utils.pred_converter.z3.IsAtInter'}
- IsInInter: {'instance': "Function('IsInInter', entity_sorts['Entity'], BoolSort())", 'arity': 1, 'method': 'IsInInter(Entity)', 'function': 'logicity.utils.pred_converter.z3.IsInInter'}
- HigherPri: {'instance': "Function('HigherPri', entity_sorts['Entity'], entity_sorts['Entity'], BoolSort())", 'arity': 2, 'method': 'HigherPri(Entity, Entity)', 'function': 'logicity.utils.pred_converter.z3.HigherPri'}
- CollidingClose: {'instance': "Function('CollidingClose', entity_sorts['Entity'], entity_sorts['Entity'], BoolSort())", 'arity': 2, 'method': 'CollidingClose(Entity, Entity)', 'function': 'logicity.utils.pred_converter.z3.CollidingClose'}
- Stop: {'instance': "Function('Stop', entity_sorts['Entity'], BoolSort())", 'arity': 1, 'method': 'Stop(Entity)', 'function': 'None'}
- Fast: {'instance': "Function('Fast', entity_sorts['Entity'], BoolSort())", 'arity': 1, 'method': 'Fast(Entity)', 'function': 'None'}
- Normal: {'instance': "Function('Normal', entity_sorts['Entity'], BoolSort())", 'arity': 1, 'method': 'Normal(Entity)', 'function': 'None'}
- Slow: {'instance': "Function('Slow', entity_sorts['Entity'], BoolSort())", 'arity': 1, 'method': 'Slow(Entity)', 'function': 'None'}
2026-05-23 16:09:19 [INFO]: *** Sim Rule ***: Stop -> 
 Stop(entity) == Exists(
  [dummyEntity], 
  Or(
    And(
      IsAtInter(entity), 
      IsInInter(dummyEntity), 
    ),
    And(
      IsAtInter(entity), 
      IsAtInter(dummyEntity), 
      HigherPri(dummyEntity, entity),
    ),
    CollidingClose(entity, dummyEntity)
  )
)

2026-05-23 16:09:19 [INFO]: *** Task Rule ***: Collision and Intersection -> 
 Implies(Exists(
  [dummyEntity], 
    Or(
      And(
        IsAtInter(entity), 
        IsInInter(dummyEntity), 
      ),
      And(
        IsAtInter(entity), 
        IsAtInter(dummyEntity), 
        HigherPri(dummyEntity, entity),
      ),
      CollidingClose(entity, dummyEntity)
    )
  ),
  Stop(entity)
)

2026-05-23 16:09:19 [INFO]: *** Expert Rule ***: Stop -> 
 Stop(entity) == Exists(
[dummyEntity], 
  Or(
    And(
      IsAtInter(entity), 
      IsInInter(dummyEntity), 
    ),
    And(
      IsAtInter(entity), 
      IsAtInter(dummyEntity), 
      HigherPri(dummyEntity, entity),
    ),
    CollidingClose(entity, dummyEntity)
  )
)

2026-05-23 16:09:19 [INFO]: *** Expert Rule ***: Slow -> 
 Not(Slow(entity))

2026-05-23 16:09:19 [INFO]: *** Expert Rule ***: Fast -> 
 Not(Fast(entity))

2026-05-23 16:09:19 [INFO]: *** Expert Rule ***: Normal -> 
 Normal(entity) == Not(Stop(entity))
2026-05-23 16:09:19 [INFO]: Rules created successfully
2026-05-23 16:09:19 [INFO]: Rules will be grounded later...
2026-05-23 16:09:19 [INFO]: Given Predicates {'IsPedestrian': {'instance': IsPed, 'arity': 1, 'method': 'IsPed(Entity)', 'function': 'logicity.utils.pred_converter.z3.IsPed'}, 'IsCar': {'instance': IsCar, 'arity': 1, 'method': 'IsCar(Entity)', 'function': 'logicity.utils.pred_converter.z3.IsCar'}, 'IsAmbulance': {'instance': IsAmb, 'arity': 1, 'method': 'IsAmb(Entity)', 'function': 'logicity.utils.pred_converter.z3.IsAmb'}, 'IsOld': {'instance': IsOld, 'arity': 1, 'method': 'IsOld(Entity)', 'function': 'logicity.utils.pred_converter.z3.IsOld'}, 'IsTiro': {'instance': IsTiro, 'arity': 1, 'method': 'IsTiro(Entity)', 'function': 'logicity.utils.pred_converter.z3.IsTiro'}, 'IsAtInter': {'instance': IsAtInter, 'arity': 1, 'method': 'IsAtInter(Entity)', 'function': 'logicity.utils.pred_converter.z3.IsAtInter'}, 'IsInInter': {'instance': IsInInter, 'arity': 1, 'method': 'IsInInter(Entity)', 'function': 'logicity.utils.pred_converter.z3.IsInInter'}, 'HigherPri': {'instance': HigherPri, 'arity': 2, 'method': 'HigherPri(Entity, Entity)', 'function': 'logicity.utils.pred_converter.z3.HigherPri'}, 'CollidingClose': {'instance': CollidingClose, 'arity': 2, 'method': 'CollidingClose(Entity, Entity)', 'function': 'logicity.utils.pred_converter.z3.CollidingClose'}, 'Stop': {'instance': Stop, 'arity': 1, 'method': 'Stop(Entity)', 'function': 'None'}, 'Fast': {'instance': Fast, 'arity': 1, 'method': 'Fast(Entity)', 'function': 'None'}, 'Normal': {'instance': Normal, 'arity': 1, 'method': 'Normal(Entity)', 'function': 'None'}, 'Slow': {'instance': Slow, 'arity': 1, 'method': 'Slow(Entity)', 'function': 'None'}}, the FOV entities {'Entity': 3}, The logic grounding shape is: 39
2026-05-23 16:09:19 [INFO]: Local planner constructed!
2026-05-23 16:09:19 [INFO]: Constructing 22 streets
2026-05-23 16:09:19 [INFO]: Constructing 16 buildings
2026-05-23 16:09:20 [INFO]: Adding 4 agents, they are constrained in 103 region
2026-05-23 16:09:20 [INFO]: Car_1 initialization done!
2026-05-23 16:09:20 [INFO]: Pedestrian_1 initialization done!
2026-05-23 16:09:21 [INFO]: Car_2 initialization done!
2026-05-23 16:09:21 [INFO]: Car_3 initialization done!
2026-05-23 16:09:21 [INFO]: Done!
2026-05-23 16:09:21 [INFO]: ***Init RL Agent in Env***
2026-05-23 16:09:31 [INFO]: Episode 18 failed.
2026-05-23 16:09:31 [INFO]: Episode 18 achieved a score of -3.5
2026-05-23 16:09:31 [INFO]: Episode 18 Success: 0
2026-05-23 16:09:31 [INFO]: Episode 18 Decision Step: {3: 0}
2026-05-23 16:09:31 [INFO]: Episode 18 Success Decision: {3: 0}
2026-05-23 16:09:31 [INFO]: Evaluating episode 19...
2026-05-23 16:09:31 [INFO]: Episode label: {'oracle_step': 60, 'stop_count': 9, 'has_stop': True, 'ego_crosses': True, 'ego_eta': 23, 'ego_direction': 'down', 'other_crosses': 3, 'close_other_count': 0, 'pedestrian_close': None, 'conflicting_approach': False, 'total_crosses': 4}
2026-05-23 16:09:31 [INFO]: Get map info from config/maps/square_2x2.yaml
2026-05-23 16:09:31 [INFO]: Get agent info from config/agents/easy_lite/val.yaml
2026-05-23 16:09:31 [INFO]: Get onology and rules info from config/rules/ontology_easy.yaml, config/rules/Nav/easy/expert.yaml
2026-05-23 16:09:31 [INFO]: Number of Entity Types: 1
Entity Types:
- Entity
2026-05-23 16:09:31 [INFO]: Number of Predicates: 13
Predicates:
- IsPedestrian: {'instance': "Function('IsPed', entity_sorts['Entity'], BoolSort())", 'arity': 1, 'method': 'IsPed(Entity)', 'function': 'logicity.utils.pred_converter.z3.IsPed'}
- IsCar: {'instance': "Function('IsCar', entity_sorts['Entity'], BoolSort())", 'arity': 1, 'method': 'IsCar(Entity)', 'function': 'logicity.utils.pred_converter.z3.IsCar'}
- IsAmbulance: {'instance': "Function('IsAmb', entity_sorts['Entity'], BoolSort())", 'arity': 1, 'method': 'IsAmb(Entity)', 'function': 'logicity.utils.pred_converter.z3.IsAmb'}
- IsOld: {'instance': "Function('IsOld', entity_sorts['Entity'], BoolSort())", 'arity': 1, 'method': 'IsOld(Entity)', 'function': 'logicity.utils.pred_converter.z3.IsOld'}
- IsTiro: {'instance': "Function('IsTiro', entity_sorts['Entity'], BoolSort())", 'arity': 1, 'method': 'IsTiro(Entity)', 'function': 'logicity.utils.pred_converter.z3.IsTiro'}
- IsAtInter: {'instance': "Function('IsAtInter', entity_sorts['Entity'], BoolSort())", 'arity': 1, 'method': 'IsAtInter(Entity)', 'function': 'logicity.utils.pred_converter.z3.IsAtInter'}
- IsInInter: {'instance': "Function('IsInInter', entity_sorts['Entity'], BoolSort())", 'arity': 1, 'method': 'IsInInter(Entity)', 'function': 'logicity.utils.pred_converter.z3.IsInInter'}
- HigherPri: {'instance': "Function('HigherPri', entity_sorts['Entity'], entity_sorts['Entity'], BoolSort())", 'arity': 2, 'method': 'HigherPri(Entity, Entity)', 'function': 'logicity.utils.pred_converter.z3.HigherPri'}
- CollidingClose: {'instance': "Function('CollidingClose', entity_sorts['Entity'], entity_sorts['Entity'], BoolSort())", 'arity': 2, 'method': 'CollidingClose(Entity, Entity)', 'function': 'logicity.utils.pred_converter.z3.CollidingClose'}
- Stop: {'instance': "Function('Stop', entity_sorts['Entity'], BoolSort())", 'arity': 1, 'method': 'Stop(Entity)', 'function': 'None'}
- Fast: {'instance': "Function('Fast', entity_sorts['Entity'], BoolSort())", 'arity': 1, 'method': 'Fast(Entity)', 'function': 'None'}
- Normal: {'instance': "Function('Normal', entity_sorts['Entity'], BoolSort())", 'arity': 1, 'method': 'Normal(Entity)', 'function': 'None'}
- Slow: {'instance': "Function('Slow', entity_sorts['Entity'], BoolSort())", 'arity': 1, 'method': 'Slow(Entity)', 'function': 'None'}
2026-05-23 16:09:31 [INFO]: *** Sim Rule ***: Stop -> 
 Stop(entity) == Exists(
  [dummyEntity], 
  Or(
    And(
      IsAtInter(entity), 
      IsInInter(dummyEntity), 
    ),
    And(
      IsAtInter(entity), 
      IsAtInter(dummyEntity), 
      HigherPri(dummyEntity, entity),
    ),
    CollidingClose(entity, dummyEntity)
  )
)

2026-05-23 16:09:31 [INFO]: *** Task Rule ***: Collision and Intersection -> 
 Implies(Exists(
  [dummyEntity], 
    Or(
      And(
        IsAtInter(entity), 
        IsInInter(dummyEntity), 
      ),
      And(
        IsAtInter(entity), 
        IsAtInter(dummyEntity), 
        HigherPri(dummyEntity, entity),
      ),
      CollidingClose(entity, dummyEntity)
    )
  ),
  Stop(entity)
)

2026-05-23 16:09:31 [INFO]: *** Expert Rule ***: Stop -> 
 Stop(entity) == Exists(
[dummyEntity], 
  Or(
    And(
      IsAtInter(entity), 
      IsInInter(dummyEntity), 
    ),
    And(
      IsAtInter(entity), 
      IsAtInter(dummyEntity), 
      HigherPri(dummyEntity, entity),
    ),
    CollidingClose(entity, dummyEntity)
  )
)

2026-05-23 16:09:31 [INFO]: *** Expert Rule ***: Slow -> 
 Not(Slow(entity))

2026-05-23 16:09:31 [INFO]: *** Expert Rule ***: Fast -> 
 Not(Fast(entity))

2026-05-23 16:09:31 [INFO]: *** Expert Rule ***: Normal -> 
 Normal(entity) == Not(Stop(entity))
2026-05-23 16:09:31 [INFO]: Rules created successfully
2026-05-23 16:09:31 [INFO]: Rules will be grounded later...
2026-05-23 16:09:31 [INFO]: Given Predicates {'IsPedestrian': {'instance': IsPed, 'arity': 1, 'method': 'IsPed(Entity)', 'function': 'logicity.utils.pred_converter.z3.IsPed'}, 'IsCar': {'instance': IsCar, 'arity': 1, 'method': 'IsCar(Entity)', 'function': 'logicity.utils.pred_converter.z3.IsCar'}, 'IsAmbulance': {'instance': IsAmb, 'arity': 1, 'method': 'IsAmb(Entity)', 'function': 'logicity.utils.pred_converter.z3.IsAmb'}, 'IsOld': {'instance': IsOld, 'arity': 1, 'method': 'IsOld(Entity)', 'function': 'logicity.utils.pred_converter.z3.IsOld'}, 'IsTiro': {'instance': IsTiro, 'arity': 1, 'method': 'IsTiro(Entity)', 'function': 'logicity.utils.pred_converter.z3.IsTiro'}, 'IsAtInter': {'instance': IsAtInter, 'arity': 1, 'method': 'IsAtInter(Entity)', 'function': 'logicity.utils.pred_converter.z3.IsAtInter'}, 'IsInInter': {'instance': IsInInter, 'arity': 1, 'method': 'IsInInter(Entity)', 'function': 'logicity.utils.pred_converter.z3.IsInInter'}, 'HigherPri': {'instance': HigherPri, 'arity': 2, 'method': 'HigherPri(Entity, Entity)', 'function': 'logicity.utils.pred_converter.z3.HigherPri'}, 'CollidingClose': {'instance': CollidingClose, 'arity': 2, 'method': 'CollidingClose(Entity, Entity)', 'function': 'logicity.utils.pred_converter.z3.CollidingClose'}, 'Stop': {'instance': Stop, 'arity': 1, 'method': 'Stop(Entity)', 'function': 'None'}, 'Fast': {'instance': Fast, 'arity': 1, 'method': 'Fast(Entity)', 'function': 'None'}, 'Normal': {'instance': Normal, 'arity': 1, 'method': 'Normal(Entity)', 'function': 'None'}, 'Slow': {'instance': Slow, 'arity': 1, 'method': 'Slow(Entity)', 'function': 'None'}}, the FOV entities {'Entity': 3}, The logic grounding shape is: 39
2026-05-23 16:09:31 [INFO]: Local planner constructed!
2026-05-23 16:09:31 [INFO]: Constructing 22 streets
2026-05-23 16:09:31 [INFO]: Constructing 16 buildings
2026-05-23 16:09:32 [INFO]: Adding 4 agents, they are constrained in 103 region
2026-05-23 16:09:32 [INFO]: Car_1 initialization done!
2026-05-23 16:09:32 [INFO]: Pedestrian_1 initialization done!
2026-05-23 16:09:33 [INFO]: Car_2 initialization done!
2026-05-23 16:09:33 [INFO]: Car_3 initialization done!
2026-05-23 16:09:33 [INFO]: Done!
2026-05-23 16:09:33 [INFO]: ***Init RL Agent in Env***
2026-05-23 16:09:53 [INFO]: Episode 19 failed.
2026-05-23 16:09:53 [INFO]: Episode 19 achieved a score of -4.200000000000001
2026-05-23 16:09:53 [INFO]: Episode 19 Success: 0
2026-05-23 16:09:53 [INFO]: Episode 19 Decision Step: {3: 0}
2026-05-23 16:09:53 [INFO]: Episode 19 Success Decision: {3: 0}
2026-05-23 16:09:53 [INFO]: Timestep: 5000 - Elapsed Time (s): 1582.54 - Success Rate: 0.0 - Mean Reward: -4.308000000000001 

2026-05-23 16:09:53 [INFO]: Failure Rate: 0.0 - Timeout Rate: 1.0 - Mean Episode Length: 130.8
2026-05-23 16:09:53 [INFO]: Mean Decision Succ: 0.0
2026-05-23 16:09:53 [INFO]: Average Decision Succ: 0.0
2026-05-23 16:09:53 [INFO]: Decision Succ for each action: {3: 0.0}
2026-05-23 16:09:53 [INFO]: Action Histogram: {0: 0, 1: 0, 2: 0, 3: 2616}
2026-05-23 16:09:53 [INFO]: Failure Rule Counts: {}
2026-05-23 16:09:53 [INFO]: Training Rollout Since Last Eval: failures=36 timeouts=5 successes=41
2026-05-23 16:09:53 [INFO]: PLPG Metrics: base_safe=0.4349895011553888 shielded_safe=0.46610148575737936 gain=0.03111198460199053 intervention_rate=1.0 kl=0.030812551136433348 l1=0.23217396405084054 hazard_rate=0.0 forced_stop_rate=0.0
2026-05-23 16:29:58 [INFO]: Evaluating episode 0...
2026-05-23 16:29:58 [INFO]: Episode label: {'oracle_step': 21, 'stop_count': 0, 'has_stop': False, 'ego_crosses': True, 'ego_eta': 5, 'ego_direction': 'down', 'other_crosses': 3, 'close_other_count': 0, 'pedestrian_close': None, 'conflicting_approach': False, 'total_crosses': 4}
2026-05-23 16:29:58 [INFO]: Get map info from config/maps/square_2x2.yaml
2026-05-23 16:29:58 [INFO]: Get agent info from config/agents/easy_lite/val.yaml
2026-05-23 16:29:58 [INFO]: Get onology and rules info from config/rules/ontology_easy.yaml, config/rules/Nav/easy/expert.yaml
2026-05-23 16:29:58 [INFO]: Number of Entity Types: 1
Entity Types:
- Entity
2026-05-23 16:29:58 [INFO]: Number of Predicates: 13
Predicates:
- IsPedestrian: {'instance': "Function('IsPed', entity_sorts['Entity'], BoolSort())", 'arity': 1, 'method': 'IsPed(Entity)', 'function': 'logicity.utils.pred_converter.z3.IsPed'}
- IsCar: {'instance': "Function('IsCar', entity_sorts['Entity'], BoolSort())", 'arity': 1, 'method': 'IsCar(Entity)', 'function': 'logicity.utils.pred_converter.z3.IsCar'}
- IsAmbulance: {'instance': "Function('IsAmb', entity_sorts['Entity'], BoolSort())", 'arity': 1, 'method': 'IsAmb(Entity)', 'function': 'logicity.utils.pred_converter.z3.IsAmb'}
- IsOld: {'instance': "Function('IsOld', entity_sorts['Entity'], BoolSort())", 'arity': 1, 'method': 'IsOld(Entity)', 'function': 'logicity.utils.pred_converter.z3.IsOld'}
- IsTiro: {'instance': "Function('IsTiro', entity_sorts['Entity'], BoolSort())", 'arity': 1, 'method': 'IsTiro(Entity)', 'function': 'logicity.utils.pred_converter.z3.IsTiro'}
- IsAtInter: {'instance': "Function('IsAtInter', entity_sorts['Entity'], BoolSort())", 'arity': 1, 'method': 'IsAtInter(Entity)', 'function': 'logicity.utils.pred_converter.z3.IsAtInter'}
- IsInInter: {'instance': "Function('IsInInter', entity_sorts['Entity'], BoolSort())", 'arity': 1, 'method': 'IsInInter(Entity)', 'function': 'logicity.utils.pred_converter.z3.IsInInter'}
- HigherPri: {'instance': "Function('HigherPri', entity_sorts['Entity'], entity_sorts['Entity'], BoolSort())", 'arity': 2, 'method': 'HigherPri(Entity, Entity)', 'function': 'logicity.utils.pred_converter.z3.HigherPri'}
- CollidingClose: {'instance': "Function('CollidingClose', entity_sorts['Entity'], entity_sorts['Entity'], BoolSort())", 'arity': 2, 'method': 'CollidingClose(Entity, Entity)', 'function': 'logicity.utils.pred_converter.z3.CollidingClose'}
- Stop: {'instance': "Function('Stop', entity_sorts['Entity'], BoolSort())", 'arity': 1, 'method': 'Stop(Entity)', 'function': 'None'}
- Fast: {'instance': "Function('Fast', entity_sorts['Entity'], BoolSort())", 'arity': 1, 'method': 'Fast(Entity)', 'function': 'None'}
- Normal: {'instance': "Function('Normal', entity_sorts['Entity'], BoolSort())", 'arity': 1, 'method': 'Normal(Entity)', 'function': 'None'}
- Slow: {'instance': "Function('Slow', entity_sorts['Entity'], BoolSort())", 'arity': 1, 'method': 'Slow(Entity)', 'function': 'None'}
2026-05-23 16:29:58 [INFO]: *** Sim Rule ***: Stop -> 
 Stop(entity) == Exists(
  [dummyEntity], 
  Or(
    And(
      IsAtInter(entity), 
      IsInInter(dummyEntity), 
    ),
    And(
      IsAtInter(entity), 
      IsAtInter(dummyEntity), 
      HigherPri(dummyEntity, entity),
    ),
    CollidingClose(entity, dummyEntity)
  )
)

2026-05-23 16:29:58 [INFO]: *** Task Rule ***: Collision and Intersection -> 
 Implies(Exists(
  [dummyEntity], 
    Or(
      And(
        IsAtInter(entity), 
        IsInInter(dummyEntity), 
      ),
      And(
        IsAtInter(entity), 
        IsAtInter(dummyEntity), 
        HigherPri(dummyEntity, entity),
      ),
      CollidingClose(entity, dummyEntity)
    )
  ),
  Stop(entity)
)

2026-05-23 16:29:58 [INFO]: *** Expert Rule ***: Stop -> 
 Stop(entity) == Exists(
[dummyEntity], 
  Or(
    And(
      IsAtInter(entity), 
      IsInInter(dummyEntity), 
    ),
    And(
      IsAtInter(entity), 
      IsAtInter(dummyEntity), 
      HigherPri(dummyEntity, entity),
    ),
    CollidingClose(entity, dummyEntity)
  )
)

2026-05-23 16:29:58 [INFO]: *** Expert Rule ***: Slow -> 
 Not(Slow(entity))

2026-05-23 16:29:58 [INFO]: *** Expert Rule ***: Fast -> 
 Not(Fast(entity))

2026-05-23 16:29:58 [INFO]: *** Expert Rule ***: Normal -> 
 Normal(entity) == Not(Stop(entity))
2026-05-23 16:29:58 [INFO]: Rules created successfully
2026-05-23 16:29:58 [INFO]: Rules will be grounded later...
2026-05-23 16:29:58 [INFO]: Given Predicates {'IsPedestrian': {'instance': IsPed, 'arity': 1, 'method': 'IsPed(Entity)', 'function': 'logicity.utils.pred_converter.z3.IsPed'}, 'IsCar': {'instance': IsCar, 'arity': 1, 'method': 'IsCar(Entity)', 'function': 'logicity.utils.pred_converter.z3.IsCar'}, 'IsAmbulance': {'instance': IsAmb, 'arity': 1, 'method': 'IsAmb(Entity)', 'function': 'logicity.utils.pred_converter.z3.IsAmb'}, 'IsOld': {'instance': IsOld, 'arity': 1, 'method': 'IsOld(Entity)', 'function': 'logicity.utils.pred_converter.z3.IsOld'}, 'IsTiro': {'instance': IsTiro, 'arity': 1, 'method': 'IsTiro(Entity)', 'function': 'logicity.utils.pred_converter.z3.IsTiro'}, 'IsAtInter': {'instance': IsAtInter, 'arity': 1, 'method': 'IsAtInter(Entity)', 'function': 'logicity.utils.pred_converter.z3.IsAtInter'}, 'IsInInter': {'instance': IsInInter, 'arity': 1, 'method': 'IsInInter(Entity)', 'function': 'logicity.utils.pred_converter.z3.IsInInter'}, 'HigherPri': {'instance': HigherPri, 'arity': 2, 'method': 'HigherPri(Entity, Entity)', 'function': 'logicity.utils.pred_converter.z3.HigherPri'}, 'CollidingClose': {'instance': CollidingClose, 'arity': 2, 'method': 'CollidingClose(Entity, Entity)', 'function': 'logicity.utils.pred_converter.z3.CollidingClose'}, 'Stop': {'instance': Stop, 'arity': 1, 'method': 'Stop(Entity)', 'function': 'None'}, 'Fast': {'instance': Fast, 'arity': 1, 'method': 'Fast(Entity)', 'function': 'None'}, 'Normal': {'instance': Normal, 'arity': 1, 'method': 'Normal(Entity)', 'function': 'None'}, 'Slow': {'instance': Slow, 'arity': 1, 'method': 'Slow(Entity)', 'function': 'None'}}, the FOV entities {'Entity': 3}, The logic grounding shape is: 39
2026-05-23 16:29:58 [INFO]: Local planner constructed!
2026-05-23 16:29:58 [INFO]: Constructing 22 streets
2026-05-23 16:29:58 [INFO]: Constructing 16 buildings
2026-05-23 16:29:59 [INFO]: Adding 4 agents, they are constrained in 103 region
2026-05-23 16:29:59 [INFO]: Car_1 initialization done!
2026-05-23 16:29:59 [INFO]: Pedestrian_1 initialization done!
2026-05-23 16:30:00 [INFO]: Car_2 initialization done!
2026-05-23 16:30:00 [INFO]: Car_3 initialization done!
2026-05-23 16:30:00 [INFO]: Done!
2026-05-23 16:30:00 [INFO]: ***Init RL Agent in Env***
2026-05-23 16:30:07 [INFO]: Episode 0 failed.
2026-05-23 16:30:07 [INFO]: Episode 0 achieved a score of -3.4200000000000004
2026-05-23 16:30:07 [INFO]: Episode 0 Success: 0
2026-05-23 16:30:07 [INFO]: Episode 0 Decision Step: {3: 0}
2026-05-23 16:30:07 [INFO]: Episode 0 Success Decision: {3: 0}
2026-05-23 16:30:07 [INFO]: Evaluating episode 1...
2026-05-23 16:30:07 [INFO]: Episode label: {'oracle_step': 70, 'stop_count': 0, 'has_stop': False, 'ego_crosses': True, 'ego_eta': 62, 'ego_direction': 'up', 'other_crosses': 3, 'close_other_count': 0, 'pedestrian_close': None, 'conflicting_approach': False, 'total_crosses': 4}
2026-05-23 16:30:07 [INFO]: Get map info from config/maps/square_2x2.yaml
2026-05-23 16:30:07 [INFO]: Get agent info from config/agents/easy_lite/val.yaml
2026-05-23 16:30:07 [INFO]: Get onology and rules info from config/rules/ontology_easy.yaml, config/rules/Nav/easy/expert.yaml
2026-05-23 16:30:07 [INFO]: Number of Entity Types: 1
Entity Types:
- Entity
2026-05-23 16:30:07 [INFO]: Number of Predicates: 13
Predicates:
- IsPedestrian: {'instance': "Function('IsPed', entity_sorts['Entity'], BoolSort())", 'arity': 1, 'method': 'IsPed(Entity)', 'function': 'logicity.utils.pred_converter.z3.IsPed'}
- IsCar: {'instance': "Function('IsCar', entity_sorts['Entity'], BoolSort())", 'arity': 1, 'method': 'IsCar(Entity)', 'function': 'logicity.utils.pred_converter.z3.IsCar'}
- IsAmbulance: {'instance': "Function('IsAmb', entity_sorts['Entity'], BoolSort())", 'arity': 1, 'method': 'IsAmb(Entity)', 'function': 'logicity.utils.pred_converter.z3.IsAmb'}
- IsOld: {'instance': "Function('IsOld', entity_sorts['Entity'], BoolSort())", 'arity': 1, 'method': 'IsOld(Entity)', 'function': 'logicity.utils.pred_converter.z3.IsOld'}
- IsTiro: {'instance': "Function('IsTiro', entity_sorts['Entity'], BoolSort())", 'arity': 1, 'method': 'IsTiro(Entity)', 'function': 'logicity.utils.pred_converter.z3.IsTiro'}
- IsAtInter: {'instance': "Function('IsAtInter', entity_sorts['Entity'], BoolSort())", 'arity': 1, 'method': 'IsAtInter(Entity)', 'function': 'logicity.utils.pred_converter.z3.IsAtInter'}
- IsInInter: {'instance': "Function('IsInInter', entity_sorts['Entity'], BoolSort())", 'arity': 1, 'method': 'IsInInter(Entity)', 'function': 'logicity.utils.pred_converter.z3.IsInInter'}
- HigherPri: {'instance': "Function('HigherPri', entity_sorts['Entity'], entity_sorts['Entity'], BoolSort())", 'arity': 2, 'method': 'HigherPri(Entity, Entity)', 'function': 'logicity.utils.pred_converter.z3.HigherPri'}
- CollidingClose: {'instance': "Function('CollidingClose', entity_sorts['Entity'], entity_sorts['Entity'], BoolSort())", 'arity': 2, 'method': 'CollidingClose(Entity, Entity)', 'function': 'logicity.utils.pred_converter.z3.CollidingClose'}
- Stop: {'instance': "Function('Stop', entity_sorts['Entity'], BoolSort())", 'arity': 1, 'method': 'Stop(Entity)', 'function': 'None'}
- Fast: {'instance': "Function('Fast', entity_sorts['Entity'], BoolSort())", 'arity': 1, 'method': 'Fast(Entity)', 'function': 'None'}
- Normal: {'instance': "Function('Normal', entity_sorts['Entity'], BoolSort())", 'arity': 1, 'method': 'Normal(Entity)', 'function': 'None'}
- Slow: {'instance': "Function('Slow', entity_sorts['Entity'], BoolSort())", 'arity': 1, 'method': 'Slow(Entity)', 'function': 'None'}
2026-05-23 16:30:07 [INFO]: *** Sim Rule ***: Stop -> 
 Stop(entity) == Exists(
  [dummyEntity], 
  Or(
    And(
      IsAtInter(entity), 
      IsInInter(dummyEntity), 
    ),
    And(
      IsAtInter(entity), 
      IsAtInter(dummyEntity), 
      HigherPri(dummyEntity, entity),
    ),
    CollidingClose(entity, dummyEntity)
  )
)

2026-05-23 16:30:07 [INFO]: *** Task Rule ***: Collision and Intersection -> 
 Implies(Exists(
  [dummyEntity], 
    Or(
      And(
        IsAtInter(entity), 
        IsInInter(dummyEntity), 
      ),
      And(
        IsAtInter(entity), 
        IsAtInter(dummyEntity), 
        HigherPri(dummyEntity, entity),
      ),
      CollidingClose(entity, dummyEntity)
    )
  ),
  Stop(entity)
)

2026-05-23 16:30:07 [INFO]: *** Expert Rule ***: Stop -> 
 Stop(entity) == Exists(
[dummyEntity], 
  Or(
    And(
      IsAtInter(entity), 
      IsInInter(dummyEntity), 
    ),
    And(
      IsAtInter(entity), 
      IsAtInter(dummyEntity), 
      HigherPri(dummyEntity, entity),
    ),
    CollidingClose(entity, dummyEntity)
  )
)

2026-05-23 16:30:07 [INFO]: *** Expert Rule ***: Slow -> 
 Not(Slow(entity))

2026-05-23 16:30:07 [INFO]: *** Expert Rule ***: Fast -> 
 Not(Fast(entity))

2026-05-23 16:30:07 [INFO]: *** Expert Rule ***: Normal -> 
 Normal(entity) == Not(Stop(entity))
2026-05-23 16:30:07 [INFO]: Rules created successfully
2026-05-23 16:30:07 [INFO]: Rules will be grounded later...
2026-05-23 16:30:07 [INFO]: Given Predicates {'IsPedestrian': {'instance': IsPed, 'arity': 1, 'method': 'IsPed(Entity)', 'function': 'logicity.utils.pred_converter.z3.IsPed'}, 'IsCar': {'instance': IsCar, 'arity': 1, 'method': 'IsCar(Entity)', 'function': 'logicity.utils.pred_converter.z3.IsCar'}, 'IsAmbulance': {'instance': IsAmb, 'arity': 1, 'method': 'IsAmb(Entity)', 'function': 'logicity.utils.pred_converter.z3.IsAmb'}, 'IsOld': {'instance': IsOld, 'arity': 1, 'method': 'IsOld(Entity)', 'function': 'logicity.utils.pred_converter.z3.IsOld'}, 'IsTiro': {'instance': IsTiro, 'arity': 1, 'method': 'IsTiro(Entity)', 'function': 'logicity.utils.pred_converter.z3.IsTiro'}, 'IsAtInter': {'instance': IsAtInter, 'arity': 1, 'method': 'IsAtInter(Entity)', 'function': 'logicity.utils.pred_converter.z3.IsAtInter'}, 'IsInInter': {'instance': IsInInter, 'arity': 1, 'method': 'IsInInter(Entity)', 'function': 'logicity.utils.pred_converter.z3.IsInInter'}, 'HigherPri': {'instance': HigherPri, 'arity': 2, 'method': 'HigherPri(Entity, Entity)', 'function': 'logicity.utils.pred_converter.z3.HigherPri'}, 'CollidingClose': {'instance': CollidingClose, 'arity': 2, 'method': 'CollidingClose(Entity, Entity)', 'function': 'logicity.utils.pred_converter.z3.CollidingClose'}, 'Stop': {'instance': Stop, 'arity': 1, 'method': 'Stop(Entity)', 'function': 'None'}, 'Fast': {'instance': Fast, 'arity': 1, 'method': 'Fast(Entity)', 'function': 'None'}, 'Normal': {'instance': Normal, 'arity': 1, 'method': 'Normal(Entity)', 'function': 'None'}, 'Slow': {'instance': Slow, 'arity': 1, 'method': 'Slow(Entity)', 'function': 'None'}}, the FOV entities {'Entity': 3}, The logic grounding shape is: 39
2026-05-23 16:30:07 [INFO]: Local planner constructed!
2026-05-23 16:30:07 [INFO]: Constructing 22 streets
2026-05-23 16:30:08 [INFO]: Constructing 16 buildings
2026-05-23 16:30:08 [INFO]: Adding 4 agents, they are constrained in 103 region
2026-05-23 16:30:09 [INFO]: Car_1 initialization done!
2026-05-23 16:30:09 [INFO]: Pedestrian_1 initialization done!
2026-05-23 16:30:09 [INFO]: Car_2 initialization done!
2026-05-23 16:30:09 [INFO]: Car_3 initialization done!
2026-05-23 16:30:09 [INFO]: Done!
2026-05-23 16:30:09 [INFO]: ***Init RL Agent in Env***
2026-05-23 16:30:34 [INFO]: Episode 1 failed.
2026-05-23 16:30:34 [INFO]: Episode 1 achieved a score of -4.400000000000001
2026-05-23 16:30:34 [INFO]: Episode 1 Success: 0
2026-05-23 16:30:34 [INFO]: Episode 1 Decision Step: {3: 0}
2026-05-23 16:30:34 [INFO]: Episode 1 Success Decision: {3: 0}
2026-05-23 16:30:34 [INFO]: Evaluating episode 2...
2026-05-23 16:30:34 [INFO]: Episode label: {'oracle_step': 137, 'stop_count': 52, 'has_stop': True, 'ego_crosses': True, 'ego_eta': 91, 'ego_direction': 'up', 'other_crosses': 3, 'close_other_count': 0, 'pedestrian_close': None, 'conflicting_approach': False, 'total_crosses': 4}
2026-05-23 16:30:34 [INFO]: Get map info from config/maps/square_2x2.yaml
2026-05-23 16:30:34 [INFO]: Get agent info from config/agents/easy_lite/val.yaml
2026-05-23 16:30:34 [INFO]: Get onology and rules info from config/rules/ontology_easy.yaml, config/rules/Nav/easy/expert.yaml
2026-05-23 16:30:34 [INFO]: Number of Entity Types: 1
Entity Types:
- Entity
2026-05-23 16:30:34 [INFO]: Number of Predicates: 13
Predicates:
- IsPedestrian: {'instance': "Function('IsPed', entity_sorts['Entity'], BoolSort())", 'arity': 1, 'method': 'IsPed(Entity)', 'function': 'logicity.utils.pred_converter.z3.IsPed'}
- IsCar: {'instance': "Function('IsCar', entity_sorts['Entity'], BoolSort())", 'arity': 1, 'method': 'IsCar(Entity)', 'function': 'logicity.utils.pred_converter.z3.IsCar'}
- IsAmbulance: {'instance': "Function('IsAmb', entity_sorts['Entity'], BoolSort())", 'arity': 1, 'method': 'IsAmb(Entity)', 'function': 'logicity.utils.pred_converter.z3.IsAmb'}
- IsOld: {'instance': "Function('IsOld', entity_sorts['Entity'], BoolSort())", 'arity': 1, 'method': 'IsOld(Entity)', 'function': 'logicity.utils.pred_converter.z3.IsOld'}
- IsTiro: {'instance': "Function('IsTiro', entity_sorts['Entity'], BoolSort())", 'arity': 1, 'method': 'IsTiro(Entity)', 'function': 'logicity.utils.pred_converter.z3.IsTiro'}
- IsAtInter: {'instance': "Function('IsAtInter', entity_sorts['Entity'], BoolSort())", 'arity': 1, 'method': 'IsAtInter(Entity)', 'function': 'logicity.utils.pred_converter.z3.IsAtInter'}
- IsInInter: {'instance': "Function('IsInInter', entity_sorts['Entity'], BoolSort())", 'arity': 1, 'method': 'IsInInter(Entity)', 'function': 'logicity.utils.pred_converter.z3.IsInInter'}
- HigherPri: {'instance': "Function('HigherPri', entity_sorts['Entity'], entity_sorts['Entity'], BoolSort())", 'arity': 2, 'method': 'HigherPri(Entity, Entity)', 'function': 'logicity.utils.pred_converter.z3.HigherPri'}
- CollidingClose: {'instance': "Function('CollidingClose', entity_sorts['Entity'], entity_sorts['Entity'], BoolSort())", 'arity': 2, 'method': 'CollidingClose(Entity, Entity)', 'function': 'logicity.utils.pred_converter.z3.CollidingClose'}
- Stop: {'instance': "Function('Stop', entity_sorts['Entity'], BoolSort())", 'arity': 1, 'method': 'Stop(Entity)', 'function': 'None'}
- Fast: {'instance': "Function('Fast', entity_sorts['Entity'], BoolSort())", 'arity': 1, 'method': 'Fast(Entity)', 'function': 'None'}
- Normal: {'instance': "Function('Normal', entity_sorts['Entity'], BoolSort())", 'arity': 1, 'method': 'Normal(Entity)', 'function': 'None'}
- Slow: {'instance': "Function('Slow', entity_sorts['Entity'], BoolSort())", 'arity': 1, 'method': 'Slow(Entity)', 'function': 'None'}
2026-05-23 16:30:34 [INFO]: *** Sim Rule ***: Stop -> 
 Stop(entity) == Exists(
  [dummyEntity], 
  Or(
    And(
      IsAtInter(entity), 
      IsInInter(dummyEntity), 
    ),
    And(
      IsAtInter(entity), 
      IsAtInter(dummyEntity), 
      HigherPri(dummyEntity, entity),
    ),
    CollidingClose(entity, dummyEntity)
  )
)

2026-05-23 16:30:34 [INFO]: *** Task Rule ***: Collision and Intersection -> 
 Implies(Exists(
  [dummyEntity], 
    Or(
      And(
        IsAtInter(entity), 
        IsInInter(dummyEntity), 
      ),
      And(
        IsAtInter(entity), 
        IsAtInter(dummyEntity), 
        HigherPri(dummyEntity, entity),
      ),
      CollidingClose(entity, dummyEntity)
    )
  ),
  Stop(entity)
)

2026-05-23 16:30:34 [INFO]: *** Expert Rule ***: Stop -> 
 Stop(entity) == Exists(
[dummyEntity], 
  Or(
    And(
      IsAtInter(entity), 
      IsInInter(dummyEntity), 
    ),
    And(
      IsAtInter(entity), 
      IsAtInter(dummyEntity), 
      HigherPri(dummyEntity, entity),
    ),
    CollidingClose(entity, dummyEntity)
  )
)

2026-05-23 16:30:34 [INFO]: *** Expert Rule ***: Slow -> 
 Not(Slow(entity))

2026-05-23 16:30:34 [INFO]: *** Expert Rule ***: Fast -> 
 Not(Fast(entity))

2026-05-23 16:30:34 [INFO]: *** Expert Rule ***: Normal -> 
 Normal(entity) == Not(Stop(entity))
2026-05-23 16:30:34 [INFO]: Rules created successfully
2026-05-23 16:30:34 [INFO]: Rules will be grounded later...
2026-05-23 16:30:34 [INFO]: Given Predicates {'IsPedestrian': {'instance': IsPed, 'arity': 1, 'method': 'IsPed(Entity)', 'function': 'logicity.utils.pred_converter.z3.IsPed'}, 'IsCar': {'instance': IsCar, 'arity': 1, 'method': 'IsCar(Entity)', 'function': 'logicity.utils.pred_converter.z3.IsCar'}, 'IsAmbulance': {'instance': IsAmb, 'arity': 1, 'method': 'IsAmb(Entity)', 'function': 'logicity.utils.pred_converter.z3.IsAmb'}, 'IsOld': {'instance': IsOld, 'arity': 1, 'method': 'IsOld(Entity)', 'function': 'logicity.utils.pred_converter.z3.IsOld'}, 'IsTiro': {'instance': IsTiro, 'arity': 1, 'method': 'IsTiro(Entity)', 'function': 'logicity.utils.pred_converter.z3.IsTiro'}, 'IsAtInter': {'instance': IsAtInter, 'arity': 1, 'method': 'IsAtInter(Entity)', 'function': 'logicity.utils.pred_converter.z3.IsAtInter'}, 'IsInInter': {'instance': IsInInter, 'arity': 1, 'method': 'IsInInter(Entity)', 'function': 'logicity.utils.pred_converter.z3.IsInInter'}, 'HigherPri': {'instance': HigherPri, 'arity': 2, 'method': 'HigherPri(Entity, Entity)', 'function': 'logicity.utils.pred_converter.z3.HigherPri'}, 'CollidingClose': {'instance': CollidingClose, 'arity': 2, 'method': 'CollidingClose(Entity, Entity)', 'function': 'logicity.utils.pred_converter.z3.CollidingClose'}, 'Stop': {'instance': Stop, 'arity': 1, 'method': 'Stop(Entity)', 'function': 'None'}, 'Fast': {'instance': Fast, 'arity': 1, 'method': 'Fast(Entity)', 'function': 'None'}, 'Normal': {'instance': Normal, 'arity': 1, 'method': 'Normal(Entity)', 'function': 'None'}, 'Slow': {'instance': Slow, 'arity': 1, 'method': 'Slow(Entity)', 'function': 'None'}}, the FOV entities {'Entity': 3}, The logic grounding shape is: 39
2026-05-23 16:30:34 [INFO]: Local planner constructed!
2026-05-23 16:30:34 [INFO]: Constructing 22 streets
2026-05-23 16:30:34 [INFO]: Constructing 16 buildings
2026-05-23 16:30:35 [INFO]: Adding 4 agents, they are constrained in 103 region
2026-05-23 16:30:35 [INFO]: Car_1 initialization done!
2026-05-23 16:30:35 [INFO]: Pedestrian_1 initialization done!
2026-05-23 16:30:36 [INFO]: Car_2 initialization done!
2026-05-23 16:30:36 [INFO]: Car_3 initialization done!
2026-05-23 16:30:36 [INFO]: Done!
2026-05-23 16:30:36 [INFO]: ***Init RL Agent in Env***
2026-05-23 16:31:23 [INFO]: Episode 2 failed.
2026-05-23 16:31:23 [INFO]: Episode 2 achieved a score of -5.739999999999986
2026-05-23 16:31:23 [INFO]: Episode 2 Success: 0
2026-05-23 16:31:23 [INFO]: Episode 2 Decision Step: {3: 0}
2026-05-23 16:31:23 [INFO]: Episode 2 Success Decision: {3: 0}
2026-05-23 16:31:23 [INFO]: Evaluating episode 3...
2026-05-23 16:31:23 [INFO]: Episode label: {'oracle_step': 57, 'stop_count': 7, 'has_stop': True, 'ego_crosses': True, 'ego_eta': 13, 'ego_direction': 'up', 'other_crosses': 3, 'close_other_count': 0, 'pedestrian_close': None, 'conflicting_approach': False, 'total_crosses': 4}
2026-05-23 16:31:23 [INFO]: Get map info from config/maps/square_2x2.yaml
2026-05-23 16:31:23 [INFO]: Get agent info from config/agents/easy_lite/val.yaml
2026-05-23 16:31:23 [INFO]: Get onology and rules info from config/rules/ontology_easy.yaml, config/rules/Nav/easy/expert.yaml
2026-05-23 16:31:23 [INFO]: Number of Entity Types: 1
Entity Types:
- Entity
2026-05-23 16:31:23 [INFO]: Number of Predicates: 13
Predicates:
- IsPedestrian: {'instance': "Function('IsPed', entity_sorts['Entity'], BoolSort())", 'arity': 1, 'method': 'IsPed(Entity)', 'function': 'logicity.utils.pred_converter.z3.IsPed'}
- IsCar: {'instance': "Function('IsCar', entity_sorts['Entity'], BoolSort())", 'arity': 1, 'method': 'IsCar(Entity)', 'function': 'logicity.utils.pred_converter.z3.IsCar'}
- IsAmbulance: {'instance': "Function('IsAmb', entity_sorts['Entity'], BoolSort())", 'arity': 1, 'method': 'IsAmb(Entity)', 'function': 'logicity.utils.pred_converter.z3.IsAmb'}
- IsOld: {'instance': "Function('IsOld', entity_sorts['Entity'], BoolSort())", 'arity': 1, 'method': 'IsOld(Entity)', 'function': 'logicity.utils.pred_converter.z3.IsOld'}
- IsTiro: {'instance': "Function('IsTiro', entity_sorts['Entity'], BoolSort())", 'arity': 1, 'method': 'IsTiro(Entity)', 'function': 'logicity.utils.pred_converter.z3.IsTiro'}
- IsAtInter: {'instance': "Function('IsAtInter', entity_sorts['Entity'], BoolSort())", 'arity': 1, 'method': 'IsAtInter(Entity)', 'function': 'logicity.utils.pred_converter.z3.IsAtInter'}
- IsInInter: {'instance': "Function('IsInInter', entity_sorts['Entity'], BoolSort())", 'arity': 1, 'method': 'IsInInter(Entity)', 'function': 'logicity.utils.pred_converter.z3.IsInInter'}
- HigherPri: {'instance': "Function('HigherPri', entity_sorts['Entity'], entity_sorts['Entity'], BoolSort())", 'arity': 2, 'method': 'HigherPri(Entity, Entity)', 'function': 'logicity.utils.pred_converter.z3.HigherPri'}
- CollidingClose: {'instance': "Function('CollidingClose', entity_sorts['Entity'], entity_sorts['Entity'], BoolSort())", 'arity': 2, 'method': 'CollidingClose(Entity, Entity)', 'function': 'logicity.utils.pred_converter.z3.CollidingClose'}
- Stop: {'instance': "Function('Stop', entity_sorts['Entity'], BoolSort())", 'arity': 1, 'method': 'Stop(Entity)', 'function': 'None'}
- Fast: {'instance': "Function('Fast', entity_sorts['Entity'], BoolSort())", 'arity': 1, 'method': 'Fast(Entity)', 'function': 'None'}
- Normal: {'instance': "Function('Normal', entity_sorts['Entity'], BoolSort())", 'arity': 1, 'method': 'Normal(Entity)', 'function': 'None'}
- Slow: {'instance': "Function('Slow', entity_sorts['Entity'], BoolSort())", 'arity': 1, 'method': 'Slow(Entity)', 'function': 'None'}
2026-05-23 16:31:23 [INFO]: *** Sim Rule ***: Stop -> 
 Stop(entity) == Exists(
  [dummyEntity], 
  Or(
    And(
      IsAtInter(entity), 
      IsInInter(dummyEntity), 
    ),
    And(
      IsAtInter(entity), 
      IsAtInter(dummyEntity), 
      HigherPri(dummyEntity, entity),
    ),
    CollidingClose(entity, dummyEntity)
  )
)

2026-05-23 16:31:23 [INFO]: *** Task Rule ***: Collision and Intersection -> 
 Implies(Exists(
  [dummyEntity], 
    Or(
      And(
        IsAtInter(entity), 
        IsInInter(dummyEntity), 
      ),
      And(
        IsAtInter(entity), 
        IsAtInter(dummyEntity), 
        HigherPri(dummyEntity, entity),
      ),
      CollidingClose(entity, dummyEntity)
    )
  ),
  Stop(entity)
)

2026-05-23 16:31:23 [INFO]: *** Expert Rule ***: Stop -> 
 Stop(entity) == Exists(
[dummyEntity], 
  Or(
    And(
      IsAtInter(entity), 
      IsInInter(dummyEntity), 
    ),
    And(
      IsAtInter(entity), 
      IsAtInter(dummyEntity), 
      HigherPri(dummyEntity, entity),
    ),
    CollidingClose(entity, dummyEntity)
  )
)

2026-05-23 16:31:23 [INFO]: *** Expert Rule ***: Slow -> 
 Not(Slow(entity))

2026-05-23 16:31:23 [INFO]: *** Expert Rule ***: Fast -> 
 Not(Fast(entity))

2026-05-23 16:31:23 [INFO]: *** Expert Rule ***: Normal -> 
 Normal(entity) == Not(Stop(entity))
2026-05-23 16:31:23 [INFO]: Rules created successfully
2026-05-23 16:31:23 [INFO]: Rules will be grounded later...
2026-05-23 16:31:23 [INFO]: Given Predicates {'IsPedestrian': {'instance': IsPed, 'arity': 1, 'method': 'IsPed(Entity)', 'function': 'logicity.utils.pred_converter.z3.IsPed'}, 'IsCar': {'instance': IsCar, 'arity': 1, 'method': 'IsCar(Entity)', 'function': 'logicity.utils.pred_converter.z3.IsCar'}, 'IsAmbulance': {'instance': IsAmb, 'arity': 1, 'method': 'IsAmb(Entity)', 'function': 'logicity.utils.pred_converter.z3.IsAmb'}, 'IsOld': {'instance': IsOld, 'arity': 1, 'method': 'IsOld(Entity)', 'function': 'logicity.utils.pred_converter.z3.IsOld'}, 'IsTiro': {'instance': IsTiro, 'arity': 1, 'method': 'IsTiro(Entity)', 'function': 'logicity.utils.pred_converter.z3.IsTiro'}, 'IsAtInter': {'instance': IsAtInter, 'arity': 1, 'method': 'IsAtInter(Entity)', 'function': 'logicity.utils.pred_converter.z3.IsAtInter'}, 'IsInInter': {'instance': IsInInter, 'arity': 1, 'method': 'IsInInter(Entity)', 'function': 'logicity.utils.pred_converter.z3.IsInInter'}, 'HigherPri': {'instance': HigherPri, 'arity': 2, 'method': 'HigherPri(Entity, Entity)', 'function': 'logicity.utils.pred_converter.z3.HigherPri'}, 'CollidingClose': {'instance': CollidingClose, 'arity': 2, 'method': 'CollidingClose(Entity, Entity)', 'function': 'logicity.utils.pred_converter.z3.CollidingClose'}, 'Stop': {'instance': Stop, 'arity': 1, 'method': 'Stop(Entity)', 'function': 'None'}, 'Fast': {'instance': Fast, 'arity': 1, 'method': 'Fast(Entity)', 'function': 'None'}, 'Normal': {'instance': Normal, 'arity': 1, 'method': 'Normal(Entity)', 'function': 'None'}, 'Slow': {'instance': Slow, 'arity': 1, 'method': 'Slow(Entity)', 'function': 'None'}}, the FOV entities {'Entity': 3}, The logic grounding shape is: 39
2026-05-23 16:31:23 [INFO]: Local planner constructed!
2026-05-23 16:31:23 [INFO]: Constructing 22 streets
2026-05-23 16:31:24 [INFO]: Constructing 16 buildings
2026-05-23 16:31:24 [INFO]: Adding 4 agents, they are constrained in 103 region
2026-05-23 16:31:25 [INFO]: Car_1 initialization done!
2026-05-23 16:31:25 [INFO]: Pedestrian_1 initialization done!
2026-05-23 16:31:25 [INFO]: Car_2 initialization done!
2026-05-23 16:31:25 [INFO]: Car_3 initialization done!
2026-05-23 16:31:25 [INFO]: Done!
2026-05-23 16:31:25 [INFO]: ***Init RL Agent in Env***
2026-05-23 16:31:45 [INFO]: Episode 3 failed.
2026-05-23 16:31:45 [INFO]: Episode 3 achieved a score of -4.140000000000001
2026-05-23 16:31:45 [INFO]: Episode 3 Success: 0
2026-05-23 16:31:45 [INFO]: Episode 3 Decision Step: {3: 0}
2026-05-23 16:31:45 [INFO]: Episode 3 Success Decision: {3: 0}
2026-05-23 16:31:45 [INFO]: Evaluating episode 4...
2026-05-23 16:31:45 [INFO]: Episode label: {'oracle_step': 66, 'stop_count': 17, 'has_stop': True, 'ego_crosses': True, 'ego_eta': 26, 'ego_direction': 'down', 'other_crosses': 3, 'close_other_count': 0, 'pedestrian_close': None, 'conflicting_approach': False, 'total_crosses': 4}
2026-05-23 16:31:45 [INFO]: Get map info from config/maps/square_2x2.yaml
2026-05-23 16:31:45 [INFO]: Get agent info from config/agents/easy_lite/val.yaml
2026-05-23 16:31:45 [INFO]: Get onology and rules info from config/rules/ontology_easy.yaml, config/rules/Nav/easy/expert.yaml
2026-05-23 16:31:45 [INFO]: Number of Entity Types: 1
Entity Types:
- Entity
2026-05-23 16:31:45 [INFO]: Number of Predicates: 13
Predicates:
- IsPedestrian: {'instance': "Function('IsPed', entity_sorts['Entity'], BoolSort())", 'arity': 1, 'method': 'IsPed(Entity)', 'function': 'logicity.utils.pred_converter.z3.IsPed'}
- IsCar: {'instance': "Function('IsCar', entity_sorts['Entity'], BoolSort())", 'arity': 1, 'method': 'IsCar(Entity)', 'function': 'logicity.utils.pred_converter.z3.IsCar'}
- IsAmbulance: {'instance': "Function('IsAmb', entity_sorts['Entity'], BoolSort())", 'arity': 1, 'method': 'IsAmb(Entity)', 'function': 'logicity.utils.pred_converter.z3.IsAmb'}
- IsOld: {'instance': "Function('IsOld', entity_sorts['Entity'], BoolSort())", 'arity': 1, 'method': 'IsOld(Entity)', 'function': 'logicity.utils.pred_converter.z3.IsOld'}
- IsTiro: {'instance': "Function('IsTiro', entity_sorts['Entity'], BoolSort())", 'arity': 1, 'method': 'IsTiro(Entity)', 'function': 'logicity.utils.pred_converter.z3.IsTiro'}
- IsAtInter: {'instance': "Function('IsAtInter', entity_sorts['Entity'], BoolSort())", 'arity': 1, 'method': 'IsAtInter(Entity)', 'function': 'logicity.utils.pred_converter.z3.IsAtInter'}
- IsInInter: {'instance': "Function('IsInInter', entity_sorts['Entity'], BoolSort())", 'arity': 1, 'method': 'IsInInter(Entity)', 'function': 'logicity.utils.pred_converter.z3.IsInInter'}
- HigherPri: {'instance': "Function('HigherPri', entity_sorts['Entity'], entity_sorts['Entity'], BoolSort())", 'arity': 2, 'method': 'HigherPri(Entity, Entity)', 'function': 'logicity.utils.pred_converter.z3.HigherPri'}
- CollidingClose: {'instance': "Function('CollidingClose', entity_sorts['Entity'], entity_sorts['Entity'], BoolSort())", 'arity': 2, 'method': 'CollidingClose(Entity, Entity)', 'function': 'logicity.utils.pred_converter.z3.CollidingClose'}
- Stop: {'instance': "Function('Stop', entity_sorts['Entity'], BoolSort())", 'arity': 1, 'method': 'Stop(Entity)', 'function': 'None'}
- Fast: {'instance': "Function('Fast', entity_sorts['Entity'], BoolSort())", 'arity': 1, 'method': 'Fast(Entity)', 'function': 'None'}
- Normal: {'instance': "Function('Normal', entity_sorts['Entity'], BoolSort())", 'arity': 1, 'method': 'Normal(Entity)', 'function': 'None'}
- Slow: {'instance': "Function('Slow', entity_sorts['Entity'], BoolSort())", 'arity': 1, 'method': 'Slow(Entity)', 'function': 'None'}
2026-05-23 16:31:45 [INFO]: *** Sim Rule ***: Stop -> 
 Stop(entity) == Exists(
  [dummyEntity], 
  Or(
    And(
      IsAtInter(entity), 
      IsInInter(dummyEntity), 
    ),
    And(
      IsAtInter(entity), 
      IsAtInter(dummyEntity), 
      HigherPri(dummyEntity, entity),
    ),
    CollidingClose(entity, dummyEntity)
  )
)

2026-05-23 16:31:45 [INFO]: *** Task Rule ***: Collision and Intersection -> 
 Implies(Exists(
  [dummyEntity], 
    Or(
      And(
        IsAtInter(entity), 
        IsInInter(dummyEntity), 
      ),
      And(
        IsAtInter(entity), 
        IsAtInter(dummyEntity), 
        HigherPri(dummyEntity, entity),
      ),
      CollidingClose(entity, dummyEntity)
    )
  ),
  Stop(entity)
)

2026-05-23 16:31:45 [INFO]: *** Expert Rule ***: Stop -> 
 Stop(entity) == Exists(
[dummyEntity], 
  Or(
    And(
      IsAtInter(entity), 
      IsInInter(dummyEntity), 
    ),
    And(
      IsAtInter(entity), 
      IsAtInter(dummyEntity), 
      HigherPri(dummyEntity, entity),
    ),
    CollidingClose(entity, dummyEntity)
  )
)

2026-05-23 16:31:45 [INFO]: *** Expert Rule ***: Slow -> 
 Not(Slow(entity))

2026-05-23 16:31:45 [INFO]: *** Expert Rule ***: Fast -> 
 Not(Fast(entity))

2026-05-23 16:31:45 [INFO]: *** Expert Rule ***: Normal -> 
 Normal(entity) == Not(Stop(entity))
2026-05-23 16:31:45 [INFO]: Rules created successfully
2026-05-23 16:31:45 [INFO]: Rules will be grounded later...
2026-05-23 16:31:45 [INFO]: Given Predicates {'IsPedestrian': {'instance': IsPed, 'arity': 1, 'method': 'IsPed(Entity)', 'function': 'logicity.utils.pred_converter.z3.IsPed'}, 'IsCar': {'instance': IsCar, 'arity': 1, 'method': 'IsCar(Entity)', 'function': 'logicity.utils.pred_converter.z3.IsCar'}, 'IsAmbulance': {'instance': IsAmb, 'arity': 1, 'method': 'IsAmb(Entity)', 'function': 'logicity.utils.pred_converter.z3.IsAmb'}, 'IsOld': {'instance': IsOld, 'arity': 1, 'method': 'IsOld(Entity)', 'function': 'logicity.utils.pred_converter.z3.IsOld'}, 'IsTiro': {'instance': IsTiro, 'arity': 1, 'method': 'IsTiro(Entity)', 'function': 'logicity.utils.pred_converter.z3.IsTiro'}, 'IsAtInter': {'instance': IsAtInter, 'arity': 1, 'method': 'IsAtInter(Entity)', 'function': 'logicity.utils.pred_converter.z3.IsAtInter'}, 'IsInInter': {'instance': IsInInter, 'arity': 1, 'method': 'IsInInter(Entity)', 'function': 'logicity.utils.pred_converter.z3.IsInInter'}, 'HigherPri': {'instance': HigherPri, 'arity': 2, 'method': 'HigherPri(Entity, Entity)', 'function': 'logicity.utils.pred_converter.z3.HigherPri'}, 'CollidingClose': {'instance': CollidingClose, 'arity': 2, 'method': 'CollidingClose(Entity, Entity)', 'function': 'logicity.utils.pred_converter.z3.CollidingClose'}, 'Stop': {'instance': Stop, 'arity': 1, 'method': 'Stop(Entity)', 'function': 'None'}, 'Fast': {'instance': Fast, 'arity': 1, 'method': 'Fast(Entity)', 'function': 'None'}, 'Normal': {'instance': Normal, 'arity': 1, 'method': 'Normal(Entity)', 'function': 'None'}, 'Slow': {'instance': Slow, 'arity': 1, 'method': 'Slow(Entity)', 'function': 'None'}}, the FOV entities {'Entity': 3}, The logic grounding shape is: 39
2026-05-23 16:31:45 [INFO]: Local planner constructed!
2026-05-23 16:31:45 [INFO]: Constructing 22 streets
2026-05-23 16:31:46 [INFO]: Constructing 16 buildings
2026-05-23 16:31:46 [INFO]: Adding 4 agents, they are constrained in 103 region
2026-05-23 16:31:47 [INFO]: Car_1 initialization done!
2026-05-23 16:31:47 [INFO]: Pedestrian_1 initialization done!
2026-05-23 16:31:47 [INFO]: Car_2 initialization done!
2026-05-23 16:31:48 [INFO]: Car_3 initialization done!
2026-05-23 16:31:48 [INFO]: Done!
2026-05-23 16:31:48 [INFO]: ***Init RL Agent in Env***
2026-05-23 16:32:09 [INFO]: Episode 4 failed.
2026-05-23 16:32:09 [INFO]: Episode 4 achieved a score of -4.320000000000001
2026-05-23 16:32:09 [INFO]: Episode 4 Success: 0
2026-05-23 16:32:09 [INFO]: Episode 4 Decision Step: {3: 0}
2026-05-23 16:32:09 [INFO]: Episode 4 Success Decision: {3: 0}
2026-05-23 16:32:09 [INFO]: Evaluating episode 5...
2026-05-23 16:32:09 [INFO]: Episode label: {'oracle_step': 62, 'stop_count': 0, 'has_stop': False, 'ego_crosses': True, 'ego_eta': 51, 'ego_direction': 'down', 'other_crosses': 3, 'close_other_count': 0, 'pedestrian_close': None, 'conflicting_approach': False, 'total_crosses': 4}
2026-05-23 16:32:09 [INFO]: Get map info from config/maps/square_2x2.yaml
2026-05-23 16:32:09 [INFO]: Get agent info from config/agents/easy_lite/val.yaml
2026-05-23 16:32:09 [INFO]: Get onology and rules info from config/rules/ontology_easy.yaml, config/rules/Nav/easy/expert.yaml
2026-05-23 16:32:09 [INFO]: Number of Entity Types: 1
Entity Types:
- Entity
2026-05-23 16:32:09 [INFO]: Number of Predicates: 13
Predicates:
- IsPedestrian: {'instance': "Function('IsPed', entity_sorts['Entity'], BoolSort())", 'arity': 1, 'method': 'IsPed(Entity)', 'function': 'logicity.utils.pred_converter.z3.IsPed'}
- IsCar: {'instance': "Function('IsCar', entity_sorts['Entity'], BoolSort())", 'arity': 1, 'method': 'IsCar(Entity)', 'function': 'logicity.utils.pred_converter.z3.IsCar'}
- IsAmbulance: {'instance': "Function('IsAmb', entity_sorts['Entity'], BoolSort())", 'arity': 1, 'method': 'IsAmb(Entity)', 'function': 'logicity.utils.pred_converter.z3.IsAmb'}
- IsOld: {'instance': "Function('IsOld', entity_sorts['Entity'], BoolSort())", 'arity': 1, 'method': 'IsOld(Entity)', 'function': 'logicity.utils.pred_converter.z3.IsOld'}
- IsTiro: {'instance': "Function('IsTiro', entity_sorts['Entity'], BoolSort())", 'arity': 1, 'method': 'IsTiro(Entity)', 'function': 'logicity.utils.pred_converter.z3.IsTiro'}
- IsAtInter: {'instance': "Function('IsAtInter', entity_sorts['Entity'], BoolSort())", 'arity': 1, 'method': 'IsAtInter(Entity)', 'function': 'logicity.utils.pred_converter.z3.IsAtInter'}
- IsInInter: {'instance': "Function('IsInInter', entity_sorts['Entity'], BoolSort())", 'arity': 1, 'method': 'IsInInter(Entity)', 'function': 'logicity.utils.pred_converter.z3.IsInInter'}
- HigherPri: {'instance': "Function('HigherPri', entity_sorts['Entity'], entity_sorts['Entity'], BoolSort())", 'arity': 2, 'method': 'HigherPri(Entity, Entity)', 'function': 'logicity.utils.pred_converter.z3.HigherPri'}
- CollidingClose: {'instance': "Function('CollidingClose', entity_sorts['Entity'], entity_sorts['Entity'], BoolSort())", 'arity': 2, 'method': 'CollidingClose(Entity, Entity)', 'function': 'logicity.utils.pred_converter.z3.CollidingClose'}
- Stop: {'instance': "Function('Stop', entity_sorts['Entity'], BoolSort())", 'arity': 1, 'method': 'Stop(Entity)', 'function': 'None'}
- Fast: {'instance': "Function('Fast', entity_sorts['Entity'], BoolSort())", 'arity': 1, 'method': 'Fast(Entity)', 'function': 'None'}
- Normal: {'instance': "Function('Normal', entity_sorts['Entity'], BoolSort())", 'arity': 1, 'method': 'Normal(Entity)', 'function': 'None'}
- Slow: {'instance': "Function('Slow', entity_sorts['Entity'], BoolSort())", 'arity': 1, 'method': 'Slow(Entity)', 'function': 'None'}
2026-05-23 16:32:09 [INFO]: *** Sim Rule ***: Stop -> 
 Stop(entity) == Exists(
  [dummyEntity], 
  Or(
    And(
      IsAtInter(entity), 
      IsInInter(dummyEntity), 
    ),
    And(
      IsAtInter(entity), 
      IsAtInter(dummyEntity), 
      HigherPri(dummyEntity, entity),
    ),
    CollidingClose(entity, dummyEntity)
  )
)

2026-05-23 16:32:09 [INFO]: *** Task Rule ***: Collision and Intersection -> 
 Implies(Exists(
  [dummyEntity], 
    Or(
      And(
        IsAtInter(entity), 
        IsInInter(dummyEntity), 
      ),
      And(
        IsAtInter(entity), 
        IsAtInter(dummyEntity), 
        HigherPri(dummyEntity, entity),
      ),
      CollidingClose(entity, dummyEntity)
    )
  ),
  Stop(entity)
)

2026-05-23 16:32:09 [INFO]: *** Expert Rule ***: Stop -> 
 Stop(entity) == Exists(
[dummyEntity], 
  Or(
    And(
      IsAtInter(entity), 
      IsInInter(dummyEntity), 
    ),
    And(
      IsAtInter(entity), 
      IsAtInter(dummyEntity), 
      HigherPri(dummyEntity, entity),
    ),
    CollidingClose(entity, dummyEntity)
  )
)

2026-05-23 16:32:09 [INFO]: *** Expert Rule ***: Slow -> 
 Not(Slow(entity))

2026-05-23 16:32:09 [INFO]: *** Expert Rule ***: Fast -> 
 Not(Fast(entity))

2026-05-23 16:32:09 [INFO]: *** Expert Rule ***: Normal -> 
 Normal(entity) == Not(Stop(entity))
2026-05-23 16:32:09 [INFO]: Rules created successfully
2026-05-23 16:32:09 [INFO]: Rules will be grounded later...
2026-05-23 16:32:09 [INFO]: Given Predicates {'IsPedestrian': {'instance': IsPed, 'arity': 1, 'method': 'IsPed(Entity)', 'function': 'logicity.utils.pred_converter.z3.IsPed'}, 'IsCar': {'instance': IsCar, 'arity': 1, 'method': 'IsCar(Entity)', 'function': 'logicity.utils.pred_converter.z3.IsCar'}, 'IsAmbulance': {'instance': IsAmb, 'arity': 1, 'method': 'IsAmb(Entity)', 'function': 'logicity.utils.pred_converter.z3.IsAmb'}, 'IsOld': {'instance': IsOld, 'arity': 1, 'method': 'IsOld(Entity)', 'function': 'logicity.utils.pred_converter.z3.IsOld'}, 'IsTiro': {'instance': IsTiro, 'arity': 1, 'method': 'IsTiro(Entity)', 'function': 'logicity.utils.pred_converter.z3.IsTiro'}, 'IsAtInter': {'instance': IsAtInter, 'arity': 1, 'method': 'IsAtInter(Entity)', 'function': 'logicity.utils.pred_converter.z3.IsAtInter'}, 'IsInInter': {'instance': IsInInter, 'arity': 1, 'method': 'IsInInter(Entity)', 'function': 'logicity.utils.pred_converter.z3.IsInInter'}, 'HigherPri': {'instance': HigherPri, 'arity': 2, 'method': 'HigherPri(Entity, Entity)', 'function': 'logicity.utils.pred_converter.z3.HigherPri'}, 'CollidingClose': {'instance': CollidingClose, 'arity': 2, 'method': 'CollidingClose(Entity, Entity)', 'function': 'logicity.utils.pred_converter.z3.CollidingClose'}, 'Stop': {'instance': Stop, 'arity': 1, 'method': 'Stop(Entity)', 'function': 'None'}, 'Fast': {'instance': Fast, 'arity': 1, 'method': 'Fast(Entity)', 'function': 'None'}, 'Normal': {'instance': Normal, 'arity': 1, 'method': 'Normal(Entity)', 'function': 'None'}, 'Slow': {'instance': Slow, 'arity': 1, 'method': 'Slow(Entity)', 'function': 'None'}}, the FOV entities {'Entity': 3}, The logic grounding shape is: 39
2026-05-23 16:32:09 [INFO]: Local planner constructed!
2026-05-23 16:32:09 [INFO]: Constructing 22 streets
2026-05-23 16:32:10 [INFO]: Constructing 16 buildings
2026-05-23 16:32:10 [INFO]: Adding 4 agents, they are constrained in 103 region
2026-05-23 16:32:11 [INFO]: Car_1 initialization done!
2026-05-23 16:32:11 [INFO]: Pedestrian_1 initialization done!
2026-05-23 16:32:11 [INFO]: Car_2 initialization done!
2026-05-23 16:32:11 [INFO]: Car_3 initialization done!
2026-05-23 16:32:11 [INFO]: Done!
2026-05-23 16:32:11 [INFO]: ***Init RL Agent in Env***
2026-05-23 16:32:32 [INFO]: Episode 5 failed.
2026-05-23 16:32:32 [INFO]: Episode 5 achieved a score of -4.240000000000001
2026-05-23 16:32:32 [INFO]: Episode 5 Success: 0
2026-05-23 16:32:32 [INFO]: Episode 5 Decision Step: {3: 0}
2026-05-23 16:32:32 [INFO]: Episode 5 Success Decision: {3: 0}
2026-05-23 16:32:32 [INFO]: Evaluating episode 6...
2026-05-23 16:32:32 [INFO]: Episode label: {'oracle_step': 53, 'stop_count': 10, 'has_stop': True, 'ego_crosses': True, 'ego_eta': 9, 'ego_direction': 'right', 'other_crosses': 3, 'close_other_count': 0, 'pedestrian_close': None, 'conflicting_approach': False, 'total_crosses': 4}
2026-05-23 16:32:32 [INFO]: Get map info from config/maps/square_2x2.yaml
2026-05-23 16:32:32 [INFO]: Get agent info from config/agents/easy_lite/val.yaml
2026-05-23 16:32:32 [INFO]: Get onology and rules info from config/rules/ontology_easy.yaml, config/rules/Nav/easy/expert.yaml
2026-05-23 16:32:32 [INFO]: Number of Entity Types: 1
Entity Types:
- Entity
2026-05-23 16:32:32 [INFO]: Number of Predicates: 13
Predicates:
- IsPedestrian: {'instance': "Function('IsPed', entity_sorts['Entity'], BoolSort())", 'arity': 1, 'method': 'IsPed(Entity)', 'function': 'logicity.utils.pred_converter.z3.IsPed'}
- IsCar: {'instance': "Function('IsCar', entity_sorts['Entity'], BoolSort())", 'arity': 1, 'method': 'IsCar(Entity)', 'function': 'logicity.utils.pred_converter.z3.IsCar'}
- IsAmbulance: {'instance': "Function('IsAmb', entity_sorts['Entity'], BoolSort())", 'arity': 1, 'method': 'IsAmb(Entity)', 'function': 'logicity.utils.pred_converter.z3.IsAmb'}
- IsOld: {'instance': "Function('IsOld', entity_sorts['Entity'], BoolSort())", 'arity': 1, 'method': 'IsOld(Entity)', 'function': 'logicity.utils.pred_converter.z3.IsOld'}
- IsTiro: {'instance': "Function('IsTiro', entity_sorts['Entity'], BoolSort())", 'arity': 1, 'method': 'IsTiro(Entity)', 'function': 'logicity.utils.pred_converter.z3.IsTiro'}
- IsAtInter: {'instance': "Function('IsAtInter', entity_sorts['Entity'], BoolSort())", 'arity': 1, 'method': 'IsAtInter(Entity)', 'function': 'logicity.utils.pred_converter.z3.IsAtInter'}
- IsInInter: {'instance': "Function('IsInInter', entity_sorts['Entity'], BoolSort())", 'arity': 1, 'method': 'IsInInter(Entity)', 'function': 'logicity.utils.pred_converter.z3.IsInInter'}
- HigherPri: {'instance': "Function('HigherPri', entity_sorts['Entity'], entity_sorts['Entity'], BoolSort())", 'arity': 2, 'method': 'HigherPri(Entity, Entity)', 'function': 'logicity.utils.pred_converter.z3.HigherPri'}
- CollidingClose: {'instance': "Function('CollidingClose', entity_sorts['Entity'], entity_sorts['Entity'], BoolSort())", 'arity': 2, 'method': 'CollidingClose(Entity, Entity)', 'function': 'logicity.utils.pred_converter.z3.CollidingClose'}
- Stop: {'instance': "Function('Stop', entity_sorts['Entity'], BoolSort())", 'arity': 1, 'method': 'Stop(Entity)', 'function': 'None'}
- Fast: {'instance': "Function('Fast', entity_sorts['Entity'], BoolSort())", 'arity': 1, 'method': 'Fast(Entity)', 'function': 'None'}
- Normal: {'instance': "Function('Normal', entity_sorts['Entity'], BoolSort())", 'arity': 1, 'method': 'Normal(Entity)', 'function': 'None'}
- Slow: {'instance': "Function('Slow', entity_sorts['Entity'], BoolSort())", 'arity': 1, 'method': 'Slow(Entity)', 'function': 'None'}
2026-05-23 16:32:32 [INFO]: *** Sim Rule ***: Stop -> 
 Stop(entity) == Exists(
  [dummyEntity], 
  Or(
    And(
      IsAtInter(entity), 
      IsInInter(dummyEntity), 
    ),
    And(
      IsAtInter(entity), 
      IsAtInter(dummyEntity), 
      HigherPri(dummyEntity, entity),
    ),
    CollidingClose(entity, dummyEntity)
  )
)

2026-05-23 16:32:32 [INFO]: *** Task Rule ***: Collision and Intersection -> 
 Implies(Exists(
  [dummyEntity], 
    Or(
      And(
        IsAtInter(entity), 
        IsInInter(dummyEntity), 
      ),
      And(
        IsAtInter(entity), 
        IsAtInter(dummyEntity), 
        HigherPri(dummyEntity, entity),
      ),
      CollidingClose(entity, dummyEntity)
    )
  ),
  Stop(entity)
)

2026-05-23 16:32:32 [INFO]: *** Expert Rule ***: Stop -> 
 Stop(entity) == Exists(
[dummyEntity], 
  Or(
    And(
      IsAtInter(entity), 
      IsInInter(dummyEntity), 
    ),
    And(
      IsAtInter(entity), 
      IsAtInter(dummyEntity), 
      HigherPri(dummyEntity, entity),
    ),
    CollidingClose(entity, dummyEntity)
  )
)

2026-05-23 16:32:32 [INFO]: *** Expert Rule ***: Slow -> 
 Not(Slow(entity))

2026-05-23 16:32:32 [INFO]: *** Expert Rule ***: Fast -> 
 Not(Fast(entity))

2026-05-23 16:32:32 [INFO]: *** Expert Rule ***: Normal -> 
 Normal(entity) == Not(Stop(entity))
2026-05-23 16:32:32 [INFO]: Rules created successfully
2026-05-23 16:32:32 [INFO]: Rules will be grounded later...
2026-05-23 16:32:32 [INFO]: Given Predicates {'IsPedestrian': {'instance': IsPed, 'arity': 1, 'method': 'IsPed(Entity)', 'function': 'logicity.utils.pred_converter.z3.IsPed'}, 'IsCar': {'instance': IsCar, 'arity': 1, 'method': 'IsCar(Entity)', 'function': 'logicity.utils.pred_converter.z3.IsCar'}, 'IsAmbulance': {'instance': IsAmb, 'arity': 1, 'method': 'IsAmb(Entity)', 'function': 'logicity.utils.pred_converter.z3.IsAmb'}, 'IsOld': {'instance': IsOld, 'arity': 1, 'method': 'IsOld(Entity)', 'function': 'logicity.utils.pred_converter.z3.IsOld'}, 'IsTiro': {'instance': IsTiro, 'arity': 1, 'method': 'IsTiro(Entity)', 'function': 'logicity.utils.pred_converter.z3.IsTiro'}, 'IsAtInter': {'instance': IsAtInter, 'arity': 1, 'method': 'IsAtInter(Entity)', 'function': 'logicity.utils.pred_converter.z3.IsAtInter'}, 'IsInInter': {'instance': IsInInter, 'arity': 1, 'method': 'IsInInter(Entity)', 'function': 'logicity.utils.pred_converter.z3.IsInInter'}, 'HigherPri': {'instance': HigherPri, 'arity': 2, 'method': 'HigherPri(Entity, Entity)', 'function': 'logicity.utils.pred_converter.z3.HigherPri'}, 'CollidingClose': {'instance': CollidingClose, 'arity': 2, 'method': 'CollidingClose(Entity, Entity)', 'function': 'logicity.utils.pred_converter.z3.CollidingClose'}, 'Stop': {'instance': Stop, 'arity': 1, 'method': 'Stop(Entity)', 'function': 'None'}, 'Fast': {'instance': Fast, 'arity': 1, 'method': 'Fast(Entity)', 'function': 'None'}, 'Normal': {'instance': Normal, 'arity': 1, 'method': 'Normal(Entity)', 'function': 'None'}, 'Slow': {'instance': Slow, 'arity': 1, 'method': 'Slow(Entity)', 'function': 'None'}}, the FOV entities {'Entity': 3}, The logic grounding shape is: 39
2026-05-23 16:32:32 [INFO]: Local planner constructed!
2026-05-23 16:32:32 [INFO]: Constructing 22 streets
2026-05-23 16:32:32 [INFO]: Constructing 16 buildings
2026-05-23 16:32:33 [INFO]: Adding 4 agents, they are constrained in 103 region
2026-05-23 16:32:33 [INFO]: Car_1 initialization done!
2026-05-23 16:32:33 [INFO]: Pedestrian_1 initialization done!
2026-05-23 16:32:34 [INFO]: Car_2 initialization done!
2026-05-23 16:32:34 [INFO]: Car_3 initialization done!
2026-05-23 16:32:34 [INFO]: Done!
2026-05-23 16:32:34 [INFO]: ***Init RL Agent in Env***
2026-05-23 16:32:52 [INFO]: Episode 6 failed.
2026-05-23 16:32:52 [INFO]: Episode 6 achieved a score of -4.0600000000000005
2026-05-23 16:32:52 [INFO]: Episode 6 Success: 0
2026-05-23 16:32:52 [INFO]: Episode 6 Decision Step: {3: 0}
2026-05-23 16:32:52 [INFO]: Episode 6 Success Decision: {3: 0}
2026-05-23 16:32:52 [INFO]: Evaluating episode 7...
2026-05-23 16:32:52 [INFO]: Episode label: {'oracle_step': 76, 'stop_count': 10, 'has_stop': True, 'ego_crosses': True, 'ego_eta': 13, 'ego_direction': 'down', 'other_crosses': 3, 'close_other_count': 0, 'pedestrian_close': None, 'conflicting_approach': False, 'total_crosses': 4}
2026-05-23 16:32:52 [INFO]: Get map info from config/maps/square_2x2.yaml
2026-05-23 16:32:52 [INFO]: Get agent info from config/agents/easy_lite/val.yaml
2026-05-23 16:32:52 [INFO]: Get onology and rules info from config/rules/ontology_easy.yaml, config/rules/Nav/easy/expert.yaml
2026-05-23 16:32:52 [INFO]: Number of Entity Types: 1
Entity Types:
- Entity
2026-05-23 16:32:52 [INFO]: Number of Predicates: 13
Predicates:
- IsPedestrian: {'instance': "Function('IsPed', entity_sorts['Entity'], BoolSort())", 'arity': 1, 'method': 'IsPed(Entity)', 'function': 'logicity.utils.pred_converter.z3.IsPed'}
- IsCar: {'instance': "Function('IsCar', entity_sorts['Entity'], BoolSort())", 'arity': 1, 'method': 'IsCar(Entity)', 'function': 'logicity.utils.pred_converter.z3.IsCar'}
- IsAmbulance: {'instance': "Function('IsAmb', entity_sorts['Entity'], BoolSort())", 'arity': 1, 'method': 'IsAmb(Entity)', 'function': 'logicity.utils.pred_converter.z3.IsAmb'}
- IsOld: {'instance': "Function('IsOld', entity_sorts['Entity'], BoolSort())", 'arity': 1, 'method': 'IsOld(Entity)', 'function': 'logicity.utils.pred_converter.z3.IsOld'}
- IsTiro: {'instance': "Function('IsTiro', entity_sorts['Entity'], BoolSort())", 'arity': 1, 'method': 'IsTiro(Entity)', 'function': 'logicity.utils.pred_converter.z3.IsTiro'}
- IsAtInter: {'instance': "Function('IsAtInter', entity_sorts['Entity'], BoolSort())", 'arity': 1, 'method': 'IsAtInter(Entity)', 'function': 'logicity.utils.pred_converter.z3.IsAtInter'}
- IsInInter: {'instance': "Function('IsInInter', entity_sorts['Entity'], BoolSort())", 'arity': 1, 'method': 'IsInInter(Entity)', 'function': 'logicity.utils.pred_converter.z3.IsInInter'}
- HigherPri: {'instance': "Function('HigherPri', entity_sorts['Entity'], entity_sorts['Entity'], BoolSort())", 'arity': 2, 'method': 'HigherPri(Entity, Entity)', 'function': 'logicity.utils.pred_converter.z3.HigherPri'}
- CollidingClose: {'instance': "Function('CollidingClose', entity_sorts['Entity'], entity_sorts['Entity'], BoolSort())", 'arity': 2, 'method': 'CollidingClose(Entity, Entity)', 'function': 'logicity.utils.pred_converter.z3.CollidingClose'}
- Stop: {'instance': "Function('Stop', entity_sorts['Entity'], BoolSort())", 'arity': 1, 'method': 'Stop(Entity)', 'function': 'None'}
- Fast: {'instance': "Function('Fast', entity_sorts['Entity'], BoolSort())", 'arity': 1, 'method': 'Fast(Entity)', 'function': 'None'}
- Normal: {'instance': "Function('Normal', entity_sorts['Entity'], BoolSort())", 'arity': 1, 'method': 'Normal(Entity)', 'function': 'None'}
- Slow: {'instance': "Function('Slow', entity_sorts['Entity'], BoolSort())", 'arity': 1, 'method': 'Slow(Entity)', 'function': 'None'}
2026-05-23 16:32:52 [INFO]: *** Sim Rule ***: Stop -> 
 Stop(entity) == Exists(
  [dummyEntity], 
  Or(
    And(
      IsAtInter(entity), 
      IsInInter(dummyEntity), 
    ),
    And(
      IsAtInter(entity), 
      IsAtInter(dummyEntity), 
      HigherPri(dummyEntity, entity),
    ),
    CollidingClose(entity, dummyEntity)
  )
)

2026-05-23 16:32:52 [INFO]: *** Task Rule ***: Collision and Intersection -> 
 Implies(Exists(
  [dummyEntity], 
    Or(
      And(
        IsAtInter(entity), 
        IsInInter(dummyEntity), 
      ),
      And(
        IsAtInter(entity), 
        IsAtInter(dummyEntity), 
        HigherPri(dummyEntity, entity),
      ),
      CollidingClose(entity, dummyEntity)
    )
  ),
  Stop(entity)
)

2026-05-23 16:32:52 [INFO]: *** Expert Rule ***: Stop -> 
 Stop(entity) == Exists(
[dummyEntity], 
  Or(
    And(
      IsAtInter(entity), 
      IsInInter(dummyEntity), 
    ),
    And(
      IsAtInter(entity), 
      IsAtInter(dummyEntity), 
      HigherPri(dummyEntity, entity),
    ),
    CollidingClose(entity, dummyEntity)
  )
)

2026-05-23 16:32:52 [INFO]: *** Expert Rule ***: Slow -> 
 Not(Slow(entity))

2026-05-23 16:32:52 [INFO]: *** Expert Rule ***: Fast -> 
 Not(Fast(entity))

2026-05-23 16:32:52 [INFO]: *** Expert Rule ***: Normal -> 
 Normal(entity) == Not(Stop(entity))
2026-05-23 16:32:52 [INFO]: Rules created successfully
2026-05-23 16:32:52 [INFO]: Rules will be grounded later...
2026-05-23 16:32:52 [INFO]: Given Predicates {'IsPedestrian': {'instance': IsPed, 'arity': 1, 'method': 'IsPed(Entity)', 'function': 'logicity.utils.pred_converter.z3.IsPed'}, 'IsCar': {'instance': IsCar, 'arity': 1, 'method': 'IsCar(Entity)', 'function': 'logicity.utils.pred_converter.z3.IsCar'}, 'IsAmbulance': {'instance': IsAmb, 'arity': 1, 'method': 'IsAmb(Entity)', 'function': 'logicity.utils.pred_converter.z3.IsAmb'}, 'IsOld': {'instance': IsOld, 'arity': 1, 'method': 'IsOld(Entity)', 'function': 'logicity.utils.pred_converter.z3.IsOld'}, 'IsTiro': {'instance': IsTiro, 'arity': 1, 'method': 'IsTiro(Entity)', 'function': 'logicity.utils.pred_converter.z3.IsTiro'}, 'IsAtInter': {'instance': IsAtInter, 'arity': 1, 'method': 'IsAtInter(Entity)', 'function': 'logicity.utils.pred_converter.z3.IsAtInter'}, 'IsInInter': {'instance': IsInInter, 'arity': 1, 'method': 'IsInInter(Entity)', 'function': 'logicity.utils.pred_converter.z3.IsInInter'}, 'HigherPri': {'instance': HigherPri, 'arity': 2, 'method': 'HigherPri(Entity, Entity)', 'function': 'logicity.utils.pred_converter.z3.HigherPri'}, 'CollidingClose': {'instance': CollidingClose, 'arity': 2, 'method': 'CollidingClose(Entity, Entity)', 'function': 'logicity.utils.pred_converter.z3.CollidingClose'}, 'Stop': {'instance': Stop, 'arity': 1, 'method': 'Stop(Entity)', 'function': 'None'}, 'Fast': {'instance': Fast, 'arity': 1, 'method': 'Fast(Entity)', 'function': 'None'}, 'Normal': {'instance': Normal, 'arity': 1, 'method': 'Normal(Entity)', 'function': 'None'}, 'Slow': {'instance': Slow, 'arity': 1, 'method': 'Slow(Entity)', 'function': 'None'}}, the FOV entities {'Entity': 3}, The logic grounding shape is: 39
2026-05-23 16:32:52 [INFO]: Local planner constructed!
2026-05-23 16:32:52 [INFO]: Constructing 22 streets
2026-05-23 16:32:53 [INFO]: Constructing 16 buildings
2026-05-23 16:32:53 [INFO]: Adding 4 agents, they are constrained in 103 region
2026-05-23 16:32:54 [INFO]: Car_1 initialization done!
2026-05-23 16:32:54 [INFO]: Pedestrian_1 initialization done!
2026-05-23 16:32:54 [INFO]: Car_2 initialization done!
2026-05-23 16:32:54 [INFO]: Car_3 initialization done!
2026-05-23 16:32:54 [INFO]: Done!
2026-05-23 16:32:54 [INFO]: ***Init RL Agent in Env***
2026-05-23 16:33:20 [INFO]: Episode 7 failed.
2026-05-23 16:33:20 [INFO]: Episode 7 achieved a score of -4.520000000000001
2026-05-23 16:33:20 [INFO]: Episode 7 Success: 0
2026-05-23 16:33:20 [INFO]: Episode 7 Decision Step: {3: 0}
2026-05-23 16:33:20 [INFO]: Episode 7 Success Decision: {3: 0}
2026-05-23 16:33:20 [INFO]: Evaluating episode 8...
2026-05-23 16:33:20 [INFO]: Episode label: {'oracle_step': 49, 'stop_count': 0, 'has_stop': False, 'ego_crosses': True, 'ego_eta': 29, 'ego_direction': 'right', 'other_crosses': 3, 'close_other_count': 0, 'pedestrian_close': None, 'conflicting_approach': False, 'total_crosses': 4}
2026-05-23 16:33:20 [INFO]: Get map info from config/maps/square_2x2.yaml
2026-05-23 16:33:20 [INFO]: Get agent info from config/agents/easy_lite/val.yaml
2026-05-23 16:33:20 [INFO]: Get onology and rules info from config/rules/ontology_easy.yaml, config/rules/Nav/easy/expert.yaml
2026-05-23 16:33:20 [INFO]: Number of Entity Types: 1
Entity Types:
- Entity
2026-05-23 16:33:20 [INFO]: Number of Predicates: 13
Predicates:
- IsPedestrian: {'instance': "Function('IsPed', entity_sorts['Entity'], BoolSort())", 'arity': 1, 'method': 'IsPed(Entity)', 'function': 'logicity.utils.pred_converter.z3.IsPed'}
- IsCar: {'instance': "Function('IsCar', entity_sorts['Entity'], BoolSort())", 'arity': 1, 'method': 'IsCar(Entity)', 'function': 'logicity.utils.pred_converter.z3.IsCar'}
- IsAmbulance: {'instance': "Function('IsAmb', entity_sorts['Entity'], BoolSort())", 'arity': 1, 'method': 'IsAmb(Entity)', 'function': 'logicity.utils.pred_converter.z3.IsAmb'}
- IsOld: {'instance': "Function('IsOld', entity_sorts['Entity'], BoolSort())", 'arity': 1, 'method': 'IsOld(Entity)', 'function': 'logicity.utils.pred_converter.z3.IsOld'}
- IsTiro: {'instance': "Function('IsTiro', entity_sorts['Entity'], BoolSort())", 'arity': 1, 'method': 'IsTiro(Entity)', 'function': 'logicity.utils.pred_converter.z3.IsTiro'}
- IsAtInter: {'instance': "Function('IsAtInter', entity_sorts['Entity'], BoolSort())", 'arity': 1, 'method': 'IsAtInter(Entity)', 'function': 'logicity.utils.pred_converter.z3.IsAtInter'}
- IsInInter: {'instance': "Function('IsInInter', entity_sorts['Entity'], BoolSort())", 'arity': 1, 'method': 'IsInInter(Entity)', 'function': 'logicity.utils.pred_converter.z3.IsInInter'}
- HigherPri: {'instance': "Function('HigherPri', entity_sorts['Entity'], entity_sorts['Entity'], BoolSort())", 'arity': 2, 'method': 'HigherPri(Entity, Entity)', 'function': 'logicity.utils.pred_converter.z3.HigherPri'}
- CollidingClose: {'instance': "Function('CollidingClose', entity_sorts['Entity'], entity_sorts['Entity'], BoolSort())", 'arity': 2, 'method': 'CollidingClose(Entity, Entity)', 'function': 'logicity.utils.pred_converter.z3.CollidingClose'}
- Stop: {'instance': "Function('Stop', entity_sorts['Entity'], BoolSort())", 'arity': 1, 'method': 'Stop(Entity)', 'function': 'None'}
- Fast: {'instance': "Function('Fast', entity_sorts['Entity'], BoolSort())", 'arity': 1, 'method': 'Fast(Entity)', 'function': 'None'}
- Normal: {'instance': "Function('Normal', entity_sorts['Entity'], BoolSort())", 'arity': 1, 'method': 'Normal(Entity)', 'function': 'None'}
- Slow: {'instance': "Function('Slow', entity_sorts['Entity'], BoolSort())", 'arity': 1, 'method': 'Slow(Entity)', 'function': 'None'}
2026-05-23 16:33:20 [INFO]: *** Sim Rule ***: Stop -> 
 Stop(entity) == Exists(
  [dummyEntity], 
  Or(
    And(
      IsAtInter(entity), 
      IsInInter(dummyEntity), 
    ),
    And(
      IsAtInter(entity), 
      IsAtInter(dummyEntity), 
      HigherPri(dummyEntity, entity),
    ),
    CollidingClose(entity, dummyEntity)
  )
)

2026-05-23 16:33:20 [INFO]: *** Task Rule ***: Collision and Intersection -> 
 Implies(Exists(
  [dummyEntity], 
    Or(
      And(
        IsAtInter(entity), 
        IsInInter(dummyEntity), 
      ),
      And(
        IsAtInter(entity), 
        IsAtInter(dummyEntity), 
        HigherPri(dummyEntity, entity),
      ),
      CollidingClose(entity, dummyEntity)
    )
  ),
  Stop(entity)
)

2026-05-23 16:33:20 [INFO]: *** Expert Rule ***: Stop -> 
 Stop(entity) == Exists(
[dummyEntity], 
  Or(
    And(
      IsAtInter(entity), 
      IsInInter(dummyEntity), 
    ),
    And(
      IsAtInter(entity), 
      IsAtInter(dummyEntity), 
      HigherPri(dummyEntity, entity),
    ),
    CollidingClose(entity, dummyEntity)
  )
)

2026-05-23 16:33:20 [INFO]: *** Expert Rule ***: Slow -> 
 Not(Slow(entity))

2026-05-23 16:33:20 [INFO]: *** Expert Rule ***: Fast -> 
 Not(Fast(entity))

2026-05-23 16:33:20 [INFO]: *** Expert Rule ***: Normal -> 
 Normal(entity) == Not(Stop(entity))
2026-05-23 16:33:20 [INFO]: Rules created successfully
2026-05-23 16:33:20 [INFO]: Rules will be grounded later...
2026-05-23 16:33:20 [INFO]: Given Predicates {'IsPedestrian': {'instance': IsPed, 'arity': 1, 'method': 'IsPed(Entity)', 'function': 'logicity.utils.pred_converter.z3.IsPed'}, 'IsCar': {'instance': IsCar, 'arity': 1, 'method': 'IsCar(Entity)', 'function': 'logicity.utils.pred_converter.z3.IsCar'}, 'IsAmbulance': {'instance': IsAmb, 'arity': 1, 'method': 'IsAmb(Entity)', 'function': 'logicity.utils.pred_converter.z3.IsAmb'}, 'IsOld': {'instance': IsOld, 'arity': 1, 'method': 'IsOld(Entity)', 'function': 'logicity.utils.pred_converter.z3.IsOld'}, 'IsTiro': {'instance': IsTiro, 'arity': 1, 'method': 'IsTiro(Entity)', 'function': 'logicity.utils.pred_converter.z3.IsTiro'}, 'IsAtInter': {'instance': IsAtInter, 'arity': 1, 'method': 'IsAtInter(Entity)', 'function': 'logicity.utils.pred_converter.z3.IsAtInter'}, 'IsInInter': {'instance': IsInInter, 'arity': 1, 'method': 'IsInInter(Entity)', 'function': 'logicity.utils.pred_converter.z3.IsInInter'}, 'HigherPri': {'instance': HigherPri, 'arity': 2, 'method': 'HigherPri(Entity, Entity)', 'function': 'logicity.utils.pred_converter.z3.HigherPri'}, 'CollidingClose': {'instance': CollidingClose, 'arity': 2, 'method': 'CollidingClose(Entity, Entity)', 'function': 'logicity.utils.pred_converter.z3.CollidingClose'}, 'Stop': {'instance': Stop, 'arity': 1, 'method': 'Stop(Entity)', 'function': 'None'}, 'Fast': {'instance': Fast, 'arity': 1, 'method': 'Fast(Entity)', 'function': 'None'}, 'Normal': {'instance': Normal, 'arity': 1, 'method': 'Normal(Entity)', 'function': 'None'}, 'Slow': {'instance': Slow, 'arity': 1, 'method': 'Slow(Entity)', 'function': 'None'}}, the FOV entities {'Entity': 3}, The logic grounding shape is: 39
2026-05-23 16:33:20 [INFO]: Local planner constructed!
2026-05-23 16:33:20 [INFO]: Constructing 22 streets
2026-05-23 16:33:21 [INFO]: Constructing 16 buildings
2026-05-23 16:33:21 [INFO]: Adding 4 agents, they are constrained in 103 region
2026-05-23 16:33:22 [INFO]: Car_1 initialization done!
2026-05-23 16:33:22 [INFO]: Pedestrian_1 initialization done!
2026-05-23 16:33:22 [INFO]: Car_2 initialization done!
2026-05-23 16:33:22 [INFO]: Car_3 initialization done!
2026-05-23 16:33:22 [INFO]: Done!
2026-05-23 16:33:22 [INFO]: ***Init RL Agent in Env***
2026-05-23 16:33:39 [INFO]: Episode 8 failed.
2026-05-23 16:33:39 [INFO]: Episode 8 achieved a score of -3.9800000000000004
2026-05-23 16:33:39 [INFO]: Episode 8 Success: 0
2026-05-23 16:33:39 [INFO]: Episode 8 Decision Step: {3: 0}
2026-05-23 16:33:39 [INFO]: Episode 8 Success Decision: {3: 0}
2026-05-23 16:33:39 [INFO]: Evaluating episode 9...
2026-05-23 16:33:39 [INFO]: Episode label: {'oracle_step': 48, 'stop_count': 6, 'has_stop': True, 'ego_crosses': True, 'ego_eta': 9, 'ego_direction': 'down', 'other_crosses': 3, 'close_other_count': 0, 'pedestrian_close': None, 'conflicting_approach': False, 'total_crosses': 4}
2026-05-23 16:33:39 [INFO]: Get map info from config/maps/square_2x2.yaml
2026-05-23 16:33:39 [INFO]: Get agent info from config/agents/easy_lite/val.yaml
2026-05-23 16:33:39 [INFO]: Get onology and rules info from config/rules/ontology_easy.yaml, config/rules/Nav/easy/expert.yaml
2026-05-23 16:33:39 [INFO]: Number of Entity Types: 1
Entity Types:
- Entity
2026-05-23 16:33:39 [INFO]: Number of Predicates: 13
Predicates:
- IsPedestrian: {'instance': "Function('IsPed', entity_sorts['Entity'], BoolSort())", 'arity': 1, 'method': 'IsPed(Entity)', 'function': 'logicity.utils.pred_converter.z3.IsPed'}
- IsCar: {'instance': "Function('IsCar', entity_sorts['Entity'], BoolSort())", 'arity': 1, 'method': 'IsCar(Entity)', 'function': 'logicity.utils.pred_converter.z3.IsCar'}
- IsAmbulance: {'instance': "Function('IsAmb', entity_sorts['Entity'], BoolSort())", 'arity': 1, 'method': 'IsAmb(Entity)', 'function': 'logicity.utils.pred_converter.z3.IsAmb'}
- IsOld: {'instance': "Function('IsOld', entity_sorts['Entity'], BoolSort())", 'arity': 1, 'method': 'IsOld(Entity)', 'function': 'logicity.utils.pred_converter.z3.IsOld'}
- IsTiro: {'instance': "Function('IsTiro', entity_sorts['Entity'], BoolSort())", 'arity': 1, 'method': 'IsTiro(Entity)', 'function': 'logicity.utils.pred_converter.z3.IsTiro'}
- IsAtInter: {'instance': "Function('IsAtInter', entity_sorts['Entity'], BoolSort())", 'arity': 1, 'method': 'IsAtInter(Entity)', 'function': 'logicity.utils.pred_converter.z3.IsAtInter'}
- IsInInter: {'instance': "Function('IsInInter', entity_sorts['Entity'], BoolSort())", 'arity': 1, 'method': 'IsInInter(Entity)', 'function': 'logicity.utils.pred_converter.z3.IsInInter'}
- HigherPri: {'instance': "Function('HigherPri', entity_sorts['Entity'], entity_sorts['Entity'], BoolSort())", 'arity': 2, 'method': 'HigherPri(Entity, Entity)', 'function': 'logicity.utils.pred_converter.z3.HigherPri'}
- CollidingClose: {'instance': "Function('CollidingClose', entity_sorts['Entity'], entity_sorts['Entity'], BoolSort())", 'arity': 2, 'method': 'CollidingClose(Entity, Entity)', 'function': 'logicity.utils.pred_converter.z3.CollidingClose'}
- Stop: {'instance': "Function('Stop', entity_sorts['Entity'], BoolSort())", 'arity': 1, 'method': 'Stop(Entity)', 'function': 'None'}
- Fast: {'instance': "Function('Fast', entity_sorts['Entity'], BoolSort())", 'arity': 1, 'method': 'Fast(Entity)', 'function': 'None'}
- Normal: {'instance': "Function('Normal', entity_sorts['Entity'], BoolSort())", 'arity': 1, 'method': 'Normal(Entity)', 'function': 'None'}
- Slow: {'instance': "Function('Slow', entity_sorts['Entity'], BoolSort())", 'arity': 1, 'method': 'Slow(Entity)', 'function': 'None'}
2026-05-23 16:33:39 [INFO]: *** Sim Rule ***: Stop -> 
 Stop(entity) == Exists(
  [dummyEntity], 
  Or(
    And(
      IsAtInter(entity), 
      IsInInter(dummyEntity), 
    ),
    And(
      IsAtInter(entity), 
      IsAtInter(dummyEntity), 
      HigherPri(dummyEntity, entity),
    ),
    CollidingClose(entity, dummyEntity)
  )
)

2026-05-23 16:33:39 [INFO]: *** Task Rule ***: Collision and Intersection -> 
 Implies(Exists(
  [dummyEntity], 
    Or(
      And(
        IsAtInter(entity), 
        IsInInter(dummyEntity), 
      ),
      And(
        IsAtInter(entity), 
        IsAtInter(dummyEntity), 
        HigherPri(dummyEntity, entity),
      ),
      CollidingClose(entity, dummyEntity)
    )
  ),
  Stop(entity)
)

2026-05-23 16:33:39 [INFO]: *** Expert Rule ***: Stop -> 
 Stop(entity) == Exists(
[dummyEntity], 
  Or(
    And(
      IsAtInter(entity), 
      IsInInter(dummyEntity), 
    ),
    And(
      IsAtInter(entity), 
      IsAtInter(dummyEntity), 
      HigherPri(dummyEntity, entity),
    ),
    CollidingClose(entity, dummyEntity)
  )
)

2026-05-23 16:33:39 [INFO]: *** Expert Rule ***: Slow -> 
 Not(Slow(entity))

2026-05-23 16:33:39 [INFO]: *** Expert Rule ***: Fast -> 
 Not(Fast(entity))

2026-05-23 16:33:39 [INFO]: *** Expert Rule ***: Normal -> 
 Normal(entity) == Not(Stop(entity))
2026-05-23 16:33:39 [INFO]: Rules created successfully
2026-05-23 16:33:39 [INFO]: Rules will be grounded later...
2026-05-23 16:33:39 [INFO]: Given Predicates {'IsPedestrian': {'instance': IsPed, 'arity': 1, 'method': 'IsPed(Entity)', 'function': 'logicity.utils.pred_converter.z3.IsPed'}, 'IsCar': {'instance': IsCar, 'arity': 1, 'method': 'IsCar(Entity)', 'function': 'logicity.utils.pred_converter.z3.IsCar'}, 'IsAmbulance': {'instance': IsAmb, 'arity': 1, 'method': 'IsAmb(Entity)', 'function': 'logicity.utils.pred_converter.z3.IsAmb'}, 'IsOld': {'instance': IsOld, 'arity': 1, 'method': 'IsOld(Entity)', 'function': 'logicity.utils.pred_converter.z3.IsOld'}, 'IsTiro': {'instance': IsTiro, 'arity': 1, 'method': 'IsTiro(Entity)', 'function': 'logicity.utils.pred_converter.z3.IsTiro'}, 'IsAtInter': {'instance': IsAtInter, 'arity': 1, 'method': 'IsAtInter(Entity)', 'function': 'logicity.utils.pred_converter.z3.IsAtInter'}, 'IsInInter': {'instance': IsInInter, 'arity': 1, 'method': 'IsInInter(Entity)', 'function': 'logicity.utils.pred_converter.z3.IsInInter'}, 'HigherPri': {'instance': HigherPri, 'arity': 2, 'method': 'HigherPri(Entity, Entity)', 'function': 'logicity.utils.pred_converter.z3.HigherPri'}, 'CollidingClose': {'instance': CollidingClose, 'arity': 2, 'method': 'CollidingClose(Entity, Entity)', 'function': 'logicity.utils.pred_converter.z3.CollidingClose'}, 'Stop': {'instance': Stop, 'arity': 1, 'method': 'Stop(Entity)', 'function': 'None'}, 'Fast': {'instance': Fast, 'arity': 1, 'method': 'Fast(Entity)', 'function': 'None'}, 'Normal': {'instance': Normal, 'arity': 1, 'method': 'Normal(Entity)', 'function': 'None'}, 'Slow': {'instance': Slow, 'arity': 1, 'method': 'Slow(Entity)', 'function': 'None'}}, the FOV entities {'Entity': 3}, The logic grounding shape is: 39
2026-05-23 16:33:39 [INFO]: Local planner constructed!
2026-05-23 16:33:39 [INFO]: Constructing 22 streets
2026-05-23 16:33:40 [INFO]: Constructing 16 buildings
2026-05-23 16:33:40 [INFO]: Adding 4 agents, they are constrained in 103 region
2026-05-23 16:33:40 [INFO]: Car_1 initialization done!
2026-05-23 16:33:40 [INFO]: Pedestrian_1 initialization done!
2026-05-23 16:33:41 [INFO]: Car_2 initialization done!
2026-05-23 16:33:41 [INFO]: Car_3 initialization done!
2026-05-23 16:33:41 [INFO]: Done!
2026-05-23 16:33:41 [INFO]: ***Init RL Agent in Env***
2026-05-23 16:33:58 [INFO]: Episode 9 failed.
2026-05-23 16:33:58 [INFO]: Episode 9 achieved a score of -3.960000000000001
2026-05-23 16:33:58 [INFO]: Episode 9 Success: 0
2026-05-23 16:33:58 [INFO]: Episode 9 Decision Step: {3: 0}
2026-05-23 16:33:58 [INFO]: Episode 9 Success Decision: {3: 0}
2026-05-23 16:33:58 [INFO]: Evaluating episode 10...
2026-05-23 16:33:58 [INFO]: Episode label: {'oracle_step': 98, 'stop_count': 39, 'has_stop': True, 'ego_crosses': True, 'ego_eta': 59, 'ego_direction': 'left', 'other_crosses': 3, 'close_other_count': 0, 'pedestrian_close': None, 'conflicting_approach': False, 'total_crosses': 4}
2026-05-23 16:33:58 [INFO]: Get map info from config/maps/square_2x2.yaml
2026-05-23 16:33:58 [INFO]: Get agent info from config/agents/easy_lite/val.yaml
2026-05-23 16:33:58 [INFO]: Get onology and rules info from config/rules/ontology_easy.yaml, config/rules/Nav/easy/expert.yaml
2026-05-23 16:33:59 [INFO]: Number of Entity Types: 1
Entity Types:
- Entity
2026-05-23 16:33:59 [INFO]: Number of Predicates: 13
Predicates:
- IsPedestrian: {'instance': "Function('IsPed', entity_sorts['Entity'], BoolSort())", 'arity': 1, 'method': 'IsPed(Entity)', 'function': 'logicity.utils.pred_converter.z3.IsPed'}
- IsCar: {'instance': "Function('IsCar', entity_sorts['Entity'], BoolSort())", 'arity': 1, 'method': 'IsCar(Entity)', 'function': 'logicity.utils.pred_converter.z3.IsCar'}
- IsAmbulance: {'instance': "Function('IsAmb', entity_sorts['Entity'], BoolSort())", 'arity': 1, 'method': 'IsAmb(Entity)', 'function': 'logicity.utils.pred_converter.z3.IsAmb'}
- IsOld: {'instance': "Function('IsOld', entity_sorts['Entity'], BoolSort())", 'arity': 1, 'method': 'IsOld(Entity)', 'function': 'logicity.utils.pred_converter.z3.IsOld'}
- IsTiro: {'instance': "Function('IsTiro', entity_sorts['Entity'], BoolSort())", 'arity': 1, 'method': 'IsTiro(Entity)', 'function': 'logicity.utils.pred_converter.z3.IsTiro'}
- IsAtInter: {'instance': "Function('IsAtInter', entity_sorts['Entity'], BoolSort())", 'arity': 1, 'method': 'IsAtInter(Entity)', 'function': 'logicity.utils.pred_converter.z3.IsAtInter'}
- IsInInter: {'instance': "Function('IsInInter', entity_sorts['Entity'], BoolSort())", 'arity': 1, 'method': 'IsInInter(Entity)', 'function': 'logicity.utils.pred_converter.z3.IsInInter'}
- HigherPri: {'instance': "Function('HigherPri', entity_sorts['Entity'], entity_sorts['Entity'], BoolSort())", 'arity': 2, 'method': 'HigherPri(Entity, Entity)', 'function': 'logicity.utils.pred_converter.z3.HigherPri'}
- CollidingClose: {'instance': "Function('CollidingClose', entity_sorts['Entity'], entity_sorts['Entity'], BoolSort())", 'arity': 2, 'method': 'CollidingClose(Entity, Entity)', 'function': 'logicity.utils.pred_converter.z3.CollidingClose'}
- Stop: {'instance': "Function('Stop', entity_sorts['Entity'], BoolSort())", 'arity': 1, 'method': 'Stop(Entity)', 'function': 'None'}
- Fast: {'instance': "Function('Fast', entity_sorts['Entity'], BoolSort())", 'arity': 1, 'method': 'Fast(Entity)', 'function': 'None'}
- Normal: {'instance': "Function('Normal', entity_sorts['Entity'], BoolSort())", 'arity': 1, 'method': 'Normal(Entity)', 'function': 'None'}
- Slow: {'instance': "Function('Slow', entity_sorts['Entity'], BoolSort())", 'arity': 1, 'method': 'Slow(Entity)', 'function': 'None'}
2026-05-23 16:33:59 [INFO]: *** Sim Rule ***: Stop -> 
 Stop(entity) == Exists(
  [dummyEntity], 
  Or(
    And(
      IsAtInter(entity), 
      IsInInter(dummyEntity), 
    ),
    And(
      IsAtInter(entity), 
      IsAtInter(dummyEntity), 
      HigherPri(dummyEntity, entity),
    ),
    CollidingClose(entity, dummyEntity)
  )
)

2026-05-23 16:33:59 [INFO]: *** Task Rule ***: Collision and Intersection -> 
 Implies(Exists(
  [dummyEntity], 
    Or(
      And(
        IsAtInter(entity), 
        IsInInter(dummyEntity), 
      ),
      And(
        IsAtInter(entity), 
        IsAtInter(dummyEntity), 
        HigherPri(dummyEntity, entity),
      ),
      CollidingClose(entity, dummyEntity)
    )
  ),
  Stop(entity)
)

2026-05-23 16:33:59 [INFO]: *** Expert Rule ***: Stop -> 
 Stop(entity) == Exists(
[dummyEntity], 
  Or(
    And(
      IsAtInter(entity), 
      IsInInter(dummyEntity), 
    ),
    And(
      IsAtInter(entity), 
      IsAtInter(dummyEntity), 
      HigherPri(dummyEntity, entity),
    ),
    CollidingClose(entity, dummyEntity)
  )
)

2026-05-23 16:33:59 [INFO]: *** Expert Rule ***: Slow -> 
 Not(Slow(entity))

2026-05-23 16:33:59 [INFO]: *** Expert Rule ***: Fast -> 
 Not(Fast(entity))

2026-05-23 16:33:59 [INFO]: *** Expert Rule ***: Normal -> 
 Normal(entity) == Not(Stop(entity))
2026-05-23 16:33:59 [INFO]: Rules created successfully
2026-05-23 16:33:59 [INFO]: Rules will be grounded later...
2026-05-23 16:33:59 [INFO]: Given Predicates {'IsPedestrian': {'instance': IsPed, 'arity': 1, 'method': 'IsPed(Entity)', 'function': 'logicity.utils.pred_converter.z3.IsPed'}, 'IsCar': {'instance': IsCar, 'arity': 1, 'method': 'IsCar(Entity)', 'function': 'logicity.utils.pred_converter.z3.IsCar'}, 'IsAmbulance': {'instance': IsAmb, 'arity': 1, 'method': 'IsAmb(Entity)', 'function': 'logicity.utils.pred_converter.z3.IsAmb'}, 'IsOld': {'instance': IsOld, 'arity': 1, 'method': 'IsOld(Entity)', 'function': 'logicity.utils.pred_converter.z3.IsOld'}, 'IsTiro': {'instance': IsTiro, 'arity': 1, 'method': 'IsTiro(Entity)', 'function': 'logicity.utils.pred_converter.z3.IsTiro'}, 'IsAtInter': {'instance': IsAtInter, 'arity': 1, 'method': 'IsAtInter(Entity)', 'function': 'logicity.utils.pred_converter.z3.IsAtInter'}, 'IsInInter': {'instance': IsInInter, 'arity': 1, 'method': 'IsInInter(Entity)', 'function': 'logicity.utils.pred_converter.z3.IsInInter'}, 'HigherPri': {'instance': HigherPri, 'arity': 2, 'method': 'HigherPri(Entity, Entity)', 'function': 'logicity.utils.pred_converter.z3.HigherPri'}, 'CollidingClose': {'instance': CollidingClose, 'arity': 2, 'method': 'CollidingClose(Entity, Entity)', 'function': 'logicity.utils.pred_converter.z3.CollidingClose'}, 'Stop': {'instance': Stop, 'arity': 1, 'method': 'Stop(Entity)', 'function': 'None'}, 'Fast': {'instance': Fast, 'arity': 1, 'method': 'Fast(Entity)', 'function': 'None'}, 'Normal': {'instance': Normal, 'arity': 1, 'method': 'Normal(Entity)', 'function': 'None'}, 'Slow': {'instance': Slow, 'arity': 1, 'method': 'Slow(Entity)', 'function': 'None'}}, the FOV entities {'Entity': 3}, The logic grounding shape is: 39
2026-05-23 16:33:59 [INFO]: Local planner constructed!
2026-05-23 16:33:59 [INFO]: Constructing 22 streets
2026-05-23 16:33:59 [INFO]: Constructing 16 buildings
2026-05-23 16:34:00 [INFO]: Adding 4 agents, they are constrained in 103 region
2026-05-23 16:34:00 [INFO]: Car_1 initialization done!
2026-05-23 16:34:00 [INFO]: Pedestrian_1 initialization done!
2026-05-23 16:34:00 [INFO]: Car_2 initialization done!
2026-05-23 16:34:01 [INFO]: Car_3 initialization done!
2026-05-23 16:34:01 [INFO]: Done!
2026-05-23 16:34:01 [INFO]: ***Init RL Agent in Env***
2026-05-23 16:34:34 [INFO]: Episode 10 failed.
2026-05-23 16:34:34 [INFO]: Episode 10 achieved a score of -4.960000000000002
2026-05-23 16:34:34 [INFO]: Episode 10 Success: 0
2026-05-23 16:34:34 [INFO]: Episode 10 Decision Step: {3: 0}
2026-05-23 16:34:34 [INFO]: Episode 10 Success Decision: {3: 0}
2026-05-23 16:34:34 [INFO]: Evaluating episode 11...
2026-05-23 16:34:34 [INFO]: Episode label: {'oracle_step': 69, 'stop_count': 0, 'has_stop': False, 'ego_crosses': True, 'ego_eta': 53, 'ego_direction': 'right', 'other_crosses': 3, 'close_other_count': 0, 'pedestrian_close': None, 'conflicting_approach': False, 'total_crosses': 4}
2026-05-23 16:34:34 [INFO]: Get map info from config/maps/square_2x2.yaml
2026-05-23 16:34:34 [INFO]: Get agent info from config/agents/easy_lite/val.yaml
2026-05-23 16:34:34 [INFO]: Get onology and rules info from config/rules/ontology_easy.yaml, config/rules/Nav/easy/expert.yaml
2026-05-23 16:34:34 [INFO]: Number of Entity Types: 1
Entity Types:
- Entity
2026-05-23 16:34:34 [INFO]: Number of Predicates: 13
Predicates:
- IsPedestrian: {'instance': "Function('IsPed', entity_sorts['Entity'], BoolSort())", 'arity': 1, 'method': 'IsPed(Entity)', 'function': 'logicity.utils.pred_converter.z3.IsPed'}
- IsCar: {'instance': "Function('IsCar', entity_sorts['Entity'], BoolSort())", 'arity': 1, 'method': 'IsCar(Entity)', 'function': 'logicity.utils.pred_converter.z3.IsCar'}
- IsAmbulance: {'instance': "Function('IsAmb', entity_sorts['Entity'], BoolSort())", 'arity': 1, 'method': 'IsAmb(Entity)', 'function': 'logicity.utils.pred_converter.z3.IsAmb'}
- IsOld: {'instance': "Function('IsOld', entity_sorts['Entity'], BoolSort())", 'arity': 1, 'method': 'IsOld(Entity)', 'function': 'logicity.utils.pred_converter.z3.IsOld'}
- IsTiro: {'instance': "Function('IsTiro', entity_sorts['Entity'], BoolSort())", 'arity': 1, 'method': 'IsTiro(Entity)', 'function': 'logicity.utils.pred_converter.z3.IsTiro'}
- IsAtInter: {'instance': "Function('IsAtInter', entity_sorts['Entity'], BoolSort())", 'arity': 1, 'method': 'IsAtInter(Entity)', 'function': 'logicity.utils.pred_converter.z3.IsAtInter'}
- IsInInter: {'instance': "Function('IsInInter', entity_sorts['Entity'], BoolSort())", 'arity': 1, 'method': 'IsInInter(Entity)', 'function': 'logicity.utils.pred_converter.z3.IsInInter'}
- HigherPri: {'instance': "Function('HigherPri', entity_sorts['Entity'], entity_sorts['Entity'], BoolSort())", 'arity': 2, 'method': 'HigherPri(Entity, Entity)', 'function': 'logicity.utils.pred_converter.z3.HigherPri'}
- CollidingClose: {'instance': "Function('CollidingClose', entity_sorts['Entity'], entity_sorts['Entity'], BoolSort())", 'arity': 2, 'method': 'CollidingClose(Entity, Entity)', 'function': 'logicity.utils.pred_converter.z3.CollidingClose'}
- Stop: {'instance': "Function('Stop', entity_sorts['Entity'], BoolSort())", 'arity': 1, 'method': 'Stop(Entity)', 'function': 'None'}
- Fast: {'instance': "Function('Fast', entity_sorts['Entity'], BoolSort())", 'arity': 1, 'method': 'Fast(Entity)', 'function': 'None'}
- Normal: {'instance': "Function('Normal', entity_sorts['Entity'], BoolSort())", 'arity': 1, 'method': 'Normal(Entity)', 'function': 'None'}
- Slow: {'instance': "Function('Slow', entity_sorts['Entity'], BoolSort())", 'arity': 1, 'method': 'Slow(Entity)', 'function': 'None'}
2026-05-23 16:34:34 [INFO]: *** Sim Rule ***: Stop -> 
 Stop(entity) == Exists(
  [dummyEntity], 
  Or(
    And(
      IsAtInter(entity), 
      IsInInter(dummyEntity), 
    ),
    And(
      IsAtInter(entity), 
      IsAtInter(dummyEntity), 
      HigherPri(dummyEntity, entity),
    ),
    CollidingClose(entity, dummyEntity)
  )
)

2026-05-23 16:34:34 [INFO]: *** Task Rule ***: Collision and Intersection -> 
 Implies(Exists(
  [dummyEntity], 
    Or(
      And(
        IsAtInter(entity), 
        IsInInter(dummyEntity), 
      ),
      And(
        IsAtInter(entity), 
        IsAtInter(dummyEntity), 
        HigherPri(dummyEntity, entity),
      ),
      CollidingClose(entity, dummyEntity)
    )
  ),
  Stop(entity)
)

2026-05-23 16:34:34 [INFO]: *** Expert Rule ***: Stop -> 
 Stop(entity) == Exists(
[dummyEntity], 
  Or(
    And(
      IsAtInter(entity), 
      IsInInter(dummyEntity), 
    ),
    And(
      IsAtInter(entity), 
      IsAtInter(dummyEntity), 
      HigherPri(dummyEntity, entity),
    ),
    CollidingClose(entity, dummyEntity)
  )
)

2026-05-23 16:34:34 [INFO]: *** Expert Rule ***: Slow -> 
 Not(Slow(entity))

2026-05-23 16:34:34 [INFO]: *** Expert Rule ***: Fast -> 
 Not(Fast(entity))

2026-05-23 16:34:34 [INFO]: *** Expert Rule ***: Normal -> 
 Normal(entity) == Not(Stop(entity))
2026-05-23 16:34:34 [INFO]: Rules created successfully
2026-05-23 16:34:34 [INFO]: Rules will be grounded later...
2026-05-23 16:34:34 [INFO]: Given Predicates {'IsPedestrian': {'instance': IsPed, 'arity': 1, 'method': 'IsPed(Entity)', 'function': 'logicity.utils.pred_converter.z3.IsPed'}, 'IsCar': {'instance': IsCar, 'arity': 1, 'method': 'IsCar(Entity)', 'function': 'logicity.utils.pred_converter.z3.IsCar'}, 'IsAmbulance': {'instance': IsAmb, 'arity': 1, 'method': 'IsAmb(Entity)', 'function': 'logicity.utils.pred_converter.z3.IsAmb'}, 'IsOld': {'instance': IsOld, 'arity': 1, 'method': 'IsOld(Entity)', 'function': 'logicity.utils.pred_converter.z3.IsOld'}, 'IsTiro': {'instance': IsTiro, 'arity': 1, 'method': 'IsTiro(Entity)', 'function': 'logicity.utils.pred_converter.z3.IsTiro'}, 'IsAtInter': {'instance': IsAtInter, 'arity': 1, 'method': 'IsAtInter(Entity)', 'function': 'logicity.utils.pred_converter.z3.IsAtInter'}, 'IsInInter': {'instance': IsInInter, 'arity': 1, 'method': 'IsInInter(Entity)', 'function': 'logicity.utils.pred_converter.z3.IsInInter'}, 'HigherPri': {'instance': HigherPri, 'arity': 2, 'method': 'HigherPri(Entity, Entity)', 'function': 'logicity.utils.pred_converter.z3.HigherPri'}, 'CollidingClose': {'instance': CollidingClose, 'arity': 2, 'method': 'CollidingClose(Entity, Entity)', 'function': 'logicity.utils.pred_converter.z3.CollidingClose'}, 'Stop': {'instance': Stop, 'arity': 1, 'method': 'Stop(Entity)', 'function': 'None'}, 'Fast': {'instance': Fast, 'arity': 1, 'method': 'Fast(Entity)', 'function': 'None'}, 'Normal': {'instance': Normal, 'arity': 1, 'method': 'Normal(Entity)', 'function': 'None'}, 'Slow': {'instance': Slow, 'arity': 1, 'method': 'Slow(Entity)', 'function': 'None'}}, the FOV entities {'Entity': 3}, The logic grounding shape is: 39
2026-05-23 16:34:34 [INFO]: Local planner constructed!
2026-05-23 16:34:34 [INFO]: Constructing 22 streets
2026-05-23 16:34:34 [INFO]: Constructing 16 buildings
2026-05-23 16:34:35 [INFO]: Adding 4 agents, they are constrained in 103 region
2026-05-23 16:34:35 [INFO]: Car_1 initialization done!
2026-05-23 16:34:35 [INFO]: Pedestrian_1 initialization done!
2026-05-23 16:34:36 [INFO]: Car_2 initialization done!
2026-05-23 16:34:36 [INFO]: Car_3 initialization done!
2026-05-23 16:34:36 [INFO]: Done!
2026-05-23 16:34:36 [INFO]: ***Init RL Agent in Env***
2026-05-23 16:34:59 [INFO]: Episode 11 failed.
2026-05-23 16:34:59 [INFO]: Episode 11 achieved a score of -4.380000000000001
2026-05-23 16:34:59 [INFO]: Episode 11 Success: 0
2026-05-23 16:34:59 [INFO]: Episode 11 Decision Step: {3: 0}
2026-05-23 16:34:59 [INFO]: Episode 11 Success Decision: {3: 0}
2026-05-23 16:34:59 [INFO]: Evaluating episode 12...
2026-05-23 16:34:59 [INFO]: Episode label: {'oracle_step': 46, 'stop_count': 0, 'has_stop': False, 'ego_crosses': True, 'ego_eta': 10, 'ego_direction': 'left', 'other_crosses': 3, 'close_other_count': 0, 'pedestrian_close': None, 'conflicting_approach': False, 'total_crosses': 4}
2026-05-23 16:34:59 [INFO]: Get map info from config/maps/square_2x2.yaml
2026-05-23 16:34:59 [INFO]: Get agent info from config/agents/easy_lite/val.yaml
2026-05-23 16:34:59 [INFO]: Get onology and rules info from config/rules/ontology_easy.yaml, config/rules/Nav/easy/expert.yaml
2026-05-23 16:34:59 [INFO]: Number of Entity Types: 1
Entity Types:
- Entity
2026-05-23 16:34:59 [INFO]: Number of Predicates: 13
Predicates:
- IsPedestrian: {'instance': "Function('IsPed', entity_sorts['Entity'], BoolSort())", 'arity': 1, 'method': 'IsPed(Entity)', 'function': 'logicity.utils.pred_converter.z3.IsPed'}
- IsCar: {'instance': "Function('IsCar', entity_sorts['Entity'], BoolSort())", 'arity': 1, 'method': 'IsCar(Entity)', 'function': 'logicity.utils.pred_converter.z3.IsCar'}
- IsAmbulance: {'instance': "Function('IsAmb', entity_sorts['Entity'], BoolSort())", 'arity': 1, 'method': 'IsAmb(Entity)', 'function': 'logicity.utils.pred_converter.z3.IsAmb'}
- IsOld: {'instance': "Function('IsOld', entity_sorts['Entity'], BoolSort())", 'arity': 1, 'method': 'IsOld(Entity)', 'function': 'logicity.utils.pred_converter.z3.IsOld'}
- IsTiro: {'instance': "Function('IsTiro', entity_sorts['Entity'], BoolSort())", 'arity': 1, 'method': 'IsTiro(Entity)', 'function': 'logicity.utils.pred_converter.z3.IsTiro'}
- IsAtInter: {'instance': "Function('IsAtInter', entity_sorts['Entity'], BoolSort())", 'arity': 1, 'method': 'IsAtInter(Entity)', 'function': 'logicity.utils.pred_converter.z3.IsAtInter'}
- IsInInter: {'instance': "Function('IsInInter', entity_sorts['Entity'], BoolSort())", 'arity': 1, 'method': 'IsInInter(Entity)', 'function': 'logicity.utils.pred_converter.z3.IsInInter'}
- HigherPri: {'instance': "Function('HigherPri', entity_sorts['Entity'], entity_sorts['Entity'], BoolSort())", 'arity': 2, 'method': 'HigherPri(Entity, Entity)', 'function': 'logicity.utils.pred_converter.z3.HigherPri'}
- CollidingClose: {'instance': "Function('CollidingClose', entity_sorts['Entity'], entity_sorts['Entity'], BoolSort())", 'arity': 2, 'method': 'CollidingClose(Entity, Entity)', 'function': 'logicity.utils.pred_converter.z3.CollidingClose'}
- Stop: {'instance': "Function('Stop', entity_sorts['Entity'], BoolSort())", 'arity': 1, 'method': 'Stop(Entity)', 'function': 'None'}
- Fast: {'instance': "Function('Fast', entity_sorts['Entity'], BoolSort())", 'arity': 1, 'method': 'Fast(Entity)', 'function': 'None'}
- Normal: {'instance': "Function('Normal', entity_sorts['Entity'], BoolSort())", 'arity': 1, 'method': 'Normal(Entity)', 'function': 'None'}
- Slow: {'instance': "Function('Slow', entity_sorts['Entity'], BoolSort())", 'arity': 1, 'method': 'Slow(Entity)', 'function': 'None'}
2026-05-23 16:34:59 [INFO]: *** Sim Rule ***: Stop -> 
 Stop(entity) == Exists(
  [dummyEntity], 
  Or(
    And(
      IsAtInter(entity), 
      IsInInter(dummyEntity), 
    ),
    And(
      IsAtInter(entity), 
      IsAtInter(dummyEntity), 
      HigherPri(dummyEntity, entity),
    ),
    CollidingClose(entity, dummyEntity)
  )
)

2026-05-23 16:34:59 [INFO]: *** Task Rule ***: Collision and Intersection -> 
 Implies(Exists(
  [dummyEntity], 
    Or(
      And(
        IsAtInter(entity), 
        IsInInter(dummyEntity), 
      ),
      And(
        IsAtInter(entity), 
        IsAtInter(dummyEntity), 
        HigherPri(dummyEntity, entity),
      ),
      CollidingClose(entity, dummyEntity)
    )
  ),
  Stop(entity)
)

2026-05-23 16:34:59 [INFO]: *** Expert Rule ***: Stop -> 
 Stop(entity) == Exists(
[dummyEntity], 
  Or(
    And(
      IsAtInter(entity), 
      IsInInter(dummyEntity), 
    ),
    And(
      IsAtInter(entity), 
      IsAtInter(dummyEntity), 
      HigherPri(dummyEntity, entity),
    ),
    CollidingClose(entity, dummyEntity)
  )
)

2026-05-23 16:34:59 [INFO]: *** Expert Rule ***: Slow -> 
 Not(Slow(entity))

2026-05-23 16:34:59 [INFO]: *** Expert Rule ***: Fast -> 
 Not(Fast(entity))

2026-05-23 16:34:59 [INFO]: *** Expert Rule ***: Normal -> 
 Normal(entity) == Not(Stop(entity))
2026-05-23 16:34:59 [INFO]: Rules created successfully
2026-05-23 16:34:59 [INFO]: Rules will be grounded later...
2026-05-23 16:34:59 [INFO]: Given Predicates {'IsPedestrian': {'instance': IsPed, 'arity': 1, 'method': 'IsPed(Entity)', 'function': 'logicity.utils.pred_converter.z3.IsPed'}, 'IsCar': {'instance': IsCar, 'arity': 1, 'method': 'IsCar(Entity)', 'function': 'logicity.utils.pred_converter.z3.IsCar'}, 'IsAmbulance': {'instance': IsAmb, 'arity': 1, 'method': 'IsAmb(Entity)', 'function': 'logicity.utils.pred_converter.z3.IsAmb'}, 'IsOld': {'instance': IsOld, 'arity': 1, 'method': 'IsOld(Entity)', 'function': 'logicity.utils.pred_converter.z3.IsOld'}, 'IsTiro': {'instance': IsTiro, 'arity': 1, 'method': 'IsTiro(Entity)', 'function': 'logicity.utils.pred_converter.z3.IsTiro'}, 'IsAtInter': {'instance': IsAtInter, 'arity': 1, 'method': 'IsAtInter(Entity)', 'function': 'logicity.utils.pred_converter.z3.IsAtInter'}, 'IsInInter': {'instance': IsInInter, 'arity': 1, 'method': 'IsInInter(Entity)', 'function': 'logicity.utils.pred_converter.z3.IsInInter'}, 'HigherPri': {'instance': HigherPri, 'arity': 2, 'method': 'HigherPri(Entity, Entity)', 'function': 'logicity.utils.pred_converter.z3.HigherPri'}, 'CollidingClose': {'instance': CollidingClose, 'arity': 2, 'method': 'CollidingClose(Entity, Entity)', 'function': 'logicity.utils.pred_converter.z3.CollidingClose'}, 'Stop': {'instance': Stop, 'arity': 1, 'method': 'Stop(Entity)', 'function': 'None'}, 'Fast': {'instance': Fast, 'arity': 1, 'method': 'Fast(Entity)', 'function': 'None'}, 'Normal': {'instance': Normal, 'arity': 1, 'method': 'Normal(Entity)', 'function': 'None'}, 'Slow': {'instance': Slow, 'arity': 1, 'method': 'Slow(Entity)', 'function': 'None'}}, the FOV entities {'Entity': 3}, The logic grounding shape is: 39
2026-05-23 16:34:59 [INFO]: Local planner constructed!
2026-05-23 16:34:59 [INFO]: Constructing 22 streets
2026-05-23 16:35:00 [INFO]: Constructing 16 buildings
2026-05-23 16:35:00 [INFO]: Adding 4 agents, they are constrained in 103 region
2026-05-23 16:35:00 [INFO]: Car_1 initialization done!
2026-05-23 16:35:00 [INFO]: Pedestrian_1 initialization done!
2026-05-23 16:35:01 [INFO]: Car_2 initialization done!
2026-05-23 16:35:01 [INFO]: Car_3 initialization done!
2026-05-23 16:35:01 [INFO]: Done!
2026-05-23 16:35:01 [INFO]: ***Init RL Agent in Env***
2026-05-23 16:35:17 [INFO]: Episode 12 failed.
2026-05-23 16:35:17 [INFO]: Episode 12 achieved a score of -3.920000000000001
2026-05-23 16:35:17 [INFO]: Episode 12 Success: 0
2026-05-23 16:35:17 [INFO]: Episode 12 Decision Step: {3: 0}
2026-05-23 16:35:17 [INFO]: Episode 12 Success Decision: {3: 0}
2026-05-23 16:35:17 [INFO]: Evaluating episode 13...
2026-05-23 16:35:17 [INFO]: Episode label: {'oracle_step': 70, 'stop_count': 10, 'has_stop': True, 'ego_crosses': True, 'ego_eta': 49, 'ego_direction': 'down', 'other_crosses': 3, 'close_other_count': 0, 'pedestrian_close': None, 'conflicting_approach': False, 'total_crosses': 4}
2026-05-23 16:35:17 [INFO]: Get map info from config/maps/square_2x2.yaml
2026-05-23 16:35:17 [INFO]: Get agent info from config/agents/easy_lite/val.yaml
2026-05-23 16:35:17 [INFO]: Get onology and rules info from config/rules/ontology_easy.yaml, config/rules/Nav/easy/expert.yaml
2026-05-23 16:35:17 [INFO]: Number of Entity Types: 1
Entity Types:
- Entity
2026-05-23 16:35:17 [INFO]: Number of Predicates: 13
Predicates:
- IsPedestrian: {'instance': "Function('IsPed', entity_sorts['Entity'], BoolSort())", 'arity': 1, 'method': 'IsPed(Entity)', 'function': 'logicity.utils.pred_converter.z3.IsPed'}
- IsCar: {'instance': "Function('IsCar', entity_sorts['Entity'], BoolSort())", 'arity': 1, 'method': 'IsCar(Entity)', 'function': 'logicity.utils.pred_converter.z3.IsCar'}
- IsAmbulance: {'instance': "Function('IsAmb', entity_sorts['Entity'], BoolSort())", 'arity': 1, 'method': 'IsAmb(Entity)', 'function': 'logicity.utils.pred_converter.z3.IsAmb'}
- IsOld: {'instance': "Function('IsOld', entity_sorts['Entity'], BoolSort())", 'arity': 1, 'method': 'IsOld(Entity)', 'function': 'logicity.utils.pred_converter.z3.IsOld'}
- IsTiro: {'instance': "Function('IsTiro', entity_sorts['Entity'], BoolSort())", 'arity': 1, 'method': 'IsTiro(Entity)', 'function': 'logicity.utils.pred_converter.z3.IsTiro'}
- IsAtInter: {'instance': "Function('IsAtInter', entity_sorts['Entity'], BoolSort())", 'arity': 1, 'method': 'IsAtInter(Entity)', 'function': 'logicity.utils.pred_converter.z3.IsAtInter'}
- IsInInter: {'instance': "Function('IsInInter', entity_sorts['Entity'], BoolSort())", 'arity': 1, 'method': 'IsInInter(Entity)', 'function': 'logicity.utils.pred_converter.z3.IsInInter'}
- HigherPri: {'instance': "Function('HigherPri', entity_sorts['Entity'], entity_sorts['Entity'], BoolSort())", 'arity': 2, 'method': 'HigherPri(Entity, Entity)', 'function': 'logicity.utils.pred_converter.z3.HigherPri'}
- CollidingClose: {'instance': "Function('CollidingClose', entity_sorts['Entity'], entity_sorts['Entity'], BoolSort())", 'arity': 2, 'method': 'CollidingClose(Entity, Entity)', 'function': 'logicity.utils.pred_converter.z3.CollidingClose'}
- Stop: {'instance': "Function('Stop', entity_sorts['Entity'], BoolSort())", 'arity': 1, 'method': 'Stop(Entity)', 'function': 'None'}
- Fast: {'instance': "Function('Fast', entity_sorts['Entity'], BoolSort())", 'arity': 1, 'method': 'Fast(Entity)', 'function': 'None'}
- Normal: {'instance': "Function('Normal', entity_sorts['Entity'], BoolSort())", 'arity': 1, 'method': 'Normal(Entity)', 'function': 'None'}
- Slow: {'instance': "Function('Slow', entity_sorts['Entity'], BoolSort())", 'arity': 1, 'method': 'Slow(Entity)', 'function': 'None'}
2026-05-23 16:35:17 [INFO]: *** Sim Rule ***: Stop -> 
 Stop(entity) == Exists(
  [dummyEntity], 
  Or(
    And(
      IsAtInter(entity), 
      IsInInter(dummyEntity), 
    ),
    And(
      IsAtInter(entity), 
      IsAtInter(dummyEntity), 
      HigherPri(dummyEntity, entity),
    ),
    CollidingClose(entity, dummyEntity)
  )
)

2026-05-23 16:35:17 [INFO]: *** Task Rule ***: Collision and Intersection -> 
 Implies(Exists(
  [dummyEntity], 
    Or(
      And(
        IsAtInter(entity), 
        IsInInter(dummyEntity), 
      ),
      And(
        IsAtInter(entity), 
        IsAtInter(dummyEntity), 
        HigherPri(dummyEntity, entity),
      ),
      CollidingClose(entity, dummyEntity)
    )
  ),
  Stop(entity)
)

2026-05-23 16:35:17 [INFO]: *** Expert Rule ***: Stop -> 
 Stop(entity) == Exists(
[dummyEntity], 
  Or(
    And(
      IsAtInter(entity), 
      IsInInter(dummyEntity), 
    ),
    And(
      IsAtInter(entity), 
      IsAtInter(dummyEntity), 
      HigherPri(dummyEntity, entity),
    ),
    CollidingClose(entity, dummyEntity)
  )
)

2026-05-23 16:35:17 [INFO]: *** Expert Rule ***: Slow -> 
 Not(Slow(entity))

2026-05-23 16:35:17 [INFO]: *** Expert Rule ***: Fast -> 
 Not(Fast(entity))

2026-05-23 16:35:17 [INFO]: *** Expert Rule ***: Normal -> 
 Normal(entity) == Not(Stop(entity))
2026-05-23 16:35:17 [INFO]: Rules created successfully
2026-05-23 16:35:17 [INFO]: Rules will be grounded later...
2026-05-23 16:35:17 [INFO]: Given Predicates {'IsPedestrian': {'instance': IsPed, 'arity': 1, 'method': 'IsPed(Entity)', 'function': 'logicity.utils.pred_converter.z3.IsPed'}, 'IsCar': {'instance': IsCar, 'arity': 1, 'method': 'IsCar(Entity)', 'function': 'logicity.utils.pred_converter.z3.IsCar'}, 'IsAmbulance': {'instance': IsAmb, 'arity': 1, 'method': 'IsAmb(Entity)', 'function': 'logicity.utils.pred_converter.z3.IsAmb'}, 'IsOld': {'instance': IsOld, 'arity': 1, 'method': 'IsOld(Entity)', 'function': 'logicity.utils.pred_converter.z3.IsOld'}, 'IsTiro': {'instance': IsTiro, 'arity': 1, 'method': 'IsTiro(Entity)', 'function': 'logicity.utils.pred_converter.z3.IsTiro'}, 'IsAtInter': {'instance': IsAtInter, 'arity': 1, 'method': 'IsAtInter(Entity)', 'function': 'logicity.utils.pred_converter.z3.IsAtInter'}, 'IsInInter': {'instance': IsInInter, 'arity': 1, 'method': 'IsInInter(Entity)', 'function': 'logicity.utils.pred_converter.z3.IsInInter'}, 'HigherPri': {'instance': HigherPri, 'arity': 2, 'method': 'HigherPri(Entity, Entity)', 'function': 'logicity.utils.pred_converter.z3.HigherPri'}, 'CollidingClose': {'instance': CollidingClose, 'arity': 2, 'method': 'CollidingClose(Entity, Entity)', 'function': 'logicity.utils.pred_converter.z3.CollidingClose'}, 'Stop': {'instance': Stop, 'arity': 1, 'method': 'Stop(Entity)', 'function': 'None'}, 'Fast': {'instance': Fast, 'arity': 1, 'method': 'Fast(Entity)', 'function': 'None'}, 'Normal': {'instance': Normal, 'arity': 1, 'method': 'Normal(Entity)', 'function': 'None'}, 'Slow': {'instance': Slow, 'arity': 1, 'method': 'Slow(Entity)', 'function': 'None'}}, the FOV entities {'Entity': 3}, The logic grounding shape is: 39
2026-05-23 16:35:17 [INFO]: Local planner constructed!
2026-05-23 16:35:17 [INFO]: Constructing 22 streets
2026-05-23 16:35:18 [INFO]: Constructing 16 buildings
2026-05-23 16:35:18 [INFO]: Adding 4 agents, they are constrained in 103 region
2026-05-23 16:35:19 [INFO]: Car_1 initialization done!
2026-05-23 16:35:19 [INFO]: Pedestrian_1 initialization done!
2026-05-23 16:35:19 [INFO]: Car_2 initialization done!
2026-05-23 16:35:20 [INFO]: Car_3 initialization done!
2026-05-23 16:35:20 [INFO]: Done!
2026-05-23 16:35:20 [INFO]: ***Init RL Agent in Env***
2026-05-23 16:35:43 [INFO]: Episode 13 failed.
2026-05-23 16:35:43 [INFO]: Episode 13 achieved a score of -4.400000000000001
2026-05-23 16:35:43 [INFO]: Episode 13 Success: 0
2026-05-23 16:35:43 [INFO]: Episode 13 Decision Step: {3: 0}
2026-05-23 16:35:43 [INFO]: Episode 13 Success Decision: {3: 0}
2026-05-23 16:35:43 [INFO]: Evaluating episode 14...
2026-05-23 16:35:43 [INFO]: Episode label: {'oracle_step': 57, 'stop_count': 7, 'has_stop': True, 'ego_crosses': True, 'ego_eta': 27, 'ego_direction': 'down', 'other_crosses': 3, 'close_other_count': 0, 'pedestrian_close': None, 'conflicting_approach': False, 'total_crosses': 4}
2026-05-23 16:35:43 [INFO]: Get map info from config/maps/square_2x2.yaml
2026-05-23 16:35:43 [INFO]: Get agent info from config/agents/easy_lite/val.yaml
2026-05-23 16:35:43 [INFO]: Get onology and rules info from config/rules/ontology_easy.yaml, config/rules/Nav/easy/expert.yaml
2026-05-23 16:35:43 [INFO]: Number of Entity Types: 1
Entity Types:
- Entity
2026-05-23 16:35:43 [INFO]: Number of Predicates: 13
Predicates:
- IsPedestrian: {'instance': "Function('IsPed', entity_sorts['Entity'], BoolSort())", 'arity': 1, 'method': 'IsPed(Entity)', 'function': 'logicity.utils.pred_converter.z3.IsPed'}
- IsCar: {'instance': "Function('IsCar', entity_sorts['Entity'], BoolSort())", 'arity': 1, 'method': 'IsCar(Entity)', 'function': 'logicity.utils.pred_converter.z3.IsCar'}
- IsAmbulance: {'instance': "Function('IsAmb', entity_sorts['Entity'], BoolSort())", 'arity': 1, 'method': 'IsAmb(Entity)', 'function': 'logicity.utils.pred_converter.z3.IsAmb'}
- IsOld: {'instance': "Function('IsOld', entity_sorts['Entity'], BoolSort())", 'arity': 1, 'method': 'IsOld(Entity)', 'function': 'logicity.utils.pred_converter.z3.IsOld'}
- IsTiro: {'instance': "Function('IsTiro', entity_sorts['Entity'], BoolSort())", 'arity': 1, 'method': 'IsTiro(Entity)', 'function': 'logicity.utils.pred_converter.z3.IsTiro'}
- IsAtInter: {'instance': "Function('IsAtInter', entity_sorts['Entity'], BoolSort())", 'arity': 1, 'method': 'IsAtInter(Entity)', 'function': 'logicity.utils.pred_converter.z3.IsAtInter'}
- IsInInter: {'instance': "Function('IsInInter', entity_sorts['Entity'], BoolSort())", 'arity': 1, 'method': 'IsInInter(Entity)', 'function': 'logicity.utils.pred_converter.z3.IsInInter'}
- HigherPri: {'instance': "Function('HigherPri', entity_sorts['Entity'], entity_sorts['Entity'], BoolSort())", 'arity': 2, 'method': 'HigherPri(Entity, Entity)', 'function': 'logicity.utils.pred_converter.z3.HigherPri'}
- CollidingClose: {'instance': "Function('CollidingClose', entity_sorts['Entity'], entity_sorts['Entity'], BoolSort())", 'arity': 2, 'method': 'CollidingClose(Entity, Entity)', 'function': 'logicity.utils.pred_converter.z3.CollidingClose'}
- Stop: {'instance': "Function('Stop', entity_sorts['Entity'], BoolSort())", 'arity': 1, 'method': 'Stop(Entity)', 'function': 'None'}
- Fast: {'instance': "Function('Fast', entity_sorts['Entity'], BoolSort())", 'arity': 1, 'method': 'Fast(Entity)', 'function': 'None'}
- Normal: {'instance': "Function('Normal', entity_sorts['Entity'], BoolSort())", 'arity': 1, 'method': 'Normal(Entity)', 'function': 'None'}
- Slow: {'instance': "Function('Slow', entity_sorts['Entity'], BoolSort())", 'arity': 1, 'method': 'Slow(Entity)', 'function': 'None'}
2026-05-23 16:35:43 [INFO]: *** Sim Rule ***: Stop -> 
 Stop(entity) == Exists(
  [dummyEntity], 
  Or(
    And(
      IsAtInter(entity), 
      IsInInter(dummyEntity), 
    ),
    And(
      IsAtInter(entity), 
      IsAtInter(dummyEntity), 
      HigherPri(dummyEntity, entity),
    ),
    CollidingClose(entity, dummyEntity)
  )
)

2026-05-23 16:35:43 [INFO]: *** Task Rule ***: Collision and Intersection -> 
 Implies(Exists(
  [dummyEntity], 
    Or(
      And(
        IsAtInter(entity), 
        IsInInter(dummyEntity), 
      ),
      And(
        IsAtInter(entity), 
        IsAtInter(dummyEntity), 
        HigherPri(dummyEntity, entity),
      ),
      CollidingClose(entity, dummyEntity)
    )
  ),
  Stop(entity)
)

2026-05-23 16:35:43 [INFO]: *** Expert Rule ***: Stop -> 
 Stop(entity) == Exists(
[dummyEntity], 
  Or(
    And(
      IsAtInter(entity), 
      IsInInter(dummyEntity), 
    ),
    And(
      IsAtInter(entity), 
      IsAtInter(dummyEntity), 
      HigherPri(dummyEntity, entity),
    ),
    CollidingClose(entity, dummyEntity)
  )
)

2026-05-23 16:35:43 [INFO]: *** Expert Rule ***: Slow -> 
 Not(Slow(entity))

2026-05-23 16:35:43 [INFO]: *** Expert Rule ***: Fast -> 
 Not(Fast(entity))

2026-05-23 16:35:43 [INFO]: *** Expert Rule ***: Normal -> 
 Normal(entity) == Not(Stop(entity))
2026-05-23 16:35:43 [INFO]: Rules created successfully
2026-05-23 16:35:43 [INFO]: Rules will be grounded later...
2026-05-23 16:35:43 [INFO]: Given Predicates {'IsPedestrian': {'instance': IsPed, 'arity': 1, 'method': 'IsPed(Entity)', 'function': 'logicity.utils.pred_converter.z3.IsPed'}, 'IsCar': {'instance': IsCar, 'arity': 1, 'method': 'IsCar(Entity)', 'function': 'logicity.utils.pred_converter.z3.IsCar'}, 'IsAmbulance': {'instance': IsAmb, 'arity': 1, 'method': 'IsAmb(Entity)', 'function': 'logicity.utils.pred_converter.z3.IsAmb'}, 'IsOld': {'instance': IsOld, 'arity': 1, 'method': 'IsOld(Entity)', 'function': 'logicity.utils.pred_converter.z3.IsOld'}, 'IsTiro': {'instance': IsTiro, 'arity': 1, 'method': 'IsTiro(Entity)', 'function': 'logicity.utils.pred_converter.z3.IsTiro'}, 'IsAtInter': {'instance': IsAtInter, 'arity': 1, 'method': 'IsAtInter(Entity)', 'function': 'logicity.utils.pred_converter.z3.IsAtInter'}, 'IsInInter': {'instance': IsInInter, 'arity': 1, 'method': 'IsInInter(Entity)', 'function': 'logicity.utils.pred_converter.z3.IsInInter'}, 'HigherPri': {'instance': HigherPri, 'arity': 2, 'method': 'HigherPri(Entity, Entity)', 'function': 'logicity.utils.pred_converter.z3.HigherPri'}, 'CollidingClose': {'instance': CollidingClose, 'arity': 2, 'method': 'CollidingClose(Entity, Entity)', 'function': 'logicity.utils.pred_converter.z3.CollidingClose'}, 'Stop': {'instance': Stop, 'arity': 1, 'method': 'Stop(Entity)', 'function': 'None'}, 'Fast': {'instance': Fast, 'arity': 1, 'method': 'Fast(Entity)', 'function': 'None'}, 'Normal': {'instance': Normal, 'arity': 1, 'method': 'Normal(Entity)', 'function': 'None'}, 'Slow': {'instance': Slow, 'arity': 1, 'method': 'Slow(Entity)', 'function': 'None'}}, the FOV entities {'Entity': 3}, The logic grounding shape is: 39
2026-05-23 16:35:43 [INFO]: Local planner constructed!
2026-05-23 16:35:43 [INFO]: Constructing 22 streets
2026-05-23 16:35:43 [INFO]: Constructing 16 buildings
2026-05-23 16:35:43 [INFO]: Adding 4 agents, they are constrained in 103 region
2026-05-23 16:35:44 [INFO]: Car_1 initialization done!
2026-05-23 16:35:44 [INFO]: Pedestrian_1 initialization done!
2026-05-23 16:35:44 [INFO]: Car_2 initialization done!
2026-05-23 16:35:45 [INFO]: Car_3 initialization done!
2026-05-23 16:35:45 [INFO]: Done!
2026-05-23 16:35:45 [INFO]: ***Init RL Agent in Env***
2026-05-23 16:36:04 [INFO]: Episode 14 failed.
2026-05-23 16:36:04 [INFO]: Episode 14 achieved a score of -4.140000000000001
2026-05-23 16:36:04 [INFO]: Episode 14 Success: 0
2026-05-23 16:36:04 [INFO]: Episode 14 Decision Step: {3: 0}
2026-05-23 16:36:04 [INFO]: Episode 14 Success Decision: {3: 0}
2026-05-23 16:36:04 [INFO]: Evaluating episode 15...
2026-05-23 16:36:04 [INFO]: Episode label: {'oracle_step': 77, 'stop_count': 6, 'has_stop': True, 'ego_crosses': True, 'ego_eta': 14, 'ego_direction': 'down', 'other_crosses': 3, 'close_other_count': 0, 'pedestrian_close': None, 'conflicting_approach': False, 'total_crosses': 4}
2026-05-23 16:36:04 [INFO]: Get map info from config/maps/square_2x2.yaml
2026-05-23 16:36:04 [INFO]: Get agent info from config/agents/easy_lite/val.yaml
2026-05-23 16:36:04 [INFO]: Get onology and rules info from config/rules/ontology_easy.yaml, config/rules/Nav/easy/expert.yaml
2026-05-23 16:36:04 [INFO]: Number of Entity Types: 1
Entity Types:
- Entity
2026-05-23 16:36:04 [INFO]: Number of Predicates: 13
Predicates:
- IsPedestrian: {'instance': "Function('IsPed', entity_sorts['Entity'], BoolSort())", 'arity': 1, 'method': 'IsPed(Entity)', 'function': 'logicity.utils.pred_converter.z3.IsPed'}
- IsCar: {'instance': "Function('IsCar', entity_sorts['Entity'], BoolSort())", 'arity': 1, 'method': 'IsCar(Entity)', 'function': 'logicity.utils.pred_converter.z3.IsCar'}
- IsAmbulance: {'instance': "Function('IsAmb', entity_sorts['Entity'], BoolSort())", 'arity': 1, 'method': 'IsAmb(Entity)', 'function': 'logicity.utils.pred_converter.z3.IsAmb'}
- IsOld: {'instance': "Function('IsOld', entity_sorts['Entity'], BoolSort())", 'arity': 1, 'method': 'IsOld(Entity)', 'function': 'logicity.utils.pred_converter.z3.IsOld'}
- IsTiro: {'instance': "Function('IsTiro', entity_sorts['Entity'], BoolSort())", 'arity': 1, 'method': 'IsTiro(Entity)', 'function': 'logicity.utils.pred_converter.z3.IsTiro'}
- IsAtInter: {'instance': "Function('IsAtInter', entity_sorts['Entity'], BoolSort())", 'arity': 1, 'method': 'IsAtInter(Entity)', 'function': 'logicity.utils.pred_converter.z3.IsAtInter'}
- IsInInter: {'instance': "Function('IsInInter', entity_sorts['Entity'], BoolSort())", 'arity': 1, 'method': 'IsInInter(Entity)', 'function': 'logicity.utils.pred_converter.z3.IsInInter'}
- HigherPri: {'instance': "Function('HigherPri', entity_sorts['Entity'], entity_sorts['Entity'], BoolSort())", 'arity': 2, 'method': 'HigherPri(Entity, Entity)', 'function': 'logicity.utils.pred_converter.z3.HigherPri'}
- CollidingClose: {'instance': "Function('CollidingClose', entity_sorts['Entity'], entity_sorts['Entity'], BoolSort())", 'arity': 2, 'method': 'CollidingClose(Entity, Entity)', 'function': 'logicity.utils.pred_converter.z3.CollidingClose'}
- Stop: {'instance': "Function('Stop', entity_sorts['Entity'], BoolSort())", 'arity': 1, 'method': 'Stop(Entity)', 'function': 'None'}
- Fast: {'instance': "Function('Fast', entity_sorts['Entity'], BoolSort())", 'arity': 1, 'method': 'Fast(Entity)', 'function': 'None'}
- Normal: {'instance': "Function('Normal', entity_sorts['Entity'], BoolSort())", 'arity': 1, 'method': 'Normal(Entity)', 'function': 'None'}
- Slow: {'instance': "Function('Slow', entity_sorts['Entity'], BoolSort())", 'arity': 1, 'method': 'Slow(Entity)', 'function': 'None'}
2026-05-23 16:36:04 [INFO]: *** Sim Rule ***: Stop -> 
 Stop(entity) == Exists(
  [dummyEntity], 
  Or(
    And(
      IsAtInter(entity), 
      IsInInter(dummyEntity), 
    ),
    And(
      IsAtInter(entity), 
      IsAtInter(dummyEntity), 
      HigherPri(dummyEntity, entity),
    ),
    CollidingClose(entity, dummyEntity)
  )
)

2026-05-23 16:36:04 [INFO]: *** Task Rule ***: Collision and Intersection -> 
 Implies(Exists(
  [dummyEntity], 
    Or(
      And(
        IsAtInter(entity), 
        IsInInter(dummyEntity), 
      ),
      And(
        IsAtInter(entity), 
        IsAtInter(dummyEntity), 
        HigherPri(dummyEntity, entity),
      ),
      CollidingClose(entity, dummyEntity)
    )
  ),
  Stop(entity)
)

2026-05-23 16:36:04 [INFO]: *** Expert Rule ***: Stop -> 
 Stop(entity) == Exists(
[dummyEntity], 
  Or(
    And(
      IsAtInter(entity), 
      IsInInter(dummyEntity), 
    ),
    And(
      IsAtInter(entity), 
      IsAtInter(dummyEntity), 
      HigherPri(dummyEntity, entity),
    ),
    CollidingClose(entity, dummyEntity)
  )
)

2026-05-23 16:36:04 [INFO]: *** Expert Rule ***: Slow -> 
 Not(Slow(entity))

2026-05-23 16:36:04 [INFO]: *** Expert Rule ***: Fast -> 
 Not(Fast(entity))

2026-05-23 16:36:04 [INFO]: *** Expert Rule ***: Normal -> 
 Normal(entity) == Not(Stop(entity))
2026-05-23 16:36:04 [INFO]: Rules created successfully
2026-05-23 16:36:04 [INFO]: Rules will be grounded later...
2026-05-23 16:36:04 [INFO]: Given Predicates {'IsPedestrian': {'instance': IsPed, 'arity': 1, 'method': 'IsPed(Entity)', 'function': 'logicity.utils.pred_converter.z3.IsPed'}, 'IsCar': {'instance': IsCar, 'arity': 1, 'method': 'IsCar(Entity)', 'function': 'logicity.utils.pred_converter.z3.IsCar'}, 'IsAmbulance': {'instance': IsAmb, 'arity': 1, 'method': 'IsAmb(Entity)', 'function': 'logicity.utils.pred_converter.z3.IsAmb'}, 'IsOld': {'instance': IsOld, 'arity': 1, 'method': 'IsOld(Entity)', 'function': 'logicity.utils.pred_converter.z3.IsOld'}, 'IsTiro': {'instance': IsTiro, 'arity': 1, 'method': 'IsTiro(Entity)', 'function': 'logicity.utils.pred_converter.z3.IsTiro'}, 'IsAtInter': {'instance': IsAtInter, 'arity': 1, 'method': 'IsAtInter(Entity)', 'function': 'logicity.utils.pred_converter.z3.IsAtInter'}, 'IsInInter': {'instance': IsInInter, 'arity': 1, 'method': 'IsInInter(Entity)', 'function': 'logicity.utils.pred_converter.z3.IsInInter'}, 'HigherPri': {'instance': HigherPri, 'arity': 2, 'method': 'HigherPri(Entity, Entity)', 'function': 'logicity.utils.pred_converter.z3.HigherPri'}, 'CollidingClose': {'instance': CollidingClose, 'arity': 2, 'method': 'CollidingClose(Entity, Entity)', 'function': 'logicity.utils.pred_converter.z3.CollidingClose'}, 'Stop': {'instance': Stop, 'arity': 1, 'method': 'Stop(Entity)', 'function': 'None'}, 'Fast': {'instance': Fast, 'arity': 1, 'method': 'Fast(Entity)', 'function': 'None'}, 'Normal': {'instance': Normal, 'arity': 1, 'method': 'Normal(Entity)', 'function': 'None'}, 'Slow': {'instance': Slow, 'arity': 1, 'method': 'Slow(Entity)', 'function': 'None'}}, the FOV entities {'Entity': 3}, The logic grounding shape is: 39
2026-05-23 16:36:04 [INFO]: Local planner constructed!
2026-05-23 16:36:04 [INFO]: Constructing 22 streets
2026-05-23 16:36:04 [INFO]: Constructing 16 buildings
2026-05-23 16:36:05 [INFO]: Adding 4 agents, they are constrained in 103 region
2026-05-23 16:36:05 [INFO]: Car_1 initialization done!
2026-05-23 16:36:05 [INFO]: Pedestrian_1 initialization done!
2026-05-23 16:36:06 [INFO]: Car_2 initialization done!
2026-05-23 16:36:06 [INFO]: Car_3 initialization done!
2026-05-23 16:36:06 [INFO]: Done!
2026-05-23 16:36:06 [INFO]: ***Init RL Agent in Env***
2026-05-23 16:36:32 [INFO]: Episode 15 failed.
2026-05-23 16:36:32 [INFO]: Episode 15 achieved a score of -4.540000000000001
2026-05-23 16:36:32 [INFO]: Episode 15 Success: 0
2026-05-23 16:36:32 [INFO]: Episode 15 Decision Step: {3: 0}
2026-05-23 16:36:32 [INFO]: Episode 15 Success Decision: {3: 0}
2026-05-23 16:36:32 [INFO]: Evaluating episode 16...
2026-05-23 16:36:32 [INFO]: Episode label: {'oracle_step': 110, 'stop_count': 38, 'has_stop': True, 'ego_crosses': True, 'ego_eta': 70, 'ego_direction': 'up', 'other_crosses': 3, 'close_other_count': 0, 'pedestrian_close': None, 'conflicting_approach': False, 'total_crosses': 4}
2026-05-23 16:36:32 [INFO]: Get map info from config/maps/square_2x2.yaml
2026-05-23 16:36:32 [INFO]: Get agent info from config/agents/easy_lite/val.yaml
2026-05-23 16:36:32 [INFO]: Get onology and rules info from config/rules/ontology_easy.yaml, config/rules/Nav/easy/expert.yaml
2026-05-23 16:36:32 [INFO]: Number of Entity Types: 1
Entity Types:
- Entity
2026-05-23 16:36:32 [INFO]: Number of Predicates: 13
Predicates:
- IsPedestrian: {'instance': "Function('IsPed', entity_sorts['Entity'], BoolSort())", 'arity': 1, 'method': 'IsPed(Entity)', 'function': 'logicity.utils.pred_converter.z3.IsPed'}
- IsCar: {'instance': "Function('IsCar', entity_sorts['Entity'], BoolSort())", 'arity': 1, 'method': 'IsCar(Entity)', 'function': 'logicity.utils.pred_converter.z3.IsCar'}
- IsAmbulance: {'instance': "Function('IsAmb', entity_sorts['Entity'], BoolSort())", 'arity': 1, 'method': 'IsAmb(Entity)', 'function': 'logicity.utils.pred_converter.z3.IsAmb'}
- IsOld: {'instance': "Function('IsOld', entity_sorts['Entity'], BoolSort())", 'arity': 1, 'method': 'IsOld(Entity)', 'function': 'logicity.utils.pred_converter.z3.IsOld'}
- IsTiro: {'instance': "Function('IsTiro', entity_sorts['Entity'], BoolSort())", 'arity': 1, 'method': 'IsTiro(Entity)', 'function': 'logicity.utils.pred_converter.z3.IsTiro'}
- IsAtInter: {'instance': "Function('IsAtInter', entity_sorts['Entity'], BoolSort())", 'arity': 1, 'method': 'IsAtInter(Entity)', 'function': 'logicity.utils.pred_converter.z3.IsAtInter'}
- IsInInter: {'instance': "Function('IsInInter', entity_sorts['Entity'], BoolSort())", 'arity': 1, 'method': 'IsInInter(Entity)', 'function': 'logicity.utils.pred_converter.z3.IsInInter'}
- HigherPri: {'instance': "Function('HigherPri', entity_sorts['Entity'], entity_sorts['Entity'], BoolSort())", 'arity': 2, 'method': 'HigherPri(Entity, Entity)', 'function': 'logicity.utils.pred_converter.z3.HigherPri'}
- CollidingClose: {'instance': "Function('CollidingClose', entity_sorts['Entity'], entity_sorts['Entity'], BoolSort())", 'arity': 2, 'method': 'CollidingClose(Entity, Entity)', 'function': 'logicity.utils.pred_converter.z3.CollidingClose'}
- Stop: {'instance': "Function('Stop', entity_sorts['Entity'], BoolSort())", 'arity': 1, 'method': 'Stop(Entity)', 'function': 'None'}
- Fast: {'instance': "Function('Fast', entity_sorts['Entity'], BoolSort())", 'arity': 1, 'method': 'Fast(Entity)', 'function': 'None'}
- Normal: {'instance': "Function('Normal', entity_sorts['Entity'], BoolSort())", 'arity': 1, 'method': 'Normal(Entity)', 'function': 'None'}
- Slow: {'instance': "Function('Slow', entity_sorts['Entity'], BoolSort())", 'arity': 1, 'method': 'Slow(Entity)', 'function': 'None'}
2026-05-23 16:36:32 [INFO]: *** Sim Rule ***: Stop -> 
 Stop(entity) == Exists(
  [dummyEntity], 
  Or(
    And(
      IsAtInter(entity), 
      IsInInter(dummyEntity), 
    ),
    And(
      IsAtInter(entity), 
      IsAtInter(dummyEntity), 
      HigherPri(dummyEntity, entity),
    ),
    CollidingClose(entity, dummyEntity)
  )
)

2026-05-23 16:36:32 [INFO]: *** Task Rule ***: Collision and Intersection -> 
 Implies(Exists(
  [dummyEntity], 
    Or(
      And(
        IsAtInter(entity), 
        IsInInter(dummyEntity), 
      ),
      And(
        IsAtInter(entity), 
        IsAtInter(dummyEntity), 
        HigherPri(dummyEntity, entity),
      ),
      CollidingClose(entity, dummyEntity)
    )
  ),
  Stop(entity)
)

2026-05-23 16:36:32 [INFO]: *** Expert Rule ***: Stop -> 
 Stop(entity) == Exists(
[dummyEntity], 
  Or(
    And(
      IsAtInter(entity), 
      IsInInter(dummyEntity), 
    ),
    And(
      IsAtInter(entity), 
      IsAtInter(dummyEntity), 
      HigherPri(dummyEntity, entity),
    ),
    CollidingClose(entity, dummyEntity)
  )
)

2026-05-23 16:36:32 [INFO]: *** Expert Rule ***: Slow -> 
 Not(Slow(entity))

2026-05-23 16:36:32 [INFO]: *** Expert Rule ***: Fast -> 
 Not(Fast(entity))

2026-05-23 16:36:32 [INFO]: *** Expert Rule ***: Normal -> 
 Normal(entity) == Not(Stop(entity))
2026-05-23 16:36:32 [INFO]: Rules created successfully
2026-05-23 16:36:32 [INFO]: Rules will be grounded later...
2026-05-23 16:36:32 [INFO]: Given Predicates {'IsPedestrian': {'instance': IsPed, 'arity': 1, 'method': 'IsPed(Entity)', 'function': 'logicity.utils.pred_converter.z3.IsPed'}, 'IsCar': {'instance': IsCar, 'arity': 1, 'method': 'IsCar(Entity)', 'function': 'logicity.utils.pred_converter.z3.IsCar'}, 'IsAmbulance': {'instance': IsAmb, 'arity': 1, 'method': 'IsAmb(Entity)', 'function': 'logicity.utils.pred_converter.z3.IsAmb'}, 'IsOld': {'instance': IsOld, 'arity': 1, 'method': 'IsOld(Entity)', 'function': 'logicity.utils.pred_converter.z3.IsOld'}, 'IsTiro': {'instance': IsTiro, 'arity': 1, 'method': 'IsTiro(Entity)', 'function': 'logicity.utils.pred_converter.z3.IsTiro'}, 'IsAtInter': {'instance': IsAtInter, 'arity': 1, 'method': 'IsAtInter(Entity)', 'function': 'logicity.utils.pred_converter.z3.IsAtInter'}, 'IsInInter': {'instance': IsInInter, 'arity': 1, 'method': 'IsInInter(Entity)', 'function': 'logicity.utils.pred_converter.z3.IsInInter'}, 'HigherPri': {'instance': HigherPri, 'arity': 2, 'method': 'HigherPri(Entity, Entity)', 'function': 'logicity.utils.pred_converter.z3.HigherPri'}, 'CollidingClose': {'instance': CollidingClose, 'arity': 2, 'method': 'CollidingClose(Entity, Entity)', 'function': 'logicity.utils.pred_converter.z3.CollidingClose'}, 'Stop': {'instance': Stop, 'arity': 1, 'method': 'Stop(Entity)', 'function': 'None'}, 'Fast': {'instance': Fast, 'arity': 1, 'method': 'Fast(Entity)', 'function': 'None'}, 'Normal': {'instance': Normal, 'arity': 1, 'method': 'Normal(Entity)', 'function': 'None'}, 'Slow': {'instance': Slow, 'arity': 1, 'method': 'Slow(Entity)', 'function': 'None'}}, the FOV entities {'Entity': 3}, The logic grounding shape is: 39
2026-05-23 16:36:32 [INFO]: Local planner constructed!
2026-05-23 16:36:32 [INFO]: Constructing 22 streets
2026-05-23 16:36:32 [INFO]: Constructing 16 buildings
2026-05-23 16:36:33 [INFO]: Adding 4 agents, they are constrained in 103 region
2026-05-23 16:36:33 [INFO]: Car_1 initialization done!
2026-05-23 16:36:33 [INFO]: Pedestrian_1 initialization done!
2026-05-23 16:36:33 [INFO]: Car_2 initialization done!
2026-05-23 16:36:34 [INFO]: Car_3 initialization done!
2026-05-23 16:36:34 [INFO]: Done!
2026-05-23 16:36:34 [INFO]: ***Init RL Agent in Env***
2026-05-23 16:37:10 [INFO]: Episode 16 failed.
2026-05-23 16:37:10 [INFO]: Episode 16 achieved a score of -5.1999999999999975
2026-05-23 16:37:10 [INFO]: Episode 16 Success: 0
2026-05-23 16:37:10 [INFO]: Episode 16 Decision Step: {3: 0}
2026-05-23 16:37:10 [INFO]: Episode 16 Success Decision: {3: 0}
2026-05-23 16:37:10 [INFO]: Evaluating episode 17...
2026-05-23 16:37:10 [INFO]: Episode label: {'oracle_step': 57, 'stop_count': 0, 'has_stop': False, 'ego_crosses': True, 'ego_eta': 28, 'ego_direction': 'right', 'other_crosses': 3, 'close_other_count': 0, 'pedestrian_close': None, 'conflicting_approach': False, 'total_crosses': 4}
2026-05-23 16:37:10 [INFO]: Get map info from config/maps/square_2x2.yaml
2026-05-23 16:37:10 [INFO]: Get agent info from config/agents/easy_lite/val.yaml
2026-05-23 16:37:10 [INFO]: Get onology and rules info from config/rules/ontology_easy.yaml, config/rules/Nav/easy/expert.yaml
2026-05-23 16:37:10 [INFO]: Number of Entity Types: 1
Entity Types:
- Entity
2026-05-23 16:37:10 [INFO]: Number of Predicates: 13
Predicates:
- IsPedestrian: {'instance': "Function('IsPed', entity_sorts['Entity'], BoolSort())", 'arity': 1, 'method': 'IsPed(Entity)', 'function': 'logicity.utils.pred_converter.z3.IsPed'}
- IsCar: {'instance': "Function('IsCar', entity_sorts['Entity'], BoolSort())", 'arity': 1, 'method': 'IsCar(Entity)', 'function': 'logicity.utils.pred_converter.z3.IsCar'}
- IsAmbulance: {'instance': "Function('IsAmb', entity_sorts['Entity'], BoolSort())", 'arity': 1, 'method': 'IsAmb(Entity)', 'function': 'logicity.utils.pred_converter.z3.IsAmb'}
- IsOld: {'instance': "Function('IsOld', entity_sorts['Entity'], BoolSort())", 'arity': 1, 'method': 'IsOld(Entity)', 'function': 'logicity.utils.pred_converter.z3.IsOld'}
- IsTiro: {'instance': "Function('IsTiro', entity_sorts['Entity'], BoolSort())", 'arity': 1, 'method': 'IsTiro(Entity)', 'function': 'logicity.utils.pred_converter.z3.IsTiro'}
- IsAtInter: {'instance': "Function('IsAtInter', entity_sorts['Entity'], BoolSort())", 'arity': 1, 'method': 'IsAtInter(Entity)', 'function': 'logicity.utils.pred_converter.z3.IsAtInter'}
- IsInInter: {'instance': "Function('IsInInter', entity_sorts['Entity'], BoolSort())", 'arity': 1, 'method': 'IsInInter(Entity)', 'function': 'logicity.utils.pred_converter.z3.IsInInter'}
- HigherPri: {'instance': "Function('HigherPri', entity_sorts['Entity'], entity_sorts['Entity'], BoolSort())", 'arity': 2, 'method': 'HigherPri(Entity, Entity)', 'function': 'logicity.utils.pred_converter.z3.HigherPri'}
- CollidingClose: {'instance': "Function('CollidingClose', entity_sorts['Entity'], entity_sorts['Entity'], BoolSort())", 'arity': 2, 'method': 'CollidingClose(Entity, Entity)', 'function': 'logicity.utils.pred_converter.z3.CollidingClose'}
- Stop: {'instance': "Function('Stop', entity_sorts['Entity'], BoolSort())", 'arity': 1, 'method': 'Stop(Entity)', 'function': 'None'}
- Fast: {'instance': "Function('Fast', entity_sorts['Entity'], BoolSort())", 'arity': 1, 'method': 'Fast(Entity)', 'function': 'None'}
- Normal: {'instance': "Function('Normal', entity_sorts['Entity'], BoolSort())", 'arity': 1, 'method': 'Normal(Entity)', 'function': 'None'}
- Slow: {'instance': "Function('Slow', entity_sorts['Entity'], BoolSort())", 'arity': 1, 'method': 'Slow(Entity)', 'function': 'None'}
2026-05-23 16:37:10 [INFO]: *** Sim Rule ***: Stop -> 
 Stop(entity) == Exists(
  [dummyEntity], 
  Or(
    And(
      IsAtInter(entity), 
      IsInInter(dummyEntity), 
    ),
    And(
      IsAtInter(entity), 
      IsAtInter(dummyEntity), 
      HigherPri(dummyEntity, entity),
    ),
    CollidingClose(entity, dummyEntity)
  )
)

2026-05-23 16:37:10 [INFO]: *** Task Rule ***: Collision and Intersection -> 
 Implies(Exists(
  [dummyEntity], 
    Or(
      And(
        IsAtInter(entity), 
        IsInInter(dummyEntity), 
      ),
      And(
        IsAtInter(entity), 
        IsAtInter(dummyEntity), 
        HigherPri(dummyEntity, entity),
      ),
      CollidingClose(entity, dummyEntity)
    )
  ),
  Stop(entity)
)

2026-05-23 16:37:10 [INFO]: *** Expert Rule ***: Stop -> 
 Stop(entity) == Exists(
[dummyEntity], 
  Or(
    And(
      IsAtInter(entity), 
      IsInInter(dummyEntity), 
    ),
    And(
      IsAtInter(entity), 
      IsAtInter(dummyEntity), 
      HigherPri(dummyEntity, entity),
    ),
    CollidingClose(entity, dummyEntity)
  )
)

2026-05-23 16:37:10 [INFO]: *** Expert Rule ***: Slow -> 
 Not(Slow(entity))

2026-05-23 16:37:10 [INFO]: *** Expert Rule ***: Fast -> 
 Not(Fast(entity))

2026-05-23 16:37:10 [INFO]: *** Expert Rule ***: Normal -> 
 Normal(entity) == Not(Stop(entity))
2026-05-23 16:37:10 [INFO]: Rules created successfully
2026-05-23 16:37:10 [INFO]: Rules will be grounded later...
2026-05-23 16:37:10 [INFO]: Given Predicates {'IsPedestrian': {'instance': IsPed, 'arity': 1, 'method': 'IsPed(Entity)', 'function': 'logicity.utils.pred_converter.z3.IsPed'}, 'IsCar': {'instance': IsCar, 'arity': 1, 'method': 'IsCar(Entity)', 'function': 'logicity.utils.pred_converter.z3.IsCar'}, 'IsAmbulance': {'instance': IsAmb, 'arity': 1, 'method': 'IsAmb(Entity)', 'function': 'logicity.utils.pred_converter.z3.IsAmb'}, 'IsOld': {'instance': IsOld, 'arity': 1, 'method': 'IsOld(Entity)', 'function': 'logicity.utils.pred_converter.z3.IsOld'}, 'IsTiro': {'instance': IsTiro, 'arity': 1, 'method': 'IsTiro(Entity)', 'function': 'logicity.utils.pred_converter.z3.IsTiro'}, 'IsAtInter': {'instance': IsAtInter, 'arity': 1, 'method': 'IsAtInter(Entity)', 'function': 'logicity.utils.pred_converter.z3.IsAtInter'}, 'IsInInter': {'instance': IsInInter, 'arity': 1, 'method': 'IsInInter(Entity)', 'function': 'logicity.utils.pred_converter.z3.IsInInter'}, 'HigherPri': {'instance': HigherPri, 'arity': 2, 'method': 'HigherPri(Entity, Entity)', 'function': 'logicity.utils.pred_converter.z3.HigherPri'}, 'CollidingClose': {'instance': CollidingClose, 'arity': 2, 'method': 'CollidingClose(Entity, Entity)', 'function': 'logicity.utils.pred_converter.z3.CollidingClose'}, 'Stop': {'instance': Stop, 'arity': 1, 'method': 'Stop(Entity)', 'function': 'None'}, 'Fast': {'instance': Fast, 'arity': 1, 'method': 'Fast(Entity)', 'function': 'None'}, 'Normal': {'instance': Normal, 'arity': 1, 'method': 'Normal(Entity)', 'function': 'None'}, 'Slow': {'instance': Slow, 'arity': 1, 'method': 'Slow(Entity)', 'function': 'None'}}, the FOV entities {'Entity': 3}, The logic grounding shape is: 39
2026-05-23 16:37:10 [INFO]: Local planner constructed!
2026-05-23 16:37:10 [INFO]: Constructing 22 streets
2026-05-23 16:37:11 [INFO]: Constructing 16 buildings
2026-05-23 16:37:11 [INFO]: Adding 4 agents, they are constrained in 103 region
2026-05-23 16:37:12 [INFO]: Car_1 initialization done!
2026-05-23 16:37:12 [INFO]: Pedestrian_1 initialization done!
2026-05-23 16:37:12 [INFO]: Car_2 initialization done!
2026-05-23 16:37:12 [INFO]: Car_3 initialization done!
2026-05-23 16:37:12 [INFO]: Done!
2026-05-23 16:37:12 [INFO]: ***Init RL Agent in Env***
2026-05-23 16:37:32 [INFO]: Episode 17 failed.
2026-05-23 16:37:32 [INFO]: Episode 17 achieved a score of -4.140000000000001
2026-05-23 16:37:32 [INFO]: Episode 17 Success: 0
2026-05-23 16:37:32 [INFO]: Episode 17 Decision Step: {3: 0}
2026-05-23 16:37:32 [INFO]: Episode 17 Success Decision: {3: 0}
2026-05-23 16:37:32 [INFO]: Evaluating episode 18...
2026-05-23 16:37:32 [INFO]: Episode label: {'oracle_step': 25, 'stop_count': 7, 'has_stop': True, 'ego_crosses': True, 'ego_eta': 7, 'ego_direction': 'down', 'other_crosses': 3, 'close_other_count': 0, 'pedestrian_close': None, 'conflicting_approach': False, 'total_crosses': 4}
2026-05-23 16:37:32 [INFO]: Get map info from config/maps/square_2x2.yaml
2026-05-23 16:37:32 [INFO]: Get agent info from config/agents/easy_lite/val.yaml
2026-05-23 16:37:32 [INFO]: Get onology and rules info from config/rules/ontology_easy.yaml, config/rules/Nav/easy/expert.yaml
2026-05-23 16:37:32 [INFO]: Number of Entity Types: 1
Entity Types:
- Entity
2026-05-23 16:37:32 [INFO]: Number of Predicates: 13
Predicates:
- IsPedestrian: {'instance': "Function('IsPed', entity_sorts['Entity'], BoolSort())", 'arity': 1, 'method': 'IsPed(Entity)', 'function': 'logicity.utils.pred_converter.z3.IsPed'}
- IsCar: {'instance': "Function('IsCar', entity_sorts['Entity'], BoolSort())", 'arity': 1, 'method': 'IsCar(Entity)', 'function': 'logicity.utils.pred_converter.z3.IsCar'}
- IsAmbulance: {'instance': "Function('IsAmb', entity_sorts['Entity'], BoolSort())", 'arity': 1, 'method': 'IsAmb(Entity)', 'function': 'logicity.utils.pred_converter.z3.IsAmb'}
- IsOld: {'instance': "Function('IsOld', entity_sorts['Entity'], BoolSort())", 'arity': 1, 'method': 'IsOld(Entity)', 'function': 'logicity.utils.pred_converter.z3.IsOld'}
- IsTiro: {'instance': "Function('IsTiro', entity_sorts['Entity'], BoolSort())", 'arity': 1, 'method': 'IsTiro(Entity)', 'function': 'logicity.utils.pred_converter.z3.IsTiro'}
- IsAtInter: {'instance': "Function('IsAtInter', entity_sorts['Entity'], BoolSort())", 'arity': 1, 'method': 'IsAtInter(Entity)', 'function': 'logicity.utils.pred_converter.z3.IsAtInter'}
- IsInInter: {'instance': "Function('IsInInter', entity_sorts['Entity'], BoolSort())", 'arity': 1, 'method': 'IsInInter(Entity)', 'function': 'logicity.utils.pred_converter.z3.IsInInter'}
- HigherPri: {'instance': "Function('HigherPri', entity_sorts['Entity'], entity_sorts['Entity'], BoolSort())", 'arity': 2, 'method': 'HigherPri(Entity, Entity)', 'function': 'logicity.utils.pred_converter.z3.HigherPri'}
- CollidingClose: {'instance': "Function('CollidingClose', entity_sorts['Entity'], entity_sorts['Entity'], BoolSort())", 'arity': 2, 'method': 'CollidingClose(Entity, Entity)', 'function': 'logicity.utils.pred_converter.z3.CollidingClose'}
- Stop: {'instance': "Function('Stop', entity_sorts['Entity'], BoolSort())", 'arity': 1, 'method': 'Stop(Entity)', 'function': 'None'}
- Fast: {'instance': "Function('Fast', entity_sorts['Entity'], BoolSort())", 'arity': 1, 'method': 'Fast(Entity)', 'function': 'None'}
- Normal: {'instance': "Function('Normal', entity_sorts['Entity'], BoolSort())", 'arity': 1, 'method': 'Normal(Entity)', 'function': 'None'}
- Slow: {'instance': "Function('Slow', entity_sorts['Entity'], BoolSort())", 'arity': 1, 'method': 'Slow(Entity)', 'function': 'None'}
2026-05-23 16:37:32 [INFO]: *** Sim Rule ***: Stop -> 
 Stop(entity) == Exists(
  [dummyEntity], 
  Or(
    And(
      IsAtInter(entity), 
      IsInInter(dummyEntity), 
    ),
    And(
      IsAtInter(entity), 
      IsAtInter(dummyEntity), 
      HigherPri(dummyEntity, entity),
    ),
    CollidingClose(entity, dummyEntity)
  )
)

2026-05-23 16:37:32 [INFO]: *** Task Rule ***: Collision and Intersection -> 
 Implies(Exists(
  [dummyEntity], 
    Or(
      And(
        IsAtInter(entity), 
        IsInInter(dummyEntity), 
      ),
      And(
        IsAtInter(entity), 
        IsAtInter(dummyEntity), 
        HigherPri(dummyEntity, entity),
      ),
      CollidingClose(entity, dummyEntity)
    )
  ),
  Stop(entity)
)

2026-05-23 16:37:32 [INFO]: *** Expert Rule ***: Stop -> 
 Stop(entity) == Exists(
[dummyEntity], 
  Or(
    And(
      IsAtInter(entity), 
      IsInInter(dummyEntity), 
    ),
    And(
      IsAtInter(entity), 
      IsAtInter(dummyEntity), 
      HigherPri(dummyEntity, entity),
    ),
    CollidingClose(entity, dummyEntity)
  )
)

2026-05-23 16:37:32 [INFO]: *** Expert Rule ***: Slow -> 
 Not(Slow(entity))

2026-05-23 16:37:32 [INFO]: *** Expert Rule ***: Fast -> 
 Not(Fast(entity))

2026-05-23 16:37:32 [INFO]: *** Expert Rule ***: Normal -> 
 Normal(entity) == Not(Stop(entity))
2026-05-23 16:37:32 [INFO]: Rules created successfully
2026-05-23 16:37:32 [INFO]: Rules will be grounded later...
2026-05-23 16:37:32 [INFO]: Given Predicates {'IsPedestrian': {'instance': IsPed, 'arity': 1, 'method': 'IsPed(Entity)', 'function': 'logicity.utils.pred_converter.z3.IsPed'}, 'IsCar': {'instance': IsCar, 'arity': 1, 'method': 'IsCar(Entity)', 'function': 'logicity.utils.pred_converter.z3.IsCar'}, 'IsAmbulance': {'instance': IsAmb, 'arity': 1, 'method': 'IsAmb(Entity)', 'function': 'logicity.utils.pred_converter.z3.IsAmb'}, 'IsOld': {'instance': IsOld, 'arity': 1, 'method': 'IsOld(Entity)', 'function': 'logicity.utils.pred_converter.z3.IsOld'}, 'IsTiro': {'instance': IsTiro, 'arity': 1, 'method': 'IsTiro(Entity)', 'function': 'logicity.utils.pred_converter.z3.IsTiro'}, 'IsAtInter': {'instance': IsAtInter, 'arity': 1, 'method': 'IsAtInter(Entity)', 'function': 'logicity.utils.pred_converter.z3.IsAtInter'}, 'IsInInter': {'instance': IsInInter, 'arity': 1, 'method': 'IsInInter(Entity)', 'function': 'logicity.utils.pred_converter.z3.IsInInter'}, 'HigherPri': {'instance': HigherPri, 'arity': 2, 'method': 'HigherPri(Entity, Entity)', 'function': 'logicity.utils.pred_converter.z3.HigherPri'}, 'CollidingClose': {'instance': CollidingClose, 'arity': 2, 'method': 'CollidingClose(Entity, Entity)', 'function': 'logicity.utils.pred_converter.z3.CollidingClose'}, 'Stop': {'instance': Stop, 'arity': 1, 'method': 'Stop(Entity)', 'function': 'None'}, 'Fast': {'instance': Fast, 'arity': 1, 'method': 'Fast(Entity)', 'function': 'None'}, 'Normal': {'instance': Normal, 'arity': 1, 'method': 'Normal(Entity)', 'function': 'None'}, 'Slow': {'instance': Slow, 'arity': 1, 'method': 'Slow(Entity)', 'function': 'None'}}, the FOV entities {'Entity': 3}, The logic grounding shape is: 39
2026-05-23 16:37:32 [INFO]: Local planner constructed!
2026-05-23 16:37:32 [INFO]: Constructing 22 streets
2026-05-23 16:37:33 [INFO]: Constructing 16 buildings
2026-05-23 16:37:33 [INFO]: Adding 4 agents, they are constrained in 103 region
2026-05-23 16:37:33 [INFO]: Car_1 initialization done!
2026-05-23 16:37:33 [INFO]: Pedestrian_1 initialization done!
2026-05-23 16:37:34 [INFO]: Car_2 initialization done!
2026-05-23 16:37:34 [INFO]: Car_3 initialization done!
2026-05-23 16:37:34 [INFO]: Done!
2026-05-23 16:37:34 [INFO]: ***Init RL Agent in Env***
2026-05-23 16:37:42 [INFO]: Episode 18 failed.
2026-05-23 16:37:42 [INFO]: Episode 18 achieved a score of -3.5
2026-05-23 16:37:42 [INFO]: Episode 18 Success: 0
2026-05-23 16:37:42 [INFO]: Episode 18 Decision Step: {3: 0}
2026-05-23 16:37:42 [INFO]: Episode 18 Success Decision: {3: 0}
2026-05-23 16:37:42 [INFO]: Evaluating episode 19...
2026-05-23 16:37:42 [INFO]: Episode label: {'oracle_step': 60, 'stop_count': 9, 'has_stop': True, 'ego_crosses': True, 'ego_eta': 23, 'ego_direction': 'down', 'other_crosses': 3, 'close_other_count': 0, 'pedestrian_close': None, 'conflicting_approach': False, 'total_crosses': 4}
2026-05-23 16:37:42 [INFO]: Get map info from config/maps/square_2x2.yaml
2026-05-23 16:37:42 [INFO]: Get agent info from config/agents/easy_lite/val.yaml
2026-05-23 16:37:42 [INFO]: Get onology and rules info from config/rules/ontology_easy.yaml, config/rules/Nav/easy/expert.yaml
2026-05-23 16:37:42 [INFO]: Number of Entity Types: 1
Entity Types:
- Entity
2026-05-23 16:37:42 [INFO]: Number of Predicates: 13
Predicates:
- IsPedestrian: {'instance': "Function('IsPed', entity_sorts['Entity'], BoolSort())", 'arity': 1, 'method': 'IsPed(Entity)', 'function': 'logicity.utils.pred_converter.z3.IsPed'}
- IsCar: {'instance': "Function('IsCar', entity_sorts['Entity'], BoolSort())", 'arity': 1, 'method': 'IsCar(Entity)', 'function': 'logicity.utils.pred_converter.z3.IsCar'}
- IsAmbulance: {'instance': "Function('IsAmb', entity_sorts['Entity'], BoolSort())", 'arity': 1, 'method': 'IsAmb(Entity)', 'function': 'logicity.utils.pred_converter.z3.IsAmb'}
- IsOld: {'instance': "Function('IsOld', entity_sorts['Entity'], BoolSort())", 'arity': 1, 'method': 'IsOld(Entity)', 'function': 'logicity.utils.pred_converter.z3.IsOld'}
- IsTiro: {'instance': "Function('IsTiro', entity_sorts['Entity'], BoolSort())", 'arity': 1, 'method': 'IsTiro(Entity)', 'function': 'logicity.utils.pred_converter.z3.IsTiro'}
- IsAtInter: {'instance': "Function('IsAtInter', entity_sorts['Entity'], BoolSort())", 'arity': 1, 'method': 'IsAtInter(Entity)', 'function': 'logicity.utils.pred_converter.z3.IsAtInter'}
- IsInInter: {'instance': "Function('IsInInter', entity_sorts['Entity'], BoolSort())", 'arity': 1, 'method': 'IsInInter(Entity)', 'function': 'logicity.utils.pred_converter.z3.IsInInter'}
- HigherPri: {'instance': "Function('HigherPri', entity_sorts['Entity'], entity_sorts['Entity'], BoolSort())", 'arity': 2, 'method': 'HigherPri(Entity, Entity)', 'function': 'logicity.utils.pred_converter.z3.HigherPri'}
- CollidingClose: {'instance': "Function('CollidingClose', entity_sorts['Entity'], entity_sorts['Entity'], BoolSort())", 'arity': 2, 'method': 'CollidingClose(Entity, Entity)', 'function': 'logicity.utils.pred_converter.z3.CollidingClose'}
- Stop: {'instance': "Function('Stop', entity_sorts['Entity'], BoolSort())", 'arity': 1, 'method': 'Stop(Entity)', 'function': 'None'}
- Fast: {'instance': "Function('Fast', entity_sorts['Entity'], BoolSort())", 'arity': 1, 'method': 'Fast(Entity)', 'function': 'None'}
- Normal: {'instance': "Function('Normal', entity_sorts['Entity'], BoolSort())", 'arity': 1, 'method': 'Normal(Entity)', 'function': 'None'}
- Slow: {'instance': "Function('Slow', entity_sorts['Entity'], BoolSort())", 'arity': 1, 'method': 'Slow(Entity)', 'function': 'None'}
2026-05-23 16:37:42 [INFO]: *** Sim Rule ***: Stop -> 
 Stop(entity) == Exists(
  [dummyEntity], 
  Or(
    And(
      IsAtInter(entity), 
      IsInInter(dummyEntity), 
    ),
    And(
      IsAtInter(entity), 
      IsAtInter(dummyEntity), 
      HigherPri(dummyEntity, entity),
    ),
    CollidingClose(entity, dummyEntity)
  )
)

2026-05-23 16:37:42 [INFO]: *** Task Rule ***: Collision and Intersection -> 
 Implies(Exists(
  [dummyEntity], 
    Or(
      And(
        IsAtInter(entity), 
        IsInInter(dummyEntity), 
      ),
      And(
        IsAtInter(entity), 
        IsAtInter(dummyEntity), 
        HigherPri(dummyEntity, entity),
      ),
      CollidingClose(entity, dummyEntity)
    )
  ),
  Stop(entity)
)

2026-05-23 16:37:42 [INFO]: *** Expert Rule ***: Stop -> 
 Stop(entity) == Exists(
[dummyEntity], 
  Or(
    And(
      IsAtInter(entity), 
      IsInInter(dummyEntity), 
    ),
    And(
      IsAtInter(entity), 
      IsAtInter(dummyEntity), 
      HigherPri(dummyEntity, entity),
    ),
    CollidingClose(entity, dummyEntity)
  )
)

2026-05-23 16:37:42 [INFO]: *** Expert Rule ***: Slow -> 
 Not(Slow(entity))

2026-05-23 16:37:42 [INFO]: *** Expert Rule ***: Fast -> 
 Not(Fast(entity))

2026-05-23 16:37:42 [INFO]: *** Expert Rule ***: Normal -> 
 Normal(entity) == Not(Stop(entity))
2026-05-23 16:37:42 [INFO]: Rules created successfully
2026-05-23 16:37:42 [INFO]: Rules will be grounded later...
2026-05-23 16:37:42 [INFO]: Given Predicates {'IsPedestrian': {'instance': IsPed, 'arity': 1, 'method': 'IsPed(Entity)', 'function': 'logicity.utils.pred_converter.z3.IsPed'}, 'IsCar': {'instance': IsCar, 'arity': 1, 'method': 'IsCar(Entity)', 'function': 'logicity.utils.pred_converter.z3.IsCar'}, 'IsAmbulance': {'instance': IsAmb, 'arity': 1, 'method': 'IsAmb(Entity)', 'function': 'logicity.utils.pred_converter.z3.IsAmb'}, 'IsOld': {'instance': IsOld, 'arity': 1, 'method': 'IsOld(Entity)', 'function': 'logicity.utils.pred_converter.z3.IsOld'}, 'IsTiro': {'instance': IsTiro, 'arity': 1, 'method': 'IsTiro(Entity)', 'function': 'logicity.utils.pred_converter.z3.IsTiro'}, 'IsAtInter': {'instance': IsAtInter, 'arity': 1, 'method': 'IsAtInter(Entity)', 'function': 'logicity.utils.pred_converter.z3.IsAtInter'}, 'IsInInter': {'instance': IsInInter, 'arity': 1, 'method': 'IsInInter(Entity)', 'function': 'logicity.utils.pred_converter.z3.IsInInter'}, 'HigherPri': {'instance': HigherPri, 'arity': 2, 'method': 'HigherPri(Entity, Entity)', 'function': 'logicity.utils.pred_converter.z3.HigherPri'}, 'CollidingClose': {'instance': CollidingClose, 'arity': 2, 'method': 'CollidingClose(Entity, Entity)', 'function': 'logicity.utils.pred_converter.z3.CollidingClose'}, 'Stop': {'instance': Stop, 'arity': 1, 'method': 'Stop(Entity)', 'function': 'None'}, 'Fast': {'instance': Fast, 'arity': 1, 'method': 'Fast(Entity)', 'function': 'None'}, 'Normal': {'instance': Normal, 'arity': 1, 'method': 'Normal(Entity)', 'function': 'None'}, 'Slow': {'instance': Slow, 'arity': 1, 'method': 'Slow(Entity)', 'function': 'None'}}, the FOV entities {'Entity': 3}, The logic grounding shape is: 39
2026-05-23 16:37:42 [INFO]: Local planner constructed!
2026-05-23 16:37:42 [INFO]: Constructing 22 streets
2026-05-23 16:37:43 [INFO]: Constructing 16 buildings
2026-05-23 16:37:43 [INFO]: Adding 4 agents, they are constrained in 103 region
2026-05-23 16:37:44 [INFO]: Car_1 initialization done!
2026-05-23 16:37:44 [INFO]: Pedestrian_1 initialization done!
2026-05-23 16:37:44 [INFO]: Car_2 initialization done!
2026-05-23 16:37:44 [INFO]: Car_3 initialization done!
2026-05-23 16:37:44 [INFO]: Done!
2026-05-23 16:37:44 [INFO]: ***Init RL Agent in Env***
2026-05-23 16:38:05 [INFO]: Episode 19 failed.
2026-05-23 16:38:05 [INFO]: Episode 19 achieved a score of -4.200000000000001
2026-05-23 16:38:05 [INFO]: Episode 19 Success: 0
2026-05-23 16:38:05 [INFO]: Episode 19 Decision Step: {3: 0}
2026-05-23 16:38:05 [INFO]: Episode 19 Success Decision: {3: 0}
2026-05-23 16:38:05 [INFO]: Timestep: 10000 - Elapsed Time (s): 3273.48 - Success Rate: 0.0 - Mean Reward: -4.308000000000001 

2026-05-23 16:38:05 [INFO]: Failure Rate: 0.0 - Timeout Rate: 1.0 - Mean Episode Length: 130.8
2026-05-23 16:38:05 [INFO]: Mean Decision Succ: 0.0
2026-05-23 16:38:05 [INFO]: Average Decision Succ: 0.0
2026-05-23 16:38:05 [INFO]: Decision Succ for each action: {3: 0.0}
2026-05-23 16:38:05 [INFO]: Action Histogram: {0: 0, 1: 0, 2: 0, 3: 2616}
2026-05-23 16:38:05 [INFO]: Failure Rule Counts: {}
2026-05-23 16:38:05 [INFO]: Training Rollout Since Last Eval: failures=44 timeouts=5 successes=38
2026-05-23 16:38:05 [INFO]: PLPG Metrics: base_safe=0.43560123555248303 shielded_safe=0.46665979679161257 gain=0.03105856123912954 intervention_rate=1.0 kl=0.030770431759707426 l1=0.2322758101097761 hazard_rate=0.0 forced_stop_rate=0.0
2026-05-23 16:59:21 [INFO]: Evaluating episode 0...
2026-05-23 16:59:21 [INFO]: Episode label: {'oracle_step': 21, 'stop_count': 0, 'has_stop': False, 'ego_crosses': True, 'ego_eta': 5, 'ego_direction': 'down', 'other_crosses': 3, 'close_other_count': 0, 'pedestrian_close': None, 'conflicting_approach': False, 'total_crosses': 4}
2026-05-23 16:59:21 [INFO]: Get map info from config/maps/square_2x2.yaml
2026-05-23 16:59:21 [INFO]: Get agent info from config/agents/easy_lite/val.yaml
2026-05-23 16:59:21 [INFO]: Get onology and rules info from config/rules/ontology_easy.yaml, config/rules/Nav/easy/expert.yaml
2026-05-23 16:59:21 [INFO]: Number of Entity Types: 1
Entity Types:
- Entity
2026-05-23 16:59:21 [INFO]: Number of Predicates: 13
Predicates:
- IsPedestrian: {'instance': "Function('IsPed', entity_sorts['Entity'], BoolSort())", 'arity': 1, 'method': 'IsPed(Entity)', 'function': 'logicity.utils.pred_converter.z3.IsPed'}
- IsCar: {'instance': "Function('IsCar', entity_sorts['Entity'], BoolSort())", 'arity': 1, 'method': 'IsCar(Entity)', 'function': 'logicity.utils.pred_converter.z3.IsCar'}
- IsAmbulance: {'instance': "Function('IsAmb', entity_sorts['Entity'], BoolSort())", 'arity': 1, 'method': 'IsAmb(Entity)', 'function': 'logicity.utils.pred_converter.z3.IsAmb'}
- IsOld: {'instance': "Function('IsOld', entity_sorts['Entity'], BoolSort())", 'arity': 1, 'method': 'IsOld(Entity)', 'function': 'logicity.utils.pred_converter.z3.IsOld'}
- IsTiro: {'instance': "Function('IsTiro', entity_sorts['Entity'], BoolSort())", 'arity': 1, 'method': 'IsTiro(Entity)', 'function': 'logicity.utils.pred_converter.z3.IsTiro'}
- IsAtInter: {'instance': "Function('IsAtInter', entity_sorts['Entity'], BoolSort())", 'arity': 1, 'method': 'IsAtInter(Entity)', 'function': 'logicity.utils.pred_converter.z3.IsAtInter'}
- IsInInter: {'instance': "Function('IsInInter', entity_sorts['Entity'], BoolSort())", 'arity': 1, 'method': 'IsInInter(Entity)', 'function': 'logicity.utils.pred_converter.z3.IsInInter'}
- HigherPri: {'instance': "Function('HigherPri', entity_sorts['Entity'], entity_sorts['Entity'], BoolSort())", 'arity': 2, 'method': 'HigherPri(Entity, Entity)', 'function': 'logicity.utils.pred_converter.z3.HigherPri'}
- CollidingClose: {'instance': "Function('CollidingClose', entity_sorts['Entity'], entity_sorts['Entity'], BoolSort())", 'arity': 2, 'method': 'CollidingClose(Entity, Entity)', 'function': 'logicity.utils.pred_converter.z3.CollidingClose'}
- Stop: {'instance': "Function('Stop', entity_sorts['Entity'], BoolSort())", 'arity': 1, 'method': 'Stop(Entity)', 'function': 'None'}
- Fast: {'instance': "Function('Fast', entity_sorts['Entity'], BoolSort())", 'arity': 1, 'method': 'Fast(Entity)', 'function': 'None'}
- Normal: {'instance': "Function('Normal', entity_sorts['Entity'], BoolSort())", 'arity': 1, 'method': 'Normal(Entity)', 'function': 'None'}
- Slow: {'instance': "Function('Slow', entity_sorts['Entity'], BoolSort())", 'arity': 1, 'method': 'Slow(Entity)', 'function': 'None'}
2026-05-23 16:59:21 [INFO]: *** Sim Rule ***: Stop -> 
 Stop(entity) == Exists(
  [dummyEntity], 
  Or(
    And(
      IsAtInter(entity), 
      IsInInter(dummyEntity), 
    ),
    And(
      IsAtInter(entity), 
      IsAtInter(dummyEntity), 
      HigherPri(dummyEntity, entity),
    ),
    CollidingClose(entity, dummyEntity)
  )
)

2026-05-23 16:59:21 [INFO]: *** Task Rule ***: Collision and Intersection -> 
 Implies(Exists(
  [dummyEntity], 
    Or(
      And(
        IsAtInter(entity), 
        IsInInter(dummyEntity), 
      ),
      And(
        IsAtInter(entity), 
        IsAtInter(dummyEntity), 
        HigherPri(dummyEntity, entity),
      ),
      CollidingClose(entity, dummyEntity)
    )
  ),
  Stop(entity)
)

2026-05-23 16:59:21 [INFO]: *** Expert Rule ***: Stop -> 
 Stop(entity) == Exists(
[dummyEntity], 
  Or(
    And(
      IsAtInter(entity), 
      IsInInter(dummyEntity), 
    ),
    And(
      IsAtInter(entity), 
      IsAtInter(dummyEntity), 
      HigherPri(dummyEntity, entity),
    ),
    CollidingClose(entity, dummyEntity)
  )
)

2026-05-23 16:59:21 [INFO]: *** Expert Rule ***: Slow -> 
 Not(Slow(entity))

2026-05-23 16:59:21 [INFO]: *** Expert Rule ***: Fast -> 
 Not(Fast(entity))

2026-05-23 16:59:21 [INFO]: *** Expert Rule ***: Normal -> 
 Normal(entity) == Not(Stop(entity))
2026-05-23 16:59:21 [INFO]: Rules created successfully
2026-05-23 16:59:21 [INFO]: Rules will be grounded later...
2026-05-23 16:59:21 [INFO]: Given Predicates {'IsPedestrian': {'instance': IsPed, 'arity': 1, 'method': 'IsPed(Entity)', 'function': 'logicity.utils.pred_converter.z3.IsPed'}, 'IsCar': {'instance': IsCar, 'arity': 1, 'method': 'IsCar(Entity)', 'function': 'logicity.utils.pred_converter.z3.IsCar'}, 'IsAmbulance': {'instance': IsAmb, 'arity': 1, 'method': 'IsAmb(Entity)', 'function': 'logicity.utils.pred_converter.z3.IsAmb'}, 'IsOld': {'instance': IsOld, 'arity': 1, 'method': 'IsOld(Entity)', 'function': 'logicity.utils.pred_converter.z3.IsOld'}, 'IsTiro': {'instance': IsTiro, 'arity': 1, 'method': 'IsTiro(Entity)', 'function': 'logicity.utils.pred_converter.z3.IsTiro'}, 'IsAtInter': {'instance': IsAtInter, 'arity': 1, 'method': 'IsAtInter(Entity)', 'function': 'logicity.utils.pred_converter.z3.IsAtInter'}, 'IsInInter': {'instance': IsInInter, 'arity': 1, 'method': 'IsInInter(Entity)', 'function': 'logicity.utils.pred_converter.z3.IsInInter'}, 'HigherPri': {'instance': HigherPri, 'arity': 2, 'method': 'HigherPri(Entity, Entity)', 'function': 'logicity.utils.pred_converter.z3.HigherPri'}, 'CollidingClose': {'instance': CollidingClose, 'arity': 2, 'method': 'CollidingClose(Entity, Entity)', 'function': 'logicity.utils.pred_converter.z3.CollidingClose'}, 'Stop': {'instance': Stop, 'arity': 1, 'method': 'Stop(Entity)', 'function': 'None'}, 'Fast': {'instance': Fast, 'arity': 1, 'method': 'Fast(Entity)', 'function': 'None'}, 'Normal': {'instance': Normal, 'arity': 1, 'method': 'Normal(Entity)', 'function': 'None'}, 'Slow': {'instance': Slow, 'arity': 1, 'method': 'Slow(Entity)', 'function': 'None'}}, the FOV entities {'Entity': 3}, The logic grounding shape is: 39
2026-05-23 16:59:21 [INFO]: Local planner constructed!
2026-05-23 16:59:21 [INFO]: Constructing 22 streets
2026-05-23 16:59:22 [INFO]: Constructing 16 buildings
2026-05-23 16:59:22 [INFO]: Adding 4 agents, they are constrained in 103 region
2026-05-23 16:59:23 [INFO]: Car_1 initialization done!
2026-05-23 16:59:23 [INFO]: Pedestrian_1 initialization done!
2026-05-23 16:59:23 [INFO]: Car_2 initialization done!
2026-05-23 16:59:23 [INFO]: Car_3 initialization done!
2026-05-23 16:59:23 [INFO]: Done!
2026-05-23 16:59:23 [INFO]: ***Init RL Agent in Env***
2026-05-23 16:59:31 [INFO]: Episode 0 failed.
2026-05-23 16:59:31 [INFO]: Episode 0 achieved a score of -3.4200000000000004
2026-05-23 16:59:31 [INFO]: Episode 0 Success: 0
2026-05-23 16:59:31 [INFO]: Episode 0 Decision Step: {3: 0}
2026-05-23 16:59:31 [INFO]: Episode 0 Success Decision: {3: 0}
2026-05-23 16:59:31 [INFO]: Evaluating episode 1...
2026-05-23 16:59:31 [INFO]: Episode label: {'oracle_step': 70, 'stop_count': 0, 'has_stop': False, 'ego_crosses': True, 'ego_eta': 62, 'ego_direction': 'up', 'other_crosses': 3, 'close_other_count': 0, 'pedestrian_close': None, 'conflicting_approach': False, 'total_crosses': 4}
2026-05-23 16:59:31 [INFO]: Get map info from config/maps/square_2x2.yaml
2026-05-23 16:59:31 [INFO]: Get agent info from config/agents/easy_lite/val.yaml
2026-05-23 16:59:31 [INFO]: Get onology and rules info from config/rules/ontology_easy.yaml, config/rules/Nav/easy/expert.yaml
2026-05-23 16:59:31 [INFO]: Number of Entity Types: 1
Entity Types:
- Entity
2026-05-23 16:59:31 [INFO]: Number of Predicates: 13
Predicates:
- IsPedestrian: {'instance': "Function('IsPed', entity_sorts['Entity'], BoolSort())", 'arity': 1, 'method': 'IsPed(Entity)', 'function': 'logicity.utils.pred_converter.z3.IsPed'}
- IsCar: {'instance': "Function('IsCar', entity_sorts['Entity'], BoolSort())", 'arity': 1, 'method': 'IsCar(Entity)', 'function': 'logicity.utils.pred_converter.z3.IsCar'}
- IsAmbulance: {'instance': "Function('IsAmb', entity_sorts['Entity'], BoolSort())", 'arity': 1, 'method': 'IsAmb(Entity)', 'function': 'logicity.utils.pred_converter.z3.IsAmb'}
- IsOld: {'instance': "Function('IsOld', entity_sorts['Entity'], BoolSort())", 'arity': 1, 'method': 'IsOld(Entity)', 'function': 'logicity.utils.pred_converter.z3.IsOld'}
- IsTiro: {'instance': "Function('IsTiro', entity_sorts['Entity'], BoolSort())", 'arity': 1, 'method': 'IsTiro(Entity)', 'function': 'logicity.utils.pred_converter.z3.IsTiro'}
- IsAtInter: {'instance': "Function('IsAtInter', entity_sorts['Entity'], BoolSort())", 'arity': 1, 'method': 'IsAtInter(Entity)', 'function': 'logicity.utils.pred_converter.z3.IsAtInter'}
- IsInInter: {'instance': "Function('IsInInter', entity_sorts['Entity'], BoolSort())", 'arity': 1, 'method': 'IsInInter(Entity)', 'function': 'logicity.utils.pred_converter.z3.IsInInter'}
- HigherPri: {'instance': "Function('HigherPri', entity_sorts['Entity'], entity_sorts['Entity'], BoolSort())", 'arity': 2, 'method': 'HigherPri(Entity, Entity)', 'function': 'logicity.utils.pred_converter.z3.HigherPri'}
- CollidingClose: {'instance': "Function('CollidingClose', entity_sorts['Entity'], entity_sorts['Entity'], BoolSort())", 'arity': 2, 'method': 'CollidingClose(Entity, Entity)', 'function': 'logicity.utils.pred_converter.z3.CollidingClose'}
- Stop: {'instance': "Function('Stop', entity_sorts['Entity'], BoolSort())", 'arity': 1, 'method': 'Stop(Entity)', 'function': 'None'}
- Fast: {'instance': "Function('Fast', entity_sorts['Entity'], BoolSort())", 'arity': 1, 'method': 'Fast(Entity)', 'function': 'None'}
- Normal: {'instance': "Function('Normal', entity_sorts['Entity'], BoolSort())", 'arity': 1, 'method': 'Normal(Entity)', 'function': 'None'}
- Slow: {'instance': "Function('Slow', entity_sorts['Entity'], BoolSort())", 'arity': 1, 'method': 'Slow(Entity)', 'function': 'None'}
2026-05-23 16:59:31 [INFO]: *** Sim Rule ***: Stop -> 
 Stop(entity) == Exists(
  [dummyEntity], 
  Or(
    And(
      IsAtInter(entity), 
      IsInInter(dummyEntity), 
    ),
    And(
      IsAtInter(entity), 
      IsAtInter(dummyEntity), 
      HigherPri(dummyEntity, entity),
    ),
    CollidingClose(entity, dummyEntity)
  )
)

2026-05-23 16:59:31 [INFO]: *** Task Rule ***: Collision and Intersection -> 
 Implies(Exists(
  [dummyEntity], 
    Or(
      And(
        IsAtInter(entity), 
        IsInInter(dummyEntity), 
      ),
      And(
        IsAtInter(entity), 
        IsAtInter(dummyEntity), 
        HigherPri(dummyEntity, entity),
      ),
      CollidingClose(entity, dummyEntity)
    )
  ),
  Stop(entity)
)

2026-05-23 16:59:31 [INFO]: *** Expert Rule ***: Stop -> 
 Stop(entity) == Exists(
[dummyEntity], 
  Or(
    And(
      IsAtInter(entity), 
      IsInInter(dummyEntity), 
    ),
    And(
      IsAtInter(entity), 
      IsAtInter(dummyEntity), 
      HigherPri(dummyEntity, entity),
    ),
    CollidingClose(entity, dummyEntity)
  )
)

2026-05-23 16:59:31 [INFO]: *** Expert Rule ***: Slow -> 
 Not(Slow(entity))

2026-05-23 16:59:31 [INFO]: *** Expert Rule ***: Fast -> 
 Not(Fast(entity))

2026-05-23 16:59:31 [INFO]: *** Expert Rule ***: Normal -> 
 Normal(entity) == Not(Stop(entity))
2026-05-23 16:59:31 [INFO]: Rules created successfully
2026-05-23 16:59:31 [INFO]: Rules will be grounded later...
2026-05-23 16:59:31 [INFO]: Given Predicates {'IsPedestrian': {'instance': IsPed, 'arity': 1, 'method': 'IsPed(Entity)', 'function': 'logicity.utils.pred_converter.z3.IsPed'}, 'IsCar': {'instance': IsCar, 'arity': 1, 'method': 'IsCar(Entity)', 'function': 'logicity.utils.pred_converter.z3.IsCar'}, 'IsAmbulance': {'instance': IsAmb, 'arity': 1, 'method': 'IsAmb(Entity)', 'function': 'logicity.utils.pred_converter.z3.IsAmb'}, 'IsOld': {'instance': IsOld, 'arity': 1, 'method': 'IsOld(Entity)', 'function': 'logicity.utils.pred_converter.z3.IsOld'}, 'IsTiro': {'instance': IsTiro, 'arity': 1, 'method': 'IsTiro(Entity)', 'function': 'logicity.utils.pred_converter.z3.IsTiro'}, 'IsAtInter': {'instance': IsAtInter, 'arity': 1, 'method': 'IsAtInter(Entity)', 'function': 'logicity.utils.pred_converter.z3.IsAtInter'}, 'IsInInter': {'instance': IsInInter, 'arity': 1, 'method': 'IsInInter(Entity)', 'function': 'logicity.utils.pred_converter.z3.IsInInter'}, 'HigherPri': {'instance': HigherPri, 'arity': 2, 'method': 'HigherPri(Entity, Entity)', 'function': 'logicity.utils.pred_converter.z3.HigherPri'}, 'CollidingClose': {'instance': CollidingClose, 'arity': 2, 'method': 'CollidingClose(Entity, Entity)', 'function': 'logicity.utils.pred_converter.z3.CollidingClose'}, 'Stop': {'instance': Stop, 'arity': 1, 'method': 'Stop(Entity)', 'function': 'None'}, 'Fast': {'instance': Fast, 'arity': 1, 'method': 'Fast(Entity)', 'function': 'None'}, 'Normal': {'instance': Normal, 'arity': 1, 'method': 'Normal(Entity)', 'function': 'None'}, 'Slow': {'instance': Slow, 'arity': 1, 'method': 'Slow(Entity)', 'function': 'None'}}, the FOV entities {'Entity': 3}, The logic grounding shape is: 39
2026-05-23 16:59:31 [INFO]: Local planner constructed!
2026-05-23 16:59:31 [INFO]: Constructing 22 streets
2026-05-23 16:59:32 [INFO]: Constructing 16 buildings
2026-05-23 16:59:32 [INFO]: Adding 4 agents, they are constrained in 103 region
2026-05-23 16:59:33 [INFO]: Car_1 initialization done!
2026-05-23 16:59:33 [INFO]: Pedestrian_1 initialization done!
2026-05-23 16:59:33 [INFO]: Car_2 initialization done!
2026-05-23 16:59:34 [INFO]: Car_3 initialization done!
2026-05-23 16:59:34 [INFO]: Done!
2026-05-23 16:59:34 [INFO]: ***Init RL Agent in Env***
2026-05-23 16:59:59 [INFO]: Episode 1 failed.
2026-05-23 16:59:59 [INFO]: Episode 1 achieved a score of -4.400000000000001
2026-05-23 16:59:59 [INFO]: Episode 1 Success: 0
2026-05-23 16:59:59 [INFO]: Episode 1 Decision Step: {3: 0}
2026-05-23 16:59:59 [INFO]: Episode 1 Success Decision: {3: 0}
2026-05-23 16:59:59 [INFO]: Evaluating episode 2...
2026-05-23 16:59:59 [INFO]: Episode label: {'oracle_step': 137, 'stop_count': 52, 'has_stop': True, 'ego_crosses': True, 'ego_eta': 91, 'ego_direction': 'up', 'other_crosses': 3, 'close_other_count': 0, 'pedestrian_close': None, 'conflicting_approach': False, 'total_crosses': 4}
2026-05-23 16:59:59 [INFO]: Get map info from config/maps/square_2x2.yaml
2026-05-23 16:59:59 [INFO]: Get agent info from config/agents/easy_lite/val.yaml
2026-05-23 16:59:59 [INFO]: Get onology and rules info from config/rules/ontology_easy.yaml, config/rules/Nav/easy/expert.yaml
2026-05-23 16:59:59 [INFO]: Number of Entity Types: 1
Entity Types:
- Entity
2026-05-23 16:59:59 [INFO]: Number of Predicates: 13
Predicates:
- IsPedestrian: {'instance': "Function('IsPed', entity_sorts['Entity'], BoolSort())", 'arity': 1, 'method': 'IsPed(Entity)', 'function': 'logicity.utils.pred_converter.z3.IsPed'}
- IsCar: {'instance': "Function('IsCar', entity_sorts['Entity'], BoolSort())", 'arity': 1, 'method': 'IsCar(Entity)', 'function': 'logicity.utils.pred_converter.z3.IsCar'}
- IsAmbulance: {'instance': "Function('IsAmb', entity_sorts['Entity'], BoolSort())", 'arity': 1, 'method': 'IsAmb(Entity)', 'function': 'logicity.utils.pred_converter.z3.IsAmb'}
- IsOld: {'instance': "Function('IsOld', entity_sorts['Entity'], BoolSort())", 'arity': 1, 'method': 'IsOld(Entity)', 'function': 'logicity.utils.pred_converter.z3.IsOld'}
- IsTiro: {'instance': "Function('IsTiro', entity_sorts['Entity'], BoolSort())", 'arity': 1, 'method': 'IsTiro(Entity)', 'function': 'logicity.utils.pred_converter.z3.IsTiro'}
- IsAtInter: {'instance': "Function('IsAtInter', entity_sorts['Entity'], BoolSort())", 'arity': 1, 'method': 'IsAtInter(Entity)', 'function': 'logicity.utils.pred_converter.z3.IsAtInter'}
- IsInInter: {'instance': "Function('IsInInter', entity_sorts['Entity'], BoolSort())", 'arity': 1, 'method': 'IsInInter(Entity)', 'function': 'logicity.utils.pred_converter.z3.IsInInter'}
- HigherPri: {'instance': "Function('HigherPri', entity_sorts['Entity'], entity_sorts['Entity'], BoolSort())", 'arity': 2, 'method': 'HigherPri(Entity, Entity)', 'function': 'logicity.utils.pred_converter.z3.HigherPri'}
- CollidingClose: {'instance': "Function('CollidingClose', entity_sorts['Entity'], entity_sorts['Entity'], BoolSort())", 'arity': 2, 'method': 'CollidingClose(Entity, Entity)', 'function': 'logicity.utils.pred_converter.z3.CollidingClose'}
- Stop: {'instance': "Function('Stop', entity_sorts['Entity'], BoolSort())", 'arity': 1, 'method': 'Stop(Entity)', 'function': 'None'}
- Fast: {'instance': "Function('Fast', entity_sorts['Entity'], BoolSort())", 'arity': 1, 'method': 'Fast(Entity)', 'function': 'None'}
- Normal: {'instance': "Function('Normal', entity_sorts['Entity'], BoolSort())", 'arity': 1, 'method': 'Normal(Entity)', 'function': 'None'}
- Slow: {'instance': "Function('Slow', entity_sorts['Entity'], BoolSort())", 'arity': 1, 'method': 'Slow(Entity)', 'function': 'None'}
2026-05-23 16:59:59 [INFO]: *** Sim Rule ***: Stop -> 
 Stop(entity) == Exists(
  [dummyEntity], 
  Or(
    And(
      IsAtInter(entity), 
      IsInInter(dummyEntity), 
    ),
    And(
      IsAtInter(entity), 
      IsAtInter(dummyEntity), 
      HigherPri(dummyEntity, entity),
    ),
    CollidingClose(entity, dummyEntity)
  )
)

2026-05-23 16:59:59 [INFO]: *** Task Rule ***: Collision and Intersection -> 
 Implies(Exists(
  [dummyEntity], 
    Or(
      And(
        IsAtInter(entity), 
        IsInInter(dummyEntity), 
      ),
      And(
        IsAtInter(entity), 
        IsAtInter(dummyEntity), 
        HigherPri(dummyEntity, entity),
      ),
      CollidingClose(entity, dummyEntity)
    )
  ),
  Stop(entity)
)

2026-05-23 16:59:59 [INFO]: *** Expert Rule ***: Stop -> 
 Stop(entity) == Exists(
[dummyEntity], 
  Or(
    And(
      IsAtInter(entity), 
      IsInInter(dummyEntity), 
    ),
    And(
      IsAtInter(entity), 
      IsAtInter(dummyEntity), 
      HigherPri(dummyEntity, entity),
    ),
    CollidingClose(entity, dummyEntity)
  )
)

2026-05-23 16:59:59 [INFO]: *** Expert Rule ***: Slow -> 
 Not(Slow(entity))

2026-05-23 16:59:59 [INFO]: *** Expert Rule ***: Fast -> 
 Not(Fast(entity))

2026-05-23 16:59:59 [INFO]: *** Expert Rule ***: Normal -> 
 Normal(entity) == Not(Stop(entity))
2026-05-23 16:59:59 [INFO]: Rules created successfully
2026-05-23 16:59:59 [INFO]: Rules will be grounded later...
2026-05-23 16:59:59 [INFO]: Given Predicates {'IsPedestrian': {'instance': IsPed, 'arity': 1, 'method': 'IsPed(Entity)', 'function': 'logicity.utils.pred_converter.z3.IsPed'}, 'IsCar': {'instance': IsCar, 'arity': 1, 'method': 'IsCar(Entity)', 'function': 'logicity.utils.pred_converter.z3.IsCar'}, 'IsAmbulance': {'instance': IsAmb, 'arity': 1, 'method': 'IsAmb(Entity)', 'function': 'logicity.utils.pred_converter.z3.IsAmb'}, 'IsOld': {'instance': IsOld, 'arity': 1, 'method': 'IsOld(Entity)', 'function': 'logicity.utils.pred_converter.z3.IsOld'}, 'IsTiro': {'instance': IsTiro, 'arity': 1, 'method': 'IsTiro(Entity)', 'function': 'logicity.utils.pred_converter.z3.IsTiro'}, 'IsAtInter': {'instance': IsAtInter, 'arity': 1, 'method': 'IsAtInter(Entity)', 'function': 'logicity.utils.pred_converter.z3.IsAtInter'}, 'IsInInter': {'instance': IsInInter, 'arity': 1, 'method': 'IsInInter(Entity)', 'function': 'logicity.utils.pred_converter.z3.IsInInter'}, 'HigherPri': {'instance': HigherPri, 'arity': 2, 'method': 'HigherPri(Entity, Entity)', 'function': 'logicity.utils.pred_converter.z3.HigherPri'}, 'CollidingClose': {'instance': CollidingClose, 'arity': 2, 'method': 'CollidingClose(Entity, Entity)', 'function': 'logicity.utils.pred_converter.z3.CollidingClose'}, 'Stop': {'instance': Stop, 'arity': 1, 'method': 'Stop(Entity)', 'function': 'None'}, 'Fast': {'instance': Fast, 'arity': 1, 'method': 'Fast(Entity)', 'function': 'None'}, 'Normal': {'instance': Normal, 'arity': 1, 'method': 'Normal(Entity)', 'function': 'None'}, 'Slow': {'instance': Slow, 'arity': 1, 'method': 'Slow(Entity)', 'function': 'None'}}, the FOV entities {'Entity': 3}, The logic grounding shape is: 39
2026-05-23 16:59:59 [INFO]: Local planner constructed!
2026-05-23 16:59:59 [INFO]: Constructing 22 streets
2026-05-23 16:59:59 [INFO]: Constructing 16 buildings
2026-05-23 17:00:00 [INFO]: Adding 4 agents, they are constrained in 103 region
2026-05-23 17:00:00 [INFO]: Car_1 initialization done!
2026-05-23 17:00:00 [INFO]: Pedestrian_1 initialization done!
2026-05-23 17:00:01 [INFO]: Car_2 initialization done!
2026-05-23 17:00:01 [INFO]: Car_3 initialization done!
2026-05-23 17:00:01 [INFO]: Done!
2026-05-23 17:00:01 [INFO]: ***Init RL Agent in Env***
2026-05-23 17:00:54 [INFO]: Episode 2 failed.
2026-05-23 17:00:54 [INFO]: Episode 2 achieved a score of -5.739999999999986
2026-05-23 17:00:54 [INFO]: Episode 2 Success: 0
2026-05-23 17:00:54 [INFO]: Episode 2 Decision Step: {3: 0}
2026-05-23 17:00:54 [INFO]: Episode 2 Success Decision: {3: 0}
2026-05-23 17:00:54 [INFO]: Evaluating episode 3...
2026-05-23 17:00:54 [INFO]: Episode label: {'oracle_step': 57, 'stop_count': 7, 'has_stop': True, 'ego_crosses': True, 'ego_eta': 13, 'ego_direction': 'up', 'other_crosses': 3, 'close_other_count': 0, 'pedestrian_close': None, 'conflicting_approach': False, 'total_crosses': 4}
2026-05-23 17:00:54 [INFO]: Get map info from config/maps/square_2x2.yaml
2026-05-23 17:00:54 [INFO]: Get agent info from config/agents/easy_lite/val.yaml
2026-05-23 17:00:54 [INFO]: Get onology and rules info from config/rules/ontology_easy.yaml, config/rules/Nav/easy/expert.yaml
2026-05-23 17:00:54 [INFO]: Number of Entity Types: 1
Entity Types:
- Entity
2026-05-23 17:00:54 [INFO]: Number of Predicates: 13
Predicates:
- IsPedestrian: {'instance': "Function('IsPed', entity_sorts['Entity'], BoolSort())", 'arity': 1, 'method': 'IsPed(Entity)', 'function': 'logicity.utils.pred_converter.z3.IsPed'}
- IsCar: {'instance': "Function('IsCar', entity_sorts['Entity'], BoolSort())", 'arity': 1, 'method': 'IsCar(Entity)', 'function': 'logicity.utils.pred_converter.z3.IsCar'}
- IsAmbulance: {'instance': "Function('IsAmb', entity_sorts['Entity'], BoolSort())", 'arity': 1, 'method': 'IsAmb(Entity)', 'function': 'logicity.utils.pred_converter.z3.IsAmb'}
- IsOld: {'instance': "Function('IsOld', entity_sorts['Entity'], BoolSort())", 'arity': 1, 'method': 'IsOld(Entity)', 'function': 'logicity.utils.pred_converter.z3.IsOld'}
- IsTiro: {'instance': "Function('IsTiro', entity_sorts['Entity'], BoolSort())", 'arity': 1, 'method': 'IsTiro(Entity)', 'function': 'logicity.utils.pred_converter.z3.IsTiro'}
- IsAtInter: {'instance': "Function('IsAtInter', entity_sorts['Entity'], BoolSort())", 'arity': 1, 'method': 'IsAtInter(Entity)', 'function': 'logicity.utils.pred_converter.z3.IsAtInter'}
- IsInInter: {'instance': "Function('IsInInter', entity_sorts['Entity'], BoolSort())", 'arity': 1, 'method': 'IsInInter(Entity)', 'function': 'logicity.utils.pred_converter.z3.IsInInter'}
- HigherPri: {'instance': "Function('HigherPri', entity_sorts['Entity'], entity_sorts['Entity'], BoolSort())", 'arity': 2, 'method': 'HigherPri(Entity, Entity)', 'function': 'logicity.utils.pred_converter.z3.HigherPri'}
- CollidingClose: {'instance': "Function('CollidingClose', entity_sorts['Entity'], entity_sorts['Entity'], BoolSort())", 'arity': 2, 'method': 'CollidingClose(Entity, Entity)', 'function': 'logicity.utils.pred_converter.z3.CollidingClose'}
- Stop: {'instance': "Function('Stop', entity_sorts['Entity'], BoolSort())", 'arity': 1, 'method': 'Stop(Entity)', 'function': 'None'}
- Fast: {'instance': "Function('Fast', entity_sorts['Entity'], BoolSort())", 'arity': 1, 'method': 'Fast(Entity)', 'function': 'None'}
- Normal: {'instance': "Function('Normal', entity_sorts['Entity'], BoolSort())", 'arity': 1, 'method': 'Normal(Entity)', 'function': 'None'}
- Slow: {'instance': "Function('Slow', entity_sorts['Entity'], BoolSort())", 'arity': 1, 'method': 'Slow(Entity)', 'function': 'None'}
2026-05-23 17:00:54 [INFO]: *** Sim Rule ***: Stop -> 
 Stop(entity) == Exists(
  [dummyEntity], 
  Or(
    And(
      IsAtInter(entity), 
      IsInInter(dummyEntity), 
    ),
    And(
      IsAtInter(entity), 
      IsAtInter(dummyEntity), 
      HigherPri(dummyEntity, entity),
    ),
    CollidingClose(entity, dummyEntity)
  )
)

2026-05-23 17:00:54 [INFO]: *** Task Rule ***: Collision and Intersection -> 
 Implies(Exists(
  [dummyEntity], 
    Or(
      And(
        IsAtInter(entity), 
        IsInInter(dummyEntity), 
      ),
      And(
        IsAtInter(entity), 
        IsAtInter(dummyEntity), 
        HigherPri(dummyEntity, entity),
      ),
      CollidingClose(entity, dummyEntity)
    )
  ),
  Stop(entity)
)

2026-05-23 17:00:54 [INFO]: *** Expert Rule ***: Stop -> 
 Stop(entity) == Exists(
[dummyEntity], 
  Or(
    And(
      IsAtInter(entity), 
      IsInInter(dummyEntity), 
    ),
    And(
      IsAtInter(entity), 
      IsAtInter(dummyEntity), 
      HigherPri(dummyEntity, entity),
    ),
    CollidingClose(entity, dummyEntity)
  )
)

2026-05-23 17:00:54 [INFO]: *** Expert Rule ***: Slow -> 
 Not(Slow(entity))

2026-05-23 17:00:54 [INFO]: *** Expert Rule ***: Fast -> 
 Not(Fast(entity))

2026-05-23 17:00:54 [INFO]: *** Expert Rule ***: Normal -> 
 Normal(entity) == Not(Stop(entity))
2026-05-23 17:00:54 [INFO]: Rules created successfully
2026-05-23 17:00:54 [INFO]: Rules will be grounded later...
2026-05-23 17:00:54 [INFO]: Given Predicates {'IsPedestrian': {'instance': IsPed, 'arity': 1, 'method': 'IsPed(Entity)', 'function': 'logicity.utils.pred_converter.z3.IsPed'}, 'IsCar': {'instance': IsCar, 'arity': 1, 'method': 'IsCar(Entity)', 'function': 'logicity.utils.pred_converter.z3.IsCar'}, 'IsAmbulance': {'instance': IsAmb, 'arity': 1, 'method': 'IsAmb(Entity)', 'function': 'logicity.utils.pred_converter.z3.IsAmb'}, 'IsOld': {'instance': IsOld, 'arity': 1, 'method': 'IsOld(Entity)', 'function': 'logicity.utils.pred_converter.z3.IsOld'}, 'IsTiro': {'instance': IsTiro, 'arity': 1, 'method': 'IsTiro(Entity)', 'function': 'logicity.utils.pred_converter.z3.IsTiro'}, 'IsAtInter': {'instance': IsAtInter, 'arity': 1, 'method': 'IsAtInter(Entity)', 'function': 'logicity.utils.pred_converter.z3.IsAtInter'}, 'IsInInter': {'instance': IsInInter, 'arity': 1, 'method': 'IsInInter(Entity)', 'function': 'logicity.utils.pred_converter.z3.IsInInter'}, 'HigherPri': {'instance': HigherPri, 'arity': 2, 'method': 'HigherPri(Entity, Entity)', 'function': 'logicity.utils.pred_converter.z3.HigherPri'}, 'CollidingClose': {'instance': CollidingClose, 'arity': 2, 'method': 'CollidingClose(Entity, Entity)', 'function': 'logicity.utils.pred_converter.z3.CollidingClose'}, 'Stop': {'instance': Stop, 'arity': 1, 'method': 'Stop(Entity)', 'function': 'None'}, 'Fast': {'instance': Fast, 'arity': 1, 'method': 'Fast(Entity)', 'function': 'None'}, 'Normal': {'instance': Normal, 'arity': 1, 'method': 'Normal(Entity)', 'function': 'None'}, 'Slow': {'instance': Slow, 'arity': 1, 'method': 'Slow(Entity)', 'function': 'None'}}, the FOV entities {'Entity': 3}, The logic grounding shape is: 39
2026-05-23 17:00:54 [INFO]: Local planner constructed!
2026-05-23 17:00:54 [INFO]: Constructing 22 streets
2026-05-23 17:00:54 [INFO]: Constructing 16 buildings
2026-05-23 17:00:55 [INFO]: Adding 4 agents, they are constrained in 103 region
2026-05-23 17:00:55 [INFO]: Car_1 initialization done!
2026-05-23 17:00:55 [INFO]: Pedestrian_1 initialization done!
2026-05-23 17:00:56 [INFO]: Car_2 initialization done!
2026-05-23 17:00:56 [INFO]: Car_3 initialization done!
2026-05-23 17:00:56 [INFO]: Done!
2026-05-23 17:00:56 [INFO]: ***Init RL Agent in Env***
2026-05-23 17:01:17 [INFO]: Episode 3 failed.
2026-05-23 17:01:17 [INFO]: Episode 3 achieved a score of -4.140000000000001
2026-05-23 17:01:17 [INFO]: Episode 3 Success: 0
2026-05-23 17:01:17 [INFO]: Episode 3 Decision Step: {3: 0}
2026-05-23 17:01:17 [INFO]: Episode 3 Success Decision: {3: 0}
2026-05-23 17:01:17 [INFO]: Evaluating episode 4...
2026-05-23 17:01:17 [INFO]: Episode label: {'oracle_step': 66, 'stop_count': 17, 'has_stop': True, 'ego_crosses': True, 'ego_eta': 26, 'ego_direction': 'down', 'other_crosses': 3, 'close_other_count': 0, 'pedestrian_close': None, 'conflicting_approach': False, 'total_crosses': 4}
2026-05-23 17:01:17 [INFO]: Get map info from config/maps/square_2x2.yaml
2026-05-23 17:01:17 [INFO]: Get agent info from config/agents/easy_lite/val.yaml
2026-05-23 17:01:17 [INFO]: Get onology and rules info from config/rules/ontology_easy.yaml, config/rules/Nav/easy/expert.yaml
2026-05-23 17:01:17 [INFO]: Number of Entity Types: 1
Entity Types:
- Entity
2026-05-23 17:01:17 [INFO]: Number of Predicates: 13
Predicates:
- IsPedestrian: {'instance': "Function('IsPed', entity_sorts['Entity'], BoolSort())", 'arity': 1, 'method': 'IsPed(Entity)', 'function': 'logicity.utils.pred_converter.z3.IsPed'}
- IsCar: {'instance': "Function('IsCar', entity_sorts['Entity'], BoolSort())", 'arity': 1, 'method': 'IsCar(Entity)', 'function': 'logicity.utils.pred_converter.z3.IsCar'}
- IsAmbulance: {'instance': "Function('IsAmb', entity_sorts['Entity'], BoolSort())", 'arity': 1, 'method': 'IsAmb(Entity)', 'function': 'logicity.utils.pred_converter.z3.IsAmb'}
- IsOld: {'instance': "Function('IsOld', entity_sorts['Entity'], BoolSort())", 'arity': 1, 'method': 'IsOld(Entity)', 'function': 'logicity.utils.pred_converter.z3.IsOld'}
- IsTiro: {'instance': "Function('IsTiro', entity_sorts['Entity'], BoolSort())", 'arity': 1, 'method': 'IsTiro(Entity)', 'function': 'logicity.utils.pred_converter.z3.IsTiro'}
- IsAtInter: {'instance': "Function('IsAtInter', entity_sorts['Entity'], BoolSort())", 'arity': 1, 'method': 'IsAtInter(Entity)', 'function': 'logicity.utils.pred_converter.z3.IsAtInter'}
- IsInInter: {'instance': "Function('IsInInter', entity_sorts['Entity'], BoolSort())", 'arity': 1, 'method': 'IsInInter(Entity)', 'function': 'logicity.utils.pred_converter.z3.IsInInter'}
- HigherPri: {'instance': "Function('HigherPri', entity_sorts['Entity'], entity_sorts['Entity'], BoolSort())", 'arity': 2, 'method': 'HigherPri(Entity, Entity)', 'function': 'logicity.utils.pred_converter.z3.HigherPri'}
- CollidingClose: {'instance': "Function('CollidingClose', entity_sorts['Entity'], entity_sorts['Entity'], BoolSort())", 'arity': 2, 'method': 'CollidingClose(Entity, Entity)', 'function': 'logicity.utils.pred_converter.z3.CollidingClose'}
- Stop: {'instance': "Function('Stop', entity_sorts['Entity'], BoolSort())", 'arity': 1, 'method': 'Stop(Entity)', 'function': 'None'}
- Fast: {'instance': "Function('Fast', entity_sorts['Entity'], BoolSort())", 'arity': 1, 'method': 'Fast(Entity)', 'function': 'None'}
- Normal: {'instance': "Function('Normal', entity_sorts['Entity'], BoolSort())", 'arity': 1, 'method': 'Normal(Entity)', 'function': 'None'}
- Slow: {'instance': "Function('Slow', entity_sorts['Entity'], BoolSort())", 'arity': 1, 'method': 'Slow(Entity)', 'function': 'None'}
2026-05-23 17:01:17 [INFO]: *** Sim Rule ***: Stop -> 
 Stop(entity) == Exists(
  [dummyEntity], 
  Or(
    And(
      IsAtInter(entity), 
      IsInInter(dummyEntity), 
    ),
    And(
      IsAtInter(entity), 
      IsAtInter(dummyEntity), 
      HigherPri(dummyEntity, entity),
    ),
    CollidingClose(entity, dummyEntity)
  )
)

2026-05-23 17:01:17 [INFO]: *** Task Rule ***: Collision and Intersection -> 
 Implies(Exists(
  [dummyEntity], 
    Or(
      And(
        IsAtInter(entity), 
        IsInInter(dummyEntity), 
      ),
      And(
        IsAtInter(entity), 
        IsAtInter(dummyEntity), 
        HigherPri(dummyEntity, entity),
      ),
      CollidingClose(entity, dummyEntity)
    )
  ),
  Stop(entity)
)

2026-05-23 17:01:17 [INFO]: *** Expert Rule ***: Stop -> 
 Stop(entity) == Exists(
[dummyEntity], 
  Or(
    And(
      IsAtInter(entity), 
      IsInInter(dummyEntity), 
    ),
    And(
      IsAtInter(entity), 
      IsAtInter(dummyEntity), 
      HigherPri(dummyEntity, entity),
    ),
    CollidingClose(entity, dummyEntity)
  )
)

2026-05-23 17:01:17 [INFO]: *** Expert Rule ***: Slow -> 
 Not(Slow(entity))

2026-05-23 17:01:17 [INFO]: *** Expert Rule ***: Fast -> 
 Not(Fast(entity))

2026-05-23 17:01:17 [INFO]: *** Expert Rule ***: Normal -> 
 Normal(entity) == Not(Stop(entity))
2026-05-23 17:01:17 [INFO]: Rules created successfully
2026-05-23 17:01:17 [INFO]: Rules will be grounded later...
2026-05-23 17:01:17 [INFO]: Given Predicates {'IsPedestrian': {'instance': IsPed, 'arity': 1, 'method': 'IsPed(Entity)', 'function': 'logicity.utils.pred_converter.z3.IsPed'}, 'IsCar': {'instance': IsCar, 'arity': 1, 'method': 'IsCar(Entity)', 'function': 'logicity.utils.pred_converter.z3.IsCar'}, 'IsAmbulance': {'instance': IsAmb, 'arity': 1, 'method': 'IsAmb(Entity)', 'function': 'logicity.utils.pred_converter.z3.IsAmb'}, 'IsOld': {'instance': IsOld, 'arity': 1, 'method': 'IsOld(Entity)', 'function': 'logicity.utils.pred_converter.z3.IsOld'}, 'IsTiro': {'instance': IsTiro, 'arity': 1, 'method': 'IsTiro(Entity)', 'function': 'logicity.utils.pred_converter.z3.IsTiro'}, 'IsAtInter': {'instance': IsAtInter, 'arity': 1, 'method': 'IsAtInter(Entity)', 'function': 'logicity.utils.pred_converter.z3.IsAtInter'}, 'IsInInter': {'instance': IsInInter, 'arity': 1, 'method': 'IsInInter(Entity)', 'function': 'logicity.utils.pred_converter.z3.IsInInter'}, 'HigherPri': {'instance': HigherPri, 'arity': 2, 'method': 'HigherPri(Entity, Entity)', 'function': 'logicity.utils.pred_converter.z3.HigherPri'}, 'CollidingClose': {'instance': CollidingClose, 'arity': 2, 'method': 'CollidingClose(Entity, Entity)', 'function': 'logicity.utils.pred_converter.z3.CollidingClose'}, 'Stop': {'instance': Stop, 'arity': 1, 'method': 'Stop(Entity)', 'function': 'None'}, 'Fast': {'instance': Fast, 'arity': 1, 'method': 'Fast(Entity)', 'function': 'None'}, 'Normal': {'instance': Normal, 'arity': 1, 'method': 'Normal(Entity)', 'function': 'None'}, 'Slow': {'instance': Slow, 'arity': 1, 'method': 'Slow(Entity)', 'function': 'None'}}, the FOV entities {'Entity': 3}, The logic grounding shape is: 39
2026-05-23 17:01:17 [INFO]: Local planner constructed!
2026-05-23 17:01:17 [INFO]: Constructing 22 streets
2026-05-23 17:01:17 [INFO]: Constructing 16 buildings
2026-05-23 17:01:18 [INFO]: Adding 4 agents, they are constrained in 103 region
2026-05-23 17:01:18 [INFO]: Car_1 initialization done!
2026-05-23 17:01:18 [INFO]: Pedestrian_1 initialization done!
2026-05-23 17:01:19 [INFO]: Car_2 initialization done!
2026-05-23 17:01:19 [INFO]: Car_3 initialization done!
2026-05-23 17:01:19 [INFO]: Done!
2026-05-23 17:01:19 [INFO]: ***Init RL Agent in Env***
