2026-05-23 23:43:58 [INFO]: Running in RL mode.
2026-05-23 23:43:58 [INFO]: Loading RL config from D:\Dev\LogicityFresh\LogiCity\config\tasks\Nav\easy\algo\generated\plpg_ppo_eval_soft030.yaml.
2026-05-23 23:43:58 [INFO]: Simulation config: {'map_yaml_file': 'config/maps/square_2x2.yaml', 'agent_yaml_file': 'config/agents/easy_lite/train.yaml', 'ontology_yaml_file': 'config/rules/ontology_easy.yaml', 'rule_type': 'Z3_Expert', 'rule_yaml_file': 'config/rules/Nav/easy/expert.yaml', 'rl': True, 'debug': False, 'use_multi': False, 'agent_region': 103, 'rl_agent': {'max_priority': 4, 'use_expert': False, 'agent_name': 'Car_1', 'max_horizon': 120, 'reward_scheme': 'safe_path_following', 'goal_reward': 1.0, 'progress_reward_scale': 0.05, 'time_penalty': -0.01, 'action_space': 4, 'action_mapping': {0: [1, 1, 1, 1, 0, 0, 0, 0, 0, 0, 0, 0, 0], 1: [0, 0, 0, 0, 1, 1, 1, 1, 0, 0, 0, 0, 0], 2: [0, 0, 0, 0, 0, 0, 0, 0, 1, 1, 1, 1, 0], 3: [0, 0, 0, 0, 0, 0, 0, 0, 0, 0, 0, 0, 1]}, 'fov_entities': {'Entity': 3}, 'action_cost': {0: 0, 1: 0, 2: 0, 3: 0}, 'reset_dist': {'concepts': ['normal'], 'prob': [1.0]}, 'reset_prefilter': {'intersection_selector': 'center', 'require_ego_intersection': True, 'require_all_agents_intersection': False, 'min_other_intersection_agents': 1}, 'overtime_cost': -0.5}}
2026-05-23 23:43:58 [INFO]: RL config: {'algorithm': 'PLPGPPO', 'policy_network': 'MlpPolicy', 'policy_kwargs': {'features_extractor_module': 'logicity.rl_agent.policy.neural', 'features_extractor_class': 'MLPFeatureExtractor', 'features_extractor_kwargs': {'features_dim': 64}}, 'hyperparameters': {'learning_rate': 3e-05, 'clip_range': 0.2, 'vf_coef': 0.5, 'batch_size': 256, 'n_steps': 128, 'n_epochs': 4, 'ent_coef': 0.01, 'verbose': 1, 'tensorboard_log': './tb_logs', 'plpg_kwargs': {'template': 'easy', 'alpha': 0.1, 'rule_yaml_file': 'config/rules/Nav/easy/expert.yaml', 'safety_loss_source': 'shielded', 'sensor_noise': {'mode': 'soft_symmetric', 'epsilon': 0.3}}}, 'train': True, 'checkpoint_path': '', 'num_envs': 2, 'total_timesteps': 15000}
2026-05-23 23:43:58 [INFO]: Running in RL mode with 2 parallel environments.
2026-05-23 23:44:15 [DEBUG]: Grounding query 'safe'
2026-05-23 23:44:15 [DEBUG]: Ground program size: 22
2026-05-23 23:44:15 [DEBUG]: Grounding query 'act(slow)'
2026-05-23 23:44:15 [DEBUG]: Ground program size: 22
2026-05-23 23:44:15 [DEBUG]: Grounding query 'act(normal)'
2026-05-23 23:44:15 [DEBUG]: Ground program size: 22
2026-05-23 23:44:15 [DEBUG]: Grounding query 'act(fast)'
2026-05-23 23:44:15 [DEBUG]: Ground program size: 22
2026-05-23 23:44:15 [DEBUG]: Grounding query 'act(stop)'
2026-05-23 23:44:15 [DEBUG]: Ground program size: 22
2026-05-23 23:44:15 [INFO]: Grounding: 0.0110s
2026-05-23 23:44:15 [DEBUG]: Ground program size: 22
2026-05-23 23:44:15 [INFO]: Cycle breaking: 0.0010s
2026-05-23 23:44:15 [INFO]: Clark's completion: 0.0000s
2026-05-23 23:44:15 [INFO]: DSharp compilation: 0.1120s
2026-05-23 23:54:32 [INFO]: Evaluating episode 0...
2026-05-23 23:54:32 [INFO]: Episode label: {'oracle_step': 21, 'stop_count': 0, 'has_stop': False, 'ego_crosses': True, 'ego_eta': 5, 'ego_direction': 'down', 'other_crosses': 3, 'close_other_count': 0, 'pedestrian_close': None, 'conflicting_approach': False, 'total_crosses': 4}
2026-05-23 23:54:32 [INFO]: Get map info from config/maps/square_2x2.yaml
2026-05-23 23:54:32 [INFO]: Get agent info from config/agents/easy_lite/val.yaml
2026-05-23 23:54:32 [INFO]: Get onology and rules info from config/rules/ontology_easy.yaml, config/rules/Nav/easy/expert.yaml
2026-05-23 23:54:32 [INFO]: Number of Entity Types: 1
Entity Types:
- Entity
2026-05-23 23:54:32 [INFO]: Number of Predicates: 13
Predicates:
- IsPedestrian: {'instance': "Function('IsPed', entity_sorts['Entity'], BoolSort())", 'arity': 1, 'method': 'IsPed(Entity)', 'function': 'logicity.utils.pred_converter.z3.IsPed'}
- IsCar: {'instance': "Function('IsCar', entity_sorts['Entity'], BoolSort())", 'arity': 1, 'method': 'IsCar(Entity)', 'function': 'logicity.utils.pred_converter.z3.IsCar'}
- IsAmbulance: {'instance': "Function('IsAmb', entity_sorts['Entity'], BoolSort())", 'arity': 1, 'method': 'IsAmb(Entity)', 'function': 'logicity.utils.pred_converter.z3.IsAmb'}
- IsOld: {'instance': "Function('IsOld', entity_sorts['Entity'], BoolSort())", 'arity': 1, 'method': 'IsOld(Entity)', 'function': 'logicity.utils.pred_converter.z3.IsOld'}
- IsTiro: {'instance': "Function('IsTiro', entity_sorts['Entity'], BoolSort())", 'arity': 1, 'method': 'IsTiro(Entity)', 'function': 'logicity.utils.pred_converter.z3.IsTiro'}
- IsAtInter: {'instance': "Function('IsAtInter', entity_sorts['Entity'], BoolSort())", 'arity': 1, 'method': 'IsAtInter(Entity)', 'function': 'logicity.utils.pred_converter.z3.IsAtInter'}
- IsInInter: {'instance': "Function('IsInInter', entity_sorts['Entity'], BoolSort())", 'arity': 1, 'method': 'IsInInter(Entity)', 'function': 'logicity.utils.pred_converter.z3.IsInInter'}
- HigherPri: {'instance': "Function('HigherPri', entity_sorts['Entity'], entity_sorts['Entity'], BoolSort())", 'arity': 2, 'method': 'HigherPri(Entity, Entity)', 'function': 'logicity.utils.pred_converter.z3.HigherPri'}
- CollidingClose: {'instance': "Function('CollidingClose', entity_sorts['Entity'], entity_sorts['Entity'], BoolSort())", 'arity': 2, 'method': 'CollidingClose(Entity, Entity)', 'function': 'logicity.utils.pred_converter.z3.CollidingClose'}
- Stop: {'instance': "Function('Stop', entity_sorts['Entity'], BoolSort())", 'arity': 1, 'method': 'Stop(Entity)', 'function': 'None'}
- Fast: {'instance': "Function('Fast', entity_sorts['Entity'], BoolSort())", 'arity': 1, 'method': 'Fast(Entity)', 'function': 'None'}
- Normal: {'instance': "Function('Normal', entity_sorts['Entity'], BoolSort())", 'arity': 1, 'method': 'Normal(Entity)', 'function': 'None'}
- Slow: {'instance': "Function('Slow', entity_sorts['Entity'], BoolSort())", 'arity': 1, 'method': 'Slow(Entity)', 'function': 'None'}
2026-05-23 23:54:32 [INFO]: *** Sim Rule ***: Stop -> 
 Stop(entity) == Exists(
  [dummyEntity], 
  Or(
    And(
      IsAtInter(entity), 
      IsInInter(dummyEntity), 
    ),
    And(
      IsAtInter(entity), 
      IsAtInter(dummyEntity), 
      HigherPri(dummyEntity, entity),
    ),
    CollidingClose(entity, dummyEntity)
  )
)

2026-05-23 23:54:32 [INFO]: *** Task Rule ***: Collision and Intersection -> 
 Implies(Exists(
  [dummyEntity], 
    Or(
      And(
        IsAtInter(entity), 
        IsInInter(dummyEntity), 
      ),
      And(
        IsAtInter(entity), 
        IsAtInter(dummyEntity), 
        HigherPri(dummyEntity, entity),
      ),
      CollidingClose(entity, dummyEntity)
    )
  ),
  Stop(entity)
)

2026-05-23 23:54:32 [INFO]: *** Expert Rule ***: Stop -> 
 Stop(entity) == Exists(
[dummyEntity], 
  Or(
    And(
      IsAtInter(entity), 
      IsInInter(dummyEntity), 
    ),
    And(
      IsAtInter(entity), 
      IsAtInter(dummyEntity), 
      HigherPri(dummyEntity, entity),
    ),
    CollidingClose(entity, dummyEntity)
  )
)

2026-05-23 23:54:32 [INFO]: *** Expert Rule ***: Slow -> 
 Not(Slow(entity))

2026-05-23 23:54:32 [INFO]: *** Expert Rule ***: Fast -> 
 Not(Fast(entity))

2026-05-23 23:54:32 [INFO]: *** Expert Rule ***: Normal -> 
 Normal(entity) == Not(Stop(entity))
2026-05-23 23:54:32 [INFO]: Rules created successfully
2026-05-23 23:54:32 [INFO]: Rules will be grounded later...
2026-05-23 23:54:32 [INFO]: Given Predicates {'IsPedestrian': {'instance': IsPed, 'arity': 1, 'method': 'IsPed(Entity)', 'function': 'logicity.utils.pred_converter.z3.IsPed'}, 'IsCar': {'instance': IsCar, 'arity': 1, 'method': 'IsCar(Entity)', 'function': 'logicity.utils.pred_converter.z3.IsCar'}, 'IsAmbulance': {'instance': IsAmb, 'arity': 1, 'method': 'IsAmb(Entity)', 'function': 'logicity.utils.pred_converter.z3.IsAmb'}, 'IsOld': {'instance': IsOld, 'arity': 1, 'method': 'IsOld(Entity)', 'function': 'logicity.utils.pred_converter.z3.IsOld'}, 'IsTiro': {'instance': IsTiro, 'arity': 1, 'method': 'IsTiro(Entity)', 'function': 'logicity.utils.pred_converter.z3.IsTiro'}, 'IsAtInter': {'instance': IsAtInter, 'arity': 1, 'method': 'IsAtInter(Entity)', 'function': 'logicity.utils.pred_converter.z3.IsAtInter'}, 'IsInInter': {'instance': IsInInter, 'arity': 1, 'method': 'IsInInter(Entity)', 'function': 'logicity.utils.pred_converter.z3.IsInInter'}, 'HigherPri': {'instance': HigherPri, 'arity': 2, 'method': 'HigherPri(Entity, Entity)', 'function': 'logicity.utils.pred_converter.z3.HigherPri'}, 'CollidingClose': {'instance': CollidingClose, 'arity': 2, 'method': 'CollidingClose(Entity, Entity)', 'function': 'logicity.utils.pred_converter.z3.CollidingClose'}, 'Stop': {'instance': Stop, 'arity': 1, 'method': 'Stop(Entity)', 'function': 'None'}, 'Fast': {'instance': Fast, 'arity': 1, 'method': 'Fast(Entity)', 'function': 'None'}, 'Normal': {'instance': Normal, 'arity': 1, 'method': 'Normal(Entity)', 'function': 'None'}, 'Slow': {'instance': Slow, 'arity': 1, 'method': 'Slow(Entity)', 'function': 'None'}}, the FOV entities {'Entity': 3}, The logic grounding shape is: 39
2026-05-23 23:54:32 [INFO]: Local planner constructed!
2026-05-23 23:54:32 [INFO]: Constructing 22 streets
2026-05-23 23:54:33 [INFO]: Constructing 16 buildings
2026-05-23 23:54:33 [INFO]: Adding 4 agents, they are constrained in 103 region
2026-05-23 23:54:34 [INFO]: Car_1 initialization done!
2026-05-23 23:54:34 [INFO]: Pedestrian_1 initialization done!
2026-05-23 23:54:34 [INFO]: Car_2 initialization done!
2026-05-23 23:54:34 [INFO]: Car_3 initialization done!
2026-05-23 23:54:34 [INFO]: Done!
2026-05-23 23:54:34 [INFO]: ***Init RL Agent in Env***
2026-05-23 23:54:42 [INFO]: Episode 0 failed.
2026-05-23 23:54:42 [INFO]: Episode 0 achieved a score of -3.4200000000000004
2026-05-23 23:54:42 [INFO]: Episode 0 Success: 0
2026-05-23 23:54:42 [INFO]: Episode 0 Decision Step: {3: 0}
2026-05-23 23:54:42 [INFO]: Episode 0 Success Decision: {3: 0}
2026-05-23 23:54:42 [INFO]: Evaluating episode 1...
2026-05-23 23:54:42 [INFO]: Episode label: {'oracle_step': 70, 'stop_count': 0, 'has_stop': False, 'ego_crosses': True, 'ego_eta': 62, 'ego_direction': 'up', 'other_crosses': 3, 'close_other_count': 0, 'pedestrian_close': None, 'conflicting_approach': False, 'total_crosses': 4}
2026-05-23 23:54:42 [INFO]: Get map info from config/maps/square_2x2.yaml
2026-05-23 23:54:42 [INFO]: Get agent info from config/agents/easy_lite/val.yaml
2026-05-23 23:54:42 [INFO]: Get onology and rules info from config/rules/ontology_easy.yaml, config/rules/Nav/easy/expert.yaml
2026-05-23 23:54:42 [INFO]: Number of Entity Types: 1
Entity Types:
- Entity
2026-05-23 23:54:42 [INFO]: Number of Predicates: 13
Predicates:
- IsPedestrian: {'instance': "Function('IsPed', entity_sorts['Entity'], BoolSort())", 'arity': 1, 'method': 'IsPed(Entity)', 'function': 'logicity.utils.pred_converter.z3.IsPed'}
- IsCar: {'instance': "Function('IsCar', entity_sorts['Entity'], BoolSort())", 'arity': 1, 'method': 'IsCar(Entity)', 'function': 'logicity.utils.pred_converter.z3.IsCar'}
- IsAmbulance: {'instance': "Function('IsAmb', entity_sorts['Entity'], BoolSort())", 'arity': 1, 'method': 'IsAmb(Entity)', 'function': 'logicity.utils.pred_converter.z3.IsAmb'}
- IsOld: {'instance': "Function('IsOld', entity_sorts['Entity'], BoolSort())", 'arity': 1, 'method': 'IsOld(Entity)', 'function': 'logicity.utils.pred_converter.z3.IsOld'}
- IsTiro: {'instance': "Function('IsTiro', entity_sorts['Entity'], BoolSort())", 'arity': 1, 'method': 'IsTiro(Entity)', 'function': 'logicity.utils.pred_converter.z3.IsTiro'}
- IsAtInter: {'instance': "Function('IsAtInter', entity_sorts['Entity'], BoolSort())", 'arity': 1, 'method': 'IsAtInter(Entity)', 'function': 'logicity.utils.pred_converter.z3.IsAtInter'}
- IsInInter: {'instance': "Function('IsInInter', entity_sorts['Entity'], BoolSort())", 'arity': 1, 'method': 'IsInInter(Entity)', 'function': 'logicity.utils.pred_converter.z3.IsInInter'}
- HigherPri: {'instance': "Function('HigherPri', entity_sorts['Entity'], entity_sorts['Entity'], BoolSort())", 'arity': 2, 'method': 'HigherPri(Entity, Entity)', 'function': 'logicity.utils.pred_converter.z3.HigherPri'}
- CollidingClose: {'instance': "Function('CollidingClose', entity_sorts['Entity'], entity_sorts['Entity'], BoolSort())", 'arity': 2, 'method': 'CollidingClose(Entity, Entity)', 'function': 'logicity.utils.pred_converter.z3.CollidingClose'}
- Stop: {'instance': "Function('Stop', entity_sorts['Entity'], BoolSort())", 'arity': 1, 'method': 'Stop(Entity)', 'function': 'None'}
- Fast: {'instance': "Function('Fast', entity_sorts['Entity'], BoolSort())", 'arity': 1, 'method': 'Fast(Entity)', 'function': 'None'}
- Normal: {'instance': "Function('Normal', entity_sorts['Entity'], BoolSort())", 'arity': 1, 'method': 'Normal(Entity)', 'function': 'None'}
- Slow: {'instance': "Function('Slow', entity_sorts['Entity'], BoolSort())", 'arity': 1, 'method': 'Slow(Entity)', 'function': 'None'}
2026-05-23 23:54:42 [INFO]: *** Sim Rule ***: Stop -> 
 Stop(entity) == Exists(
  [dummyEntity], 
  Or(
    And(
      IsAtInter(entity), 
      IsInInter(dummyEntity), 
    ),
    And(
      IsAtInter(entity), 
      IsAtInter(dummyEntity), 
      HigherPri(dummyEntity, entity),
    ),
    CollidingClose(entity, dummyEntity)
  )
)

2026-05-23 23:54:42 [INFO]: *** Task Rule ***: Collision and Intersection -> 
 Implies(Exists(
  [dummyEntity], 
    Or(
      And(
        IsAtInter(entity), 
        IsInInter(dummyEntity), 
      ),
      And(
        IsAtInter(entity), 
        IsAtInter(dummyEntity), 
        HigherPri(dummyEntity, entity),
      ),
      CollidingClose(entity, dummyEntity)
    )
  ),
  Stop(entity)
)

2026-05-23 23:54:42 [INFO]: *** Expert Rule ***: Stop -> 
 Stop(entity) == Exists(
[dummyEntity], 
  Or(
    And(
      IsAtInter(entity), 
      IsInInter(dummyEntity), 
    ),
    And(
      IsAtInter(entity), 
      IsAtInter(dummyEntity), 
      HigherPri(dummyEntity, entity),
    ),
    CollidingClose(entity, dummyEntity)
  )
)

2026-05-23 23:54:42 [INFO]: *** Expert Rule ***: Slow -> 
 Not(Slow(entity))

2026-05-23 23:54:42 [INFO]: *** Expert Rule ***: Fast -> 
 Not(Fast(entity))

2026-05-23 23:54:42 [INFO]: *** Expert Rule ***: Normal -> 
 Normal(entity) == Not(Stop(entity))
2026-05-23 23:54:42 [INFO]: Rules created successfully
2026-05-23 23:54:42 [INFO]: Rules will be grounded later...
2026-05-23 23:54:42 [INFO]: Given Predicates {'IsPedestrian': {'instance': IsPed, 'arity': 1, 'method': 'IsPed(Entity)', 'function': 'logicity.utils.pred_converter.z3.IsPed'}, 'IsCar': {'instance': IsCar, 'arity': 1, 'method': 'IsCar(Entity)', 'function': 'logicity.utils.pred_converter.z3.IsCar'}, 'IsAmbulance': {'instance': IsAmb, 'arity': 1, 'method': 'IsAmb(Entity)', 'function': 'logicity.utils.pred_converter.z3.IsAmb'}, 'IsOld': {'instance': IsOld, 'arity': 1, 'method': 'IsOld(Entity)', 'function': 'logicity.utils.pred_converter.z3.IsOld'}, 'IsTiro': {'instance': IsTiro, 'arity': 1, 'method': 'IsTiro(Entity)', 'function': 'logicity.utils.pred_converter.z3.IsTiro'}, 'IsAtInter': {'instance': IsAtInter, 'arity': 1, 'method': 'IsAtInter(Entity)', 'function': 'logicity.utils.pred_converter.z3.IsAtInter'}, 'IsInInter': {'instance': IsInInter, 'arity': 1, 'method': 'IsInInter(Entity)', 'function': 'logicity.utils.pred_converter.z3.IsInInter'}, 'HigherPri': {'instance': HigherPri, 'arity': 2, 'method': 'HigherPri(Entity, Entity)', 'function': 'logicity.utils.pred_converter.z3.HigherPri'}, 'CollidingClose': {'instance': CollidingClose, 'arity': 2, 'method': 'CollidingClose(Entity, Entity)', 'function': 'logicity.utils.pred_converter.z3.CollidingClose'}, 'Stop': {'instance': Stop, 'arity': 1, 'method': 'Stop(Entity)', 'function': 'None'}, 'Fast': {'instance': Fast, 'arity': 1, 'method': 'Fast(Entity)', 'function': 'None'}, 'Normal': {'instance': Normal, 'arity': 1, 'method': 'Normal(Entity)', 'function': 'None'}, 'Slow': {'instance': Slow, 'arity': 1, 'method': 'Slow(Entity)', 'function': 'None'}}, the FOV entities {'Entity': 3}, The logic grounding shape is: 39
2026-05-23 23:54:42 [INFO]: Local planner constructed!
2026-05-23 23:54:42 [INFO]: Constructing 22 streets
2026-05-23 23:54:43 [INFO]: Constructing 16 buildings
2026-05-23 23:54:43 [INFO]: Adding 4 agents, they are constrained in 103 region
2026-05-23 23:54:44 [INFO]: Car_1 initialization done!
2026-05-23 23:54:44 [INFO]: Pedestrian_1 initialization done!
2026-05-23 23:54:44 [INFO]: Car_2 initialization done!
2026-05-23 23:54:45 [INFO]: Car_3 initialization done!
2026-05-23 23:54:45 [INFO]: Done!
2026-05-23 23:54:45 [INFO]: ***Init RL Agent in Env***
2026-05-23 23:55:09 [INFO]: Episode 1 failed.
2026-05-23 23:55:09 [INFO]: Episode 1 achieved a score of -4.400000000000001
2026-05-23 23:55:09 [INFO]: Episode 1 Success: 0
2026-05-23 23:55:09 [INFO]: Episode 1 Decision Step: {3: 0}
2026-05-23 23:55:09 [INFO]: Episode 1 Success Decision: {3: 0}
2026-05-23 23:55:09 [INFO]: Evaluating episode 2...
2026-05-23 23:55:09 [INFO]: Episode label: {'oracle_step': 137, 'stop_count': 52, 'has_stop': True, 'ego_crosses': True, 'ego_eta': 91, 'ego_direction': 'up', 'other_crosses': 3, 'close_other_count': 0, 'pedestrian_close': None, 'conflicting_approach': False, 'total_crosses': 4}
2026-05-23 23:55:09 [INFO]: Get map info from config/maps/square_2x2.yaml
2026-05-23 23:55:09 [INFO]: Get agent info from config/agents/easy_lite/val.yaml
2026-05-23 23:55:09 [INFO]: Get onology and rules info from config/rules/ontology_easy.yaml, config/rules/Nav/easy/expert.yaml
2026-05-23 23:55:09 [INFO]: Number of Entity Types: 1
Entity Types:
- Entity
2026-05-23 23:55:09 [INFO]: Number of Predicates: 13
Predicates:
- IsPedestrian: {'instance': "Function('IsPed', entity_sorts['Entity'], BoolSort())", 'arity': 1, 'method': 'IsPed(Entity)', 'function': 'logicity.utils.pred_converter.z3.IsPed'}
- IsCar: {'instance': "Function('IsCar', entity_sorts['Entity'], BoolSort())", 'arity': 1, 'method': 'IsCar(Entity)', 'function': 'logicity.utils.pred_converter.z3.IsCar'}
- IsAmbulance: {'instance': "Function('IsAmb', entity_sorts['Entity'], BoolSort())", 'arity': 1, 'method': 'IsAmb(Entity)', 'function': 'logicity.utils.pred_converter.z3.IsAmb'}
- IsOld: {'instance': "Function('IsOld', entity_sorts['Entity'], BoolSort())", 'arity': 1, 'method': 'IsOld(Entity)', 'function': 'logicity.utils.pred_converter.z3.IsOld'}
- IsTiro: {'instance': "Function('IsTiro', entity_sorts['Entity'], BoolSort())", 'arity': 1, 'method': 'IsTiro(Entity)', 'function': 'logicity.utils.pred_converter.z3.IsTiro'}
- IsAtInter: {'instance': "Function('IsAtInter', entity_sorts['Entity'], BoolSort())", 'arity': 1, 'method': 'IsAtInter(Entity)', 'function': 'logicity.utils.pred_converter.z3.IsAtInter'}
- IsInInter: {'instance': "Function('IsInInter', entity_sorts['Entity'], BoolSort())", 'arity': 1, 'method': 'IsInInter(Entity)', 'function': 'logicity.utils.pred_converter.z3.IsInInter'}
- HigherPri: {'instance': "Function('HigherPri', entity_sorts['Entity'], entity_sorts['Entity'], BoolSort())", 'arity': 2, 'method': 'HigherPri(Entity, Entity)', 'function': 'logicity.utils.pred_converter.z3.HigherPri'}
- CollidingClose: {'instance': "Function('CollidingClose', entity_sorts['Entity'], entity_sorts['Entity'], BoolSort())", 'arity': 2, 'method': 'CollidingClose(Entity, Entity)', 'function': 'logicity.utils.pred_converter.z3.CollidingClose'}
- Stop: {'instance': "Function('Stop', entity_sorts['Entity'], BoolSort())", 'arity': 1, 'method': 'Stop(Entity)', 'function': 'None'}
- Fast: {'instance': "Function('Fast', entity_sorts['Entity'], BoolSort())", 'arity': 1, 'method': 'Fast(Entity)', 'function': 'None'}
- Normal: {'instance': "Function('Normal', entity_sorts['Entity'], BoolSort())", 'arity': 1, 'method': 'Normal(Entity)', 'function': 'None'}
- Slow: {'instance': "Function('Slow', entity_sorts['Entity'], BoolSort())", 'arity': 1, 'method': 'Slow(Entity)', 'function': 'None'}
2026-05-23 23:55:09 [INFO]: *** Sim Rule ***: Stop -> 
 Stop(entity) == Exists(
  [dummyEntity], 
  Or(
    And(
      IsAtInter(entity), 
      IsInInter(dummyEntity), 
    ),
    And(
      IsAtInter(entity), 
      IsAtInter(dummyEntity), 
      HigherPri(dummyEntity, entity),
    ),
    CollidingClose(entity, dummyEntity)
  )
)

2026-05-23 23:55:09 [INFO]: *** Task Rule ***: Collision and Intersection -> 
 Implies(Exists(
  [dummyEntity], 
    Or(
      And(
        IsAtInter(entity), 
        IsInInter(dummyEntity), 
      ),
      And(
        IsAtInter(entity), 
        IsAtInter(dummyEntity), 
        HigherPri(dummyEntity, entity),
      ),
      CollidingClose(entity, dummyEntity)
    )
  ),
  Stop(entity)
)

2026-05-23 23:55:09 [INFO]: *** Expert Rule ***: Stop -> 
 Stop(entity) == Exists(
[dummyEntity], 
  Or(
    And(
      IsAtInter(entity), 
      IsInInter(dummyEntity), 
    ),
    And(
      IsAtInter(entity), 
      IsAtInter(dummyEntity), 
      HigherPri(dummyEntity, entity),
    ),
    CollidingClose(entity, dummyEntity)
  )
)

2026-05-23 23:55:09 [INFO]: *** Expert Rule ***: Slow -> 
 Not(Slow(entity))

2026-05-23 23:55:09 [INFO]: *** Expert Rule ***: Fast -> 
 Not(Fast(entity))

2026-05-23 23:55:09 [INFO]: *** Expert Rule ***: Normal -> 
 Normal(entity) == Not(Stop(entity))
2026-05-23 23:55:09 [INFO]: Rules created successfully
2026-05-23 23:55:09 [INFO]: Rules will be grounded later...
2026-05-23 23:55:09 [INFO]: Given Predicates {'IsPedestrian': {'instance': IsPed, 'arity': 1, 'method': 'IsPed(Entity)', 'function': 'logicity.utils.pred_converter.z3.IsPed'}, 'IsCar': {'instance': IsCar, 'arity': 1, 'method': 'IsCar(Entity)', 'function': 'logicity.utils.pred_converter.z3.IsCar'}, 'IsAmbulance': {'instance': IsAmb, 'arity': 1, 'method': 'IsAmb(Entity)', 'function': 'logicity.utils.pred_converter.z3.IsAmb'}, 'IsOld': {'instance': IsOld, 'arity': 1, 'method': 'IsOld(Entity)', 'function': 'logicity.utils.pred_converter.z3.IsOld'}, 'IsTiro': {'instance': IsTiro, 'arity': 1, 'method': 'IsTiro(Entity)', 'function': 'logicity.utils.pred_converter.z3.IsTiro'}, 'IsAtInter': {'instance': IsAtInter, 'arity': 1, 'method': 'IsAtInter(Entity)', 'function': 'logicity.utils.pred_converter.z3.IsAtInter'}, 'IsInInter': {'instance': IsInInter, 'arity': 1, 'method': 'IsInInter(Entity)', 'function': 'logicity.utils.pred_converter.z3.IsInInter'}, 'HigherPri': {'instance': HigherPri, 'arity': 2, 'method': 'HigherPri(Entity, Entity)', 'function': 'logicity.utils.pred_converter.z3.HigherPri'}, 'CollidingClose': {'instance': CollidingClose, 'arity': 2, 'method': 'CollidingClose(Entity, Entity)', 'function': 'logicity.utils.pred_converter.z3.CollidingClose'}, 'Stop': {'instance': Stop, 'arity': 1, 'method': 'Stop(Entity)', 'function': 'None'}, 'Fast': {'instance': Fast, 'arity': 1, 'method': 'Fast(Entity)', 'function': 'None'}, 'Normal': {'instance': Normal, 'arity': 1, 'method': 'Normal(Entity)', 'function': 'None'}, 'Slow': {'instance': Slow, 'arity': 1, 'method': 'Slow(Entity)', 'function': 'None'}}, the FOV entities {'Entity': 3}, The logic grounding shape is: 39
2026-05-23 23:55:09 [INFO]: Local planner constructed!
2026-05-23 23:55:09 [INFO]: Constructing 22 streets
2026-05-23 23:55:09 [INFO]: Constructing 16 buildings
2026-05-23 23:55:10 [INFO]: Adding 4 agents, they are constrained in 103 region
2026-05-23 23:55:10 [INFO]: Car_1 initialization done!
2026-05-23 23:55:10 [INFO]: Pedestrian_1 initialization done!
2026-05-23 23:55:10 [INFO]: Car_2 initialization done!
2026-05-23 23:55:11 [INFO]: Car_3 initialization done!
2026-05-23 23:55:11 [INFO]: Done!
2026-05-23 23:55:11 [INFO]: ***Init RL Agent in Env***
2026-05-23 23:55:59 [INFO]: Episode 2 failed.
2026-05-23 23:55:59 [INFO]: Episode 2 achieved a score of -5.739999999999986
2026-05-23 23:55:59 [INFO]: Episode 2 Success: 0
2026-05-23 23:55:59 [INFO]: Episode 2 Decision Step: {3: 0}
2026-05-23 23:55:59 [INFO]: Episode 2 Success Decision: {3: 0}
2026-05-23 23:55:59 [INFO]: Evaluating episode 3...
2026-05-23 23:55:59 [INFO]: Episode label: {'oracle_step': 57, 'stop_count': 7, 'has_stop': True, 'ego_crosses': True, 'ego_eta': 13, 'ego_direction': 'up', 'other_crosses': 3, 'close_other_count': 0, 'pedestrian_close': None, 'conflicting_approach': False, 'total_crosses': 4}
2026-05-23 23:55:59 [INFO]: Get map info from config/maps/square_2x2.yaml
2026-05-23 23:56:00 [INFO]: Get agent info from config/agents/easy_lite/val.yaml
2026-05-23 23:56:00 [INFO]: Get onology and rules info from config/rules/ontology_easy.yaml, config/rules/Nav/easy/expert.yaml
2026-05-23 23:56:00 [INFO]: Number of Entity Types: 1
Entity Types:
- Entity
2026-05-23 23:56:00 [INFO]: Number of Predicates: 13
Predicates:
- IsPedestrian: {'instance': "Function('IsPed', entity_sorts['Entity'], BoolSort())", 'arity': 1, 'method': 'IsPed(Entity)', 'function': 'logicity.utils.pred_converter.z3.IsPed'}
- IsCar: {'instance': "Function('IsCar', entity_sorts['Entity'], BoolSort())", 'arity': 1, 'method': 'IsCar(Entity)', 'function': 'logicity.utils.pred_converter.z3.IsCar'}
- IsAmbulance: {'instance': "Function('IsAmb', entity_sorts['Entity'], BoolSort())", 'arity': 1, 'method': 'IsAmb(Entity)', 'function': 'logicity.utils.pred_converter.z3.IsAmb'}
- IsOld: {'instance': "Function('IsOld', entity_sorts['Entity'], BoolSort())", 'arity': 1, 'method': 'IsOld(Entity)', 'function': 'logicity.utils.pred_converter.z3.IsOld'}
- IsTiro: {'instance': "Function('IsTiro', entity_sorts['Entity'], BoolSort())", 'arity': 1, 'method': 'IsTiro(Entity)', 'function': 'logicity.utils.pred_converter.z3.IsTiro'}
- IsAtInter: {'instance': "Function('IsAtInter', entity_sorts['Entity'], BoolSort())", 'arity': 1, 'method': 'IsAtInter(Entity)', 'function': 'logicity.utils.pred_converter.z3.IsAtInter'}
- IsInInter: {'instance': "Function('IsInInter', entity_sorts['Entity'], BoolSort())", 'arity': 1, 'method': 'IsInInter(Entity)', 'function': 'logicity.utils.pred_converter.z3.IsInInter'}
- HigherPri: {'instance': "Function('HigherPri', entity_sorts['Entity'], entity_sorts['Entity'], BoolSort())", 'arity': 2, 'method': 'HigherPri(Entity, Entity)', 'function': 'logicity.utils.pred_converter.z3.HigherPri'}
- CollidingClose: {'instance': "Function('CollidingClose', entity_sorts['Entity'], entity_sorts['Entity'], BoolSort())", 'arity': 2, 'method': 'CollidingClose(Entity, Entity)', 'function': 'logicity.utils.pred_converter.z3.CollidingClose'}
- Stop: {'instance': "Function('Stop', entity_sorts['Entity'], BoolSort())", 'arity': 1, 'method': 'Stop(Entity)', 'function': 'None'}
- Fast: {'instance': "Function('Fast', entity_sorts['Entity'], BoolSort())", 'arity': 1, 'method': 'Fast(Entity)', 'function': 'None'}
- Normal: {'instance': "Function('Normal', entity_sorts['Entity'], BoolSort())", 'arity': 1, 'method': 'Normal(Entity)', 'function': 'None'}
- Slow: {'instance': "Function('Slow', entity_sorts['Entity'], BoolSort())", 'arity': 1, 'method': 'Slow(Entity)', 'function': 'None'}
2026-05-23 23:56:00 [INFO]: *** Sim Rule ***: Stop -> 
 Stop(entity) == Exists(
  [dummyEntity], 
  Or(
    And(
      IsAtInter(entity), 
      IsInInter(dummyEntity), 
    ),
    And(
      IsAtInter(entity), 
      IsAtInter(dummyEntity), 
      HigherPri(dummyEntity, entity),
    ),
    CollidingClose(entity, dummyEntity)
  )
)

2026-05-23 23:56:00 [INFO]: *** Task Rule ***: Collision and Intersection -> 
 Implies(Exists(
  [dummyEntity], 
    Or(
      And(
        IsAtInter(entity), 
        IsInInter(dummyEntity), 
      ),
      And(
        IsAtInter(entity), 
        IsAtInter(dummyEntity), 
        HigherPri(dummyEntity, entity),
      ),
      CollidingClose(entity, dummyEntity)
    )
  ),
  Stop(entity)
)

2026-05-23 23:56:00 [INFO]: *** Expert Rule ***: Stop -> 
 Stop(entity) == Exists(
[dummyEntity], 
  Or(
    And(
      IsAtInter(entity), 
      IsInInter(dummyEntity), 
    ),
    And(
      IsAtInter(entity), 
      IsAtInter(dummyEntity), 
      HigherPri(dummyEntity, entity),
    ),
    CollidingClose(entity, dummyEntity)
  )
)

2026-05-23 23:56:00 [INFO]: *** Expert Rule ***: Slow -> 
 Not(Slow(entity))

2026-05-23 23:56:00 [INFO]: *** Expert Rule ***: Fast -> 
 Not(Fast(entity))

2026-05-23 23:56:00 [INFO]: *** Expert Rule ***: Normal -> 
 Normal(entity) == Not(Stop(entity))
2026-05-23 23:56:00 [INFO]: Rules created successfully
2026-05-23 23:56:00 [INFO]: Rules will be grounded later...
2026-05-23 23:56:00 [INFO]: Given Predicates {'IsPedestrian': {'instance': IsPed, 'arity': 1, 'method': 'IsPed(Entity)', 'function': 'logicity.utils.pred_converter.z3.IsPed'}, 'IsCar': {'instance': IsCar, 'arity': 1, 'method': 'IsCar(Entity)', 'function': 'logicity.utils.pred_converter.z3.IsCar'}, 'IsAmbulance': {'instance': IsAmb, 'arity': 1, 'method': 'IsAmb(Entity)', 'function': 'logicity.utils.pred_converter.z3.IsAmb'}, 'IsOld': {'instance': IsOld, 'arity': 1, 'method': 'IsOld(Entity)', 'function': 'logicity.utils.pred_converter.z3.IsOld'}, 'IsTiro': {'instance': IsTiro, 'arity': 1, 'method': 'IsTiro(Entity)', 'function': 'logicity.utils.pred_converter.z3.IsTiro'}, 'IsAtInter': {'instance': IsAtInter, 'arity': 1, 'method': 'IsAtInter(Entity)', 'function': 'logicity.utils.pred_converter.z3.IsAtInter'}, 'IsInInter': {'instance': IsInInter, 'arity': 1, 'method': 'IsInInter(Entity)', 'function': 'logicity.utils.pred_converter.z3.IsInInter'}, 'HigherPri': {'instance': HigherPri, 'arity': 2, 'method': 'HigherPri(Entity, Entity)', 'function': 'logicity.utils.pred_converter.z3.HigherPri'}, 'CollidingClose': {'instance': CollidingClose, 'arity': 2, 'method': 'CollidingClose(Entity, Entity)', 'function': 'logicity.utils.pred_converter.z3.CollidingClose'}, 'Stop': {'instance': Stop, 'arity': 1, 'method': 'Stop(Entity)', 'function': 'None'}, 'Fast': {'instance': Fast, 'arity': 1, 'method': 'Fast(Entity)', 'function': 'None'}, 'Normal': {'instance': Normal, 'arity': 1, 'method': 'Normal(Entity)', 'function': 'None'}, 'Slow': {'instance': Slow, 'arity': 1, 'method': 'Slow(Entity)', 'function': 'None'}}, the FOV entities {'Entity': 3}, The logic grounding shape is: 39
2026-05-23 23:56:00 [INFO]: Local planner constructed!
2026-05-23 23:56:00 [INFO]: Constructing 22 streets
2026-05-23 23:56:00 [INFO]: Constructing 16 buildings
2026-05-23 23:56:00 [INFO]: Adding 4 agents, they are constrained in 103 region
2026-05-23 23:56:01 [INFO]: Car_1 initialization done!
2026-05-23 23:56:01 [INFO]: Pedestrian_1 initialization done!
2026-05-23 23:56:01 [INFO]: Car_2 initialization done!
2026-05-23 23:56:02 [INFO]: Car_3 initialization done!
2026-05-23 23:56:02 [INFO]: Done!
2026-05-23 23:56:02 [INFO]: ***Init RL Agent in Env***
2026-05-23 23:56:22 [INFO]: Episode 3 failed.
2026-05-23 23:56:22 [INFO]: Episode 3 achieved a score of -4.140000000000001
2026-05-23 23:56:22 [INFO]: Episode 3 Success: 0
2026-05-23 23:56:22 [INFO]: Episode 3 Decision Step: {3: 0}
2026-05-23 23:56:22 [INFO]: Episode 3 Success Decision: {3: 0}
2026-05-23 23:56:22 [INFO]: Evaluating episode 4...
2026-05-23 23:56:22 [INFO]: Episode label: {'oracle_step': 66, 'stop_count': 17, 'has_stop': True, 'ego_crosses': True, 'ego_eta': 26, 'ego_direction': 'down', 'other_crosses': 3, 'close_other_count': 0, 'pedestrian_close': None, 'conflicting_approach': False, 'total_crosses': 4}
2026-05-23 23:56:22 [INFO]: Get map info from config/maps/square_2x2.yaml
2026-05-23 23:56:22 [INFO]: Get agent info from config/agents/easy_lite/val.yaml
2026-05-23 23:56:22 [INFO]: Get onology and rules info from config/rules/ontology_easy.yaml, config/rules/Nav/easy/expert.yaml
2026-05-23 23:56:22 [INFO]: Number of Entity Types: 1
Entity Types:
- Entity
2026-05-23 23:56:22 [INFO]: Number of Predicates: 13
Predicates:
- IsPedestrian: {'instance': "Function('IsPed', entity_sorts['Entity'], BoolSort())", 'arity': 1, 'method': 'IsPed(Entity)', 'function': 'logicity.utils.pred_converter.z3.IsPed'}
- IsCar: {'instance': "Function('IsCar', entity_sorts['Entity'], BoolSort())", 'arity': 1, 'method': 'IsCar(Entity)', 'function': 'logicity.utils.pred_converter.z3.IsCar'}
- IsAmbulance: {'instance': "Function('IsAmb', entity_sorts['Entity'], BoolSort())", 'arity': 1, 'method': 'IsAmb(Entity)', 'function': 'logicity.utils.pred_converter.z3.IsAmb'}
- IsOld: {'instance': "Function('IsOld', entity_sorts['Entity'], BoolSort())", 'arity': 1, 'method': 'IsOld(Entity)', 'function': 'logicity.utils.pred_converter.z3.IsOld'}
- IsTiro: {'instance': "Function('IsTiro', entity_sorts['Entity'], BoolSort())", 'arity': 1, 'method': 'IsTiro(Entity)', 'function': 'logicity.utils.pred_converter.z3.IsTiro'}
- IsAtInter: {'instance': "Function('IsAtInter', entity_sorts['Entity'], BoolSort())", 'arity': 1, 'method': 'IsAtInter(Entity)', 'function': 'logicity.utils.pred_converter.z3.IsAtInter'}
- IsInInter: {'instance': "Function('IsInInter', entity_sorts['Entity'], BoolSort())", 'arity': 1, 'method': 'IsInInter(Entity)', 'function': 'logicity.utils.pred_converter.z3.IsInInter'}
- HigherPri: {'instance': "Function('HigherPri', entity_sorts['Entity'], entity_sorts['Entity'], BoolSort())", 'arity': 2, 'method': 'HigherPri(Entity, Entity)', 'function': 'logicity.utils.pred_converter.z3.HigherPri'}
- CollidingClose: {'instance': "Function('CollidingClose', entity_sorts['Entity'], entity_sorts['Entity'], BoolSort())", 'arity': 2, 'method': 'CollidingClose(Entity, Entity)', 'function': 'logicity.utils.pred_converter.z3.CollidingClose'}
- Stop: {'instance': "Function('Stop', entity_sorts['Entity'], BoolSort())", 'arity': 1, 'method': 'Stop(Entity)', 'function': 'None'}
- Fast: {'instance': "Function('Fast', entity_sorts['Entity'], BoolSort())", 'arity': 1, 'method': 'Fast(Entity)', 'function': 'None'}
- Normal: {'instance': "Function('Normal', entity_sorts['Entity'], BoolSort())", 'arity': 1, 'method': 'Normal(Entity)', 'function': 'None'}
- Slow: {'instance': "Function('Slow', entity_sorts['Entity'], BoolSort())", 'arity': 1, 'method': 'Slow(Entity)', 'function': 'None'}
2026-05-23 23:56:22 [INFO]: *** Sim Rule ***: Stop -> 
 Stop(entity) == Exists(
  [dummyEntity], 
  Or(
    And(
      IsAtInter(entity), 
      IsInInter(dummyEntity), 
    ),
    And(
      IsAtInter(entity), 
      IsAtInter(dummyEntity), 
      HigherPri(dummyEntity, entity),
    ),
    CollidingClose(entity, dummyEntity)
  )
)

2026-05-23 23:56:22 [INFO]: *** Task Rule ***: Collision and Intersection -> 
 Implies(Exists(
  [dummyEntity], 
    Or(
      And(
        IsAtInter(entity), 
        IsInInter(dummyEntity), 
      ),
      And(
        IsAtInter(entity), 
        IsAtInter(dummyEntity), 
        HigherPri(dummyEntity, entity),
      ),
      CollidingClose(entity, dummyEntity)
    )
  ),
  Stop(entity)
)

2026-05-23 23:56:22 [INFO]: *** Expert Rule ***: Stop -> 
 Stop(entity) == Exists(
[dummyEntity], 
  Or(
    And(
      IsAtInter(entity), 
      IsInInter(dummyEntity), 
    ),
    And(
      IsAtInter(entity), 
      IsAtInter(dummyEntity), 
      HigherPri(dummyEntity, entity),
    ),
    CollidingClose(entity, dummyEntity)
  )
)

2026-05-23 23:56:22 [INFO]: *** Expert Rule ***: Slow -> 
 Not(Slow(entity))

2026-05-23 23:56:22 [INFO]: *** Expert Rule ***: Fast -> 
 Not(Fast(entity))

2026-05-23 23:56:22 [INFO]: *** Expert Rule ***: Normal -> 
 Normal(entity) == Not(Stop(entity))
2026-05-23 23:56:22 [INFO]: Rules created successfully
2026-05-23 23:56:22 [INFO]: Rules will be grounded later...
2026-05-23 23:56:22 [INFO]: Given Predicates {'IsPedestrian': {'instance': IsPed, 'arity': 1, 'method': 'IsPed(Entity)', 'function': 'logicity.utils.pred_converter.z3.IsPed'}, 'IsCar': {'instance': IsCar, 'arity': 1, 'method': 'IsCar(Entity)', 'function': 'logicity.utils.pred_converter.z3.IsCar'}, 'IsAmbulance': {'instance': IsAmb, 'arity': 1, 'method': 'IsAmb(Entity)', 'function': 'logicity.utils.pred_converter.z3.IsAmb'}, 'IsOld': {'instance': IsOld, 'arity': 1, 'method': 'IsOld(Entity)', 'function': 'logicity.utils.pred_converter.z3.IsOld'}, 'IsTiro': {'instance': IsTiro, 'arity': 1, 'method': 'IsTiro(Entity)', 'function': 'logicity.utils.pred_converter.z3.IsTiro'}, 'IsAtInter': {'instance': IsAtInter, 'arity': 1, 'method': 'IsAtInter(Entity)', 'function': 'logicity.utils.pred_converter.z3.IsAtInter'}, 'IsInInter': {'instance': IsInInter, 'arity': 1, 'method': 'IsInInter(Entity)', 'function': 'logicity.utils.pred_converter.z3.IsInInter'}, 'HigherPri': {'instance': HigherPri, 'arity': 2, 'method': 'HigherPri(Entity, Entity)', 'function': 'logicity.utils.pred_converter.z3.HigherPri'}, 'CollidingClose': {'instance': CollidingClose, 'arity': 2, 'method': 'CollidingClose(Entity, Entity)', 'function': 'logicity.utils.pred_converter.z3.CollidingClose'}, 'Stop': {'instance': Stop, 'arity': 1, 'method': 'Stop(Entity)', 'function': 'None'}, 'Fast': {'instance': Fast, 'arity': 1, 'method': 'Fast(Entity)', 'function': 'None'}, 'Normal': {'instance': Normal, 'arity': 1, 'method': 'Normal(Entity)', 'function': 'None'}, 'Slow': {'instance': Slow, 'arity': 1, 'method': 'Slow(Entity)', 'function': 'None'}}, the FOV entities {'Entity': 3}, The logic grounding shape is: 39
2026-05-23 23:56:22 [INFO]: Local planner constructed!
2026-05-23 23:56:22 [INFO]: Constructing 22 streets
2026-05-23 23:56:22 [INFO]: Constructing 16 buildings
2026-05-23 23:56:22 [INFO]: Adding 4 agents, they are constrained in 103 region
2026-05-23 23:56:23 [INFO]: Car_1 initialization done!
2026-05-23 23:56:23 [INFO]: Pedestrian_1 initialization done!
2026-05-23 23:56:23 [INFO]: Car_2 initialization done!
2026-05-23 23:56:24 [INFO]: Car_3 initialization done!
2026-05-23 23:56:24 [INFO]: Done!
2026-05-23 23:56:24 [INFO]: ***Init RL Agent in Env***
2026-05-23 23:56:48 [INFO]: Episode 4 failed.
2026-05-23 23:56:48 [INFO]: Episode 4 achieved a score of -4.320000000000001
2026-05-23 23:56:48 [INFO]: Episode 4 Success: 0
2026-05-23 23:56:48 [INFO]: Episode 4 Decision Step: {3: 0}
2026-05-23 23:56:48 [INFO]: Episode 4 Success Decision: {3: 0}
2026-05-23 23:56:48 [INFO]: Evaluating episode 5...
2026-05-23 23:56:48 [INFO]: Episode label: {'oracle_step': 62, 'stop_count': 0, 'has_stop': False, 'ego_crosses': True, 'ego_eta': 51, 'ego_direction': 'down', 'other_crosses': 3, 'close_other_count': 0, 'pedestrian_close': None, 'conflicting_approach': False, 'total_crosses': 4}
2026-05-23 23:56:49 [INFO]: Get map info from config/maps/square_2x2.yaml
2026-05-23 23:56:49 [INFO]: Get agent info from config/agents/easy_lite/val.yaml
2026-05-23 23:56:49 [INFO]: Get onology and rules info from config/rules/ontology_easy.yaml, config/rules/Nav/easy/expert.yaml
2026-05-23 23:56:49 [INFO]: Number of Entity Types: 1
Entity Types:
- Entity
2026-05-23 23:56:49 [INFO]: Number of Predicates: 13
Predicates:
- IsPedestrian: {'instance': "Function('IsPed', entity_sorts['Entity'], BoolSort())", 'arity': 1, 'method': 'IsPed(Entity)', 'function': 'logicity.utils.pred_converter.z3.IsPed'}
- IsCar: {'instance': "Function('IsCar', entity_sorts['Entity'], BoolSort())", 'arity': 1, 'method': 'IsCar(Entity)', 'function': 'logicity.utils.pred_converter.z3.IsCar'}
- IsAmbulance: {'instance': "Function('IsAmb', entity_sorts['Entity'], BoolSort())", 'arity': 1, 'method': 'IsAmb(Entity)', 'function': 'logicity.utils.pred_converter.z3.IsAmb'}
- IsOld: {'instance': "Function('IsOld', entity_sorts['Entity'], BoolSort())", 'arity': 1, 'method': 'IsOld(Entity)', 'function': 'logicity.utils.pred_converter.z3.IsOld'}
- IsTiro: {'instance': "Function('IsTiro', entity_sorts['Entity'], BoolSort())", 'arity': 1, 'method': 'IsTiro(Entity)', 'function': 'logicity.utils.pred_converter.z3.IsTiro'}
- IsAtInter: {'instance': "Function('IsAtInter', entity_sorts['Entity'], BoolSort())", 'arity': 1, 'method': 'IsAtInter(Entity)', 'function': 'logicity.utils.pred_converter.z3.IsAtInter'}
- IsInInter: {'instance': "Function('IsInInter', entity_sorts['Entity'], BoolSort())", 'arity': 1, 'method': 'IsInInter(Entity)', 'function': 'logicity.utils.pred_converter.z3.IsInInter'}
- HigherPri: {'instance': "Function('HigherPri', entity_sorts['Entity'], entity_sorts['Entity'], BoolSort())", 'arity': 2, 'method': 'HigherPri(Entity, Entity)', 'function': 'logicity.utils.pred_converter.z3.HigherPri'}
- CollidingClose: {'instance': "Function('CollidingClose', entity_sorts['Entity'], entity_sorts['Entity'], BoolSort())", 'arity': 2, 'method': 'CollidingClose(Entity, Entity)', 'function': 'logicity.utils.pred_converter.z3.CollidingClose'}
- Stop: {'instance': "Function('Stop', entity_sorts['Entity'], BoolSort())", 'arity': 1, 'method': 'Stop(Entity)', 'function': 'None'}
- Fast: {'instance': "Function('Fast', entity_sorts['Entity'], BoolSort())", 'arity': 1, 'method': 'Fast(Entity)', 'function': 'None'}
- Normal: {'instance': "Function('Normal', entity_sorts['Entity'], BoolSort())", 'arity': 1, 'method': 'Normal(Entity)', 'function': 'None'}
- Slow: {'instance': "Function('Slow', entity_sorts['Entity'], BoolSort())", 'arity': 1, 'method': 'Slow(Entity)', 'function': 'None'}
2026-05-23 23:56:49 [INFO]: *** Sim Rule ***: Stop -> 
 Stop(entity) == Exists(
  [dummyEntity], 
  Or(
    And(
      IsAtInter(entity), 
      IsInInter(dummyEntity), 
    ),
    And(
      IsAtInter(entity), 
      IsAtInter(dummyEntity), 
      HigherPri(dummyEntity, entity),
    ),
    CollidingClose(entity, dummyEntity)
  )
)

2026-05-23 23:56:49 [INFO]: *** Task Rule ***: Collision and Intersection -> 
 Implies(Exists(
  [dummyEntity], 
    Or(
      And(
        IsAtInter(entity), 
        IsInInter(dummyEntity), 
      ),
      And(
        IsAtInter(entity), 
        IsAtInter(dummyEntity), 
        HigherPri(dummyEntity, entity),
      ),
      CollidingClose(entity, dummyEntity)
    )
  ),
  Stop(entity)
)

2026-05-23 23:56:49 [INFO]: *** Expert Rule ***: Stop -> 
 Stop(entity) == Exists(
[dummyEntity], 
  Or(
    And(
      IsAtInter(entity), 
      IsInInter(dummyEntity), 
    ),
    And(
      IsAtInter(entity), 
      IsAtInter(dummyEntity), 
      HigherPri(dummyEntity, entity),
    ),
    CollidingClose(entity, dummyEntity)
  )
)

2026-05-23 23:56:49 [INFO]: *** Expert Rule ***: Slow -> 
 Not(Slow(entity))

2026-05-23 23:56:49 [INFO]: *** Expert Rule ***: Fast -> 
 Not(Fast(entity))

2026-05-23 23:56:49 [INFO]: *** Expert Rule ***: Normal -> 
 Normal(entity) == Not(Stop(entity))
2026-05-23 23:56:49 [INFO]: Rules created successfully
2026-05-23 23:56:49 [INFO]: Rules will be grounded later...
2026-05-23 23:56:49 [INFO]: Given Predicates {'IsPedestrian': {'instance': IsPed, 'arity': 1, 'method': 'IsPed(Entity)', 'function': 'logicity.utils.pred_converter.z3.IsPed'}, 'IsCar': {'instance': IsCar, 'arity': 1, 'method': 'IsCar(Entity)', 'function': 'logicity.utils.pred_converter.z3.IsCar'}, 'IsAmbulance': {'instance': IsAmb, 'arity': 1, 'method': 'IsAmb(Entity)', 'function': 'logicity.utils.pred_converter.z3.IsAmb'}, 'IsOld': {'instance': IsOld, 'arity': 1, 'method': 'IsOld(Entity)', 'function': 'logicity.utils.pred_converter.z3.IsOld'}, 'IsTiro': {'instance': IsTiro, 'arity': 1, 'method': 'IsTiro(Entity)', 'function': 'logicity.utils.pred_converter.z3.IsTiro'}, 'IsAtInter': {'instance': IsAtInter, 'arity': 1, 'method': 'IsAtInter(Entity)', 'function': 'logicity.utils.pred_converter.z3.IsAtInter'}, 'IsInInter': {'instance': IsInInter, 'arity': 1, 'method': 'IsInInter(Entity)', 'function': 'logicity.utils.pred_converter.z3.IsInInter'}, 'HigherPri': {'instance': HigherPri, 'arity': 2, 'method': 'HigherPri(Entity, Entity)', 'function': 'logicity.utils.pred_converter.z3.HigherPri'}, 'CollidingClose': {'instance': CollidingClose, 'arity': 2, 'method': 'CollidingClose(Entity, Entity)', 'function': 'logicity.utils.pred_converter.z3.CollidingClose'}, 'Stop': {'instance': Stop, 'arity': 1, 'method': 'Stop(Entity)', 'function': 'None'}, 'Fast': {'instance': Fast, 'arity': 1, 'method': 'Fast(Entity)', 'function': 'None'}, 'Normal': {'instance': Normal, 'arity': 1, 'method': 'Normal(Entity)', 'function': 'None'}, 'Slow': {'instance': Slow, 'arity': 1, 'method': 'Slow(Entity)', 'function': 'None'}}, the FOV entities {'Entity': 3}, The logic grounding shape is: 39
2026-05-23 23:56:49 [INFO]: Local planner constructed!
2026-05-23 23:56:49 [INFO]: Constructing 22 streets
2026-05-23 23:56:49 [INFO]: Constructing 16 buildings
2026-05-23 23:56:49 [INFO]: Adding 4 agents, they are constrained in 103 region
2026-05-23 23:56:50 [INFO]: Car_1 initialization done!
2026-05-23 23:56:50 [INFO]: Pedestrian_1 initialization done!
2026-05-23 23:56:50 [INFO]: Car_2 initialization done!
2026-05-23 23:56:51 [INFO]: Car_3 initialization done!
2026-05-23 23:56:51 [INFO]: Done!
2026-05-23 23:56:51 [INFO]: ***Init RL Agent in Env***
2026-05-23 23:57:13 [INFO]: Episode 5 failed.
2026-05-23 23:57:13 [INFO]: Episode 5 achieved a score of -4.240000000000001
2026-05-23 23:57:13 [INFO]: Episode 5 Success: 0
2026-05-23 23:57:13 [INFO]: Episode 5 Decision Step: {3: 0}
2026-05-23 23:57:13 [INFO]: Episode 5 Success Decision: {3: 0}
2026-05-23 23:57:13 [INFO]: Evaluating episode 6...
2026-05-23 23:57:13 [INFO]: Episode label: {'oracle_step': 53, 'stop_count': 10, 'has_stop': True, 'ego_crosses': True, 'ego_eta': 9, 'ego_direction': 'right', 'other_crosses': 3, 'close_other_count': 0, 'pedestrian_close': None, 'conflicting_approach': False, 'total_crosses': 4}
2026-05-23 23:57:13 [INFO]: Get map info from config/maps/square_2x2.yaml
2026-05-23 23:57:13 [INFO]: Get agent info from config/agents/easy_lite/val.yaml
2026-05-23 23:57:13 [INFO]: Get onology and rules info from config/rules/ontology_easy.yaml, config/rules/Nav/easy/expert.yaml
2026-05-23 23:57:13 [INFO]: Number of Entity Types: 1
Entity Types:
- Entity
2026-05-23 23:57:13 [INFO]: Number of Predicates: 13
Predicates:
- IsPedestrian: {'instance': "Function('IsPed', entity_sorts['Entity'], BoolSort())", 'arity': 1, 'method': 'IsPed(Entity)', 'function': 'logicity.utils.pred_converter.z3.IsPed'}
- IsCar: {'instance': "Function('IsCar', entity_sorts['Entity'], BoolSort())", 'arity': 1, 'method': 'IsCar(Entity)', 'function': 'logicity.utils.pred_converter.z3.IsCar'}
- IsAmbulance: {'instance': "Function('IsAmb', entity_sorts['Entity'], BoolSort())", 'arity': 1, 'method': 'IsAmb(Entity)', 'function': 'logicity.utils.pred_converter.z3.IsAmb'}
- IsOld: {'instance': "Function('IsOld', entity_sorts['Entity'], BoolSort())", 'arity': 1, 'method': 'IsOld(Entity)', 'function': 'logicity.utils.pred_converter.z3.IsOld'}
- IsTiro: {'instance': "Function('IsTiro', entity_sorts['Entity'], BoolSort())", 'arity': 1, 'method': 'IsTiro(Entity)', 'function': 'logicity.utils.pred_converter.z3.IsTiro'}
- IsAtInter: {'instance': "Function('IsAtInter', entity_sorts['Entity'], BoolSort())", 'arity': 1, 'method': 'IsAtInter(Entity)', 'function': 'logicity.utils.pred_converter.z3.IsAtInter'}
- IsInInter: {'instance': "Function('IsInInter', entity_sorts['Entity'], BoolSort())", 'arity': 1, 'method': 'IsInInter(Entity)', 'function': 'logicity.utils.pred_converter.z3.IsInInter'}
- HigherPri: {'instance': "Function('HigherPri', entity_sorts['Entity'], entity_sorts['Entity'], BoolSort())", 'arity': 2, 'method': 'HigherPri(Entity, Entity)', 'function': 'logicity.utils.pred_converter.z3.HigherPri'}
- CollidingClose: {'instance': "Function('CollidingClose', entity_sorts['Entity'], entity_sorts['Entity'], BoolSort())", 'arity': 2, 'method': 'CollidingClose(Entity, Entity)', 'function': 'logicity.utils.pred_converter.z3.CollidingClose'}
- Stop: {'instance': "Function('Stop', entity_sorts['Entity'], BoolSort())", 'arity': 1, 'method': 'Stop(Entity)', 'function': 'None'}
- Fast: {'instance': "Function('Fast', entity_sorts['Entity'], BoolSort())", 'arity': 1, 'method': 'Fast(Entity)', 'function': 'None'}
- Normal: {'instance': "Function('Normal', entity_sorts['Entity'], BoolSort())", 'arity': 1, 'method': 'Normal(Entity)', 'function': 'None'}
- Slow: {'instance': "Function('Slow', entity_sorts['Entity'], BoolSort())", 'arity': 1, 'method': 'Slow(Entity)', 'function': 'None'}
2026-05-23 23:57:13 [INFO]: *** Sim Rule ***: Stop -> 
 Stop(entity) == Exists(
  [dummyEntity], 
  Or(
    And(
      IsAtInter(entity), 
      IsInInter(dummyEntity), 
    ),
    And(
      IsAtInter(entity), 
      IsAtInter(dummyEntity), 
      HigherPri(dummyEntity, entity),
    ),
    CollidingClose(entity, dummyEntity)
  )
)

2026-05-23 23:57:13 [INFO]: *** Task Rule ***: Collision and Intersection -> 
 Implies(Exists(
  [dummyEntity], 
    Or(
      And(
        IsAtInter(entity), 
        IsInInter(dummyEntity), 
      ),
      And(
        IsAtInter(entity), 
        IsAtInter(dummyEntity), 
        HigherPri(dummyEntity, entity),
      ),
      CollidingClose(entity, dummyEntity)
    )
  ),
  Stop(entity)
)

2026-05-23 23:57:13 [INFO]: *** Expert Rule ***: Stop -> 
 Stop(entity) == Exists(
[dummyEntity], 
  Or(
    And(
      IsAtInter(entity), 
      IsInInter(dummyEntity), 
    ),
    And(
      IsAtInter(entity), 
      IsAtInter(dummyEntity), 
      HigherPri(dummyEntity, entity),
    ),
    CollidingClose(entity, dummyEntity)
  )
)

2026-05-23 23:57:13 [INFO]: *** Expert Rule ***: Slow -> 
 Not(Slow(entity))

2026-05-23 23:57:13 [INFO]: *** Expert Rule ***: Fast -> 
 Not(Fast(entity))

2026-05-23 23:57:13 [INFO]: *** Expert Rule ***: Normal -> 
 Normal(entity) == Not(Stop(entity))
2026-05-23 23:57:13 [INFO]: Rules created successfully
2026-05-23 23:57:13 [INFO]: Rules will be grounded later...
2026-05-23 23:57:13 [INFO]: Given Predicates {'IsPedestrian': {'instance': IsPed, 'arity': 1, 'method': 'IsPed(Entity)', 'function': 'logicity.utils.pred_converter.z3.IsPed'}, 'IsCar': {'instance': IsCar, 'arity': 1, 'method': 'IsCar(Entity)', 'function': 'logicity.utils.pred_converter.z3.IsCar'}, 'IsAmbulance': {'instance': IsAmb, 'arity': 1, 'method': 'IsAmb(Entity)', 'function': 'logicity.utils.pred_converter.z3.IsAmb'}, 'IsOld': {'instance': IsOld, 'arity': 1, 'method': 'IsOld(Entity)', 'function': 'logicity.utils.pred_converter.z3.IsOld'}, 'IsTiro': {'instance': IsTiro, 'arity': 1, 'method': 'IsTiro(Entity)', 'function': 'logicity.utils.pred_converter.z3.IsTiro'}, 'IsAtInter': {'instance': IsAtInter, 'arity': 1, 'method': 'IsAtInter(Entity)', 'function': 'logicity.utils.pred_converter.z3.IsAtInter'}, 'IsInInter': {'instance': IsInInter, 'arity': 1, 'method': 'IsInInter(Entity)', 'function': 'logicity.utils.pred_converter.z3.IsInInter'}, 'HigherPri': {'instance': HigherPri, 'arity': 2, 'method': 'HigherPri(Entity, Entity)', 'function': 'logicity.utils.pred_converter.z3.HigherPri'}, 'CollidingClose': {'instance': CollidingClose, 'arity': 2, 'method': 'CollidingClose(Entity, Entity)', 'function': 'logicity.utils.pred_converter.z3.CollidingClose'}, 'Stop': {'instance': Stop, 'arity': 1, 'method': 'Stop(Entity)', 'function': 'None'}, 'Fast': {'instance': Fast, 'arity': 1, 'method': 'Fast(Entity)', 'function': 'None'}, 'Normal': {'instance': Normal, 'arity': 1, 'method': 'Normal(Entity)', 'function': 'None'}, 'Slow': {'instance': Slow, 'arity': 1, 'method': 'Slow(Entity)', 'function': 'None'}}, the FOV entities {'Entity': 3}, The logic grounding shape is: 39
2026-05-23 23:57:13 [INFO]: Local planner constructed!
2026-05-23 23:57:13 [INFO]: Constructing 22 streets
2026-05-23 23:57:14 [INFO]: Constructing 16 buildings
2026-05-23 23:57:14 [INFO]: Adding 4 agents, they are constrained in 103 region
2026-05-23 23:57:15 [INFO]: Car_1 initialization done!
2026-05-23 23:57:15 [INFO]: Pedestrian_1 initialization done!
2026-05-23 23:57:15 [INFO]: Car_2 initialization done!
2026-05-23 23:57:16 [INFO]: Car_3 initialization done!
2026-05-23 23:57:16 [INFO]: Done!
2026-05-23 23:57:16 [INFO]: ***Init RL Agent in Env***
2026-05-23 23:57:35 [INFO]: Episode 6 failed.
2026-05-23 23:57:35 [INFO]: Episode 6 achieved a score of -4.0600000000000005
2026-05-23 23:57:35 [INFO]: Episode 6 Success: 0
2026-05-23 23:57:35 [INFO]: Episode 6 Decision Step: {3: 0}
2026-05-23 23:57:35 [INFO]: Episode 6 Success Decision: {3: 0}
2026-05-23 23:57:35 [INFO]: Evaluating episode 7...
2026-05-23 23:57:35 [INFO]: Episode label: {'oracle_step': 76, 'stop_count': 10, 'has_stop': True, 'ego_crosses': True, 'ego_eta': 13, 'ego_direction': 'down', 'other_crosses': 3, 'close_other_count': 0, 'pedestrian_close': None, 'conflicting_approach': False, 'total_crosses': 4}
2026-05-23 23:57:35 [INFO]: Get map info from config/maps/square_2x2.yaml
2026-05-23 23:57:35 [INFO]: Get agent info from config/agents/easy_lite/val.yaml
2026-05-23 23:57:35 [INFO]: Get onology and rules info from config/rules/ontology_easy.yaml, config/rules/Nav/easy/expert.yaml
2026-05-23 23:57:35 [INFO]: Number of Entity Types: 1
Entity Types:
- Entity
2026-05-23 23:57:35 [INFO]: Number of Predicates: 13
Predicates:
- IsPedestrian: {'instance': "Function('IsPed', entity_sorts['Entity'], BoolSort())", 'arity': 1, 'method': 'IsPed(Entity)', 'function': 'logicity.utils.pred_converter.z3.IsPed'}
- IsCar: {'instance': "Function('IsCar', entity_sorts['Entity'], BoolSort())", 'arity': 1, 'method': 'IsCar(Entity)', 'function': 'logicity.utils.pred_converter.z3.IsCar'}
- IsAmbulance: {'instance': "Function('IsAmb', entity_sorts['Entity'], BoolSort())", 'arity': 1, 'method': 'IsAmb(Entity)', 'function': 'logicity.utils.pred_converter.z3.IsAmb'}
- IsOld: {'instance': "Function('IsOld', entity_sorts['Entity'], BoolSort())", 'arity': 1, 'method': 'IsOld(Entity)', 'function': 'logicity.utils.pred_converter.z3.IsOld'}
- IsTiro: {'instance': "Function('IsTiro', entity_sorts['Entity'], BoolSort())", 'arity': 1, 'method': 'IsTiro(Entity)', 'function': 'logicity.utils.pred_converter.z3.IsTiro'}
- IsAtInter: {'instance': "Function('IsAtInter', entity_sorts['Entity'], BoolSort())", 'arity': 1, 'method': 'IsAtInter(Entity)', 'function': 'logicity.utils.pred_converter.z3.IsAtInter'}
- IsInInter: {'instance': "Function('IsInInter', entity_sorts['Entity'], BoolSort())", 'arity': 1, 'method': 'IsInInter(Entity)', 'function': 'logicity.utils.pred_converter.z3.IsInInter'}
- HigherPri: {'instance': "Function('HigherPri', entity_sorts['Entity'], entity_sorts['Entity'], BoolSort())", 'arity': 2, 'method': 'HigherPri(Entity, Entity)', 'function': 'logicity.utils.pred_converter.z3.HigherPri'}
- CollidingClose: {'instance': "Function('CollidingClose', entity_sorts['Entity'], entity_sorts['Entity'], BoolSort())", 'arity': 2, 'method': 'CollidingClose(Entity, Entity)', 'function': 'logicity.utils.pred_converter.z3.CollidingClose'}
- Stop: {'instance': "Function('Stop', entity_sorts['Entity'], BoolSort())", 'arity': 1, 'method': 'Stop(Entity)', 'function': 'None'}
- Fast: {'instance': "Function('Fast', entity_sorts['Entity'], BoolSort())", 'arity': 1, 'method': 'Fast(Entity)', 'function': 'None'}
- Normal: {'instance': "Function('Normal', entity_sorts['Entity'], BoolSort())", 'arity': 1, 'method': 'Normal(Entity)', 'function': 'None'}
- Slow: {'instance': "Function('Slow', entity_sorts['Entity'], BoolSort())", 'arity': 1, 'method': 'Slow(Entity)', 'function': 'None'}
2026-05-23 23:57:35 [INFO]: *** Sim Rule ***: Stop -> 
 Stop(entity) == Exists(
  [dummyEntity], 
  Or(
    And(
      IsAtInter(entity), 
      IsInInter(dummyEntity), 
    ),
    And(
      IsAtInter(entity), 
      IsAtInter(dummyEntity), 
      HigherPri(dummyEntity, entity),
    ),
    CollidingClose(entity, dummyEntity)
  )
)

2026-05-23 23:57:35 [INFO]: *** Task Rule ***: Collision and Intersection -> 
 Implies(Exists(
  [dummyEntity], 
    Or(
      And(
        IsAtInter(entity), 
        IsInInter(dummyEntity), 
      ),
      And(
        IsAtInter(entity), 
        IsAtInter(dummyEntity), 
        HigherPri(dummyEntity, entity),
      ),
      CollidingClose(entity, dummyEntity)
    )
  ),
  Stop(entity)
)

2026-05-23 23:57:35 [INFO]: *** Expert Rule ***: Stop -> 
 Stop(entity) == Exists(
[dummyEntity], 
  Or(
    And(
      IsAtInter(entity), 
      IsInInter(dummyEntity), 
    ),
    And(
      IsAtInter(entity), 
      IsAtInter(dummyEntity), 
      HigherPri(dummyEntity, entity),
    ),
    CollidingClose(entity, dummyEntity)
  )
)

2026-05-23 23:57:35 [INFO]: *** Expert Rule ***: Slow -> 
 Not(Slow(entity))

2026-05-23 23:57:35 [INFO]: *** Expert Rule ***: Fast -> 
 Not(Fast(entity))

2026-05-23 23:57:35 [INFO]: *** Expert Rule ***: Normal -> 
 Normal(entity) == Not(Stop(entity))
2026-05-23 23:57:35 [INFO]: Rules created successfully
2026-05-23 23:57:35 [INFO]: Rules will be grounded later...
2026-05-23 23:57:35 [INFO]: Given Predicates {'IsPedestrian': {'instance': IsPed, 'arity': 1, 'method': 'IsPed(Entity)', 'function': 'logicity.utils.pred_converter.z3.IsPed'}, 'IsCar': {'instance': IsCar, 'arity': 1, 'method': 'IsCar(Entity)', 'function': 'logicity.utils.pred_converter.z3.IsCar'}, 'IsAmbulance': {'instance': IsAmb, 'arity': 1, 'method': 'IsAmb(Entity)', 'function': 'logicity.utils.pred_converter.z3.IsAmb'}, 'IsOld': {'instance': IsOld, 'arity': 1, 'method': 'IsOld(Entity)', 'function': 'logicity.utils.pred_converter.z3.IsOld'}, 'IsTiro': {'instance': IsTiro, 'arity': 1, 'method': 'IsTiro(Entity)', 'function': 'logicity.utils.pred_converter.z3.IsTiro'}, 'IsAtInter': {'instance': IsAtInter, 'arity': 1, 'method': 'IsAtInter(Entity)', 'function': 'logicity.utils.pred_converter.z3.IsAtInter'}, 'IsInInter': {'instance': IsInInter, 'arity': 1, 'method': 'IsInInter(Entity)', 'function': 'logicity.utils.pred_converter.z3.IsInInter'}, 'HigherPri': {'instance': HigherPri, 'arity': 2, 'method': 'HigherPri(Entity, Entity)', 'function': 'logicity.utils.pred_converter.z3.HigherPri'}, 'CollidingClose': {'instance': CollidingClose, 'arity': 2, 'method': 'CollidingClose(Entity, Entity)', 'function': 'logicity.utils.pred_converter.z3.CollidingClose'}, 'Stop': {'instance': Stop, 'arity': 1, 'method': 'Stop(Entity)', 'function': 'None'}, 'Fast': {'instance': Fast, 'arity': 1, 'method': 'Fast(Entity)', 'function': 'None'}, 'Normal': {'instance': Normal, 'arity': 1, 'method': 'Normal(Entity)', 'function': 'None'}, 'Slow': {'instance': Slow, 'arity': 1, 'method': 'Slow(Entity)', 'function': 'None'}}, the FOV entities {'Entity': 3}, The logic grounding shape is: 39
2026-05-23 23:57:35 [INFO]: Local planner constructed!
2026-05-23 23:57:35 [INFO]: Constructing 22 streets
2026-05-23 23:57:35 [INFO]: Constructing 16 buildings
2026-05-23 23:57:36 [INFO]: Adding 4 agents, they are constrained in 103 region
2026-05-23 23:57:36 [INFO]: Car_1 initialization done!
2026-05-23 23:57:36 [INFO]: Pedestrian_1 initialization done!
2026-05-23 23:57:37 [INFO]: Car_2 initialization done!
2026-05-23 23:57:37 [INFO]: Car_3 initialization done!
2026-05-23 23:57:37 [INFO]: Done!
2026-05-23 23:57:37 [INFO]: ***Init RL Agent in Env***
2026-05-23 23:58:05 [INFO]: Episode 7 failed.
2026-05-23 23:58:05 [INFO]: Episode 7 achieved a score of -4.520000000000001
2026-05-23 23:58:05 [INFO]: Episode 7 Success: 0
2026-05-23 23:58:05 [INFO]: Episode 7 Decision Step: {3: 0}
2026-05-23 23:58:05 [INFO]: Episode 7 Success Decision: {3: 0}
2026-05-23 23:58:05 [INFO]: Evaluating episode 8...
2026-05-23 23:58:05 [INFO]: Episode label: {'oracle_step': 49, 'stop_count': 0, 'has_stop': False, 'ego_crosses': True, 'ego_eta': 29, 'ego_direction': 'right', 'other_crosses': 3, 'close_other_count': 0, 'pedestrian_close': None, 'conflicting_approach': False, 'total_crosses': 4}
2026-05-23 23:58:05 [INFO]: Get map info from config/maps/square_2x2.yaml
2026-05-23 23:58:05 [INFO]: Get agent info from config/agents/easy_lite/val.yaml
2026-05-23 23:58:05 [INFO]: Get onology and rules info from config/rules/ontology_easy.yaml, config/rules/Nav/easy/expert.yaml
2026-05-23 23:58:05 [INFO]: Number of Entity Types: 1
Entity Types:
- Entity
2026-05-23 23:58:05 [INFO]: Number of Predicates: 13
Predicates:
- IsPedestrian: {'instance': "Function('IsPed', entity_sorts['Entity'], BoolSort())", 'arity': 1, 'method': 'IsPed(Entity)', 'function': 'logicity.utils.pred_converter.z3.IsPed'}
- IsCar: {'instance': "Function('IsCar', entity_sorts['Entity'], BoolSort())", 'arity': 1, 'method': 'IsCar(Entity)', 'function': 'logicity.utils.pred_converter.z3.IsCar'}
- IsAmbulance: {'instance': "Function('IsAmb', entity_sorts['Entity'], BoolSort())", 'arity': 1, 'method': 'IsAmb(Entity)', 'function': 'logicity.utils.pred_converter.z3.IsAmb'}
- IsOld: {'instance': "Function('IsOld', entity_sorts['Entity'], BoolSort())", 'arity': 1, 'method': 'IsOld(Entity)', 'function': 'logicity.utils.pred_converter.z3.IsOld'}
- IsTiro: {'instance': "Function('IsTiro', entity_sorts['Entity'], BoolSort())", 'arity': 1, 'method': 'IsTiro(Entity)', 'function': 'logicity.utils.pred_converter.z3.IsTiro'}
- IsAtInter: {'instance': "Function('IsAtInter', entity_sorts['Entity'], BoolSort())", 'arity': 1, 'method': 'IsAtInter(Entity)', 'function': 'logicity.utils.pred_converter.z3.IsAtInter'}
- IsInInter: {'instance': "Function('IsInInter', entity_sorts['Entity'], BoolSort())", 'arity': 1, 'method': 'IsInInter(Entity)', 'function': 'logicity.utils.pred_converter.z3.IsInInter'}
- HigherPri: {'instance': "Function('HigherPri', entity_sorts['Entity'], entity_sorts['Entity'], BoolSort())", 'arity': 2, 'method': 'HigherPri(Entity, Entity)', 'function': 'logicity.utils.pred_converter.z3.HigherPri'}
- CollidingClose: {'instance': "Function('CollidingClose', entity_sorts['Entity'], entity_sorts['Entity'], BoolSort())", 'arity': 2, 'method': 'CollidingClose(Entity, Entity)', 'function': 'logicity.utils.pred_converter.z3.CollidingClose'}
- Stop: {'instance': "Function('Stop', entity_sorts['Entity'], BoolSort())", 'arity': 1, 'method': 'Stop(Entity)', 'function': 'None'}
- Fast: {'instance': "Function('Fast', entity_sorts['Entity'], BoolSort())", 'arity': 1, 'method': 'Fast(Entity)', 'function': 'None'}
- Normal: {'instance': "Function('Normal', entity_sorts['Entity'], BoolSort())", 'arity': 1, 'method': 'Normal(Entity)', 'function': 'None'}
- Slow: {'instance': "Function('Slow', entity_sorts['Entity'], BoolSort())", 'arity': 1, 'method': 'Slow(Entity)', 'function': 'None'}
2026-05-23 23:58:05 [INFO]: *** Sim Rule ***: Stop -> 
 Stop(entity) == Exists(
  [dummyEntity], 
  Or(
    And(
      IsAtInter(entity), 
      IsInInter(dummyEntity), 
    ),
    And(
      IsAtInter(entity), 
      IsAtInter(dummyEntity), 
      HigherPri(dummyEntity, entity),
    ),
    CollidingClose(entity, dummyEntity)
  )
)

2026-05-23 23:58:05 [INFO]: *** Task Rule ***: Collision and Intersection -> 
 Implies(Exists(
  [dummyEntity], 
    Or(
      And(
        IsAtInter(entity), 
        IsInInter(dummyEntity), 
      ),
      And(
        IsAtInter(entity), 
        IsAtInter(dummyEntity), 
        HigherPri(dummyEntity, entity),
      ),
      CollidingClose(entity, dummyEntity)
    )
  ),
  Stop(entity)
)

2026-05-23 23:58:05 [INFO]: *** Expert Rule ***: Stop -> 
 Stop(entity) == Exists(
[dummyEntity], 
  Or(
    And(
      IsAtInter(entity), 
      IsInInter(dummyEntity), 
    ),
    And(
      IsAtInter(entity), 
      IsAtInter(dummyEntity), 
      HigherPri(dummyEntity, entity),
    ),
    CollidingClose(entity, dummyEntity)
  )
)

2026-05-23 23:58:05 [INFO]: *** Expert Rule ***: Slow -> 
 Not(Slow(entity))

2026-05-23 23:58:05 [INFO]: *** Expert Rule ***: Fast -> 
 Not(Fast(entity))

2026-05-23 23:58:05 [INFO]: *** Expert Rule ***: Normal -> 
 Normal(entity) == Not(Stop(entity))
2026-05-23 23:58:05 [INFO]: Rules created successfully
2026-05-23 23:58:05 [INFO]: Rules will be grounded later...
2026-05-23 23:58:05 [INFO]: Given Predicates {'IsPedestrian': {'instance': IsPed, 'arity': 1, 'method': 'IsPed(Entity)', 'function': 'logicity.utils.pred_converter.z3.IsPed'}, 'IsCar': {'instance': IsCar, 'arity': 1, 'method': 'IsCar(Entity)', 'function': 'logicity.utils.pred_converter.z3.IsCar'}, 'IsAmbulance': {'instance': IsAmb, 'arity': 1, 'method': 'IsAmb(Entity)', 'function': 'logicity.utils.pred_converter.z3.IsAmb'}, 'IsOld': {'instance': IsOld, 'arity': 1, 'method': 'IsOld(Entity)', 'function': 'logicity.utils.pred_converter.z3.IsOld'}, 'IsTiro': {'instance': IsTiro, 'arity': 1, 'method': 'IsTiro(Entity)', 'function': 'logicity.utils.pred_converter.z3.IsTiro'}, 'IsAtInter': {'instance': IsAtInter, 'arity': 1, 'method': 'IsAtInter(Entity)', 'function': 'logicity.utils.pred_converter.z3.IsAtInter'}, 'IsInInter': {'instance': IsInInter, 'arity': 1, 'method': 'IsInInter(Entity)', 'function': 'logicity.utils.pred_converter.z3.IsInInter'}, 'HigherPri': {'instance': HigherPri, 'arity': 2, 'method': 'HigherPri(Entity, Entity)', 'function': 'logicity.utils.pred_converter.z3.HigherPri'}, 'CollidingClose': {'instance': CollidingClose, 'arity': 2, 'method': 'CollidingClose(Entity, Entity)', 'function': 'logicity.utils.pred_converter.z3.CollidingClose'}, 'Stop': {'instance': Stop, 'arity': 1, 'method': 'Stop(Entity)', 'function': 'None'}, 'Fast': {'instance': Fast, 'arity': 1, 'method': 'Fast(Entity)', 'function': 'None'}, 'Normal': {'instance': Normal, 'arity': 1, 'method': 'Normal(Entity)', 'function': 'None'}, 'Slow': {'instance': Slow, 'arity': 1, 'method': 'Slow(Entity)', 'function': 'None'}}, the FOV entities {'Entity': 3}, The logic grounding shape is: 39
2026-05-23 23:58:05 [INFO]: Local planner constructed!
2026-05-23 23:58:05 [INFO]: Constructing 22 streets
2026-05-23 23:58:06 [INFO]: Constructing 16 buildings
2026-05-23 23:58:06 [INFO]: Adding 4 agents, they are constrained in 103 region
2026-05-23 23:58:07 [INFO]: Car_1 initialization done!
2026-05-23 23:58:07 [INFO]: Pedestrian_1 initialization done!
2026-05-23 23:58:07 [INFO]: Car_2 initialization done!
2026-05-23 23:58:08 [INFO]: Car_3 initialization done!
2026-05-23 23:58:08 [INFO]: Done!
2026-05-23 23:58:08 [INFO]: ***Init RL Agent in Env***
2026-05-23 23:58:33 [INFO]: Episode 8 failed.
2026-05-23 23:58:33 [INFO]: Episode 8 achieved a score of -3.9800000000000004
2026-05-23 23:58:33 [INFO]: Episode 8 Success: 0
2026-05-23 23:58:33 [INFO]: Episode 8 Decision Step: {3: 0}
2026-05-23 23:58:33 [INFO]: Episode 8 Success Decision: {3: 0}
2026-05-23 23:58:33 [INFO]: Evaluating episode 9...
2026-05-23 23:58:33 [INFO]: Episode label: {'oracle_step': 48, 'stop_count': 6, 'has_stop': True, 'ego_crosses': True, 'ego_eta': 9, 'ego_direction': 'down', 'other_crosses': 3, 'close_other_count': 0, 'pedestrian_close': None, 'conflicting_approach': False, 'total_crosses': 4}
2026-05-23 23:58:34 [INFO]: Get map info from config/maps/square_2x2.yaml
2026-05-23 23:58:34 [INFO]: Get agent info from config/agents/easy_lite/val.yaml
2026-05-23 23:58:34 [INFO]: Get onology and rules info from config/rules/ontology_easy.yaml, config/rules/Nav/easy/expert.yaml
2026-05-23 23:58:34 [INFO]: Number of Entity Types: 1
Entity Types:
- Entity
2026-05-23 23:58:34 [INFO]: Number of Predicates: 13
Predicates:
- IsPedestrian: {'instance': "Function('IsPed', entity_sorts['Entity'], BoolSort())", 'arity': 1, 'method': 'IsPed(Entity)', 'function': 'logicity.utils.pred_converter.z3.IsPed'}
- IsCar: {'instance': "Function('IsCar', entity_sorts['Entity'], BoolSort())", 'arity': 1, 'method': 'IsCar(Entity)', 'function': 'logicity.utils.pred_converter.z3.IsCar'}
- IsAmbulance: {'instance': "Function('IsAmb', entity_sorts['Entity'], BoolSort())", 'arity': 1, 'method': 'IsAmb(Entity)', 'function': 'logicity.utils.pred_converter.z3.IsAmb'}
- IsOld: {'instance': "Function('IsOld', entity_sorts['Entity'], BoolSort())", 'arity': 1, 'method': 'IsOld(Entity)', 'function': 'logicity.utils.pred_converter.z3.IsOld'}
- IsTiro: {'instance': "Function('IsTiro', entity_sorts['Entity'], BoolSort())", 'arity': 1, 'method': 'IsTiro(Entity)', 'function': 'logicity.utils.pred_converter.z3.IsTiro'}
- IsAtInter: {'instance': "Function('IsAtInter', entity_sorts['Entity'], BoolSort())", 'arity': 1, 'method': 'IsAtInter(Entity)', 'function': 'logicity.utils.pred_converter.z3.IsAtInter'}
- IsInInter: {'instance': "Function('IsInInter', entity_sorts['Entity'], BoolSort())", 'arity': 1, 'method': 'IsInInter(Entity)', 'function': 'logicity.utils.pred_converter.z3.IsInInter'}
- HigherPri: {'instance': "Function('HigherPri', entity_sorts['Entity'], entity_sorts['Entity'], BoolSort())", 'arity': 2, 'method': 'HigherPri(Entity, Entity)', 'function': 'logicity.utils.pred_converter.z3.HigherPri'}
- CollidingClose: {'instance': "Function('CollidingClose', entity_sorts['Entity'], entity_sorts['Entity'], BoolSort())", 'arity': 2, 'method': 'CollidingClose(Entity, Entity)', 'function': 'logicity.utils.pred_converter.z3.CollidingClose'}
- Stop: {'instance': "Function('Stop', entity_sorts['Entity'], BoolSort())", 'arity': 1, 'method': 'Stop(Entity)', 'function': 'None'}
- Fast: {'instance': "Function('Fast', entity_sorts['Entity'], BoolSort())", 'arity': 1, 'method': 'Fast(Entity)', 'function': 'None'}
- Normal: {'instance': "Function('Normal', entity_sorts['Entity'], BoolSort())", 'arity': 1, 'method': 'Normal(Entity)', 'function': 'None'}
- Slow: {'instance': "Function('Slow', entity_sorts['Entity'], BoolSort())", 'arity': 1, 'method': 'Slow(Entity)', 'function': 'None'}
2026-05-23 23:58:34 [INFO]: *** Sim Rule ***: Stop -> 
 Stop(entity) == Exists(
  [dummyEntity], 
  Or(
    And(
      IsAtInter(entity), 
      IsInInter(dummyEntity), 
    ),
    And(
      IsAtInter(entity), 
      IsAtInter(dummyEntity), 
      HigherPri(dummyEntity, entity),
    ),
    CollidingClose(entity, dummyEntity)
  )
)

2026-05-23 23:58:34 [INFO]: *** Task Rule ***: Collision and Intersection -> 
 Implies(Exists(
  [dummyEntity], 
    Or(
      And(
        IsAtInter(entity), 
        IsInInter(dummyEntity), 
      ),
      And(
        IsAtInter(entity), 
        IsAtInter(dummyEntity), 
        HigherPri(dummyEntity, entity),
      ),
      CollidingClose(entity, dummyEntity)
    )
  ),
  Stop(entity)
)

2026-05-23 23:58:34 [INFO]: *** Expert Rule ***: Stop -> 
 Stop(entity) == Exists(
[dummyEntity], 
  Or(
    And(
      IsAtInter(entity), 
      IsInInter(dummyEntity), 
    ),
    And(
      IsAtInter(entity), 
      IsAtInter(dummyEntity), 
      HigherPri(dummyEntity, entity),
    ),
    CollidingClose(entity, dummyEntity)
  )
)

2026-05-23 23:58:34 [INFO]: *** Expert Rule ***: Slow -> 
 Not(Slow(entity))

2026-05-23 23:58:34 [INFO]: *** Expert Rule ***: Fast -> 
 Not(Fast(entity))

2026-05-23 23:58:34 [INFO]: *** Expert Rule ***: Normal -> 
 Normal(entity) == Not(Stop(entity))
2026-05-23 23:58:34 [INFO]: Rules created successfully
2026-05-23 23:58:34 [INFO]: Rules will be grounded later...
2026-05-23 23:58:34 [INFO]: Given Predicates {'IsPedestrian': {'instance': IsPed, 'arity': 1, 'method': 'IsPed(Entity)', 'function': 'logicity.utils.pred_converter.z3.IsPed'}, 'IsCar': {'instance': IsCar, 'arity': 1, 'method': 'IsCar(Entity)', 'function': 'logicity.utils.pred_converter.z3.IsCar'}, 'IsAmbulance': {'instance': IsAmb, 'arity': 1, 'method': 'IsAmb(Entity)', 'function': 'logicity.utils.pred_converter.z3.IsAmb'}, 'IsOld': {'instance': IsOld, 'arity': 1, 'method': 'IsOld(Entity)', 'function': 'logicity.utils.pred_converter.z3.IsOld'}, 'IsTiro': {'instance': IsTiro, 'arity': 1, 'method': 'IsTiro(Entity)', 'function': 'logicity.utils.pred_converter.z3.IsTiro'}, 'IsAtInter': {'instance': IsAtInter, 'arity': 1, 'method': 'IsAtInter(Entity)', 'function': 'logicity.utils.pred_converter.z3.IsAtInter'}, 'IsInInter': {'instance': IsInInter, 'arity': 1, 'method': 'IsInInter(Entity)', 'function': 'logicity.utils.pred_converter.z3.IsInInter'}, 'HigherPri': {'instance': HigherPri, 'arity': 2, 'method': 'HigherPri(Entity, Entity)', 'function': 'logicity.utils.pred_converter.z3.HigherPri'}, 'CollidingClose': {'instance': CollidingClose, 'arity': 2, 'method': 'CollidingClose(Entity, Entity)', 'function': 'logicity.utils.pred_converter.z3.CollidingClose'}, 'Stop': {'instance': Stop, 'arity': 1, 'method': 'Stop(Entity)', 'function': 'None'}, 'Fast': {'instance': Fast, 'arity': 1, 'method': 'Fast(Entity)', 'function': 'None'}, 'Normal': {'instance': Normal, 'arity': 1, 'method': 'Normal(Entity)', 'function': 'None'}, 'Slow': {'instance': Slow, 'arity': 1, 'method': 'Slow(Entity)', 'function': 'None'}}, the FOV entities {'Entity': 3}, The logic grounding shape is: 39
2026-05-23 23:58:34 [INFO]: Local planner constructed!
2026-05-23 23:58:34 [INFO]: Constructing 22 streets
2026-05-23 23:58:34 [INFO]: Constructing 16 buildings
2026-05-23 23:58:34 [INFO]: Adding 4 agents, they are constrained in 103 region
2026-05-23 23:58:35 [INFO]: Car_1 initialization done!
2026-05-23 23:58:35 [INFO]: Pedestrian_1 initialization done!
2026-05-23 23:58:35 [INFO]: Car_2 initialization done!
2026-05-23 23:58:36 [INFO]: Car_3 initialization done!
2026-05-23 23:58:36 [INFO]: Done!
2026-05-23 23:58:36 [INFO]: ***Init RL Agent in Env***
2026-05-23 23:58:52 [INFO]: Episode 9 failed.
2026-05-23 23:58:52 [INFO]: Episode 9 achieved a score of -3.960000000000001
2026-05-23 23:58:52 [INFO]: Episode 9 Success: 0
2026-05-23 23:58:52 [INFO]: Episode 9 Decision Step: {3: 0}
2026-05-23 23:58:52 [INFO]: Episode 9 Success Decision: {3: 0}
2026-05-23 23:58:52 [INFO]: Evaluating episode 10...
2026-05-23 23:58:52 [INFO]: Episode label: {'oracle_step': 98, 'stop_count': 39, 'has_stop': True, 'ego_crosses': True, 'ego_eta': 59, 'ego_direction': 'left', 'other_crosses': 3, 'close_other_count': 0, 'pedestrian_close': None, 'conflicting_approach': False, 'total_crosses': 4}
2026-05-23 23:58:52 [INFO]: Get map info from config/maps/square_2x2.yaml
2026-05-23 23:58:52 [INFO]: Get agent info from config/agents/easy_lite/val.yaml
2026-05-23 23:58:52 [INFO]: Get onology and rules info from config/rules/ontology_easy.yaml, config/rules/Nav/easy/expert.yaml
2026-05-23 23:58:52 [INFO]: Number of Entity Types: 1
Entity Types:
- Entity
2026-05-23 23:58:52 [INFO]: Number of Predicates: 13
Predicates:
- IsPedestrian: {'instance': "Function('IsPed', entity_sorts['Entity'], BoolSort())", 'arity': 1, 'method': 'IsPed(Entity)', 'function': 'logicity.utils.pred_converter.z3.IsPed'}
- IsCar: {'instance': "Function('IsCar', entity_sorts['Entity'], BoolSort())", 'arity': 1, 'method': 'IsCar(Entity)', 'function': 'logicity.utils.pred_converter.z3.IsCar'}
- IsAmbulance: {'instance': "Function('IsAmb', entity_sorts['Entity'], BoolSort())", 'arity': 1, 'method': 'IsAmb(Entity)', 'function': 'logicity.utils.pred_converter.z3.IsAmb'}
- IsOld: {'instance': "Function('IsOld', entity_sorts['Entity'], BoolSort())", 'arity': 1, 'method': 'IsOld(Entity)', 'function': 'logicity.utils.pred_converter.z3.IsOld'}
- IsTiro: {'instance': "Function('IsTiro', entity_sorts['Entity'], BoolSort())", 'arity': 1, 'method': 'IsTiro(Entity)', 'function': 'logicity.utils.pred_converter.z3.IsTiro'}
- IsAtInter: {'instance': "Function('IsAtInter', entity_sorts['Entity'], BoolSort())", 'arity': 1, 'method': 'IsAtInter(Entity)', 'function': 'logicity.utils.pred_converter.z3.IsAtInter'}
- IsInInter: {'instance': "Function('IsInInter', entity_sorts['Entity'], BoolSort())", 'arity': 1, 'method': 'IsInInter(Entity)', 'function': 'logicity.utils.pred_converter.z3.IsInInter'}
- HigherPri: {'instance': "Function('HigherPri', entity_sorts['Entity'], entity_sorts['Entity'], BoolSort())", 'arity': 2, 'method': 'HigherPri(Entity, Entity)', 'function': 'logicity.utils.pred_converter.z3.HigherPri'}
- CollidingClose: {'instance': "Function('CollidingClose', entity_sorts['Entity'], entity_sorts['Entity'], BoolSort())", 'arity': 2, 'method': 'CollidingClose(Entity, Entity)', 'function': 'logicity.utils.pred_converter.z3.CollidingClose'}
- Stop: {'instance': "Function('Stop', entity_sorts['Entity'], BoolSort())", 'arity': 1, 'method': 'Stop(Entity)', 'function': 'None'}
- Fast: {'instance': "Function('Fast', entity_sorts['Entity'], BoolSort())", 'arity': 1, 'method': 'Fast(Entity)', 'function': 'None'}
- Normal: {'instance': "Function('Normal', entity_sorts['Entity'], BoolSort())", 'arity': 1, 'method': 'Normal(Entity)', 'function': 'None'}
- Slow: {'instance': "Function('Slow', entity_sorts['Entity'], BoolSort())", 'arity': 1, 'method': 'Slow(Entity)', 'function': 'None'}
2026-05-23 23:58:52 [INFO]: *** Sim Rule ***: Stop -> 
 Stop(entity) == Exists(
  [dummyEntity], 
  Or(
    And(
      IsAtInter(entity), 
      IsInInter(dummyEntity), 
    ),
    And(
      IsAtInter(entity), 
      IsAtInter(dummyEntity), 
      HigherPri(dummyEntity, entity),
    ),
    CollidingClose(entity, dummyEntity)
  )
)

2026-05-23 23:58:52 [INFO]: *** Task Rule ***: Collision and Intersection -> 
 Implies(Exists(
  [dummyEntity], 
    Or(
      And(
        IsAtInter(entity), 
        IsInInter(dummyEntity), 
      ),
      And(
        IsAtInter(entity), 
        IsAtInter(dummyEntity), 
        HigherPri(dummyEntity, entity),
      ),
      CollidingClose(entity, dummyEntity)
    )
  ),
  Stop(entity)
)

2026-05-23 23:58:52 [INFO]: *** Expert Rule ***: Stop -> 
 Stop(entity) == Exists(
[dummyEntity], 
  Or(
    And(
      IsAtInter(entity), 
      IsInInter(dummyEntity), 
    ),
    And(
      IsAtInter(entity), 
      IsAtInter(dummyEntity), 
      HigherPri(dummyEntity, entity),
    ),
    CollidingClose(entity, dummyEntity)
  )
)

2026-05-23 23:58:52 [INFO]: *** Expert Rule ***: Slow -> 
 Not(Slow(entity))

2026-05-23 23:58:52 [INFO]: *** Expert Rule ***: Fast -> 
 Not(Fast(entity))

2026-05-23 23:58:52 [INFO]: *** Expert Rule ***: Normal -> 
 Normal(entity) == Not(Stop(entity))
2026-05-23 23:58:52 [INFO]: Rules created successfully
2026-05-23 23:58:52 [INFO]: Rules will be grounded later...
2026-05-23 23:58:52 [INFO]: Given Predicates {'IsPedestrian': {'instance': IsPed, 'arity': 1, 'method': 'IsPed(Entity)', 'function': 'logicity.utils.pred_converter.z3.IsPed'}, 'IsCar': {'instance': IsCar, 'arity': 1, 'method': 'IsCar(Entity)', 'function': 'logicity.utils.pred_converter.z3.IsCar'}, 'IsAmbulance': {'instance': IsAmb, 'arity': 1, 'method': 'IsAmb(Entity)', 'function': 'logicity.utils.pred_converter.z3.IsAmb'}, 'IsOld': {'instance': IsOld, 'arity': 1, 'method': 'IsOld(Entity)', 'function': 'logicity.utils.pred_converter.z3.IsOld'}, 'IsTiro': {'instance': IsTiro, 'arity': 1, 'method': 'IsTiro(Entity)', 'function': 'logicity.utils.pred_converter.z3.IsTiro'}, 'IsAtInter': {'instance': IsAtInter, 'arity': 1, 'method': 'IsAtInter(Entity)', 'function': 'logicity.utils.pred_converter.z3.IsAtInter'}, 'IsInInter': {'instance': IsInInter, 'arity': 1, 'method': 'IsInInter(Entity)', 'function': 'logicity.utils.pred_converter.z3.IsInInter'}, 'HigherPri': {'instance': HigherPri, 'arity': 2, 'method': 'HigherPri(Entity, Entity)', 'function': 'logicity.utils.pred_converter.z3.HigherPri'}, 'CollidingClose': {'instance': CollidingClose, 'arity': 2, 'method': 'CollidingClose(Entity, Entity)', 'function': 'logicity.utils.pred_converter.z3.CollidingClose'}, 'Stop': {'instance': Stop, 'arity': 1, 'method': 'Stop(Entity)', 'function': 'None'}, 'Fast': {'instance': Fast, 'arity': 1, 'method': 'Fast(Entity)', 'function': 'None'}, 'Normal': {'instance': Normal, 'arity': 1, 'method': 'Normal(Entity)', 'function': 'None'}, 'Slow': {'instance': Slow, 'arity': 1, 'method': 'Slow(Entity)', 'function': 'None'}}, the FOV entities {'Entity': 3}, The logic grounding shape is: 39
2026-05-23 23:58:52 [INFO]: Local planner constructed!
2026-05-23 23:58:52 [INFO]: Constructing 22 streets
2026-05-23 23:58:52 [INFO]: Constructing 16 buildings
2026-05-23 23:58:53 [INFO]: Adding 4 agents, they are constrained in 103 region
2026-05-23 23:58:53 [INFO]: Car_1 initialization done!
2026-05-23 23:58:53 [INFO]: Pedestrian_1 initialization done!
2026-05-23 23:58:53 [INFO]: Car_2 initialization done!
2026-05-23 23:58:54 [INFO]: Car_3 initialization done!
2026-05-23 23:58:54 [INFO]: Done!
2026-05-23 23:58:54 [INFO]: ***Init RL Agent in Env***
2026-05-23 23:59:27 [INFO]: Episode 10 failed.
2026-05-23 23:59:27 [INFO]: Episode 10 achieved a score of -4.960000000000002
2026-05-23 23:59:27 [INFO]: Episode 10 Success: 0
2026-05-23 23:59:27 [INFO]: Episode 10 Decision Step: {3: 0}
2026-05-23 23:59:27 [INFO]: Episode 10 Success Decision: {3: 0}
2026-05-23 23:59:27 [INFO]: Evaluating episode 11...
2026-05-23 23:59:27 [INFO]: Episode label: {'oracle_step': 69, 'stop_count': 0, 'has_stop': False, 'ego_crosses': True, 'ego_eta': 53, 'ego_direction': 'right', 'other_crosses': 3, 'close_other_count': 0, 'pedestrian_close': None, 'conflicting_approach': False, 'total_crosses': 4}
2026-05-23 23:59:28 [INFO]: Get map info from config/maps/square_2x2.yaml
2026-05-23 23:59:28 [INFO]: Get agent info from config/agents/easy_lite/val.yaml
2026-05-23 23:59:28 [INFO]: Get onology and rules info from config/rules/ontology_easy.yaml, config/rules/Nav/easy/expert.yaml
2026-05-23 23:59:28 [INFO]: Number of Entity Types: 1
Entity Types:
- Entity
2026-05-23 23:59:28 [INFO]: Number of Predicates: 13
Predicates:
- IsPedestrian: {'instance': "Function('IsPed', entity_sorts['Entity'], BoolSort())", 'arity': 1, 'method': 'IsPed(Entity)', 'function': 'logicity.utils.pred_converter.z3.IsPed'}
- IsCar: {'instance': "Function('IsCar', entity_sorts['Entity'], BoolSort())", 'arity': 1, 'method': 'IsCar(Entity)', 'function': 'logicity.utils.pred_converter.z3.IsCar'}
- IsAmbulance: {'instance': "Function('IsAmb', entity_sorts['Entity'], BoolSort())", 'arity': 1, 'method': 'IsAmb(Entity)', 'function': 'logicity.utils.pred_converter.z3.IsAmb'}
- IsOld: {'instance': "Function('IsOld', entity_sorts['Entity'], BoolSort())", 'arity': 1, 'method': 'IsOld(Entity)', 'function': 'logicity.utils.pred_converter.z3.IsOld'}
- IsTiro: {'instance': "Function('IsTiro', entity_sorts['Entity'], BoolSort())", 'arity': 1, 'method': 'IsTiro(Entity)', 'function': 'logicity.utils.pred_converter.z3.IsTiro'}
- IsAtInter: {'instance': "Function('IsAtInter', entity_sorts['Entity'], BoolSort())", 'arity': 1, 'method': 'IsAtInter(Entity)', 'function': 'logicity.utils.pred_converter.z3.IsAtInter'}
- IsInInter: {'instance': "Function('IsInInter', entity_sorts['Entity'], BoolSort())", 'arity': 1, 'method': 'IsInInter(Entity)', 'function': 'logicity.utils.pred_converter.z3.IsInInter'}
- HigherPri: {'instance': "Function('HigherPri', entity_sorts['Entity'], entity_sorts['Entity'], BoolSort())", 'arity': 2, 'method': 'HigherPri(Entity, Entity)', 'function': 'logicity.utils.pred_converter.z3.HigherPri'}
- CollidingClose: {'instance': "Function('CollidingClose', entity_sorts['Entity'], entity_sorts['Entity'], BoolSort())", 'arity': 2, 'method': 'CollidingClose(Entity, Entity)', 'function': 'logicity.utils.pred_converter.z3.CollidingClose'}
- Stop: {'instance': "Function('Stop', entity_sorts['Entity'], BoolSort())", 'arity': 1, 'method': 'Stop(Entity)', 'function': 'None'}
- Fast: {'instance': "Function('Fast', entity_sorts['Entity'], BoolSort())", 'arity': 1, 'method': 'Fast(Entity)', 'function': 'None'}
- Normal: {'instance': "Function('Normal', entity_sorts['Entity'], BoolSort())", 'arity': 1, 'method': 'Normal(Entity)', 'function': 'None'}
- Slow: {'instance': "Function('Slow', entity_sorts['Entity'], BoolSort())", 'arity': 1, 'method': 'Slow(Entity)', 'function': 'None'}
2026-05-23 23:59:28 [INFO]: *** Sim Rule ***: Stop -> 
 Stop(entity) == Exists(
  [dummyEntity], 
  Or(
    And(
      IsAtInter(entity), 
      IsInInter(dummyEntity), 
    ),
    And(
      IsAtInter(entity), 
      IsAtInter(dummyEntity), 
      HigherPri(dummyEntity, entity),
    ),
    CollidingClose(entity, dummyEntity)
  )
)

2026-05-23 23:59:28 [INFO]: *** Task Rule ***: Collision and Intersection -> 
 Implies(Exists(
  [dummyEntity], 
    Or(
      And(
        IsAtInter(entity), 
        IsInInter(dummyEntity), 
      ),
      And(
        IsAtInter(entity), 
        IsAtInter(dummyEntity), 
        HigherPri(dummyEntity, entity),
      ),
      CollidingClose(entity, dummyEntity)
    )
  ),
  Stop(entity)
)

2026-05-23 23:59:28 [INFO]: *** Expert Rule ***: Stop -> 
 Stop(entity) == Exists(
[dummyEntity], 
  Or(
    And(
      IsAtInter(entity), 
      IsInInter(dummyEntity), 
    ),
    And(
      IsAtInter(entity), 
      IsAtInter(dummyEntity), 
      HigherPri(dummyEntity, entity),
    ),
    CollidingClose(entity, dummyEntity)
  )
)

2026-05-23 23:59:28 [INFO]: *** Expert Rule ***: Slow -> 
 Not(Slow(entity))

2026-05-23 23:59:28 [INFO]: *** Expert Rule ***: Fast -> 
 Not(Fast(entity))

2026-05-23 23:59:28 [INFO]: *** Expert Rule ***: Normal -> 
 Normal(entity) == Not(Stop(entity))
2026-05-23 23:59:28 [INFO]: Rules created successfully
2026-05-23 23:59:28 [INFO]: Rules will be grounded later...
2026-05-23 23:59:28 [INFO]: Given Predicates {'IsPedestrian': {'instance': IsPed, 'arity': 1, 'method': 'IsPed(Entity)', 'function': 'logicity.utils.pred_converter.z3.IsPed'}, 'IsCar': {'instance': IsCar, 'arity': 1, 'method': 'IsCar(Entity)', 'function': 'logicity.utils.pred_converter.z3.IsCar'}, 'IsAmbulance': {'instance': IsAmb, 'arity': 1, 'method': 'IsAmb(Entity)', 'function': 'logicity.utils.pred_converter.z3.IsAmb'}, 'IsOld': {'instance': IsOld, 'arity': 1, 'method': 'IsOld(Entity)', 'function': 'logicity.utils.pred_converter.z3.IsOld'}, 'IsTiro': {'instance': IsTiro, 'arity': 1, 'method': 'IsTiro(Entity)', 'function': 'logicity.utils.pred_converter.z3.IsTiro'}, 'IsAtInter': {'instance': IsAtInter, 'arity': 1, 'method': 'IsAtInter(Entity)', 'function': 'logicity.utils.pred_converter.z3.IsAtInter'}, 'IsInInter': {'instance': IsInInter, 'arity': 1, 'method': 'IsInInter(Entity)', 'function': 'logicity.utils.pred_converter.z3.IsInInter'}, 'HigherPri': {'instance': HigherPri, 'arity': 2, 'method': 'HigherPri(Entity, Entity)', 'function': 'logicity.utils.pred_converter.z3.HigherPri'}, 'CollidingClose': {'instance': CollidingClose, 'arity': 2, 'method': 'CollidingClose(Entity, Entity)', 'function': 'logicity.utils.pred_converter.z3.CollidingClose'}, 'Stop': {'instance': Stop, 'arity': 1, 'method': 'Stop(Entity)', 'function': 'None'}, 'Fast': {'instance': Fast, 'arity': 1, 'method': 'Fast(Entity)', 'function': 'None'}, 'Normal': {'instance': Normal, 'arity': 1, 'method': 'Normal(Entity)', 'function': 'None'}, 'Slow': {'instance': Slow, 'arity': 1, 'method': 'Slow(Entity)', 'function': 'None'}}, the FOV entities {'Entity': 3}, The logic grounding shape is: 39
2026-05-23 23:59:28 [INFO]: Local planner constructed!
2026-05-23 23:59:28 [INFO]: Constructing 22 streets
2026-05-23 23:59:28 [INFO]: Constructing 16 buildings
2026-05-23 23:59:28 [INFO]: Adding 4 agents, they are constrained in 103 region
2026-05-23 23:59:29 [INFO]: Car_1 initialization done!
2026-05-23 23:59:29 [INFO]: Pedestrian_1 initialization done!
2026-05-23 23:59:29 [INFO]: Car_2 initialization done!
2026-05-23 23:59:30 [INFO]: Car_3 initialization done!
2026-05-23 23:59:30 [INFO]: Done!
2026-05-23 23:59:30 [INFO]: ***Init RL Agent in Env***
2026-05-23 23:59:53 [INFO]: Episode 11 failed.
2026-05-23 23:59:53 [INFO]: Episode 11 achieved a score of -4.380000000000001
2026-05-23 23:59:53 [INFO]: Episode 11 Success: 0
2026-05-23 23:59:53 [INFO]: Episode 11 Decision Step: {3: 0}
2026-05-23 23:59:53 [INFO]: Episode 11 Success Decision: {3: 0}
2026-05-23 23:59:53 [INFO]: Evaluating episode 12...
2026-05-23 23:59:53 [INFO]: Episode label: {'oracle_step': 46, 'stop_count': 0, 'has_stop': False, 'ego_crosses': True, 'ego_eta': 10, 'ego_direction': 'left', 'other_crosses': 3, 'close_other_count': 0, 'pedestrian_close': None, 'conflicting_approach': False, 'total_crosses': 4}
2026-05-23 23:59:53 [INFO]: Get map info from config/maps/square_2x2.yaml
2026-05-23 23:59:53 [INFO]: Get agent info from config/agents/easy_lite/val.yaml
2026-05-23 23:59:53 [INFO]: Get onology and rules info from config/rules/ontology_easy.yaml, config/rules/Nav/easy/expert.yaml
2026-05-23 23:59:53 [INFO]: Number of Entity Types: 1
Entity Types:
- Entity
2026-05-23 23:59:53 [INFO]: Number of Predicates: 13
Predicates:
- IsPedestrian: {'instance': "Function('IsPed', entity_sorts['Entity'], BoolSort())", 'arity': 1, 'method': 'IsPed(Entity)', 'function': 'logicity.utils.pred_converter.z3.IsPed'}
- IsCar: {'instance': "Function('IsCar', entity_sorts['Entity'], BoolSort())", 'arity': 1, 'method': 'IsCar(Entity)', 'function': 'logicity.utils.pred_converter.z3.IsCar'}
- IsAmbulance: {'instance': "Function('IsAmb', entity_sorts['Entity'], BoolSort())", 'arity': 1, 'method': 'IsAmb(Entity)', 'function': 'logicity.utils.pred_converter.z3.IsAmb'}
- IsOld: {'instance': "Function('IsOld', entity_sorts['Entity'], BoolSort())", 'arity': 1, 'method': 'IsOld(Entity)', 'function': 'logicity.utils.pred_converter.z3.IsOld'}
- IsTiro: {'instance': "Function('IsTiro', entity_sorts['Entity'], BoolSort())", 'arity': 1, 'method': 'IsTiro(Entity)', 'function': 'logicity.utils.pred_converter.z3.IsTiro'}
- IsAtInter: {'instance': "Function('IsAtInter', entity_sorts['Entity'], BoolSort())", 'arity': 1, 'method': 'IsAtInter(Entity)', 'function': 'logicity.utils.pred_converter.z3.IsAtInter'}
- IsInInter: {'instance': "Function('IsInInter', entity_sorts['Entity'], BoolSort())", 'arity': 1, 'method': 'IsInInter(Entity)', 'function': 'logicity.utils.pred_converter.z3.IsInInter'}
- HigherPri: {'instance': "Function('HigherPri', entity_sorts['Entity'], entity_sorts['Entity'], BoolSort())", 'arity': 2, 'method': 'HigherPri(Entity, Entity)', 'function': 'logicity.utils.pred_converter.z3.HigherPri'}
- CollidingClose: {'instance': "Function('CollidingClose', entity_sorts['Entity'], entity_sorts['Entity'], BoolSort())", 'arity': 2, 'method': 'CollidingClose(Entity, Entity)', 'function': 'logicity.utils.pred_converter.z3.CollidingClose'}
- Stop: {'instance': "Function('Stop', entity_sorts['Entity'], BoolSort())", 'arity': 1, 'method': 'Stop(Entity)', 'function': 'None'}
- Fast: {'instance': "Function('Fast', entity_sorts['Entity'], BoolSort())", 'arity': 1, 'method': 'Fast(Entity)', 'function': 'None'}
- Normal: {'instance': "Function('Normal', entity_sorts['Entity'], BoolSort())", 'arity': 1, 'method': 'Normal(Entity)', 'function': 'None'}
- Slow: {'instance': "Function('Slow', entity_sorts['Entity'], BoolSort())", 'arity': 1, 'method': 'Slow(Entity)', 'function': 'None'}
2026-05-23 23:59:53 [INFO]: *** Sim Rule ***: Stop -> 
 Stop(entity) == Exists(
  [dummyEntity], 
  Or(
    And(
      IsAtInter(entity), 
      IsInInter(dummyEntity), 
    ),
    And(
      IsAtInter(entity), 
      IsAtInter(dummyEntity), 
      HigherPri(dummyEntity, entity),
    ),
    CollidingClose(entity, dummyEntity)
  )
)

2026-05-23 23:59:53 [INFO]: *** Task Rule ***: Collision and Intersection -> 
 Implies(Exists(
  [dummyEntity], 
    Or(
      And(
        IsAtInter(entity), 
        IsInInter(dummyEntity), 
      ),
      And(
        IsAtInter(entity), 
        IsAtInter(dummyEntity), 
        HigherPri(dummyEntity, entity),
      ),
      CollidingClose(entity, dummyEntity)
    )
  ),
  Stop(entity)
)

2026-05-23 23:59:53 [INFO]: *** Expert Rule ***: Stop -> 
 Stop(entity) == Exists(
[dummyEntity], 
  Or(
    And(
      IsAtInter(entity), 
      IsInInter(dummyEntity), 
    ),
    And(
      IsAtInter(entity), 
      IsAtInter(dummyEntity), 
      HigherPri(dummyEntity, entity),
    ),
    CollidingClose(entity, dummyEntity)
  )
)

2026-05-23 23:59:53 [INFO]: *** Expert Rule ***: Slow -> 
 Not(Slow(entity))

2026-05-23 23:59:53 [INFO]: *** Expert Rule ***: Fast -> 
 Not(Fast(entity))

2026-05-23 23:59:53 [INFO]: *** Expert Rule ***: Normal -> 
 Normal(entity) == Not(Stop(entity))
2026-05-23 23:59:53 [INFO]: Rules created successfully
2026-05-23 23:59:53 [INFO]: Rules will be grounded later...
2026-05-23 23:59:53 [INFO]: Given Predicates {'IsPedestrian': {'instance': IsPed, 'arity': 1, 'method': 'IsPed(Entity)', 'function': 'logicity.utils.pred_converter.z3.IsPed'}, 'IsCar': {'instance': IsCar, 'arity': 1, 'method': 'IsCar(Entity)', 'function': 'logicity.utils.pred_converter.z3.IsCar'}, 'IsAmbulance': {'instance': IsAmb, 'arity': 1, 'method': 'IsAmb(Entity)', 'function': 'logicity.utils.pred_converter.z3.IsAmb'}, 'IsOld': {'instance': IsOld, 'arity': 1, 'method': 'IsOld(Entity)', 'function': 'logicity.utils.pred_converter.z3.IsOld'}, 'IsTiro': {'instance': IsTiro, 'arity': 1, 'method': 'IsTiro(Entity)', 'function': 'logicity.utils.pred_converter.z3.IsTiro'}, 'IsAtInter': {'instance': IsAtInter, 'arity': 1, 'method': 'IsAtInter(Entity)', 'function': 'logicity.utils.pred_converter.z3.IsAtInter'}, 'IsInInter': {'instance': IsInInter, 'arity': 1, 'method': 'IsInInter(Entity)', 'function': 'logicity.utils.pred_converter.z3.IsInInter'}, 'HigherPri': {'instance': HigherPri, 'arity': 2, 'method': 'HigherPri(Entity, Entity)', 'function': 'logicity.utils.pred_converter.z3.HigherPri'}, 'CollidingClose': {'instance': CollidingClose, 'arity': 2, 'method': 'CollidingClose(Entity, Entity)', 'function': 'logicity.utils.pred_converter.z3.CollidingClose'}, 'Stop': {'instance': Stop, 'arity': 1, 'method': 'Stop(Entity)', 'function': 'None'}, 'Fast': {'instance': Fast, 'arity': 1, 'method': 'Fast(Entity)', 'function': 'None'}, 'Normal': {'instance': Normal, 'arity': 1, 'method': 'Normal(Entity)', 'function': 'None'}, 'Slow': {'instance': Slow, 'arity': 1, 'method': 'Slow(Entity)', 'function': 'None'}}, the FOV entities {'Entity': 3}, The logic grounding shape is: 39
2026-05-23 23:59:53 [INFO]: Local planner constructed!
2026-05-23 23:59:53 [INFO]: Constructing 22 streets
2026-05-23 23:59:53 [INFO]: Constructing 16 buildings
2026-05-23 23:59:54 [INFO]: Adding 4 agents, they are constrained in 103 region
2026-05-23 23:59:54 [INFO]: Car_1 initialization done!
2026-05-23 23:59:54 [INFO]: Pedestrian_1 initialization done!
2026-05-23 23:59:54 [INFO]: Car_2 initialization done!
2026-05-23 23:59:55 [INFO]: Car_3 initialization done!
2026-05-23 23:59:55 [INFO]: Done!
2026-05-23 23:59:55 [INFO]: ***Init RL Agent in Env***
2026-05-24 00:00:11 [INFO]: Episode 12 failed.
2026-05-24 00:00:11 [INFO]: Episode 12 achieved a score of -3.920000000000001
2026-05-24 00:00:11 [INFO]: Episode 12 Success: 0
2026-05-24 00:00:11 [INFO]: Episode 12 Decision Step: {3: 0}
2026-05-24 00:00:11 [INFO]: Episode 12 Success Decision: {3: 0}
2026-05-24 00:00:11 [INFO]: Evaluating episode 13...
2026-05-24 00:00:11 [INFO]: Episode label: {'oracle_step': 70, 'stop_count': 10, 'has_stop': True, 'ego_crosses': True, 'ego_eta': 49, 'ego_direction': 'down', 'other_crosses': 3, 'close_other_count': 0, 'pedestrian_close': None, 'conflicting_approach': False, 'total_crosses': 4}
2026-05-24 00:00:11 [INFO]: Get map info from config/maps/square_2x2.yaml
2026-05-24 00:00:11 [INFO]: Get agent info from config/agents/easy_lite/val.yaml
2026-05-24 00:00:11 [INFO]: Get onology and rules info from config/rules/ontology_easy.yaml, config/rules/Nav/easy/expert.yaml
2026-05-24 00:00:11 [INFO]: Number of Entity Types: 1
Entity Types:
- Entity
2026-05-24 00:00:11 [INFO]: Number of Predicates: 13
Predicates:
- IsPedestrian: {'instance': "Function('IsPed', entity_sorts['Entity'], BoolSort())", 'arity': 1, 'method': 'IsPed(Entity)', 'function': 'logicity.utils.pred_converter.z3.IsPed'}
- IsCar: {'instance': "Function('IsCar', entity_sorts['Entity'], BoolSort())", 'arity': 1, 'method': 'IsCar(Entity)', 'function': 'logicity.utils.pred_converter.z3.IsCar'}
- IsAmbulance: {'instance': "Function('IsAmb', entity_sorts['Entity'], BoolSort())", 'arity': 1, 'method': 'IsAmb(Entity)', 'function': 'logicity.utils.pred_converter.z3.IsAmb'}
- IsOld: {'instance': "Function('IsOld', entity_sorts['Entity'], BoolSort())", 'arity': 1, 'method': 'IsOld(Entity)', 'function': 'logicity.utils.pred_converter.z3.IsOld'}
- IsTiro: {'instance': "Function('IsTiro', entity_sorts['Entity'], BoolSort())", 'arity': 1, 'method': 'IsTiro(Entity)', 'function': 'logicity.utils.pred_converter.z3.IsTiro'}
- IsAtInter: {'instance': "Function('IsAtInter', entity_sorts['Entity'], BoolSort())", 'arity': 1, 'method': 'IsAtInter(Entity)', 'function': 'logicity.utils.pred_converter.z3.IsAtInter'}
- IsInInter: {'instance': "Function('IsInInter', entity_sorts['Entity'], BoolSort())", 'arity': 1, 'method': 'IsInInter(Entity)', 'function': 'logicity.utils.pred_converter.z3.IsInInter'}
- HigherPri: {'instance': "Function('HigherPri', entity_sorts['Entity'], entity_sorts['Entity'], BoolSort())", 'arity': 2, 'method': 'HigherPri(Entity, Entity)', 'function': 'logicity.utils.pred_converter.z3.HigherPri'}
- CollidingClose: {'instance': "Function('CollidingClose', entity_sorts['Entity'], entity_sorts['Entity'], BoolSort())", 'arity': 2, 'method': 'CollidingClose(Entity, Entity)', 'function': 'logicity.utils.pred_converter.z3.CollidingClose'}
- Stop: {'instance': "Function('Stop', entity_sorts['Entity'], BoolSort())", 'arity': 1, 'method': 'Stop(Entity)', 'function': 'None'}
- Fast: {'instance': "Function('Fast', entity_sorts['Entity'], BoolSort())", 'arity': 1, 'method': 'Fast(Entity)', 'function': 'None'}
- Normal: {'instance': "Function('Normal', entity_sorts['Entity'], BoolSort())", 'arity': 1, 'method': 'Normal(Entity)', 'function': 'None'}
- Slow: {'instance': "Function('Slow', entity_sorts['Entity'], BoolSort())", 'arity': 1, 'method': 'Slow(Entity)', 'function': 'None'}
2026-05-24 00:00:11 [INFO]: *** Sim Rule ***: Stop -> 
 Stop(entity) == Exists(
  [dummyEntity], 
  Or(
    And(
      IsAtInter(entity), 
      IsInInter(dummyEntity), 
    ),
    And(
      IsAtInter(entity), 
      IsAtInter(dummyEntity), 
      HigherPri(dummyEntity, entity),
    ),
    CollidingClose(entity, dummyEntity)
  )
)

2026-05-24 00:00:11 [INFO]: *** Task Rule ***: Collision and Intersection -> 
 Implies(Exists(
  [dummyEntity], 
    Or(
      And(
        IsAtInter(entity), 
        IsInInter(dummyEntity), 
      ),
      And(
        IsAtInter(entity), 
        IsAtInter(dummyEntity), 
        HigherPri(dummyEntity, entity),
      ),
      CollidingClose(entity, dummyEntity)
    )
  ),
  Stop(entity)
)

2026-05-24 00:00:11 [INFO]: *** Expert Rule ***: Stop -> 
 Stop(entity) == Exists(
[dummyEntity], 
  Or(
    And(
      IsAtInter(entity), 
      IsInInter(dummyEntity), 
    ),
    And(
      IsAtInter(entity), 
      IsAtInter(dummyEntity), 
      HigherPri(dummyEntity, entity),
    ),
    CollidingClose(entity, dummyEntity)
  )
)

2026-05-24 00:00:11 [INFO]: *** Expert Rule ***: Slow -> 
 Not(Slow(entity))

2026-05-24 00:00:11 [INFO]: *** Expert Rule ***: Fast -> 
 Not(Fast(entity))

2026-05-24 00:00:11 [INFO]: *** Expert Rule ***: Normal -> 
 Normal(entity) == Not(Stop(entity))
2026-05-24 00:00:11 [INFO]: Rules created successfully
2026-05-24 00:00:11 [INFO]: Rules will be grounded later...
2026-05-24 00:00:11 [INFO]: Given Predicates {'IsPedestrian': {'instance': IsPed, 'arity': 1, 'method': 'IsPed(Entity)', 'function': 'logicity.utils.pred_converter.z3.IsPed'}, 'IsCar': {'instance': IsCar, 'arity': 1, 'method': 'IsCar(Entity)', 'function': 'logicity.utils.pred_converter.z3.IsCar'}, 'IsAmbulance': {'instance': IsAmb, 'arity': 1, 'method': 'IsAmb(Entity)', 'function': 'logicity.utils.pred_converter.z3.IsAmb'}, 'IsOld': {'instance': IsOld, 'arity': 1, 'method': 'IsOld(Entity)', 'function': 'logicity.utils.pred_converter.z3.IsOld'}, 'IsTiro': {'instance': IsTiro, 'arity': 1, 'method': 'IsTiro(Entity)', 'function': 'logicity.utils.pred_converter.z3.IsTiro'}, 'IsAtInter': {'instance': IsAtInter, 'arity': 1, 'method': 'IsAtInter(Entity)', 'function': 'logicity.utils.pred_converter.z3.IsAtInter'}, 'IsInInter': {'instance': IsInInter, 'arity': 1, 'method': 'IsInInter(Entity)', 'function': 'logicity.utils.pred_converter.z3.IsInInter'}, 'HigherPri': {'instance': HigherPri, 'arity': 2, 'method': 'HigherPri(Entity, Entity)', 'function': 'logicity.utils.pred_converter.z3.HigherPri'}, 'CollidingClose': {'instance': CollidingClose, 'arity': 2, 'method': 'CollidingClose(Entity, Entity)', 'function': 'logicity.utils.pred_converter.z3.CollidingClose'}, 'Stop': {'instance': Stop, 'arity': 1, 'method': 'Stop(Entity)', 'function': 'None'}, 'Fast': {'instance': Fast, 'arity': 1, 'method': 'Fast(Entity)', 'function': 'None'}, 'Normal': {'instance': Normal, 'arity': 1, 'method': 'Normal(Entity)', 'function': 'None'}, 'Slow': {'instance': Slow, 'arity': 1, 'method': 'Slow(Entity)', 'function': 'None'}}, the FOV entities {'Entity': 3}, The logic grounding shape is: 39
2026-05-24 00:00:11 [INFO]: Local planner constructed!
2026-05-24 00:00:11 [INFO]: Constructing 22 streets
2026-05-24 00:00:12 [INFO]: Constructing 16 buildings
2026-05-24 00:00:12 [INFO]: Adding 4 agents, they are constrained in 103 region
2026-05-24 00:00:13 [INFO]: Car_1 initialization done!
2026-05-24 00:00:13 [INFO]: Pedestrian_1 initialization done!
2026-05-24 00:00:13 [INFO]: Car_2 initialization done!
2026-05-24 00:00:13 [INFO]: Car_3 initialization done!
2026-05-24 00:00:13 [INFO]: Done!
2026-05-24 00:00:13 [INFO]: ***Init RL Agent in Env***
2026-05-24 00:00:37 [INFO]: Episode 13 failed.
2026-05-24 00:00:37 [INFO]: Episode 13 achieved a score of -4.400000000000001
2026-05-24 00:00:37 [INFO]: Episode 13 Success: 0
2026-05-24 00:00:37 [INFO]: Episode 13 Decision Step: {3: 0}
2026-05-24 00:00:37 [INFO]: Episode 13 Success Decision: {3: 0}
2026-05-24 00:00:37 [INFO]: Evaluating episode 14...
2026-05-24 00:00:37 [INFO]: Episode label: {'oracle_step': 57, 'stop_count': 7, 'has_stop': True, 'ego_crosses': True, 'ego_eta': 27, 'ego_direction': 'down', 'other_crosses': 3, 'close_other_count': 0, 'pedestrian_close': None, 'conflicting_approach': False, 'total_crosses': 4}
2026-05-24 00:00:37 [INFO]: Get map info from config/maps/square_2x2.yaml
2026-05-24 00:00:37 [INFO]: Get agent info from config/agents/easy_lite/val.yaml
2026-05-24 00:00:37 [INFO]: Get onology and rules info from config/rules/ontology_easy.yaml, config/rules/Nav/easy/expert.yaml
2026-05-24 00:00:37 [INFO]: Number of Entity Types: 1
Entity Types:
- Entity
2026-05-24 00:00:37 [INFO]: Number of Predicates: 13
Predicates:
- IsPedestrian: {'instance': "Function('IsPed', entity_sorts['Entity'], BoolSort())", 'arity': 1, 'method': 'IsPed(Entity)', 'function': 'logicity.utils.pred_converter.z3.IsPed'}
- IsCar: {'instance': "Function('IsCar', entity_sorts['Entity'], BoolSort())", 'arity': 1, 'method': 'IsCar(Entity)', 'function': 'logicity.utils.pred_converter.z3.IsCar'}
- IsAmbulance: {'instance': "Function('IsAmb', entity_sorts['Entity'], BoolSort())", 'arity': 1, 'method': 'IsAmb(Entity)', 'function': 'logicity.utils.pred_converter.z3.IsAmb'}
- IsOld: {'instance': "Function('IsOld', entity_sorts['Entity'], BoolSort())", 'arity': 1, 'method': 'IsOld(Entity)', 'function': 'logicity.utils.pred_converter.z3.IsOld'}
- IsTiro: {'instance': "Function('IsTiro', entity_sorts['Entity'], BoolSort())", 'arity': 1, 'method': 'IsTiro(Entity)', 'function': 'logicity.utils.pred_converter.z3.IsTiro'}
- IsAtInter: {'instance': "Function('IsAtInter', entity_sorts['Entity'], BoolSort())", 'arity': 1, 'method': 'IsAtInter(Entity)', 'function': 'logicity.utils.pred_converter.z3.IsAtInter'}
- IsInInter: {'instance': "Function('IsInInter', entity_sorts['Entity'], BoolSort())", 'arity': 1, 'method': 'IsInInter(Entity)', 'function': 'logicity.utils.pred_converter.z3.IsInInter'}
- HigherPri: {'instance': "Function('HigherPri', entity_sorts['Entity'], entity_sorts['Entity'], BoolSort())", 'arity': 2, 'method': 'HigherPri(Entity, Entity)', 'function': 'logicity.utils.pred_converter.z3.HigherPri'}
- CollidingClose: {'instance': "Function('CollidingClose', entity_sorts['Entity'], entity_sorts['Entity'], BoolSort())", 'arity': 2, 'method': 'CollidingClose(Entity, Entity)', 'function': 'logicity.utils.pred_converter.z3.CollidingClose'}
- Stop: {'instance': "Function('Stop', entity_sorts['Entity'], BoolSort())", 'arity': 1, 'method': 'Stop(Entity)', 'function': 'None'}
- Fast: {'instance': "Function('Fast', entity_sorts['Entity'], BoolSort())", 'arity': 1, 'method': 'Fast(Entity)', 'function': 'None'}
- Normal: {'instance': "Function('Normal', entity_sorts['Entity'], BoolSort())", 'arity': 1, 'method': 'Normal(Entity)', 'function': 'None'}
- Slow: {'instance': "Function('Slow', entity_sorts['Entity'], BoolSort())", 'arity': 1, 'method': 'Slow(Entity)', 'function': 'None'}
2026-05-24 00:00:37 [INFO]: *** Sim Rule ***: Stop -> 
 Stop(entity) == Exists(
  [dummyEntity], 
  Or(
    And(
      IsAtInter(entity), 
      IsInInter(dummyEntity), 
    ),
    And(
      IsAtInter(entity), 
      IsAtInter(dummyEntity), 
      HigherPri(dummyEntity, entity),
    ),
    CollidingClose(entity, dummyEntity)
  )
)

2026-05-24 00:00:37 [INFO]: *** Task Rule ***: Collision and Intersection -> 
 Implies(Exists(
  [dummyEntity], 
    Or(
      And(
        IsAtInter(entity), 
        IsInInter(dummyEntity), 
      ),
      And(
        IsAtInter(entity), 
        IsAtInter(dummyEntity), 
        HigherPri(dummyEntity, entity),
      ),
      CollidingClose(entity, dummyEntity)
    )
  ),
  Stop(entity)
)

2026-05-24 00:00:37 [INFO]: *** Expert Rule ***: Stop -> 
 Stop(entity) == Exists(
[dummyEntity], 
  Or(
    And(
      IsAtInter(entity), 
      IsInInter(dummyEntity), 
    ),
    And(
      IsAtInter(entity), 
      IsAtInter(dummyEntity), 
      HigherPri(dummyEntity, entity),
    ),
    CollidingClose(entity, dummyEntity)
  )
)

2026-05-24 00:00:37 [INFO]: *** Expert Rule ***: Slow -> 
 Not(Slow(entity))

2026-05-24 00:00:37 [INFO]: *** Expert Rule ***: Fast -> 
 Not(Fast(entity))

2026-05-24 00:00:37 [INFO]: *** Expert Rule ***: Normal -> 
 Normal(entity) == Not(Stop(entity))
2026-05-24 00:00:37 [INFO]: Rules created successfully
2026-05-24 00:00:37 [INFO]: Rules will be grounded later...
2026-05-24 00:00:37 [INFO]: Given Predicates {'IsPedestrian': {'instance': IsPed, 'arity': 1, 'method': 'IsPed(Entity)', 'function': 'logicity.utils.pred_converter.z3.IsPed'}, 'IsCar': {'instance': IsCar, 'arity': 1, 'method': 'IsCar(Entity)', 'function': 'logicity.utils.pred_converter.z3.IsCar'}, 'IsAmbulance': {'instance': IsAmb, 'arity': 1, 'method': 'IsAmb(Entity)', 'function': 'logicity.utils.pred_converter.z3.IsAmb'}, 'IsOld': {'instance': IsOld, 'arity': 1, 'method': 'IsOld(Entity)', 'function': 'logicity.utils.pred_converter.z3.IsOld'}, 'IsTiro': {'instance': IsTiro, 'arity': 1, 'method': 'IsTiro(Entity)', 'function': 'logicity.utils.pred_converter.z3.IsTiro'}, 'IsAtInter': {'instance': IsAtInter, 'arity': 1, 'method': 'IsAtInter(Entity)', 'function': 'logicity.utils.pred_converter.z3.IsAtInter'}, 'IsInInter': {'instance': IsInInter, 'arity': 1, 'method': 'IsInInter(Entity)', 'function': 'logicity.utils.pred_converter.z3.IsInInter'}, 'HigherPri': {'instance': HigherPri, 'arity': 2, 'method': 'HigherPri(Entity, Entity)', 'function': 'logicity.utils.pred_converter.z3.HigherPri'}, 'CollidingClose': {'instance': CollidingClose, 'arity': 2, 'method': 'CollidingClose(Entity, Entity)', 'function': 'logicity.utils.pred_converter.z3.CollidingClose'}, 'Stop': {'instance': Stop, 'arity': 1, 'method': 'Stop(Entity)', 'function': 'None'}, 'Fast': {'instance': Fast, 'arity': 1, 'method': 'Fast(Entity)', 'function': 'None'}, 'Normal': {'instance': Normal, 'arity': 1, 'method': 'Normal(Entity)', 'function': 'None'}, 'Slow': {'instance': Slow, 'arity': 1, 'method': 'Slow(Entity)', 'function': 'None'}}, the FOV entities {'Entity': 3}, The logic grounding shape is: 39
2026-05-24 00:00:37 [INFO]: Local planner constructed!
2026-05-24 00:00:37 [INFO]: Constructing 22 streets
2026-05-24 00:00:37 [INFO]: Constructing 16 buildings
2026-05-24 00:00:38 [INFO]: Adding 4 agents, they are constrained in 103 region
2026-05-24 00:00:38 [INFO]: Car_1 initialization done!
2026-05-24 00:00:38 [INFO]: Pedestrian_1 initialization done!
2026-05-24 00:00:39 [INFO]: Car_2 initialization done!
2026-05-24 00:00:39 [INFO]: Car_3 initialization done!
2026-05-24 00:00:39 [INFO]: Done!
2026-05-24 00:00:39 [INFO]: ***Init RL Agent in Env***
2026-05-24 00:00:59 [INFO]: Episode 14 failed.
2026-05-24 00:00:59 [INFO]: Episode 14 achieved a score of -4.140000000000001
2026-05-24 00:00:59 [INFO]: Episode 14 Success: 0
2026-05-24 00:00:59 [INFO]: Episode 14 Decision Step: {3: 0}
2026-05-24 00:00:59 [INFO]: Episode 14 Success Decision: {3: 0}
2026-05-24 00:00:59 [INFO]: Evaluating episode 15...
2026-05-24 00:00:59 [INFO]: Episode label: {'oracle_step': 77, 'stop_count': 6, 'has_stop': True, 'ego_crosses': True, 'ego_eta': 14, 'ego_direction': 'down', 'other_crosses': 3, 'close_other_count': 0, 'pedestrian_close': None, 'conflicting_approach': False, 'total_crosses': 4}
2026-05-24 00:00:59 [INFO]: Get map info from config/maps/square_2x2.yaml
2026-05-24 00:00:59 [INFO]: Get agent info from config/agents/easy_lite/val.yaml
2026-05-24 00:00:59 [INFO]: Get onology and rules info from config/rules/ontology_easy.yaml, config/rules/Nav/easy/expert.yaml
2026-05-24 00:00:59 [INFO]: Number of Entity Types: 1
Entity Types:
- Entity
2026-05-24 00:00:59 [INFO]: Number of Predicates: 13
Predicates:
- IsPedestrian: {'instance': "Function('IsPed', entity_sorts['Entity'], BoolSort())", 'arity': 1, 'method': 'IsPed(Entity)', 'function': 'logicity.utils.pred_converter.z3.IsPed'}
- IsCar: {'instance': "Function('IsCar', entity_sorts['Entity'], BoolSort())", 'arity': 1, 'method': 'IsCar(Entity)', 'function': 'logicity.utils.pred_converter.z3.IsCar'}
- IsAmbulance: {'instance': "Function('IsAmb', entity_sorts['Entity'], BoolSort())", 'arity': 1, 'method': 'IsAmb(Entity)', 'function': 'logicity.utils.pred_converter.z3.IsAmb'}
- IsOld: {'instance': "Function('IsOld', entity_sorts['Entity'], BoolSort())", 'arity': 1, 'method': 'IsOld(Entity)', 'function': 'logicity.utils.pred_converter.z3.IsOld'}
- IsTiro: {'instance': "Function('IsTiro', entity_sorts['Entity'], BoolSort())", 'arity': 1, 'method': 'IsTiro(Entity)', 'function': 'logicity.utils.pred_converter.z3.IsTiro'}
- IsAtInter: {'instance': "Function('IsAtInter', entity_sorts['Entity'], BoolSort())", 'arity': 1, 'method': 'IsAtInter(Entity)', 'function': 'logicity.utils.pred_converter.z3.IsAtInter'}
- IsInInter: {'instance': "Function('IsInInter', entity_sorts['Entity'], BoolSort())", 'arity': 1, 'method': 'IsInInter(Entity)', 'function': 'logicity.utils.pred_converter.z3.IsInInter'}
- HigherPri: {'instance': "Function('HigherPri', entity_sorts['Entity'], entity_sorts['Entity'], BoolSort())", 'arity': 2, 'method': 'HigherPri(Entity, Entity)', 'function': 'logicity.utils.pred_converter.z3.HigherPri'}
- CollidingClose: {'instance': "Function('CollidingClose', entity_sorts['Entity'], entity_sorts['Entity'], BoolSort())", 'arity': 2, 'method': 'CollidingClose(Entity, Entity)', 'function': 'logicity.utils.pred_converter.z3.CollidingClose'}
- Stop: {'instance': "Function('Stop', entity_sorts['Entity'], BoolSort())", 'arity': 1, 'method': 'Stop(Entity)', 'function': 'None'}
- Fast: {'instance': "Function('Fast', entity_sorts['Entity'], BoolSort())", 'arity': 1, 'method': 'Fast(Entity)', 'function': 'None'}
- Normal: {'instance': "Function('Normal', entity_sorts['Entity'], BoolSort())", 'arity': 1, 'method': 'Normal(Entity)', 'function': 'None'}
- Slow: {'instance': "Function('Slow', entity_sorts['Entity'], BoolSort())", 'arity': 1, 'method': 'Slow(Entity)', 'function': 'None'}
2026-05-24 00:00:59 [INFO]: *** Sim Rule ***: Stop -> 
 Stop(entity) == Exists(
  [dummyEntity], 
  Or(
    And(
      IsAtInter(entity), 
      IsInInter(dummyEntity), 
    ),
    And(
      IsAtInter(entity), 
      IsAtInter(dummyEntity), 
      HigherPri(dummyEntity, entity),
    ),
    CollidingClose(entity, dummyEntity)
  )
)

2026-05-24 00:00:59 [INFO]: *** Task Rule ***: Collision and Intersection -> 
 Implies(Exists(
  [dummyEntity], 
    Or(
      And(
        IsAtInter(entity), 
        IsInInter(dummyEntity), 
      ),
      And(
        IsAtInter(entity), 
        IsAtInter(dummyEntity), 
        HigherPri(dummyEntity, entity),
      ),
      CollidingClose(entity, dummyEntity)
    )
  ),
  Stop(entity)
)

2026-05-24 00:00:59 [INFO]: *** Expert Rule ***: Stop -> 
 Stop(entity) == Exists(
[dummyEntity], 
  Or(
    And(
      IsAtInter(entity), 
      IsInInter(dummyEntity), 
    ),
    And(
      IsAtInter(entity), 
      IsAtInter(dummyEntity), 
      HigherPri(dummyEntity, entity),
    ),
    CollidingClose(entity, dummyEntity)
  )
)

2026-05-24 00:00:59 [INFO]: *** Expert Rule ***: Slow -> 
 Not(Slow(entity))

2026-05-24 00:00:59 [INFO]: *** Expert Rule ***: Fast -> 
 Not(Fast(entity))

2026-05-24 00:00:59 [INFO]: *** Expert Rule ***: Normal -> 
 Normal(entity) == Not(Stop(entity))
2026-05-24 00:00:59 [INFO]: Rules created successfully
2026-05-24 00:00:59 [INFO]: Rules will be grounded later...
2026-05-24 00:00:59 [INFO]: Given Predicates {'IsPedestrian': {'instance': IsPed, 'arity': 1, 'method': 'IsPed(Entity)', 'function': 'logicity.utils.pred_converter.z3.IsPed'}, 'IsCar': {'instance': IsCar, 'arity': 1, 'method': 'IsCar(Entity)', 'function': 'logicity.utils.pred_converter.z3.IsCar'}, 'IsAmbulance': {'instance': IsAmb, 'arity': 1, 'method': 'IsAmb(Entity)', 'function': 'logicity.utils.pred_converter.z3.IsAmb'}, 'IsOld': {'instance': IsOld, 'arity': 1, 'method': 'IsOld(Entity)', 'function': 'logicity.utils.pred_converter.z3.IsOld'}, 'IsTiro': {'instance': IsTiro, 'arity': 1, 'method': 'IsTiro(Entity)', 'function': 'logicity.utils.pred_converter.z3.IsTiro'}, 'IsAtInter': {'instance': IsAtInter, 'arity': 1, 'method': 'IsAtInter(Entity)', 'function': 'logicity.utils.pred_converter.z3.IsAtInter'}, 'IsInInter': {'instance': IsInInter, 'arity': 1, 'method': 'IsInInter(Entity)', 'function': 'logicity.utils.pred_converter.z3.IsInInter'}, 'HigherPri': {'instance': HigherPri, 'arity': 2, 'method': 'HigherPri(Entity, Entity)', 'function': 'logicity.utils.pred_converter.z3.HigherPri'}, 'CollidingClose': {'instance': CollidingClose, 'arity': 2, 'method': 'CollidingClose(Entity, Entity)', 'function': 'logicity.utils.pred_converter.z3.CollidingClose'}, 'Stop': {'instance': Stop, 'arity': 1, 'method': 'Stop(Entity)', 'function': 'None'}, 'Fast': {'instance': Fast, 'arity': 1, 'method': 'Fast(Entity)', 'function': 'None'}, 'Normal': {'instance': Normal, 'arity': 1, 'method': 'Normal(Entity)', 'function': 'None'}, 'Slow': {'instance': Slow, 'arity': 1, 'method': 'Slow(Entity)', 'function': 'None'}}, the FOV entities {'Entity': 3}, The logic grounding shape is: 39
2026-05-24 00:00:59 [INFO]: Local planner constructed!
2026-05-24 00:00:59 [INFO]: Constructing 22 streets
2026-05-24 00:00:59 [INFO]: Constructing 16 buildings
2026-05-24 00:01:00 [INFO]: Adding 4 agents, they are constrained in 103 region
2026-05-24 00:01:00 [INFO]: Car_1 initialization done!
2026-05-24 00:01:00 [INFO]: Pedestrian_1 initialization done!
2026-05-24 00:01:00 [INFO]: Car_2 initialization done!
2026-05-24 00:01:01 [INFO]: Car_3 initialization done!
2026-05-24 00:01:01 [INFO]: Done!
2026-05-24 00:01:01 [INFO]: ***Init RL Agent in Env***
2026-05-24 00:01:33 [INFO]: Episode 15 failed.
2026-05-24 00:01:33 [INFO]: Episode 15 achieved a score of -4.540000000000001
2026-05-24 00:01:33 [INFO]: Episode 15 Success: 0
2026-05-24 00:01:33 [INFO]: Episode 15 Decision Step: {3: 0}
2026-05-24 00:01:33 [INFO]: Episode 15 Success Decision: {3: 0}
2026-05-24 00:01:33 [INFO]: Evaluating episode 16...
2026-05-24 00:01:33 [INFO]: Episode label: {'oracle_step': 110, 'stop_count': 38, 'has_stop': True, 'ego_crosses': True, 'ego_eta': 70, 'ego_direction': 'up', 'other_crosses': 3, 'close_other_count': 0, 'pedestrian_close': None, 'conflicting_approach': False, 'total_crosses': 4}
2026-05-24 00:01:33 [INFO]: Get map info from config/maps/square_2x2.yaml
2026-05-24 00:01:33 [INFO]: Get agent info from config/agents/easy_lite/val.yaml
2026-05-24 00:01:33 [INFO]: Get onology and rules info from config/rules/ontology_easy.yaml, config/rules/Nav/easy/expert.yaml
2026-05-24 00:01:33 [INFO]: Number of Entity Types: 1
Entity Types:
- Entity
2026-05-24 00:01:33 [INFO]: Number of Predicates: 13
Predicates:
- IsPedestrian: {'instance': "Function('IsPed', entity_sorts['Entity'], BoolSort())", 'arity': 1, 'method': 'IsPed(Entity)', 'function': 'logicity.utils.pred_converter.z3.IsPed'}
- IsCar: {'instance': "Function('IsCar', entity_sorts['Entity'], BoolSort())", 'arity': 1, 'method': 'IsCar(Entity)', 'function': 'logicity.utils.pred_converter.z3.IsCar'}
- IsAmbulance: {'instance': "Function('IsAmb', entity_sorts['Entity'], BoolSort())", 'arity': 1, 'method': 'IsAmb(Entity)', 'function': 'logicity.utils.pred_converter.z3.IsAmb'}
- IsOld: {'instance': "Function('IsOld', entity_sorts['Entity'], BoolSort())", 'arity': 1, 'method': 'IsOld(Entity)', 'function': 'logicity.utils.pred_converter.z3.IsOld'}
- IsTiro: {'instance': "Function('IsTiro', entity_sorts['Entity'], BoolSort())", 'arity': 1, 'method': 'IsTiro(Entity)', 'function': 'logicity.utils.pred_converter.z3.IsTiro'}
- IsAtInter: {'instance': "Function('IsAtInter', entity_sorts['Entity'], BoolSort())", 'arity': 1, 'method': 'IsAtInter(Entity)', 'function': 'logicity.utils.pred_converter.z3.IsAtInter'}
- IsInInter: {'instance': "Function('IsInInter', entity_sorts['Entity'], BoolSort())", 'arity': 1, 'method': 'IsInInter(Entity)', 'function': 'logicity.utils.pred_converter.z3.IsInInter'}
- HigherPri: {'instance': "Function('HigherPri', entity_sorts['Entity'], entity_sorts['Entity'], BoolSort())", 'arity': 2, 'method': 'HigherPri(Entity, Entity)', 'function': 'logicity.utils.pred_converter.z3.HigherPri'}
- CollidingClose: {'instance': "Function('CollidingClose', entity_sorts['Entity'], entity_sorts['Entity'], BoolSort())", 'arity': 2, 'method': 'CollidingClose(Entity, Entity)', 'function': 'logicity.utils.pred_converter.z3.CollidingClose'}
- Stop: {'instance': "Function('Stop', entity_sorts['Entity'], BoolSort())", 'arity': 1, 'method': 'Stop(Entity)', 'function': 'None'}
- Fast: {'instance': "Function('Fast', entity_sorts['Entity'], BoolSort())", 'arity': 1, 'method': 'Fast(Entity)', 'function': 'None'}
- Normal: {'instance': "Function('Normal', entity_sorts['Entity'], BoolSort())", 'arity': 1, 'method': 'Normal(Entity)', 'function': 'None'}
- Slow: {'instance': "Function('Slow', entity_sorts['Entity'], BoolSort())", 'arity': 1, 'method': 'Slow(Entity)', 'function': 'None'}
2026-05-24 00:01:33 [INFO]: *** Sim Rule ***: Stop -> 
 Stop(entity) == Exists(
  [dummyEntity], 
  Or(
    And(
      IsAtInter(entity), 
      IsInInter(dummyEntity), 
    ),
    And(
      IsAtInter(entity), 
      IsAtInter(dummyEntity), 
      HigherPri(dummyEntity, entity),
    ),
    CollidingClose(entity, dummyEntity)
  )
)

2026-05-24 00:01:33 [INFO]: *** Task Rule ***: Collision and Intersection -> 
 Implies(Exists(
  [dummyEntity], 
    Or(
      And(
        IsAtInter(entity), 
        IsInInter(dummyEntity), 
      ),
      And(
        IsAtInter(entity), 
        IsAtInter(dummyEntity), 
        HigherPri(dummyEntity, entity),
      ),
      CollidingClose(entity, dummyEntity)
    )
  ),
  Stop(entity)
)

2026-05-24 00:01:33 [INFO]: *** Expert Rule ***: Stop -> 
 Stop(entity) == Exists(
[dummyEntity], 
  Or(
    And(
      IsAtInter(entity), 
      IsInInter(dummyEntity), 
    ),
    And(
      IsAtInter(entity), 
      IsAtInter(dummyEntity), 
      HigherPri(dummyEntity, entity),
    ),
    CollidingClose(entity, dummyEntity)
  )
)

2026-05-24 00:01:33 [INFO]: *** Expert Rule ***: Slow -> 
 Not(Slow(entity))

2026-05-24 00:01:33 [INFO]: *** Expert Rule ***: Fast -> 
 Not(Fast(entity))

2026-05-24 00:01:33 [INFO]: *** Expert Rule ***: Normal -> 
 Normal(entity) == Not(Stop(entity))
2026-05-24 00:01:33 [INFO]: Rules created successfully
2026-05-24 00:01:33 [INFO]: Rules will be grounded later...
2026-05-24 00:01:33 [INFO]: Given Predicates {'IsPedestrian': {'instance': IsPed, 'arity': 1, 'method': 'IsPed(Entity)', 'function': 'logicity.utils.pred_converter.z3.IsPed'}, 'IsCar': {'instance': IsCar, 'arity': 1, 'method': 'IsCar(Entity)', 'function': 'logicity.utils.pred_converter.z3.IsCar'}, 'IsAmbulance': {'instance': IsAmb, 'arity': 1, 'method': 'IsAmb(Entity)', 'function': 'logicity.utils.pred_converter.z3.IsAmb'}, 'IsOld': {'instance': IsOld, 'arity': 1, 'method': 'IsOld(Entity)', 'function': 'logicity.utils.pred_converter.z3.IsOld'}, 'IsTiro': {'instance': IsTiro, 'arity': 1, 'method': 'IsTiro(Entity)', 'function': 'logicity.utils.pred_converter.z3.IsTiro'}, 'IsAtInter': {'instance': IsAtInter, 'arity': 1, 'method': 'IsAtInter(Entity)', 'function': 'logicity.utils.pred_converter.z3.IsAtInter'}, 'IsInInter': {'instance': IsInInter, 'arity': 1, 'method': 'IsInInter(Entity)', 'function': 'logicity.utils.pred_converter.z3.IsInInter'}, 'HigherPri': {'instance': HigherPri, 'arity': 2, 'method': 'HigherPri(Entity, Entity)', 'function': 'logicity.utils.pred_converter.z3.HigherPri'}, 'CollidingClose': {'instance': CollidingClose, 'arity': 2, 'method': 'CollidingClose(Entity, Entity)', 'function': 'logicity.utils.pred_converter.z3.CollidingClose'}, 'Stop': {'instance': Stop, 'arity': 1, 'method': 'Stop(Entity)', 'function': 'None'}, 'Fast': {'instance': Fast, 'arity': 1, 'method': 'Fast(Entity)', 'function': 'None'}, 'Normal': {'instance': Normal, 'arity': 1, 'method': 'Normal(Entity)', 'function': 'None'}, 'Slow': {'instance': Slow, 'arity': 1, 'method': 'Slow(Entity)', 'function': 'None'}}, the FOV entities {'Entity': 3}, The logic grounding shape is: 39
2026-05-24 00:01:33 [INFO]: Local planner constructed!
2026-05-24 00:01:33 [INFO]: Constructing 22 streets
2026-05-24 00:01:34 [INFO]: Constructing 16 buildings
2026-05-24 00:01:34 [INFO]: Adding 4 agents, they are constrained in 103 region
2026-05-24 00:01:34 [INFO]: Car_1 initialization done!
2026-05-24 00:01:34 [INFO]: Pedestrian_1 initialization done!
2026-05-24 00:01:35 [INFO]: Car_2 initialization done!
2026-05-24 00:01:35 [INFO]: Car_3 initialization done!
2026-05-24 00:01:35 [INFO]: Done!
2026-05-24 00:01:35 [INFO]: ***Init RL Agent in Env***
2026-05-24 00:02:13 [INFO]: Episode 16 failed.
2026-05-24 00:02:13 [INFO]: Episode 16 achieved a score of -5.1999999999999975
2026-05-24 00:02:13 [INFO]: Episode 16 Success: 0
2026-05-24 00:02:13 [INFO]: Episode 16 Decision Step: {3: 0}
2026-05-24 00:02:13 [INFO]: Episode 16 Success Decision: {3: 0}
2026-05-24 00:02:13 [INFO]: Evaluating episode 17...
2026-05-24 00:02:13 [INFO]: Episode label: {'oracle_step': 57, 'stop_count': 0, 'has_stop': False, 'ego_crosses': True, 'ego_eta': 28, 'ego_direction': 'right', 'other_crosses': 3, 'close_other_count': 0, 'pedestrian_close': None, 'conflicting_approach': False, 'total_crosses': 4}
2026-05-24 00:02:13 [INFO]: Get map info from config/maps/square_2x2.yaml
2026-05-24 00:02:13 [INFO]: Get agent info from config/agents/easy_lite/val.yaml
2026-05-24 00:02:13 [INFO]: Get onology and rules info from config/rules/ontology_easy.yaml, config/rules/Nav/easy/expert.yaml
2026-05-24 00:02:13 [INFO]: Number of Entity Types: 1
Entity Types:
- Entity
2026-05-24 00:02:13 [INFO]: Number of Predicates: 13
Predicates:
- IsPedestrian: {'instance': "Function('IsPed', entity_sorts['Entity'], BoolSort())", 'arity': 1, 'method': 'IsPed(Entity)', 'function': 'logicity.utils.pred_converter.z3.IsPed'}
- IsCar: {'instance': "Function('IsCar', entity_sorts['Entity'], BoolSort())", 'arity': 1, 'method': 'IsCar(Entity)', 'function': 'logicity.utils.pred_converter.z3.IsCar'}
- IsAmbulance: {'instance': "Function('IsAmb', entity_sorts['Entity'], BoolSort())", 'arity': 1, 'method': 'IsAmb(Entity)', 'function': 'logicity.utils.pred_converter.z3.IsAmb'}
- IsOld: {'instance': "Function('IsOld', entity_sorts['Entity'], BoolSort())", 'arity': 1, 'method': 'IsOld(Entity)', 'function': 'logicity.utils.pred_converter.z3.IsOld'}
- IsTiro: {'instance': "Function('IsTiro', entity_sorts['Entity'], BoolSort())", 'arity': 1, 'method': 'IsTiro(Entity)', 'function': 'logicity.utils.pred_converter.z3.IsTiro'}
- IsAtInter: {'instance': "Function('IsAtInter', entity_sorts['Entity'], BoolSort())", 'arity': 1, 'method': 'IsAtInter(Entity)', 'function': 'logicity.utils.pred_converter.z3.IsAtInter'}
- IsInInter: {'instance': "Function('IsInInter', entity_sorts['Entity'], BoolSort())", 'arity': 1, 'method': 'IsInInter(Entity)', 'function': 'logicity.utils.pred_converter.z3.IsInInter'}
- HigherPri: {'instance': "Function('HigherPri', entity_sorts['Entity'], entity_sorts['Entity'], BoolSort())", 'arity': 2, 'method': 'HigherPri(Entity, Entity)', 'function': 'logicity.utils.pred_converter.z3.HigherPri'}
- CollidingClose: {'instance': "Function('CollidingClose', entity_sorts['Entity'], entity_sorts['Entity'], BoolSort())", 'arity': 2, 'method': 'CollidingClose(Entity, Entity)', 'function': 'logicity.utils.pred_converter.z3.CollidingClose'}
- Stop: {'instance': "Function('Stop', entity_sorts['Entity'], BoolSort())", 'arity': 1, 'method': 'Stop(Entity)', 'function': 'None'}
- Fast: {'instance': "Function('Fast', entity_sorts['Entity'], BoolSort())", 'arity': 1, 'method': 'Fast(Entity)', 'function': 'None'}
- Normal: {'instance': "Function('Normal', entity_sorts['Entity'], BoolSort())", 'arity': 1, 'method': 'Normal(Entity)', 'function': 'None'}
- Slow: {'instance': "Function('Slow', entity_sorts['Entity'], BoolSort())", 'arity': 1, 'method': 'Slow(Entity)', 'function': 'None'}
2026-05-24 00:02:13 [INFO]: *** Sim Rule ***: Stop -> 
 Stop(entity) == Exists(
  [dummyEntity], 
  Or(
    And(
      IsAtInter(entity), 
      IsInInter(dummyEntity), 
    ),
    And(
      IsAtInter(entity), 
      IsAtInter(dummyEntity), 
      HigherPri(dummyEntity, entity),
    ),
    CollidingClose(entity, dummyEntity)
  )
)

2026-05-24 00:02:13 [INFO]: *** Task Rule ***: Collision and Intersection -> 
 Implies(Exists(
  [dummyEntity], 
    Or(
      And(
        IsAtInter(entity), 
        IsInInter(dummyEntity), 
      ),
      And(
        IsAtInter(entity), 
        IsAtInter(dummyEntity), 
        HigherPri(dummyEntity, entity),
      ),
      CollidingClose(entity, dummyEntity)
    )
  ),
  Stop(entity)
)

2026-05-24 00:02:13 [INFO]: *** Expert Rule ***: Stop -> 
 Stop(entity) == Exists(
[dummyEntity], 
  Or(
    And(
      IsAtInter(entity), 
      IsInInter(dummyEntity), 
    ),
    And(
      IsAtInter(entity), 
      IsAtInter(dummyEntity), 
      HigherPri(dummyEntity, entity),
    ),
    CollidingClose(entity, dummyEntity)
  )
)

2026-05-24 00:02:13 [INFO]: *** Expert Rule ***: Slow -> 
 Not(Slow(entity))

2026-05-24 00:02:13 [INFO]: *** Expert Rule ***: Fast -> 
 Not(Fast(entity))

2026-05-24 00:02:13 [INFO]: *** Expert Rule ***: Normal -> 
 Normal(entity) == Not(Stop(entity))
2026-05-24 00:02:13 [INFO]: Rules created successfully
2026-05-24 00:02:13 [INFO]: Rules will be grounded later...
2026-05-24 00:02:13 [INFO]: Given Predicates {'IsPedestrian': {'instance': IsPed, 'arity': 1, 'method': 'IsPed(Entity)', 'function': 'logicity.utils.pred_converter.z3.IsPed'}, 'IsCar': {'instance': IsCar, 'arity': 1, 'method': 'IsCar(Entity)', 'function': 'logicity.utils.pred_converter.z3.IsCar'}, 'IsAmbulance': {'instance': IsAmb, 'arity': 1, 'method': 'IsAmb(Entity)', 'function': 'logicity.utils.pred_converter.z3.IsAmb'}, 'IsOld': {'instance': IsOld, 'arity': 1, 'method': 'IsOld(Entity)', 'function': 'logicity.utils.pred_converter.z3.IsOld'}, 'IsTiro': {'instance': IsTiro, 'arity': 1, 'method': 'IsTiro(Entity)', 'function': 'logicity.utils.pred_converter.z3.IsTiro'}, 'IsAtInter': {'instance': IsAtInter, 'arity': 1, 'method': 'IsAtInter(Entity)', 'function': 'logicity.utils.pred_converter.z3.IsAtInter'}, 'IsInInter': {'instance': IsInInter, 'arity': 1, 'method': 'IsInInter(Entity)', 'function': 'logicity.utils.pred_converter.z3.IsInInter'}, 'HigherPri': {'instance': HigherPri, 'arity': 2, 'method': 'HigherPri(Entity, Entity)', 'function': 'logicity.utils.pred_converter.z3.HigherPri'}, 'CollidingClose': {'instance': CollidingClose, 'arity': 2, 'method': 'CollidingClose(Entity, Entity)', 'function': 'logicity.utils.pred_converter.z3.CollidingClose'}, 'Stop': {'instance': Stop, 'arity': 1, 'method': 'Stop(Entity)', 'function': 'None'}, 'Fast': {'instance': Fast, 'arity': 1, 'method': 'Fast(Entity)', 'function': 'None'}, 'Normal': {'instance': Normal, 'arity': 1, 'method': 'Normal(Entity)', 'function': 'None'}, 'Slow': {'instance': Slow, 'arity': 1, 'method': 'Slow(Entity)', 'function': 'None'}}, the FOV entities {'Entity': 3}, The logic grounding shape is: 39
2026-05-24 00:02:13 [INFO]: Local planner constructed!
2026-05-24 00:02:13 [INFO]: Constructing 22 streets
2026-05-24 00:02:13 [INFO]: Constructing 16 buildings
2026-05-24 00:02:13 [INFO]: Adding 4 agents, they are constrained in 103 region
2026-05-24 00:02:14 [INFO]: Car_1 initialization done!
2026-05-24 00:02:14 [INFO]: Pedestrian_1 initialization done!
2026-05-24 00:02:14 [INFO]: Car_2 initialization done!
2026-05-24 00:02:15 [INFO]: Car_3 initialization done!
2026-05-24 00:02:15 [INFO]: Done!
2026-05-24 00:02:15 [INFO]: ***Init RL Agent in Env***
2026-05-24 00:02:35 [INFO]: Episode 17 failed.
2026-05-24 00:02:35 [INFO]: Episode 17 achieved a score of -4.140000000000001
2026-05-24 00:02:35 [INFO]: Episode 17 Success: 0
2026-05-24 00:02:35 [INFO]: Episode 17 Decision Step: {3: 0}
2026-05-24 00:02:35 [INFO]: Episode 17 Success Decision: {3: 0}
2026-05-24 00:02:35 [INFO]: Evaluating episode 18...
2026-05-24 00:02:35 [INFO]: Episode label: {'oracle_step': 25, 'stop_count': 7, 'has_stop': True, 'ego_crosses': True, 'ego_eta': 7, 'ego_direction': 'down', 'other_crosses': 3, 'close_other_count': 0, 'pedestrian_close': None, 'conflicting_approach': False, 'total_crosses': 4}
2026-05-24 00:02:35 [INFO]: Get map info from config/maps/square_2x2.yaml
2026-05-24 00:02:35 [INFO]: Get agent info from config/agents/easy_lite/val.yaml
2026-05-24 00:02:35 [INFO]: Get onology and rules info from config/rules/ontology_easy.yaml, config/rules/Nav/easy/expert.yaml
2026-05-24 00:02:35 [INFO]: Number of Entity Types: 1
Entity Types:
- Entity
2026-05-24 00:02:35 [INFO]: Number of Predicates: 13
Predicates:
- IsPedestrian: {'instance': "Function('IsPed', entity_sorts['Entity'], BoolSort())", 'arity': 1, 'method': 'IsPed(Entity)', 'function': 'logicity.utils.pred_converter.z3.IsPed'}
- IsCar: {'instance': "Function('IsCar', entity_sorts['Entity'], BoolSort())", 'arity': 1, 'method': 'IsCar(Entity)', 'function': 'logicity.utils.pred_converter.z3.IsCar'}
- IsAmbulance: {'instance': "Function('IsAmb', entity_sorts['Entity'], BoolSort())", 'arity': 1, 'method': 'IsAmb(Entity)', 'function': 'logicity.utils.pred_converter.z3.IsAmb'}
- IsOld: {'instance': "Function('IsOld', entity_sorts['Entity'], BoolSort())", 'arity': 1, 'method': 'IsOld(Entity)', 'function': 'logicity.utils.pred_converter.z3.IsOld'}
- IsTiro: {'instance': "Function('IsTiro', entity_sorts['Entity'], BoolSort())", 'arity': 1, 'method': 'IsTiro(Entity)', 'function': 'logicity.utils.pred_converter.z3.IsTiro'}
- IsAtInter: {'instance': "Function('IsAtInter', entity_sorts['Entity'], BoolSort())", 'arity': 1, 'method': 'IsAtInter(Entity)', 'function': 'logicity.utils.pred_converter.z3.IsAtInter'}
- IsInInter: {'instance': "Function('IsInInter', entity_sorts['Entity'], BoolSort())", 'arity': 1, 'method': 'IsInInter(Entity)', 'function': 'logicity.utils.pred_converter.z3.IsInInter'}
- HigherPri: {'instance': "Function('HigherPri', entity_sorts['Entity'], entity_sorts['Entity'], BoolSort())", 'arity': 2, 'method': 'HigherPri(Entity, Entity)', 'function': 'logicity.utils.pred_converter.z3.HigherPri'}
- CollidingClose: {'instance': "Function('CollidingClose', entity_sorts['Entity'], entity_sorts['Entity'], BoolSort())", 'arity': 2, 'method': 'CollidingClose(Entity, Entity)', 'function': 'logicity.utils.pred_converter.z3.CollidingClose'}
- Stop: {'instance': "Function('Stop', entity_sorts['Entity'], BoolSort())", 'arity': 1, 'method': 'Stop(Entity)', 'function': 'None'}
- Fast: {'instance': "Function('Fast', entity_sorts['Entity'], BoolSort())", 'arity': 1, 'method': 'Fast(Entity)', 'function': 'None'}
- Normal: {'instance': "Function('Normal', entity_sorts['Entity'], BoolSort())", 'arity': 1, 'method': 'Normal(Entity)', 'function': 'None'}
- Slow: {'instance': "Function('Slow', entity_sorts['Entity'], BoolSort())", 'arity': 1, 'method': 'Slow(Entity)', 'function': 'None'}
2026-05-24 00:02:35 [INFO]: *** Sim Rule ***: Stop -> 
 Stop(entity) == Exists(
  [dummyEntity], 
  Or(
    And(
      IsAtInter(entity), 
      IsInInter(dummyEntity), 
    ),
    And(
      IsAtInter(entity), 
      IsAtInter(dummyEntity), 
      HigherPri(dummyEntity, entity),
    ),
    CollidingClose(entity, dummyEntity)
  )
)

2026-05-24 00:02:35 [INFO]: *** Task Rule ***: Collision and Intersection -> 
 Implies(Exists(
  [dummyEntity], 
    Or(
      And(
        IsAtInter(entity), 
        IsInInter(dummyEntity), 
      ),
      And(
        IsAtInter(entity), 
        IsAtInter(dummyEntity), 
        HigherPri(dummyEntity, entity),
      ),
      CollidingClose(entity, dummyEntity)
    )
  ),
  Stop(entity)
)

2026-05-24 00:02:35 [INFO]: *** Expert Rule ***: Stop -> 
 Stop(entity) == Exists(
[dummyEntity], 
  Or(
    And(
      IsAtInter(entity), 
      IsInInter(dummyEntity), 
    ),
    And(
      IsAtInter(entity), 
      IsAtInter(dummyEntity), 
      HigherPri(dummyEntity, entity),
    ),
    CollidingClose(entity, dummyEntity)
  )
)

2026-05-24 00:02:35 [INFO]: *** Expert Rule ***: Slow -> 
 Not(Slow(entity))

2026-05-24 00:02:35 [INFO]: *** Expert Rule ***: Fast -> 
 Not(Fast(entity))

2026-05-24 00:02:35 [INFO]: *** Expert Rule ***: Normal -> 
 Normal(entity) == Not(Stop(entity))
2026-05-24 00:02:35 [INFO]: Rules created successfully
2026-05-24 00:02:35 [INFO]: Rules will be grounded later...
2026-05-24 00:02:35 [INFO]: Given Predicates {'IsPedestrian': {'instance': IsPed, 'arity': 1, 'method': 'IsPed(Entity)', 'function': 'logicity.utils.pred_converter.z3.IsPed'}, 'IsCar': {'instance': IsCar, 'arity': 1, 'method': 'IsCar(Entity)', 'function': 'logicity.utils.pred_converter.z3.IsCar'}, 'IsAmbulance': {'instance': IsAmb, 'arity': 1, 'method': 'IsAmb(Entity)', 'function': 'logicity.utils.pred_converter.z3.IsAmb'}, 'IsOld': {'instance': IsOld, 'arity': 1, 'method': 'IsOld(Entity)', 'function': 'logicity.utils.pred_converter.z3.IsOld'}, 'IsTiro': {'instance': IsTiro, 'arity': 1, 'method': 'IsTiro(Entity)', 'function': 'logicity.utils.pred_converter.z3.IsTiro'}, 'IsAtInter': {'instance': IsAtInter, 'arity': 1, 'method': 'IsAtInter(Entity)', 'function': 'logicity.utils.pred_converter.z3.IsAtInter'}, 'IsInInter': {'instance': IsInInter, 'arity': 1, 'method': 'IsInInter(Entity)', 'function': 'logicity.utils.pred_converter.z3.IsInInter'}, 'HigherPri': {'instance': HigherPri, 'arity': 2, 'method': 'HigherPri(Entity, Entity)', 'function': 'logicity.utils.pred_converter.z3.HigherPri'}, 'CollidingClose': {'instance': CollidingClose, 'arity': 2, 'method': 'CollidingClose(Entity, Entity)', 'function': 'logicity.utils.pred_converter.z3.CollidingClose'}, 'Stop': {'instance': Stop, 'arity': 1, 'method': 'Stop(Entity)', 'function': 'None'}, 'Fast': {'instance': Fast, 'arity': 1, 'method': 'Fast(Entity)', 'function': 'None'}, 'Normal': {'instance': Normal, 'arity': 1, 'method': 'Normal(Entity)', 'function': 'None'}, 'Slow': {'instance': Slow, 'arity': 1, 'method': 'Slow(Entity)', 'function': 'None'}}, the FOV entities {'Entity': 3}, The logic grounding shape is: 39
2026-05-24 00:02:35 [INFO]: Local planner constructed!
2026-05-24 00:02:35 [INFO]: Constructing 22 streets
2026-05-24 00:02:36 [INFO]: Constructing 16 buildings
2026-05-24 00:02:36 [INFO]: Adding 4 agents, they are constrained in 103 region
2026-05-24 00:02:37 [INFO]: Car_1 initialization done!
2026-05-24 00:02:37 [INFO]: Pedestrian_1 initialization done!
2026-05-24 00:02:37 [INFO]: Car_2 initialization done!
2026-05-24 00:02:38 [INFO]: Car_3 initialization done!
2026-05-24 00:02:38 [INFO]: Done!
2026-05-24 00:02:38 [INFO]: ***Init RL Agent in Env***
2026-05-24 00:02:48 [INFO]: Episode 18 failed.
2026-05-24 00:02:48 [INFO]: Episode 18 achieved a score of -3.5
2026-05-24 00:02:48 [INFO]: Episode 18 Success: 0
2026-05-24 00:02:48 [INFO]: Episode 18 Decision Step: {3: 0}
2026-05-24 00:02:48 [INFO]: Episode 18 Success Decision: {3: 0}
2026-05-24 00:02:48 [INFO]: Evaluating episode 19...
2026-05-24 00:02:48 [INFO]: Episode label: {'oracle_step': 60, 'stop_count': 9, 'has_stop': True, 'ego_crosses': True, 'ego_eta': 23, 'ego_direction': 'down', 'other_crosses': 3, 'close_other_count': 0, 'pedestrian_close': None, 'conflicting_approach': False, 'total_crosses': 4}
2026-05-24 00:02:48 [INFO]: Get map info from config/maps/square_2x2.yaml
2026-05-24 00:02:48 [INFO]: Get agent info from config/agents/easy_lite/val.yaml
2026-05-24 00:02:48 [INFO]: Get onology and rules info from config/rules/ontology_easy.yaml, config/rules/Nav/easy/expert.yaml
2026-05-24 00:02:48 [INFO]: Number of Entity Types: 1
Entity Types:
- Entity
2026-05-24 00:02:48 [INFO]: Number of Predicates: 13
Predicates:
- IsPedestrian: {'instance': "Function('IsPed', entity_sorts['Entity'], BoolSort())", 'arity': 1, 'method': 'IsPed(Entity)', 'function': 'logicity.utils.pred_converter.z3.IsPed'}
- IsCar: {'instance': "Function('IsCar', entity_sorts['Entity'], BoolSort())", 'arity': 1, 'method': 'IsCar(Entity)', 'function': 'logicity.utils.pred_converter.z3.IsCar'}
- IsAmbulance: {'instance': "Function('IsAmb', entity_sorts['Entity'], BoolSort())", 'arity': 1, 'method': 'IsAmb(Entity)', 'function': 'logicity.utils.pred_converter.z3.IsAmb'}
- IsOld: {'instance': "Function('IsOld', entity_sorts['Entity'], BoolSort())", 'arity': 1, 'method': 'IsOld(Entity)', 'function': 'logicity.utils.pred_converter.z3.IsOld'}
- IsTiro: {'instance': "Function('IsTiro', entity_sorts['Entity'], BoolSort())", 'arity': 1, 'method': 'IsTiro(Entity)', 'function': 'logicity.utils.pred_converter.z3.IsTiro'}
- IsAtInter: {'instance': "Function('IsAtInter', entity_sorts['Entity'], BoolSort())", 'arity': 1, 'method': 'IsAtInter(Entity)', 'function': 'logicity.utils.pred_converter.z3.IsAtInter'}
- IsInInter: {'instance': "Function('IsInInter', entity_sorts['Entity'], BoolSort())", 'arity': 1, 'method': 'IsInInter(Entity)', 'function': 'logicity.utils.pred_converter.z3.IsInInter'}
- HigherPri: {'instance': "Function('HigherPri', entity_sorts['Entity'], entity_sorts['Entity'], BoolSort())", 'arity': 2, 'method': 'HigherPri(Entity, Entity)', 'function': 'logicity.utils.pred_converter.z3.HigherPri'}
- CollidingClose: {'instance': "Function('CollidingClose', entity_sorts['Entity'], entity_sorts['Entity'], BoolSort())", 'arity': 2, 'method': 'CollidingClose(Entity, Entity)', 'function': 'logicity.utils.pred_converter.z3.CollidingClose'}
- Stop: {'instance': "Function('Stop', entity_sorts['Entity'], BoolSort())", 'arity': 1, 'method': 'Stop(Entity)', 'function': 'None'}
- Fast: {'instance': "Function('Fast', entity_sorts['Entity'], BoolSort())", 'arity': 1, 'method': 'Fast(Entity)', 'function': 'None'}
- Normal: {'instance': "Function('Normal', entity_sorts['Entity'], BoolSort())", 'arity': 1, 'method': 'Normal(Entity)', 'function': 'None'}
- Slow: {'instance': "Function('Slow', entity_sorts['Entity'], BoolSort())", 'arity': 1, 'method': 'Slow(Entity)', 'function': 'None'}
2026-05-24 00:02:48 [INFO]: *** Sim Rule ***: Stop -> 
 Stop(entity) == Exists(
  [dummyEntity], 
  Or(
    And(
      IsAtInter(entity), 
      IsInInter(dummyEntity), 
    ),
    And(
      IsAtInter(entity), 
      IsAtInter(dummyEntity), 
      HigherPri(dummyEntity, entity),
    ),
    CollidingClose(entity, dummyEntity)
  )
)

2026-05-24 00:02:48 [INFO]: *** Task Rule ***: Collision and Intersection -> 
 Implies(Exists(
  [dummyEntity], 
    Or(
      And(
        IsAtInter(entity), 
        IsInInter(dummyEntity), 
      ),
      And(
        IsAtInter(entity), 
        IsAtInter(dummyEntity), 
        HigherPri(dummyEntity, entity),
      ),
      CollidingClose(entity, dummyEntity)
    )
  ),
  Stop(entity)
)

2026-05-24 00:02:48 [INFO]: *** Expert Rule ***: Stop -> 
 Stop(entity) == Exists(
[dummyEntity], 
  Or(
    And(
      IsAtInter(entity), 
      IsInInter(dummyEntity), 
    ),
    And(
      IsAtInter(entity), 
      IsAtInter(dummyEntity), 
      HigherPri(dummyEntity, entity),
    ),
    CollidingClose(entity, dummyEntity)
  )
)

2026-05-24 00:02:48 [INFO]: *** Expert Rule ***: Slow -> 
 Not(Slow(entity))

2026-05-24 00:02:48 [INFO]: *** Expert Rule ***: Fast -> 
 Not(Fast(entity))

2026-05-24 00:02:48 [INFO]: *** Expert Rule ***: Normal -> 
 Normal(entity) == Not(Stop(entity))
2026-05-24 00:02:48 [INFO]: Rules created successfully
2026-05-24 00:02:48 [INFO]: Rules will be grounded later...
2026-05-24 00:02:48 [INFO]: Given Predicates {'IsPedestrian': {'instance': IsPed, 'arity': 1, 'method': 'IsPed(Entity)', 'function': 'logicity.utils.pred_converter.z3.IsPed'}, 'IsCar': {'instance': IsCar, 'arity': 1, 'method': 'IsCar(Entity)', 'function': 'logicity.utils.pred_converter.z3.IsCar'}, 'IsAmbulance': {'instance': IsAmb, 'arity': 1, 'method': 'IsAmb(Entity)', 'function': 'logicity.utils.pred_converter.z3.IsAmb'}, 'IsOld': {'instance': IsOld, 'arity': 1, 'method': 'IsOld(Entity)', 'function': 'logicity.utils.pred_converter.z3.IsOld'}, 'IsTiro': {'instance': IsTiro, 'arity': 1, 'method': 'IsTiro(Entity)', 'function': 'logicity.utils.pred_converter.z3.IsTiro'}, 'IsAtInter': {'instance': IsAtInter, 'arity': 1, 'method': 'IsAtInter(Entity)', 'function': 'logicity.utils.pred_converter.z3.IsAtInter'}, 'IsInInter': {'instance': IsInInter, 'arity': 1, 'method': 'IsInInter(Entity)', 'function': 'logicity.utils.pred_converter.z3.IsInInter'}, 'HigherPri': {'instance': HigherPri, 'arity': 2, 'method': 'HigherPri(Entity, Entity)', 'function': 'logicity.utils.pred_converter.z3.HigherPri'}, 'CollidingClose': {'instance': CollidingClose, 'arity': 2, 'method': 'CollidingClose(Entity, Entity)', 'function': 'logicity.utils.pred_converter.z3.CollidingClose'}, 'Stop': {'instance': Stop, 'arity': 1, 'method': 'Stop(Entity)', 'function': 'None'}, 'Fast': {'instance': Fast, 'arity': 1, 'method': 'Fast(Entity)', 'function': 'None'}, 'Normal': {'instance': Normal, 'arity': 1, 'method': 'Normal(Entity)', 'function': 'None'}, 'Slow': {'instance': Slow, 'arity': 1, 'method': 'Slow(Entity)', 'function': 'None'}}, the FOV entities {'Entity': 3}, The logic grounding shape is: 39
2026-05-24 00:02:48 [INFO]: Local planner constructed!
2026-05-24 00:02:48 [INFO]: Constructing 22 streets
2026-05-24 00:02:49 [INFO]: Constructing 16 buildings
2026-05-24 00:02:50 [INFO]: Adding 4 agents, they are constrained in 103 region
2026-05-24 00:02:50 [INFO]: Car_1 initialization done!
2026-05-24 00:02:50 [INFO]: Pedestrian_1 initialization done!
2026-05-24 00:02:51 [INFO]: Car_2 initialization done!
2026-05-24 00:02:51 [INFO]: Car_3 initialization done!
2026-05-24 00:02:51 [INFO]: Done!
2026-05-24 00:02:51 [INFO]: ***Init RL Agent in Env***
2026-05-24 00:03:16 [INFO]: Episode 19 failed.
2026-05-24 00:03:16 [INFO]: Episode 19 achieved a score of -4.200000000000001
2026-05-24 00:03:16 [INFO]: Episode 19 Success: 0
2026-05-24 00:03:16 [INFO]: Episode 19 Decision Step: {3: 0}
2026-05-24 00:03:16 [INFO]: Episode 19 Success Decision: {3: 0}
2026-05-24 00:03:16 [INFO]: Timestep: 2500 - Elapsed Time (s): 617.34 - Success Rate: 0.0 - Mean Reward: -4.308000000000001 

2026-05-24 00:03:16 [INFO]: Failure Rate: 0.0 - Timeout Rate: 1.0 - Mean Episode Length: 130.8
2026-05-24 00:03:16 [INFO]: Mean Decision Succ: 0.0
2026-05-24 00:03:16 [INFO]: Average Decision Succ: 0.0
2026-05-24 00:03:16 [INFO]: Decision Succ for each action: {3: 0.0}
2026-05-24 00:03:16 [INFO]: Action Histogram: {0: 0, 1: 0, 2: 0, 3: 2616}
2026-05-24 00:03:16 [INFO]: Failure Rule Counts: {}
2026-05-24 00:03:16 [INFO]: Training Rollout Since Last Eval: failures=15 timeouts=4 successes=18
2026-05-24 00:03:16 [INFO]: PLPG Metrics: base_safe=0.4338428093297037 shielded_safe=0.46415631191673995 gain=0.030313502587036256 intervention_rate=1.0 kl=0.02997801202528794 l1=0.22767331680732947 hazard_rate=0.0 forced_stop_rate=0.0
